bus_id,gpsX,gpsY,address_1,address_2,arsId,station_name
130,127.0749002776,37.5587937258,광진구,군자동,104000002,군자교입구
130,127.081565514,37.5562229948,광진구,능동,104000004,군자역.용마초등학교
130,127.0848655495,37.554826955,광진구,능동,104000299,중곡동입구삼거리
130,127.0892452052,37.5524229328,광진구,능동,104000007,어린이대공원후문아차산역
130,127.0926144514,37.548957926,광진구,구의동,104000295,새밭교회
130,127.1032684079,37.5451767476,광진구,광장동,104000297,광나루역
130,127.1032820084,37.5455082662,광진구,광장동,104000298,광나루역
130,127.093498577,37.5489183172,광진구,구의동,104000296,새밭교회
130,127.0901491873,37.5512084718,광진구,구의동,104000006,어린이대공원후문아차산역
130,127.086550509,37.5544965543,광진구,중곡동,104000005,중곡동입구삼거리
130,127.082473132,37.5560989145,광진구,중곡동,104000003,군자역.용마초등학교
130,127.0756461481,37.5587409868,광진구,중곡동,104000001,군자교입구
146,127.0795827233,37.57027689,광진구,중곡동,104000028,면곡시장
146,127.0771769652,37.5657955541,광진구,중곡동,104000030,중곡아파트
146,127.0752287457,37.5623861756,광진구,중곡동,104000009,군자교
146,127.061162321,37.5365680167,광진구,자양동,104000127,영동대교북단
146,127.0626912618,37.5395029881,광진구,자양동,104000123,노룬산시장
146,127.0647765888,37.5431585111,광진구,화양동,104000131,성수사거리
146,127.0670885688,37.5472318425,광진구,화양동,104000132,화양사거리
146,127.0695975111,37.5517044591,광진구,군자동,104000142,송정동서울숲아이파크
146,127.0712504226,37.5545968873,광진구,군자동,104000143,송정동건영아파트
146,127.0752029849,37.561532857,광진구,중곡동,104000008,군자교
146,127.0778996992,37.5664012264,광진구,중곡동,104000029,중곡아파트
146,127.0797293274,37.569746048,광진구,중곡동,104000027,면곡시장
302,127.0858514017,37.5321201527,광진구,자양동,104000101,자양동잠실대교북단
302,127.0844077778,37.5352822425,광진구,자양동,104000291,동서울우편집중국앞
302,127.0882893582,37.5375186301,광진구,자양동,104000106,구의역3번출구
302,127.092631647,37.53889735,광진구,구의동,104000302,구의3동주민센터
302,127.0936875546,37.5433887171,광진구,광장동,104000072,올림픽대교북단사거리
302,127.0890507143,37.5449638155,광진구,구의동,104000062,래미안구의파크스위트
302,127.083977653,37.545249575,광진구,능동,104000049,구의사거리.광진소방서앞
302,127.0772312737,37.546028221,광진구,능동,104000050,어린이회관
302,127.0713618582,37.5480152246,광진구,군자동,104000157,광진광장
302,127.0686841693,37.5483288986,광진구,군자동,104000293,화양사거리
302,127.0715209148,37.5477151717,광진구,화양동,104000133,광진광장
302,127.0752457939,37.5466954123,광진구,화양동,104000138,어린이대공원역3번출구
302,127.0792516957,37.5452618523,광진구,화양동,104000290,어린이회관
302,127.08458049,37.5449328603,광진구,구의동,104000051,구의사거리.광진소방서앞
302,127.089103536,37.5446546999,광진구,구의동,104000057,래미안구의파크스위트
302,127.0932099949,37.5433926994,광진구,구의동,104000071,올림픽대교북단사거리
302,127.0921595782,37.539356744,광진구,구의동,104000303,구의3동주민센터
302,127.0879772581,37.5377026867,광진구,구의동,104000056,구의역2번출구
302,127.0848057104,37.5329553244,광진구,자양동,104000095,자양동잠실대교북단
303,127.0858514017,37.5321201527,광진구,자양동,104000101,자양동잠실대교북단
303,127.0844077778,37.5352822425,광진구,자양동,104000291,동서울우편집중국앞
303,127.0835191184,37.538986382,광진구,구의동,104000055,광진구청
303,127.0846474366,37.5430873683,광진구,구의동,104000053,광진경찰서
303,127.0863480831,37.5458173579,광진구,구의동,104000061,구의사거리
303,127.08958588,37.5486416815,광진구,구의동,104000059,구의2동주민센터입구
303,127.0901491873,37.5512084718,광진구,구의동,104000006,어린이대공원후문아차산역
303,127.086550509,37.5544965543,광진구,중곡동,104000005,중곡동입구삼거리
303,127.082473132,37.5560989145,광진구,중곡동,104000003,군자역.용마초등학교
303,127.0756461481,37.5587409868,광진구,중곡동,104000001,군자교입구
303,127.0749002776,37.5587937258,광진구,군자동,104000002,군자교입구
303,127.081565514,37.5562229948,광진구,능동,104000004,군자역.용마초등학교
303,127.0848655495,37.554826955,광진구,능동,104000299,중곡동입구삼거리
303,127.0892452052,37.5524229328,광진구,능동,104000007,어린이대공원후문아차산역
303,127.0897846677,37.5492515718,광진구,구의동,104000058,구의2동주민센터입구
303,127.0857469566,37.5456510932,광진구,구의동,104000060,구의사거리
303,127.0836883111,37.5415336614,광진구,구의동,104000052,광진경찰서
303,127.0831530574,37.5384883339,광진구,자양동,104000082,광진구청
303,127.0848057104,37.5329553244,광진구,자양동,104000095,자양동잠실대교북단
370,127.1032820084,37.5455082662,광진구,광장동,104000298,광나루역
370,127.093498577,37.5489183172,광진구,구의동,104000296,새밭교회
370,127.0901491873,37.5512084718,광진구,구의동,104000006,어린이대공원후문아차산역
370,127.086550509,37.5544965543,광진구,중곡동,104000005,중곡동입구삼거리
370,127.082473132,37.5560989145,광진구,중곡동,104000003,군자역.용마초등학교
370,127.0756461481,37.5587409868,광진구,중곡동,104000001,군자교입구
370,127.0749002776,37.5587937258,광진구,군자동,104000002,군자교입구
370,127.081565514,37.5562229948,광진구,능동,104000004,군자역.용마초등학교
370,127.0848655495,37.554826955,광진구,능동,104000299,중곡동입구삼거리
370,127.0892452052,37.5524229328,광진구,능동,104000007,어린이대공원후문아차산역
370,127.0926144514,37.548957926,광진구,구의동,104000295,새밭교회
370,127.1032684079,37.5451767476,광진구,광장동,104000297,광나루역
721,127.0749002776,37.5587937258,광진구,군자동,104000002,군자교입구
721,127.07882,37.556322,광진구,군자동,104000160,능동사거리.군자역
721,127.0769927342,37.5528739948,광진구,군자동,104000159,능동교회앞
721,127.07544,37.549752,광진구,군자동,104000158,어린이대공원앞.세종대학교
721,127.0736284938,37.5466216409,광진구,화양동,104000134,어린이대공원역.화양천주교회
721,127.072222,37.543765,광진구,화양동,104000135,서울화양초등학교
721,127.07095,37.540929,광진구,화양동,104000136,건대입구역사거리.건대병원
721,127.0699257583,37.538919286,광진구,자양동,104000125,건대로데오거리입구
721,127.068967,37.536419,광진구,자양동,104000121,대동아파트앞
721,127.0690251258,37.5360770905,광진구,자양동,104000110,뚝도변전소앞
721,127.0701692006,37.5385652456,광진구,자양동,104000111,광진문화예술회관
721,127.0709898289,37.5401911408,광진구,화양동,104000304,건대입구(가상)
721,127.071263851,37.5409809431,광진구,화양동,104000139,건대입구역사거리.건대병원
721,127.0735881785,37.5459043941,광진구,화양동,104000141,어린이대공원역.화양천주교회
721,127.0770314953,37.5520458638,광진구,능동,104000047,어린이대공원앞
721,127.0786346746,37.5551766839,광진구,능동,104000048,능동사거리.군자역
721,127.0756461481,37.5587409868,광진구,중곡동,104000001,군자교입구
2012,127.0860566161,37.5679159934,광진구,중곡동,104000038,용암사입구
2012,127.086708621,37.5639660286,광진구,중곡동,104000041,대원고교앞
2012,127.0870618595,37.5620725727,광진구,중곡동,104000023,중곡동종점
2012,127.0876755037,37.5583163621,광진구,중곡동,101000252,신성시장앞
2012,127.0882622041,37.554798956,광진구,중곡동,104000167,중곡동입구
2012,127.086550509,37.5544965543,광진구,중곡동,104000005,중곡동입구삼거리
2012,127.082473132,37.5560989145,광진구,중곡동,104000003,군자역.용마초등학교
2012,127.0775461163,37.5560788246,광진구,군자동,104000161,군자역먹자골목사거리
2012,127.0761527261,37.5548992984,광진구,군자동,104000162,군자동주민센터앞
2012,127.073240182,37.5534260496,광진구,군자동,104000150,세종초등학교.세종사이버대학교앞
2012,127.0710877554,37.5513566499,광진구,군자동,104000153,군자새마을금고앞
2012,127.0705211932,37.5487613545,광진구,군자동,104000155,장안초등학교
2012,127.0686841693,37.5483288986,광진구,군자동,104000293,화양사거리
2012,127.070754754,37.5486923124,광진구,군자동,104000154,장안초등학교
2012,127.0713225073,37.5518512093,광진구,군자동,104000152,군자새마을금고.성동광진위센터
2012,127.0742546359,37.5537705351,광진구,군자동,104000151,세종초교앞
2012,127.0753228303,37.5546466232,광진구,군자동,104000149,군자삼거리
2012,127.0760329007,37.5561609072,광진구,군자동,104000147,능동우편취급국
2012,127.0765591034,37.5571562758,광진구,군자동,104000146,KEB.하나은행.군자동.지점
2012,127.081565514,37.5562229948,광진구,능동,104000004,군자역.용마초등학교
2012,127.0848655495,37.554826955,광진구,능동,104000299,중곡동입구삼거리
2012,127.0886689538,37.5541967204,광진구,중곡동,104000046,중곡동입구
2012,127.0879297616,37.5583189468,광진구,중곡동,104000045,신성시장
2012,127.0873093515,37.5626950451,광진구,중곡동,104000044,중곡동종점
2012,127.0869681157,37.5641992207,광진구,중곡동,104000043,대원고교앞
2012,127.0863735321,37.5678680041,광진구,중곡동,104000042,용암사입구
2014,127.061162321,37.5365680167,광진구,자양동,104000127,영동대교북단
2014,127.0628993085,37.5366067526,광진구,자양동,104000128,노룬산시장앞
2014,127.066874712,37.5355719112,광진구,자양동,104000107,국민은행신자양지점
2014,127.067497,37.533632,광진구,자양동,104000130,자양4동주민센터앞
2014,127.0679950793,37.5335104561,광진구,자양동,104000129,신양초등학교앞
2014,127.0673127049,37.5356635743,광진구,자양동,104000122,국민은행신자양지점
2014,127.0629447386,37.5368058708,광진구,자양동,104000126,노룬산시장앞
2014,127.061162321,37.5365680167,광진구,자양동,104000127,영동대교북단
2014,127.0628993085,37.5366067526,광진구,자양동,104000128,노룬산시장앞
2014,127.066874712,37.5355719112,광진구,자양동,104000107,국민은행신자양지점
2014,127.067497,37.533632,광진구,자양동,104000130,자양4동주민센터앞
2014,127.0679950793,37.5335104561,광진구,자양동,104000129,신양초등학교앞
2014,127.0673127049,37.5356635743,광진구,자양동,104000122,국민은행신자양지점
2014,127.0629447386,37.5368058708,광진구,자양동,104000126,노룬산시장앞
2211,127.0813749581,37.571462406,광진구,중곡동,104000248,면곡시장
2221,127.0750132783,37.5303694922,광진구,자양동,104000096,신자초등학교앞
2221,127.0768712862,37.5327003382,광진구,자양동,104000097,자양미소약국.자양골목시장
2221,127.0807386521,37.5315308364,광진구,자양동,104000098,국민은행자양지점앞
2221,127.0846733447,37.5319732231,광진구,자양동,104000100,자양아파트앞
2221,127.0844077778,37.5352822425,광진구,자양동,104000291,동서울우편집중국앞
2221,127.0835191184,37.538986382,광진구,구의동,104000055,광진구청
2221,127.0846474366,37.5430873683,광진구,구의동,104000053,광진경찰서
2221,127.0863480831,37.5458173579,광진구,구의동,104000061,구의사거리
2221,127.08958588,37.5486416815,광진구,구의동,104000059,구의2동주민센터입구
2221,127.0901491873,37.5512084718,광진구,구의동,104000006,어린이대공원후문아차산역
2221,127.086550509,37.5544965543,광진구,중곡동,104000005,중곡동입구삼거리
2221,127.082473132,37.5560989145,광진구,중곡동,104000003,군자역.용마초등학교
2221,127.0756461481,37.5587409868,광진구,중곡동,104000001,군자교입구
2221,127.0749002776,37.5587937258,광진구,군자동,104000002,군자교입구
2221,127.081565514,37.5562229948,광진구,능동,104000004,군자역.용마초등학교
2221,127.0848655495,37.554826955,광진구,능동,104000299,중곡동입구삼거리
2221,127.0892452052,37.5524229328,광진구,능동,104000007,어린이대공원후문아차산역
2221,127.0897846677,37.5492515718,광진구,구의동,104000058,구의2동주민센터입구
2221,127.0857469566,37.5456510932,광진구,구의동,104000060,구의사거리
2221,127.0836883111,37.5415336614,광진구,구의동,104000052,광진경찰서
2221,127.0831530574,37.5384883339,광진구,자양동,104000082,광진구청
2221,127.0848057104,37.5329553244,광진구,자양동,104000095,자양동잠실대교북단
2221,127.081413066,37.531572725,광진구,자양동,104000092,국민은행자양지점앞
2221,127.077319,37.53275,광진구,자양동,104000090,자양미소약국.자양골목시장
2221,127.074922,37.530768,광진구,자양동,104000116,신자초등학교앞
2222,127.0750132783,37.5303694922,광진구,자양동,104000096,신자초등학교앞
2222,127.0747505569,37.5335505333,광진구,자양동,104000168,제일은행사거리
2222,127.0734066984,37.533946958,광진구,자양동,104000118,자양우성아파트앞
2222,127.0711714016,37.5345790942,광진구,자양동,104000119,자양고교앞
2222,127.0689474032,37.535233709,광진구,자양동,104000109,신양초등학교앞
2222,127.0690251258,37.5360770905,광진구,자양동,104000110,뚝도변전소앞
2222,127.0701692006,37.5385652456,광진구,자양동,104000111,광진문화예술회관
2222,127.0709898289,37.5401911408,광진구,화양동,104000304,건대입구(가상)
2222,127.071263851,37.5409809431,광진구,화양동,104000139,건대입구역사거리.건대병원
2222,127.0735881785,37.5459043941,광진구,화양동,104000141,어린이대공원역.화양천주교회
2222,127.0713618582,37.5480152246,광진구,군자동,104000157,광진광장
2222,127.0686841693,37.5483288986,광진구,군자동,104000293,화양사거리
2222,127.0715209148,37.5477151717,광진구,화양동,104000133,광진광장
2222,127.0736284938,37.5466216409,광진구,화양동,104000134,어린이대공원역.화양천주교회
2222,127.072222,37.543765,광진구,화양동,104000135,서울화양초등학교
2222,127.07095,37.540929,광진구,화양동,104000136,건대입구역사거리.건대병원
2222,127.0699257583,37.538919286,광진구,자양동,104000125,건대로데오거리입구
2222,127.068967,37.536419,광진구,자양동,104000121,대동아파트앞
2222,127.0692877009,37.5349118182,광진구,자양동,104000108,신양초등학교앞
2222,127.0713601174,37.53431586,광진구,자양동,104000120,자양고교앞
2222,127.0735184639,37.5336864713,광진구,자양동,104000117,자양우성아파트앞
2222,127.074922,37.530768,광진구,자양동,104000116,신자초등학교앞
2224,127.0628993085,37.5366067526,광진구,자양동,104000128,노룬산시장앞
2224,127.066874712,37.5355719112,광진구,자양동,104000107,국민은행신자양지점
2224,127.0690251258,37.5360770905,광진구,자양동,104000110,뚝도변전소앞
2224,127.0701692006,37.5385652456,광진구,자양동,104000111,광진문화예술회관
2224,127.0748753929,37.5384461141,광진구,자양동,104000112,건국대학교앞
2224,127.078796484,37.5374793895,광진구,자양동,104000086,자양초등학교앞
2224,127.0821044683,37.5367503042,광진구,자양동,104000084,자양사거리
2224,127.0882893582,37.5375186301,광진구,자양동,104000106,구의역3번출구
2224,127.090409,37.537998,광진구,구의동,104000065,광진우체국
2224,127.094195145,37.5366715418,광진구,구의동,104000279,테크노마트앞.강변역
2224,127.0879772581,37.5377026867,광진구,구의동,104000056,구의역2번출구
2224,127.0826036011,37.5368892729,광진구,자양동,104000083,자양사거리
2224,127.0786588147,37.5378444255,광진구,자양동,104000085,자양초등학교앞
2224,127.0749259086,37.538949007,광진구,화양동,104000087,건국대학교앞
2224,127.0699257583,37.538919286,광진구,자양동,104000125,건대로데오거리입구
2224,127.068967,37.536419,광진구,자양동,104000121,대동아파트앞
2224,127.0673127049,37.5356635743,광진구,자양동,104000122,국민은행신자양지점
2224,127.0629447386,37.5368058708,광진구,자양동,104000126,노룬산시장앞
2227,127.0860566161,37.5679159934,광진구,중곡동,104000038,용암사입구
2227,127.086708621,37.5639660286,광진구,중곡동,104000041,대원고교앞
2227,127.0870618595,37.5620725727,광진구,중곡동,104000023,중곡동종점
2227,127.0873831264,37.5599565687,광진구,중곡동,104000024,중곡보건지소
2227,127.0839868222,37.5614890896,광진구,중곡동,104000026,중곡우체국앞
2227,127.0808552636,37.5598837254,광진구,중곡동,104000019,중곡2동주민센터앞
2227,127.07882,37.556322,광진구,군자동,104000160,능동사거리.군자역
2227,127.0769927342,37.5528739948,광진구,군자동,104000159,능동교회앞
2227,127.07544,37.549752,광진구,군자동,104000158,어린이대공원앞.세종대학교
2227,127.0736284938,37.5466216409,광진구,화양동,104000134,어린이대공원역.화양천주교회
2227,127.072222,37.543765,광진구,화양동,104000135,서울화양초등학교
2227,127.0714727877,37.5421084758,광진구,화양동,104000170,건대병원입구
2227,127.0748753929,37.5384461141,광진구,자양동,104000112,건국대학교앞
2227,127.078796484,37.5374793895,광진구,자양동,104000086,자양초등학교앞
2227,127.0821044683,37.5367503042,광진구,자양동,104000084,자양사거리
2227,127.0882893582,37.5375186301,광진구,자양동,104000106,구의역3번출구
2227,127.092631647,37.53889735,광진구,구의동,104000302,구의3동주민센터
2227,127.0990747444,37.5420128524,광진구,광장동,104000074,광장동현대아파트앞
2227,127.1030692112,37.5434728132,광진구,광장동,104000075,광나루역.극동아파트
2227,127.1053745185,37.5459514944,광진구,광장동,104000269,광진청소년수련관
2227,127.1077984572,37.5468671731,광진구,광장동,104000307,광진구민체육센터
2227,127.1063923373,37.547556689,광진구,광장동,104000306,광나루우편취급국
2227,127.1030856662,37.543917039,광진구,광장동,104000076,광나루역.극동아파트
2227,127.0974629956,37.5417970295,광진구,광장동,104000073,광장동현대아파트앞
2227,127.0921595782,37.539356744,광진구,구의동,104000303,구의3동주민센터
2227,127.0879772581,37.5377026867,광진구,구의동,104000056,구의역2번출구
2227,127.0826036011,37.5368892729,광진구,자양동,104000083,자양사거리
2227,127.0786588147,37.5378444255,광진구,자양동,104000085,자양초등학교앞
2227,127.0749259086,37.538949007,광진구,화양동,104000087,건국대학교앞
2227,127.071263851,37.5409809431,광진구,화양동,104000139,건대입구역사거리.건대병원
2227,127.0735881785,37.5459043941,광진구,화양동,104000141,어린이대공원역.화양천주교회
2227,127.0770314953,37.5520458638,광진구,능동,104000047,어린이대공원앞
2227,127.0786346746,37.5551766839,광진구,능동,104000048,능동사거리.군자역
2227,127.0811551751,37.5598402672,광진구,중곡동,104000020,중곡2동주민센터앞
2227,127.0828471665,37.5630899336,광진구,중곡동,104000021,중곡동성당앞
2227,127.0833601348,37.5638882429,광진구,중곡동,104000022,종합의료복합단지
2227,127.0845454928,37.5660464177,광진구,중곡동,104000040,중곡역.국립정신건강센터
2227,127.0855902354,37.5679334531,광진구,중곡동,104000039,용곡삼거리
2412,127.0628993085,37.5366067526,광진구,자양동,104000128,노룬산시장앞
2412,127.066874712,37.5355719112,광진구,자양동,104000107,국민은행신자양지점
2412,127.0692877009,37.5349118182,광진구,자양동,104000108,신양초등학교앞
2412,127.0713601174,37.53431586,광진구,자양동,104000120,자양고교앞
2412,127.0735184639,37.5336864713,광진구,자양동,104000117,자양우성아파트앞
2412,127.0768712862,37.5327003382,광진구,자양동,104000097,자양미소약국.자양골목시장
2412,127.0807386521,37.5315308364,광진구,자양동,104000098,국민은행자양지점앞
2412,127.0846733447,37.5319732231,광진구,자양동,104000100,자양아파트앞
2412,127.0846079653,37.5321922367,광진구,자양동,104000094,자양아파트앞
2412,127.081413066,37.531572725,광진구,자양동,104000092,국민은행자양지점앞
2412,127.077319,37.53275,광진구,자양동,104000090,자양미소약국.자양골목시장
2412,127.0734066984,37.533946958,광진구,자양동,104000118,자양우성아파트앞
2412,127.0711714016,37.5345790942,광진구,자양동,104000119,자양고교앞
2412,127.0673127049,37.5356635743,광진구,자양동,104000122,국민은행신자양지점
2412,127.0629447386,37.5368058708,광진구,자양동,104000126,노룬산시장앞
2415,127.0750132783,37.5303694922,광진구,자양동,104000096,신자초등학교앞
2415,127.0768712862,37.5327003382,광진구,자양동,104000097,자양미소약국.자양골목시장
2415,127.0807386521,37.5315308364,광진구,자양동,104000098,국민은행자양지점앞
2415,127.0846733447,37.5319732231,광진구,자양동,104000100,자양아파트앞
2415,127.0846079653,37.5321922367,광진구,자양동,104000094,자양아파트앞
2415,127.081413066,37.531572725,광진구,자양동,104000092,국민은행자양지점앞
2415,127.077319,37.53275,광진구,자양동,104000090,자양미소약국.자양골목시장
2415,127.074922,37.530768,광진구,자양동,104000116,신자초등학교앞
3212,127.094065214,37.5368302384,광진구,구의동,104000069,테크노마트앞.강변역
3212,127.0942542588,37.5395847398,광진구,구의동,104000064,현대아파트앞
3214,127.0966658921,37.5379617179,광진구,구의동,104000070,현대2단지
3214,127.094065214,37.5368302384,광진구,구의동,104000069,테크노마트앞.강변역
3214,127.0942542588,37.5395847398,광진구,구의동,104000064,현대아파트앞
3216,127.0858514017,37.5321201527,광진구,자양동,104000101,자양동잠실대교북단
3216,127.0844077778,37.5352822425,광진구,자양동,104000291,동서울우편집중국앞
3216,127.0835191184,37.538986382,광진구,구의동,104000055,광진구청
3216,127.084359006,37.5422108084,광진구,구의동,104000054,광진경찰서
3216,127.083977653,37.545249575,광진구,능동,104000049,구의사거리.광진소방서앞
3216,127.0772312737,37.546028221,광진구,능동,104000050,어린이회관
3216,127.0770314953,37.5520458638,광진구,능동,104000047,어린이대공원앞
3216,127.0786346746,37.5551766839,광진구,능동,104000048,능동사거리.군자역
3216,127.0756461481,37.5587409868,광진구,중곡동,104000001,군자교입구
3216,127.0749002776,37.5587937258,광진구,군자동,104000002,군자교입구
3216,127.07882,37.556322,광진구,군자동,104000160,능동사거리.군자역
3216,127.0769927342,37.5528739948,광진구,군자동,104000159,능동교회앞
3216,127.07544,37.549752,광진구,군자동,104000158,어린이대공원앞.세종대학교
3216,127.0752457939,37.5466954123,광진구,화양동,104000138,어린이대공원역3번출구
3216,127.0792516957,37.5452618523,광진구,화양동,104000290,어린이회관
3216,127.08458049,37.5449328603,광진구,구의동,104000051,구의사거리.광진소방서앞
3216,127.0836883111,37.5415336614,광진구,구의동,104000052,광진경찰서
3216,127.0831530574,37.5384883339,광진구,자양동,104000082,광진구청
3216,127.0848057104,37.5329553244,광진구,자양동,104000095,자양동잠실대교북단
3217,127.061162321,37.5365680167,광진구,자양동,104000127,영동대교북단
3217,127.0626912618,37.5395029881,광진구,자양동,104000123,노룬산시장
3217,127.0672788711,37.5408268775,광진구,자양동,104000124,건대입구역6번출구
3217,127.0709898289,37.5401911408,광진구,화양동,104000304,건대입구(가상)
3217,127.071263851,37.5409809431,광진구,화양동,104000139,건대입구역사거리.건대병원
3217,127.0735881785,37.5459043941,광진구,화양동,104000141,어린이대공원역.화양천주교회
3217,127.0713618582,37.5480152246,광진구,군자동,104000157,광진광장
3220,127.0936875546,37.5433887171,광진구,광장동,104000072,올림픽대교북단사거리
3220,127.0890507143,37.5449638155,광진구,구의동,104000062,래미안구의파크스위트
3220,127.0836883111,37.5415336614,광진구,구의동,104000052,광진경찰서
3220,127.0831530574,37.5384883339,광진구,자양동,104000082,광진구청
3220,127.0826036011,37.5368892729,광진구,자양동,104000083,자양사거리
3220,127.0786588147,37.5378444255,광진구,자양동,104000085,자양초등학교앞
3220,127.0749259086,37.538949007,광진구,화양동,104000087,건국대학교앞
3220,127.0709898289,37.5401911408,광진구,화양동,104000304,건대입구(가상)
3220,127.071263851,37.5409809431,광진구,화양동,104000139,건대입구역사거리.건대병원
3220,127.0735881785,37.5459043941,광진구,화양동,104000141,어린이대공원역.화양천주교회
3220,127.0713618582,37.5480152246,광진구,군자동,104000157,광진광장
3220,127.0686841693,37.5483288986,광진구,군자동,104000293,화양사거리
3220,127.0695975111,37.5517044591,광진구,군자동,104000142,송정동서울숲아이파크
3220,127.0712504226,37.5545968873,광진구,군자동,104000143,송정동건영아파트
3220,127.0727879339,37.557410967,광진구,군자동,104000144,군자교남단
3220,127.0715209148,37.5477151717,광진구,화양동,104000133,광진광장
3220,127.0736284938,37.5466216409,광진구,화양동,104000134,어린이대공원역.화양천주교회
3220,127.072222,37.543765,광진구,화양동,104000135,서울화양초등학교
3220,127.0714727877,37.5421084758,광진구,화양동,104000170,건대병원입구
3220,127.0748753929,37.5384461141,광진구,자양동,104000112,건국대학교앞
3220,127.078796484,37.5374793895,광진구,자양동,104000086,자양초등학교앞
3220,127.0821044683,37.5367503042,광진구,자양동,104000084,자양사거리
3220,127.0835191184,37.538986382,광진구,구의동,104000055,광진구청
3220,127.084359006,37.5422108084,광진구,구의동,104000054,광진경찰서
3220,127.089103536,37.5446546999,광진구,구의동,104000057,래미안구의파크스위트
3220,127.0932099949,37.5433926994,광진구,구의동,104000071,올림픽대교북단사거리
4212,127.061162321,37.5365680167,광진구,자양동,104000127,영동대교북단
4212,127.0626912618,37.5395029881,광진구,자양동,104000123,노룬산시장
4212,127.0672788711,37.5408268775,광진구,자양동,104000124,건대입구역6번출구
4212,127.0709898289,37.5401911408,광진구,화양동,104000304,건대입구(가상)
4212,127.071263851,37.5409809431,광진구,화양동,104000139,건대입구역사거리.건대병원
4212,127.0735881785,37.5459043941,광진구,화양동,104000141,어린이대공원역.화양천주교회
4212,127.0770314953,37.5520458638,광진구,능동,104000047,어린이대공원앞
4212,127.0786346746,37.5551766839,광진구,능동,104000048,능동사거리.군자역
4212,127.0811551751,37.5598402672,광진구,중곡동,104000020,중곡2동주민센터앞
4212,127.0828471665,37.5630899336,광진구,중곡동,104000021,중곡동성당앞
4212,127.0833601348,37.5638882429,광진구,중곡동,104000022,종합의료복합단지
4212,127.0845454928,37.5660464177,광진구,중곡동,104000040,중곡역.국립정신건강센터
4212,127.0855902354,37.5679334531,광진구,중곡동,104000039,용곡삼거리
4212,127.0831369585,37.5706350167,광진구,중곡동,104000036,면곡시장앞
4212,127.0826418853,37.5684915275,광진구,중곡동,104000035,중곡3동주민센터앞
4212,127.0817412475,37.5668530679,광진구,중곡동,104000033,중곡역입구
4212,127.0809971715,37.5654974368,광진구,중곡동,104000031,중마초등학교.중곡제일골목시장앞
4212,127.0818720972,37.5622907455,광진구,중곡동,104000018,용마사거리
4212,127.0808552636,37.5598837254,광진구,중곡동,104000019,중곡2동주민센터앞
4212,127.07882,37.556322,광진구,군자동,104000160,능동사거리.군자역
4212,127.0769927342,37.5528739948,광진구,군자동,104000159,능동교회앞
4212,127.07544,37.549752,광진구,군자동,104000158,어린이대공원앞.세종대학교
4212,127.0736284938,37.5466216409,광진구,화양동,104000134,어린이대공원역.화양천주교회
4212,127.072222,37.543765,광진구,화양동,104000135,서울화양초등학교
4212,127.07095,37.540929,광진구,화양동,104000136,건대입구역사거리.건대병원
4212,127.0681672642,37.5408957525,광진구,화양동,104000137,건대입구역1번출구
9403,127.0858514017,37.5321201527,광진구,자양동,104000101,자양동잠실대교북단
9403,127.0844077778,37.5352822425,광진구,자양동,104000291,동서울우편집중국앞
9403,127.0835191184,37.538986382,광진구,구의동,104000055,광진구청
9403,127.0846474366,37.5430873683,광진구,구의동,104000053,광진경찰서
9403,127.0863480831,37.5458173579,광진구,구의동,104000061,구의사거리
9403,127.08958588,37.5486416815,광진구,구의동,104000059,구의2동주민센터입구
9403,127.0905075507,37.5508666828,광진구,구의동,104000165,어린이대공원후문
9403,127.0886689538,37.5541967204,광진구,중곡동,104000046,중곡동입구
9403,127.0879297616,37.5583189468,광진구,중곡동,104000045,신성시장
9403,127.0873093515,37.5626950451,광진구,중곡동,104000044,중곡동종점
9403,127.0869681157,37.5641992207,광진구,중곡동,104000043,대원고교앞
9403,127.0863735321,37.5678680041,광진구,중곡동,104000042,용암사입구
9403,127.0843249567,37.5662294972,광진구,중곡동,104000273,중곡역.국립정신건강센터
9403,127.0833948064,37.5645270931,광진구,중곡동,104000274,종합의료복합단지
9403,127.0825248466,37.5629643086,광진구,중곡동,104000275,중곡동성당
9403,127.0808552636,37.5598837254,광진구,중곡동,104000019,중곡2동주민센터앞
9403,127.07882,37.556322,광진구,군자동,104000160,능동사거리.군자역
9403,127.0769927342,37.5528739948,광진구,군자동,104000159,능동교회앞
9403,127.07544,37.549752,광진구,군자동,104000158,어린이대공원앞.세종대학교
9403,127.0752457939,37.5466954123,광진구,화양동,104000138,어린이대공원역3번출구
9403,127.0792516957,37.5452618523,광진구,화양동,104000290,어린이회관
9403,127.08458049,37.5449328603,광진구,구의동,104000051,구의사거리.광진소방서앞
9403,127.0836883111,37.5415336614,광진구,구의동,104000052,광진경찰서
9403,127.0831530574,37.5384883339,광진구,자양동,104000082,광진구청
9403,127.0848057104,37.5329553244,광진구,자양동,104000095,자양동잠실대교북단
240,127.0831369585,37.5706350167,광진구,중곡동,104000036,면곡시장앞
240,127.0826418853,37.5684915275,광진구,중곡동,104000035,중곡3동주민센터앞
240,127.0817412475,37.5668530679,광진구,중곡동,104000033,중곡역입구
240,127.0809971715,37.5654974368,광진구,중곡동,104000031,중마초등학교.중곡제일골목시장앞
240,127.0794160978,37.5626150143,광진구,중곡동,104000015,중곡1동사거리
240,127.0784951984,37.5609495091,광진구,중곡동,104000013,중곡1동주민센터입구
240,127.0775414391,37.5592110293,광진구,중곡동,104000010,메리놀외방선교회
240,127.0767090775,37.5577085489,광진구,군자동,104000145,KEB.하나은행.군자동.지점
240,127.0752869423,37.5549755455,광진구,군자동,104000148,군자삼거리
240,127.073240182,37.5534260496,광진구,군자동,104000150,세종초등학교.세종사이버대학교앞
240,127.0710877554,37.5513566499,광진구,군자동,104000153,군자새마을금고앞
240,127.0705211932,37.5487613545,광진구,군자동,104000155,장안초등학교
240,127.0715209148,37.5477151717,광진구,화양동,104000133,광진광장
240,127.0736284938,37.5466216409,광진구,화양동,104000134,어린이대공원역.화양천주교회
240,127.072222,37.543765,광진구,화양동,104000135,서울화양초등학교
240,127.07095,37.540929,광진구,화양동,104000136,건대입구역사거리.건대병원
240,127.0699257583,37.538919286,광진구,자양동,104000125,건대로데오거리입구
240,127.068967,37.536419,광진구,자양동,104000121,대동아파트앞
240,127.0673127049,37.5356635743,광진구,자양동,104000122,국민은행신자양지점
240,127.0629447386,37.5368058708,광진구,자양동,104000126,노룬산시장앞
240,127.061162321,37.5365680167,광진구,자양동,104000127,영동대교북단
240,127.0628993085,37.5366067526,광진구,자양동,104000128,노룬산시장앞
240,127.066874712,37.5355719112,광진구,자양동,104000107,국민은행신자양지점
240,127.0690251258,37.5360770905,광진구,자양동,104000110,뚝도변전소앞
240,127.0701692006,37.5385652456,광진구,자양동,104000111,광진문화예술회관
240,127.0709898289,37.5401911408,광진구,화양동,104000304,건대입구(가상)
240,127.071263851,37.5409809431,광진구,화양동,104000139,건대입구역사거리.건대병원
240,127.0735881785,37.5459043941,광진구,화양동,104000141,어린이대공원역.화양천주교회
240,127.0713618582,37.5480152246,광진구,군자동,104000157,광진광장
240,127.070754754,37.5486923124,광진구,군자동,104000154,장안초등학교
240,127.0713225073,37.5518512093,광진구,군자동,104000152,군자새마을금고.성동광진위센터
240,127.0742546359,37.5537705351,광진구,군자동,104000151,세종초교앞
240,127.0753228303,37.5546466232,광진구,군자동,104000149,군자삼거리
240,127.0760329007,37.5561609072,광진구,군자동,104000147,능동우편취급국
240,127.0765591034,37.5571562758,광진구,군자동,104000146,KEB.하나은행.군자동.지점
240,127.0776318627,37.559086619,광진구,중곡동,104000011,메리놀외방선교회
240,127.0782794172,37.5602675248,광진구,중곡동,104000012,중곡1동주민센터입구
240,127.0794725244,37.5624536807,광진구,중곡동,104000014,중곡1동사거리
240,127.0809934682,37.5652135952,광진구,중곡동,104000016,중마초등학교.중곡제일골목시장앞
240,127.0816150335,37.5663404337,광진구,중곡동,104000032,중곡역입구
240,127.0828854345,37.5686346304,광진구,중곡동,104000034,중곡3동주민센터앞
240,127.0834177497,37.5708896882,광진구,중곡동,104000037,면곡시장앞
6013,127.0675398641,37.5353498628,광진구,자양동,104000237,자양동
6013,127.0704787498,37.5392273673,광진구,자양동,104000256,광진구의회
6013,127.0719007166,37.5422803253,광진구,화양동,104000258,건대입구역
6013,127.0760310216,37.5498550499,광진구,능동,104000260,세종대학교
6013,127.0790603709,37.5559120191,광진구,능동,104000262,군자역
6013,127.0756461481,37.5587409868,광진구,중곡동,104000001,군자교입구
6013,127.0749002776,37.5587937258,광진구,군자동,104000002,군자교입구
6013,127.0788605078,37.5563636008,광진구,군자동,104000261,군자역
6013,127.0755658718,37.5498616561,광진구,군자동,104000259,세종대학교
6013,127.0720930253,37.5433804463,광진구,화양동,104000257,건대입구역
6013,127.0701166071,37.5391969456,광진구,자양동,104000255,광진구의회
6013,127.0679858608,37.5355334307,광진구,자양동,104000236,자양동
320,127.0858514017,37.5321201527,광진구,자양동,104000101,자양동잠실대교북단
320,127.0844077778,37.5352822425,광진구,자양동,104000291,동서울우편집중국앞
320,127.0835191184,37.538986382,광진구,구의동,104000055,광진구청
320,127.0846474366,37.5430873683,광진구,구의동,104000053,광진경찰서
320,127.0863480831,37.5458173579,광진구,구의동,104000061,구의사거리
320,127.08958588,37.5486416815,광진구,구의동,104000059,구의2동주민센터입구
320,127.0905075507,37.5508666828,광진구,구의동,104000165,어린이대공원후문
320,127.0886689538,37.5541967204,광진구,중곡동,104000046,중곡동입구
320,127.0879297616,37.5583189468,광진구,중곡동,104000045,신성시장
320,127.0873093515,37.5626950451,광진구,중곡동,104000044,중곡동종점
320,127.0869681157,37.5641992207,광진구,중곡동,104000043,대원고교앞
320,127.0863735321,37.5678680041,광진구,중곡동,104000042,용암사입구
320,127.0860566161,37.5679159934,광진구,중곡동,104000038,용암사입구
320,127.086708621,37.5639660286,광진구,중곡동,104000041,대원고교앞
320,127.0870618595,37.5620725727,광진구,중곡동,104000023,중곡동종점
320,127.0876755037,37.5583163621,광진구,중곡동,101000252,신성시장앞
320,127.0882622041,37.554798956,광진구,중곡동,104000167,중곡동입구
320,127.0892452052,37.5524229328,광진구,능동,104000007,어린이대공원후문아차산역
320,127.0897846677,37.5492515718,광진구,구의동,104000058,구의2동주민센터입구
320,127.0857469566,37.5456510932,광진구,구의동,104000060,구의사거리
320,127.0836883111,37.5415336614,광진구,구의동,104000052,광진경찰서
320,127.0831530574,37.5384883339,광진구,자양동,104000082,광진구청
320,127.0848057104,37.5329553244,광진구,자양동,104000095,자양동잠실대교북단
6705,127.094065214,37.5368302384,광진구,구의동,104000069,테크노마트앞.강변역
6705,127.1030692112,37.5434728132,광진구,광장동,104000075,광나루역.극동아파트
6705,127.1102655251,37.5542416044,광진구,광장동,104000281,워커힐호텔비스타워커힐
6705,127.1030856662,37.543917039,광진구,광장동,104000076,광나루역.극동아파트
6705,127.0934995562,37.5360260082,광진구,구의동,104000183,강변역A
N62,127.0672788711,37.5408268775,광진구,자양동,104000124,건대입구역6번출구
N62,127.0709898289,37.5401911408,광진구,화양동,104000304,건대입구(가상)
N62,127.071263851,37.5409809431,광진구,화양동,104000139,건대입구역사거리.건대병원
N62,127.0735881785,37.5459043941,광진구,화양동,104000141,어린이대공원역.화양천주교회
N62,127.0770314953,37.5520458638,광진구,능동,104000047,어린이대공원앞
N62,127.0786346746,37.5551766839,광진구,능동,104000048,능동사거리.군자역
N62,127.0811551751,37.5598402672,광진구,중곡동,104000020,중곡2동주민센터앞
N62,127.0828471665,37.5630899336,광진구,중곡동,104000021,중곡동성당앞
N62,127.0833601348,37.5638882429,광진구,중곡동,104000022,종합의료복합단지
N62,127.0845454928,37.5660464177,광진구,중곡동,104000040,중곡역.국립정신건강센터
N62,127.0855902354,37.5679334531,광진구,중곡동,104000039,용곡삼거리
N62,127.0855997978,37.5685782991,광진구,중곡동,104000272,용곡삼거리
N62,127.0843249567,37.5662294972,광진구,중곡동,104000273,중곡역.국립정신건강센터
N62,127.0833948064,37.5645270931,광진구,중곡동,104000274,종합의료복합단지
N62,127.0825248466,37.5629643086,광진구,중곡동,104000275,중곡동성당
N62,127.0808552636,37.5598837254,광진구,중곡동,104000019,중곡2동주민센터앞
N62,127.07882,37.556322,광진구,군자동,104000160,능동사거리.군자역
N62,127.0769927342,37.5528739948,광진구,군자동,104000159,능동교회앞
N62,127.07544,37.549752,광진구,군자동,104000158,어린이대공원앞.세종대학교
N62,127.0736284938,37.5466216409,광진구,화양동,104000134,어린이대공원역.화양천주교회
N62,127.072222,37.543765,광진구,화양동,104000135,서울화양초등학교
N62,127.07095,37.540929,광진구,화양동,104000136,건대입구역사거리.건대병원
N62,127.0681672642,37.5408957525,광진구,화양동,104000137,건대입구역1번출구
N61,127.061162321,37.5365680167,광진구,자양동,104000127,영동대교북단
N61,127.0626912618,37.5395029881,광진구,자양동,104000123,노룬산시장
N61,127.0672788711,37.5408268775,광진구,자양동,104000124,건대입구역6번출구
N61,127.0709898289,37.5401911408,광진구,화양동,104000304,건대입구(가상)
N61,127.071263851,37.5409809431,광진구,화양동,104000139,건대입구역사거리.건대병원
N61,127.0735881785,37.5459043941,광진구,화양동,104000141,어린이대공원역.화양천주교회
N61,127.0770314953,37.5520458638,광진구,능동,104000047,어린이대공원앞
N61,127.0786346746,37.5551766839,광진구,능동,104000048,능동사거리.군자역
N61,127.0752029849,37.561532857,광진구,중곡동,104000008,군자교
N61,127.0778996992,37.5664012264,광진구,중곡동,104000029,중곡아파트
N61,127.0797293274,37.569746048,광진구,중곡동,104000027,면곡시장
N61,127.0795827233,37.57027689,광진구,중곡동,104000028,면곡시장
N61,127.0771769652,37.5657955541,광진구,중곡동,104000030,중곡아파트
N61,127.0752287457,37.5623861756,광진구,중곡동,104000009,군자교
N61,127.07882,37.556322,광진구,군자동,104000160,능동사거리.군자역
N61,127.0769927342,37.5528739948,광진구,군자동,104000159,능동교회앞
N61,127.07544,37.549752,광진구,군자동,104000158,어린이대공원앞.세종대학교
N61,127.0736284938,37.5466216409,광진구,화양동,104000134,어린이대공원역.화양천주교회
N61,127.072222,37.543765,광진구,화양동,104000135,서울화양초등학교
N61,127.07095,37.540929,광진구,화양동,104000136,건대입구역사거리.건대병원
N61,127.0681672642,37.5408957525,광진구,화양동,104000137,건대입구역1번출구
N30,127.1032820084,37.5455082662,광진구,광장동,104000298,광나루역
N30,127.093498577,37.5489183172,광진구,구의동,104000296,새밭교회
N30,127.0901491873,37.5512084718,광진구,구의동,104000006,어린이대공원후문아차산역
N30,127.086550509,37.5544965543,광진구,중곡동,104000005,중곡동입구삼거리
N30,127.082473132,37.5560989145,광진구,중곡동,104000003,군자역.용마초등학교
N30,127.0756461481,37.5587409868,광진구,중곡동,104000001,군자교입구
N30,127.0749002776,37.5587937258,광진구,군자동,104000002,군자교입구
N30,127.081565514,37.5562229948,광진구,능동,104000004,군자역.용마초등학교
N30,127.0848655495,37.554826955,광진구,능동,104000299,중곡동입구삼거리
N30,127.0892452052,37.5524229328,광진구,능동,104000007,어린이대공원후문아차산역
N30,127.0926144514,37.548957926,광진구,구의동,104000295,새밭교회
N30,127.1032684079,37.5451767476,광진구,광장동,104000297,광나루역
2311,127.0831369585,37.5706350167,광진구,중곡동,104000036,면곡시장앞
2311,127.0826418853,37.5684915275,광진구,중곡동,104000035,중곡3동주민센터앞
2311,127.0817412475,37.5668530679,광진구,중곡동,104000033,중곡역입구
2311,127.0809971715,37.5654974368,광진구,중곡동,104000031,중마초등학교.중곡제일골목시장앞
2311,127.0818720972,37.5622907455,광진구,중곡동,104000018,용마사거리
2311,127.0808552636,37.5598837254,광진구,중곡동,104000019,중곡2동주민센터앞
2311,127.081565514,37.5562229948,광진구,능동,104000004,군자역.용마초등학교
2311,127.0848655495,37.554826955,광진구,능동,104000299,중곡동입구삼거리
2311,127.0892452052,37.5524229328,광진구,능동,104000007,어린이대공원후문아차산역
2311,127.0897846677,37.5492515718,광진구,구의동,104000058,구의2동주민센터입구
2311,127.0857469566,37.5456510932,광진구,구의동,104000060,구의사거리
2311,127.0836883111,37.5415336614,광진구,구의동,104000052,광진경찰서
2311,127.0831530574,37.5384883339,광진구,자양동,104000082,광진구청
2311,127.0848057104,37.5329553244,광진구,자양동,104000095,자양동잠실대교북단
2311,127.0858514017,37.5321201527,광진구,자양동,104000101,자양동잠실대교북단
2311,127.0844077778,37.5352822425,광진구,자양동,104000291,동서울우편집중국앞
2311,127.0835191184,37.538986382,광진구,구의동,104000055,광진구청
2311,127.0846474366,37.5430873683,광진구,구의동,104000053,광진경찰서
2311,127.0863480831,37.5458173579,광진구,구의동,104000061,구의사거리
2311,127.08958588,37.5486416815,광진구,구의동,104000059,구의2동주민센터입구
2311,127.0901491873,37.5512084718,광진구,구의동,104000006,어린이대공원후문아차산역
2311,127.086550509,37.5544965543,광진구,중곡동,104000005,중곡동입구삼거리
2311,127.082473132,37.5560989145,광진구,중곡동,104000003,군자역.용마초등학교
2311,127.0776318627,37.559086619,광진구,중곡동,104000011,메리놀외방선교회
2311,127.0782794172,37.5602675248,광진구,중곡동,104000012,중곡1동주민센터입구
2311,127.0794725244,37.5624536807,광진구,중곡동,104000014,중곡1동사거리
2311,127.0809934682,37.5652135952,광진구,중곡동,104000016,중마초등학교.중곡제일골목시장앞
2311,127.0816150335,37.5663404337,광진구,중곡동,104000032,중곡역입구
2311,127.0828854345,37.5686346304,광진구,중곡동,104000034,중곡3동주민센터앞
2311,127.0834177497,37.5708896882,광진구,중곡동,104000037,면곡시장앞
성동10,127.0643413763,37.5423991251,광진구,화양동,104900031,영동대교입구.성수사거리
성동10,127.0652401586,37.5439827587,광진구,화양동,104900028,화양동현대아파트
성동10,127.0659848276,37.5452943403,광진구,화양동,104900024,성수대우프레시아1차아파트
성동10,127.0664937621,37.5461969525,광진구,화양동,104900022,화양사거리SKV1센터
242,127.0795827233,37.57027689,광진구,중곡동,104000028,면곡시장
242,127.0771769652,37.5657955541,광진구,중곡동,104000030,중곡아파트
242,127.0752287457,37.5623861756,광진구,중곡동,104000009,군자교
242,127.061162321,37.5365680167,광진구,자양동,104000127,영동대교북단
242,127.0626912618,37.5395029881,광진구,자양동,104000123,노룬산시장
242,127.0647765888,37.5431585111,광진구,화양동,104000131,성수사거리
242,127.0670885688,37.5472318425,광진구,화양동,104000132,화양사거리
242,127.0695975111,37.5517044591,광진구,군자동,104000142,송정동서울숲아이파크
242,127.0712504226,37.5545968873,광진구,군자동,104000143,송정동건영아파트
242,127.0752029849,37.561532857,광진구,중곡동,104000008,군자교
242,127.0778996992,37.5664012264,광진구,중곡동,104000029,중곡아파트
242,127.0797293274,37.569746048,광진구,중곡동,104000027,면곡시장
2416,127.0749002776,37.5587937258,광진구,군자동,104000002,군자교입구
2416,127.07882,37.556322,광진구,군자동,104000160,능동사거리.군자역
2416,127.0769927342,37.5528739948,광진구,군자동,104000159,능동교회앞
2416,127.07544,37.549752,광진구,군자동,104000158,어린이대공원앞.세종대학교
2416,127.0736284938,37.5466216409,광진구,화양동,104000134,어린이대공원역.화양천주교회
2416,127.072222,37.543765,광진구,화양동,104000135,서울화양초등학교
2416,127.07095,37.540929,광진구,화양동,104000136,건대입구역사거리.건대병원
2416,127.0681672642,37.5408957525,광진구,화양동,104000137,건대입구역1번출구
2416,127.061162321,37.5365680167,광진구,자양동,104000127,영동대교북단
2416,127.0626912618,37.5395029881,광진구,자양동,104000123,노룬산시장
2416,127.0672788711,37.5408268775,광진구,자양동,104000124,건대입구역6번출구
2416,127.0709898289,37.5401911408,광진구,화양동,104000304,건대입구(가상)
2416,127.071263851,37.5409809431,광진구,화양동,104000139,건대입구역사거리.건대병원
2416,127.0735881785,37.5459043941,광진구,화양동,104000141,어린이대공원역.화양천주교회
2416,127.0770314953,37.5520458638,광진구,능동,104000047,어린이대공원앞
2416,127.0786346746,37.5551766839,광진구,능동,104000048,능동사거리.군자역
2416,127.0756461481,37.5587409868,광진구,중곡동,104000001,군자교입구
광진04,127.0782267822,37.5669958095,광진구,중곡동,104900128,중곡아파트.기점
광진04,127.0797293274,37.569746048,광진구,중곡동,104000027,면곡시장
광진04,127.0813749581,37.571462406,광진구,중곡동,104000248,면곡시장
광진04,127.0831369585,37.5706350167,광진구,중곡동,104000036,면곡시장앞
광진04,127.0826418853,37.5684915275,광진구,중곡동,104000035,중곡3동주민센터앞
광진04,127.0817412475,37.5668530679,광진구,중곡동,104000033,중곡역입구
광진04,127.0809971715,37.5654974368,광진구,중곡동,104000031,중마초등학교.중곡제일골목시장앞
광진04,127.0814330674,37.5624460371,광진구,중곡동,104900045,기업은행.용마사거리
광진04,127.0840577691,37.5611637445,광진구,중곡동,104900041,중곡우체국앞
광진04,127.0870747483,37.5595305795,광진구,중곡동,104900033,중곡보건지소
광진04,127.0876755037,37.5583163621,광진구,중곡동,101000252,신성시장앞
광진04,127.0882622041,37.554798956,광진구,중곡동,104000167,중곡동입구
광진04,127.0892452052,37.5524229328,광진구,능동,104000007,어린이대공원후문아차산역
광진04,127.0900588338,37.5494847466,광진구,구의동,104900030,선화예고앞
광진04,127.0880988204,37.5477299911,광진구,구의동,104900027,대진택시
광진04,127.0857469566,37.5456510932,광진구,구의동,104000060,구의사거리
광진04,127.0836883111,37.5415336614,광진구,구의동,104000052,광진경찰서
광진04,127.0831530574,37.5384883339,광진구,자양동,104000082,광진구청
광진04,127.084837057,37.5366543055,광진구,자양동,104900019,구의역4번출구
광진04,127.0882893582,37.5375186301,광진구,자양동,104000106,구의역3번출구
광진04,127.090409,37.537998,광진구,구의동,104000065,광진우체국
광진04,127.094195145,37.5366715418,광진구,구의동,104000279,테크노마트앞.강변역
광진04,127.091537565,37.5381656685,광진구,구의동,104900133,구의3동주민센터
광진04,127.0879772581,37.5377026867,광진구,구의동,104000056,구의역2번출구
광진04,127.0851803257,37.5370090906,광진구,구의동,104900014,구의역1번출구
광진04,127.0835191184,37.538986382,광진구,구의동,104000055,광진구청
광진04,127.0843546327,37.542346877,광진구,구의동,104900091,광진경찰서앞
광진04,127.0863480831,37.5458173579,광진구,구의동,104000061,구의사거리
광진04,127.088351026,37.5475847263,광진구,구의동,104900009,서울서광교회앞
광진04,127.08958588,37.5486416815,광진구,구의동,104000059,구의2동주민센터입구
광진04,127.0905075507,37.5508666828,광진구,구의동,104000165,어린이대공원후문
광진04,127.0886689538,37.5541967204,광진구,중곡동,104000046,중곡동입구
광진04,127.0881058981,37.5575879581,광진구,중곡동,104900001,종로약국앞
광진04,127.0873831264,37.5599565687,광진구,중곡동,104000024,중곡보건지소
광진04,127.0839868222,37.5614890896,광진구,중곡동,104000026,중곡우체국앞
광진04,127.0812432362,37.5627570449,광진구,중곡동,104900082,용마사거리
광진04,127.0780657612,37.5637882366,광진구,중곡동,104000251,동곡삼거리
광진04,127.0779156425,37.5663789768,광진구,중곡동,104900085,중곡아파트.종점
광진03,127.0862442255,37.5667567645,광진구,중곡동,104900125,중곡119안전센터
광진03,127.086708621,37.5639660286,광진구,중곡동,104000041,대원고교앞
광진03,127.0871709238,37.5614417271,광진구,중곡동,104900056,구.새마을금고앞
광진03,127.0880096605,37.5585269693,광진구,중곡동,104900053,신성시장입구
광진03,127.0892468924,37.5576339581,광진구,중곡동,104900051,마을금고.브레드제과점
광진03,127.0902850791,37.5569014807,광진구,중곡동,104900048,우리들약국
광진03,127.0911230749,37.5563079173,광진구,중곡동,104900047,해오름공원입구
광진03,127.0931371525,37.5548826175,광진구,중곡동,104900044,기원정사입구
광진03,127.0941176381,37.5542285469,광진구,구의동,104900040,영화사입구
광진03,127.0932969209,37.5532100607,광진구,구의동,104900036,성안약국
광진03,127.0921939479,37.5518187362,광진구,구의동,104900035,지영슈퍼
광진03,127.0912052675,37.5508068361,광진구,구의동,104900034,아차산역사거리
광진03,127.0900588338,37.5494847466,광진구,구의동,104900030,선화예고앞
광진03,127.0880988204,37.5477299911,광진구,구의동,104900027,대진택시
광진03,127.0857469566,37.5456510932,광진구,구의동,104000060,구의사거리
광진03,127.0836883111,37.5415336614,광진구,구의동,104000052,광진경찰서
광진03,127.0831530574,37.5384883339,광진구,자양동,104000082,광진구청
광진03,127.084837057,37.5366543055,광진구,자양동,104900019,구의역4번출구
광진03,127.0882893582,37.5375186301,광진구,자양동,104000106,구의역3번출구
광진03,127.090409,37.537998,광진구,구의동,104000065,광진우체국
광진03,127.094195145,37.5366715418,광진구,구의동,104000279,테크노마트앞.강변역
광진03,127.091537565,37.5381656685,광진구,구의동,104900133,구의3동주민센터
광진03,127.0879772581,37.5377026867,광진구,구의동,104000056,구의역2번출구
광진03,127.0851803257,37.5370090906,광진구,구의동,104900014,구의역1번출구
광진03,127.0835191184,37.538986382,광진구,구의동,104000055,광진구청
광진03,127.0843546327,37.542346877,광진구,구의동,104900091,광진경찰서앞
광진03,127.0863480831,37.5458173579,광진구,구의동,104000061,구의사거리
광진03,127.088351026,37.5475847263,광진구,구의동,104900009,서울서광교회앞
광진03,127.08958588,37.5486416815,광진구,구의동,104000059,구의2동주민센터입구
광진03,127.0914351492,37.5506719315,광진구,구의동,104900061,아차산역사거리
광진03,127.0923104685,37.5517744916,광진구,구의동,104900004,지영슈퍼
광진03,127.0933919081,37.5531415024,광진구,구의동,104900003,성안약국
광진03,127.0941502787,37.5540834447,광진구,구의동,104900080,영화사입구
광진03,127.0930430702,37.5552791459,광진구,중곡동,104900078,기원정사입구
광진03,127.0913641894,37.5563302584,광진구,중곡동,104900076,해오름공원입구
광진03,127.0903690097,37.5570437893,광진구,중곡동,104900074,우리들약국
광진03,127.0893930217,37.5577311656,광진구,중곡동,104900072,마을금고앞
광진03,127.0880630283,37.5586702034,광진구,중곡동,104900070,신성시장입구
광진03,127.0875676658,37.5609548433,광진구,중곡동,104900068,대순진리회앞.구.새마을금고
광진03,127.0871413296,37.5632448358,광진구,중곡동,104900067,대원외고앞
광진03,127.0867703018,37.5654194455,광진구,중곡동,104900065,중곡4동파출소
광진03,127.0860566161,37.5679159934,광진구,중곡동,104000038,용암사입구
광진02,127.0960429247,37.562194465,광진구,중곡동,104900059,긴고랑종점
광진02,127.0956309346,37.5609606399,광진구,중곡동,104000294,긴고랑주차장
광진02,127.0947974601,37.5601590013,광진구,중곡동,104900089,중앙상회앞
광진02,127.0939630731,37.5591306198,광진구,중곡동,104900124,중곡4동경로당입구앞
광진02,127.0930312463,37.5589159963,광진구,중곡동,104900055,CU중곡긴고랑점앞
광진02,127.0917043706,37.5586845522,광진구,중곡동,104900052,중곡4동어린이집입구
광진02,127.0901359394,37.5590029448,광진구,중곡동,104900123,강원설비앞
광진02,127.0886688403,37.5588770015,광진구,중곡동,104900049,긴고랑입구
광진02,127.0876755037,37.5583163621,광진구,중곡동,101000252,신성시장앞
광진02,127.0866536022,37.5545805258,광진구,중곡동,104900043,찬양교회
광진02,127.0818137053,37.5565093709,광진구,중곡동,104900120,용마초등학교
광진02,127.0800822765,37.5578748138,광진구,중곡동,104900039,군자역
광진02,127.0811551751,37.5598402672,광진구,중곡동,104000020,중곡2동주민센터앞
광진02,127.0823481516,37.5618689803,광진구,중곡동,104900132,용마사거리
광진02,127.0840577691,37.5611637445,광진구,중곡동,104900041,중곡우체국앞
광진02,127.0870747483,37.5595305795,광진구,중곡동,104900033,중곡보건지소
광진02,127.0886686737,37.5587364311,광진구,중곡동,104900029,긴고랑입구
광진02,127.0899354071,37.5588490108,광진구,중곡동,104900122,강원설비앞
광진02,127.0916679445,37.5585169771,광진구,중곡동,104900026,중곡4동어린이집입구
광진02,127.0930027538,37.5587592285,광진구,중곡동,104900023,CU중곡긴고랑점앞
광진02,127.0942812172,37.5591925416,광진구,중곡동,104900121,중곡4동경로당입구앞
광진02,127.0951957405,37.5602407565,광진구,중곡동,104900021,중앙상회앞
광진05,127.0750132783,37.5303694922,광진구,자양동,104000096,신자초등학교앞
광진05,127.0747505569,37.5335505333,광진구,자양동,104000168,제일은행사거리
광진05,127.0734066984,37.533946958,광진구,자양동,104000118,자양우성아파트앞
광진05,127.0711714016,37.5345790942,광진구,자양동,104000119,자양고교앞
광진05,127.0689474032,37.535233709,광진구,자양동,104000109,신양초등학교앞
광진05,127.0690251258,37.5360770905,광진구,자양동,104000110,뚝도변전소앞
광진05,127.0701692006,37.5385652456,광진구,자양동,104000111,광진문화예술회관
광진05,127.0748753929,37.5384461141,광진구,자양동,104000112,건국대학교앞
광진05,127.0766299665,37.5368221134,광진구,자양동,104900042,송림식당앞
광진05,127.0759963869,37.5346905273,광진구,자양동,104900037,자양중학교앞
광진05,127.0768712862,37.5327003382,광진구,자양동,104000097,자양미소약국.자양골목시장
광진05,127.0792387772,37.5319860054,광진구,자양동,104900112,국민은행자양지점
광진05,127.0807386521,37.5315308364,광진구,자양동,104000098,국민은행자양지점앞
광진05,127.0822557273,37.5313000096,광진구,자양동,104900114,성자초등학교앞
광진05,127.0846733447,37.5319732231,광진구,자양동,104000100,자양아파트앞
광진05,127.0870098898,37.5329501167,광진구,자양동,104900116,행운슈퍼앞
광진05,127.0891356598,37.5336144423,광진구,자양동,104900106,한창주택
광진05,127.0921362577,37.5352926857,광진구,구의동,104900099,구의아크로리버앞
광진05,127.0936328974,37.5358799248,광진구,구의동,104900097,강변역A
광진05,127.0920685648,37.5345349158,광진구,구의동,104900103,동서울호텔앞
광진05,127.0891188071,37.5337153779,광진구,자양동,104900107,한창주택
광진05,127.0870462374,37.5330699358,광진구,자양동,104900016,행운슈퍼앞
광진05,127.0846079653,37.5321922367,광진구,자양동,104000094,자양아파트앞
광진05,127.0825682599,37.5315196593,광진구,자양동,104900115,성자초등학교앞
광진05,127.081413066,37.531572725,광진구,자양동,104000092,국민은행자양지점앞
광진05,127.0792966963,37.5321869113,광진구,자양동,104900113,국민은행자양지점
광진05,127.077319,37.53275,광진구,자양동,104000090,자양미소약국.자양골목시장
광진05,127.0762758207,37.5346353803,광진구,자양동,104900007,자양중학교앞
광진05,127.0769071428,37.5367651642,광진구,자양동,104900005,자양1파출소앞
광진05,127.0749259086,37.538949007,광진구,화양동,104000087,건국대학교앞
광진05,127.0699257583,37.538919286,광진구,자양동,104000125,건대로데오거리입구
광진05,127.068967,37.536419,광진구,자양동,104000121,대동아파트앞
광진05,127.0692877009,37.5349118182,광진구,자양동,104000108,신양초등학교앞
광진05,127.0713601174,37.53431586,광진구,자양동,104000120,자양고교앞
광진05,127.0735184639,37.5336864713,광진구,자양동,104000117,자양우성아파트앞
광진05,127.0753242626,37.5324499288,광진구,자양동,104900071,자양종합복지관앞
광진05,127.074922,37.530768,광진구,자양동,104000116,신자초등학교앞
광진01,127.1104622298,37.5502486719,광진구,광장동,104900058,정보도서관
광진01,127.1094523282,37.5484546316,광진구,광장동,104900057,한강호텔입구
광진01,127.1075869834,37.546721738,광진구,광장동,104900054,광나루현대아파트
광진01,127.1052324402,37.546319268,광진구,광장동,104900109,신동아아파트
광진01,127.1030856662,37.543917039,광진구,광장동,104000076,광나루역.극동아파트
광진01,127.1014183009,37.5419477863,광진구,광장동,104900050,광남고.삼성아파트
광진01,127.0996486938,37.5404651876,광진구,광장동,104900046,현대3차아파트
광진01,127.0966658921,37.5379617179,광진구,구의동,104000070,현대2단지
광진01,127.0948590232,37.5363934727,광진구,구의동,104900038,강변역.테크노마트앞
광진01,127.094195145,37.5366715418,광진구,구의동,104000279,테크노마트앞.강변역
광진01,127.091537565,37.5381656685,광진구,구의동,104900133,구의3동주민센터
광진01,127.0892373497,37.5382387949,광진구,구의동,104900100,구의역
광진01,127.0897229975,37.5402902234,광진구,구의동,104900032,구의홈마트앞
광진01,127.0900164716,37.5415506336,광진구,구의동,104900102,미니스톱구의중앙점앞
광진01,127.0906000271,37.5440489261,광진구,구의동,104900025,래미안구의파크스위트사거리
광진01,127.0932099949,37.5433926994,광진구,구의동,104000071,올림픽대교북단사거리
광진01,127.0949108596,37.5421672546,광진구,광장동,104900126,광장자이아파트
광진01,127.0961815897,37.5432605587,광진구,광장동,104900118,청구아파트앞
광진01,127.0980186154,37.5452405574,광진구,광장동,104900119,한전삼거리
광진01,127.1024015366,37.5467903263,광진구,광장동,104900020,광장중학교앞
광진01,127.1052273651,37.5475393553,광진구,광장동,104900018,장신대앞
광진01,127.1066256895,37.5479203339,광진구,광장동,104900110,워커힐아파트입구
광진01,127.1075883052,37.5500035243,광진구,광장동,104900017,워커힐아파트
광진01,127.1064754858,37.5480904595,광진구,광장동,104900015,워커힐아파트입구
광진01,127.1051324275,37.5476304504,광진구,광장동,104900013,장신대앞
광진01,127.1024888949,37.5469479421,광진구,광장동,104900012,광장중학교앞
광진01,127.097965691,37.5454433478,광진구,광장동,104900011,한전삼거리
광진01,127.0967938276,37.5423895999,광진구,광장동,104900010,청구아파트앞
광진01,127.0947267219,37.5423692772,광진구,광장동,104900127,광장자이아파트
광진01,127.0936875546,37.5433887171,광진구,광장동,104000072,올림픽대교북단사거리
광진01,127.0904643237,37.5441301287,광진구,구의동,104900006,래미안구의파크스위트사거리
광진01,127.089870505,37.5415633601,광진구,구의동,104900098,미니스톱구의중앙점앞
광진01,127.089564605,37.5403191787,광진구,구의동,104900002,구의홈마트앞
광진01,127.08909255,37.5382758492,광진구,구의동,104900079,구의역
광진01,127.090409,37.537998,광진구,구의동,104000065,광진우체국
광진01,127.0961011535,37.5370205329,광진구,구의동,104900077,테크노마트.광진문화원
광진01,127.0970323661,37.5378379672,광진구,구의동,104900075,프라임아파트앞
광진01,127.1003518538,37.5407790748,광진구,광장동,104900073,현대3.5차아파트
광진01,127.1017492793,37.5423430827,광진구,광장동,104900108,광남고.삼성아파트
광진01,127.1030692112,37.5434728132,광진구,광장동,104000075,광나루역.극동아파트
광진01,127.1053745185,37.5459514944,광진구,광장동,104000269,광진청소년수련관
광진01,127.1077533058,37.5466936524,광진구,광장동,104900066,광나루현대아파트
광진01,127.1093151239,37.5482745397,광진구,광장동,104900064,한강호텔입구
광진01,127.1096719072,37.5500133218,광진구,광장동,104900063,워커힐팰리스
8146,127.0795827233,37.57027689,광진구,중곡동,104000028,면곡시장
8146,127.0771769652,37.5657955541,광진구,중곡동,104000030,중곡아파트
8146,127.0752287457,37.5623861756,광진구,중곡동,104000009,군자교
8146,127.061162321,37.5365680167,광진구,자양동,104000127,영동대교북단
8146,127.0626912618,37.5395029881,광진구,자양동,104000123,노룬산시장
8146,127.0647765888,37.5431585111,광진구,화양동,104000131,성수사거리
8146,127.0670885688,37.5472318425,광진구,화양동,104000132,화양사거리
8146,127.0695975111,37.5517044591,광진구,군자동,104000142,송정동서울숲아이파크
8146,127.0712504226,37.5545968873,광진구,군자동,104000143,송정동건영아파트
8146,127.0752029849,37.561532857,광진구,중곡동,104000008,군자교
8146,127.0778996992,37.5664012264,광진구,중곡동,104000029,중곡아파트
8146,127.0797293274,37.569746048,광진구,중곡동,104000027,면곡시장
N73,127.0858514017,37.5321201527,광진구,자양동,104000101,자양동잠실대교북단
N73,127.0844077778,37.5352822425,광진구,자양동,104000291,동서울우편집중국앞
N73,127.0826036011,37.5368892729,광진구,자양동,104000083,자양사거리
N73,127.0786588147,37.5378444255,광진구,자양동,104000085,자양초등학교앞
N73,127.0749259086,37.538949007,광진구,화양동,104000087,건국대학교앞
N73,127.0681672642,37.5408957525,광진구,화양동,104000137,건대입구역1번출구
N73,127.0672788711,37.5408268775,광진구,자양동,104000124,건대입구역6번출구
N73,127.0748753929,37.5384461141,광진구,자양동,104000112,건국대학교앞
N73,127.078796484,37.5374793895,광진구,자양동,104000086,자양초등학교앞
N73,127.0821044683,37.5367503042,광진구,자양동,104000084,자양사거리
N73,127.0848057104,37.5329553244,광진구,자양동,104000095,자양동잠실대교북단
강동01,127.0946015311,37.536276493,광진구,구의동,104900129,강변역.테크노마트앞
강동01,127.0942542588,37.5395847398,광진구,구의동,104000064,현대아파트앞
102성남,127.0670909105,37.5317268076,광진구,자양동,277103552,뚝섬(경유)
102성남,127.0681672642,37.5408957525,광진구,화양동,104000137,건대입구역1번출구
102성남,127.0647765888,37.5431585111,광진구,화양동,104000131,성수사거리
102성남,127.0670885688,37.5472318425,광진구,화양동,104000132,화양사거리
102성남,127.0715209148,37.5477151717,광진구,화양동,104000133,광진광장
102성남,127.0736284938,37.5466216409,광진구,화양동,104000134,어린이대공원역.화양천주교회
102성남,127.072222,37.543765,광진구,화양동,104000135,서울화양초등학교
102성남,127.07095,37.540929,광진구,화양동,104000136,건대입구역사거리.건대병원
102성남,127.0667567728,37.5318157134,광진구,자양동,277103551,뚝섬(경유)
1-1의정부,127.1087232242,37.550613427,광진구,광장동,104000081,워커힐입구
1-1의정부,127.1067149694,37.547895755,광진구,광장동,104000271,워커힐아파트.광장동
1-1의정부,127.1030856662,37.543917039,광진구,광장동,104000076,광나루역.극동아파트
1-1의정부,127.0974629956,37.5417970295,광진구,광장동,104000073,광장동현대아파트앞
1-1의정부,127.0940086584,37.5395524961,광진구,구의동,104000063,현대아파트앞
1-1의정부,127.0935345703,37.5359746179,광진구,구의동,104000280,강변역B
1-1의정부,127.0930843167,37.5366526838,광진구,구의동,277101942,동서울터미널(경유)
1-1의정부,127.0942542588,37.5395847398,광진구,구의동,104000064,현대아파트앞
1-1의정부,127.0990747444,37.5420128524,광진구,광장동,104000074,광장동현대아파트앞
1-1의정부,127.1030692112,37.5434728132,광진구,광장동,104000075,광나루역.극동아파트
1-1의정부,127.1090263699,37.5504960052,광진구,광장동,104000080,워커힐아파트앞
78의정부,127.1087232242,37.550613427,광진구,광장동,104000081,워커힐입구
78의정부,127.1067149694,37.547895755,광진구,광장동,104000271,워커힐아파트.광장동
78의정부,127.1030856662,37.543917039,광진구,광장동,104000076,광나루역.극동아파트
78의정부,127.0974629956,37.5417970295,광진구,광장동,104000073,광장동현대아파트앞
78의정부,127.0940086584,37.5395524961,광진구,구의동,104000063,현대아파트앞
78의정부,127.0935345703,37.5359746179,광진구,구의동,104000280,강변역B
78의정부,127.0930843167,37.5366526838,광진구,구의동,277101942,동서울터미널(경유)
78의정부,127.0942542588,37.5395847398,광진구,구의동,104000064,현대아파트앞
78의정부,127.0990747444,37.5420128524,광진구,광장동,104000074,광장동현대아파트앞
78의정부,127.1030692112,37.5434728132,광진구,광장동,104000075,광나루역.극동아파트
78의정부,127.1090263699,37.5504960052,광진구,광장동,104000080,워커힐아파트앞
1-3의정부,127.1087232242,37.550613427,광진구,광장동,104000081,워커힐입구
1-3의정부,127.1030856662,37.543917039,광진구,광장동,104000076,광나루역.극동아파트
1-3의정부,127.0935345703,37.5359746179,광진구,구의동,104000280,강변역B
1-3의정부,127.0930843167,37.5366526838,광진구,구의동,277101942,동서울터미널(경유)
1-3의정부,127.0942542588,37.5395847398,광진구,구의동,104000064,현대아파트앞
1-3의정부,127.0990747444,37.5420128524,광진구,광장동,104000074,광장동현대아파트앞
1-3의정부,127.1030692112,37.5434728132,광진구,광장동,104000075,광나루역.극동아파트
1-3의정부,127.1090263699,37.5504960052,광진구,광장동,104000080,워커힐아파트앞
G6000의정부,127.1072452818,37.5440825258,광진구,광장동,277102674,천호대교북단(경유)
G6000의정부,127.0995107995,37.5377141322,광진구,구의동,277103309,올림픽대교북단(경유)
G6000의정부,127.0878659242,37.5297103632,광진구,자양동,277103308,잠실대교북단(경유)
G6000의정부,127.0904916867,37.5293125687,광진구,자양동,277102301,잠실대교북단(경유)
G6000의정부,127.0997582382,37.5375166813,광진구,구의동,277103310,올림픽대교북단(경유)
G6000의정부,127.1077446735,37.543895856,광진구,광장동,277102675,천호대교북단(경유)
G6100의정부,127.1072452818,37.5440825258,광진구,광장동,277102674,천호대교북단(경유)
G6100의정부,127.0995107995,37.5377141322,광진구,구의동,277103309,올림픽대교북단(경유)
G6100의정부,127.0878659242,37.5297103632,광진구,자양동,277103308,잠실대교북단(경유)
G6100의정부,127.0904916867,37.5293125687,광진구,자양동,277102301,잠실대교북단(경유)
G6100의정부,127.0997582382,37.5375166813,광진구,구의동,277103310,올림픽대교북단(경유)
G6100의정부,127.1077446735,37.543895856,광진구,광장동,277102675,천호대교북단(경유)
G6000N의정부,127.1072452818,37.5440825258,광진구,광장동,277102674,천호대교북단(경유)
G6000N의정부,127.0995107995,37.5377141322,광진구,구의동,277103309,올림픽대교북단(경유)
G6000N의정부,127.0878659242,37.5297103632,광진구,자양동,277103308,잠실대교북단(경유)
G6000N의정부,127.0904916867,37.5293125687,광진구,자양동,277102301,잠실대교북단(경유)
G6000N의정부,127.0997582382,37.5375166813,광진구,구의동,277103310,올림픽대교북단(경유)
G6000N의정부,127.1077446735,37.543895856,광진구,광장동,277102675,천호대교북단(경유)
G6100N의정부,127.1072452818,37.5440825258,광진구,광장동,277102674,천호대교북단(경유)
G6100N의정부,127.0995107995,37.5377141322,광진구,구의동,277103309,올림픽대교북단(경유)
G6100N의정부,127.0878659242,37.5297103632,광진구,자양동,277103308,잠실대교북단(경유)
G6100N의정부,127.0904916867,37.5293125687,광진구,자양동,277102301,잠실대교북단(경유)
G6100N의정부,127.0997582382,37.5375166813,광진구,구의동,277103310,올림픽대교북단(경유)
G6100N의정부,127.1077446735,37.543895856,광진구,광장동,277102675,천호대교북단(경유)
1000구리,127.1072452818,37.5440825258,광진구,광장동,277102674,천호대교북단(경유)
1000구리,127.0995107995,37.5377141322,광진구,구의동,277103309,올림픽대교북단(경유)
1000구리,127.0878659242,37.5297103632,광진구,자양동,277103308,잠실대교북단(경유)
1000구리,127.0997582382,37.5375166813,광진구,구의동,277103310,올림픽대교북단(경유)
1000구리,127.1077446735,37.543895856,광진구,광장동,277102675,천호대교북단(경유)
1680구리,127.1072452818,37.5440825258,광진구,광장동,277102674,천호대교북단(경유)
1680구리,127.0995107995,37.5377141322,광진구,구의동,277103309,올림픽대교북단(경유)
1680구리,127.0878659242,37.5297103632,광진구,자양동,277103308,잠실대교북단(경유)
1680구리,127.0904916867,37.5293125687,광진구,자양동,277102301,잠실대교북단(경유)
1680구리,127.0997582382,37.5375166813,광진구,구의동,277103310,올림픽대교북단(경유)
1680구리,127.1077446735,37.543895856,광진구,광장동,277102675,천호대교북단(경유)
G1690구리,127.1072452818,37.5440825258,광진구,광장동,277102674,천호대교북단(경유)
G1690구리,127.0995107995,37.5377141322,광진구,구의동,277103309,올림픽대교북단(경유)
G1690구리,127.0878659242,37.5297103632,광진구,자양동,277103308,잠실대교북단(경유)
G1690구리,127.0904916867,37.5293125687,광진구,자양동,277102301,잠실대교북단(경유)
G1690구리,127.0997582382,37.5375166813,광진구,구의동,277103310,올림픽대교북단(경유)
G1690구리,127.1077446735,37.543895856,광진구,광장동,277102675,천호대교북단(경유)
9남양주,127.1087232242,37.550613427,광진구,광장동,104000081,워커힐입구
9남양주,127.1067149694,37.547895755,광진구,광장동,104000271,워커힐아파트.광장동
9남양주,127.1030856662,37.543917039,광진구,광장동,104000076,광나루역.극동아파트
9남양주,127.0974629956,37.5417970295,광진구,광장동,104000073,광장동현대아파트앞
9남양주,127.0940086584,37.5395524961,광진구,구의동,104000063,현대아파트앞
9남양주,127.0935345703,37.5359746179,광진구,구의동,104000280,강변역B
9남양주,127.0930843167,37.5366526838,광진구,구의동,277101942,동서울터미널(경유)
9남양주,127.0942542588,37.5395847398,광진구,구의동,104000064,현대아파트앞
9남양주,127.0990747444,37.5420128524,광진구,광장동,104000074,광장동현대아파트앞
9남양주,127.1030692112,37.5434728132,광진구,광장동,104000075,광나루역.극동아파트
9남양주,127.1090263699,37.5504960052,광진구,광장동,104000080,워커힐아파트앞
23남양주,127.1087232242,37.550613427,광진구,광장동,104000081,워커힐입구
23남양주,127.1067149694,37.547895755,광진구,광장동,104000271,워커힐아파트.광장동
23남양주,127.1090263699,37.5504960052,광진구,광장동,104000080,워커힐아파트앞
91남양주,127.1087232242,37.550613427,광진구,광장동,104000081,워커힐입구
91남양주,127.1067149694,37.547895755,광진구,광장동,104000271,워커힐아파트.광장동
91남양주,127.1030856662,37.543917039,광진구,광장동,104000076,광나루역.극동아파트
91남양주,127.0974629956,37.5417970295,광진구,광장동,104000073,광장동현대아파트앞
91남양주,127.0940086584,37.5395524961,광진구,구의동,104000063,현대아파트앞
91남양주,127.0935345703,37.5359746179,광진구,구의동,104000280,강변역B
91남양주,127.0930843167,37.5366526838,광진구,구의동,277101942,동서울터미널(경유)
91남양주,127.0942542588,37.5395847398,광진구,구의동,104000064,현대아파트앞
91남양주,127.0990747444,37.5420128524,광진구,광장동,104000074,광장동현대아파트앞
91남양주,127.1030692112,37.5434728132,광진구,광장동,104000075,광나루역.극동아파트
91남양주,127.1090263699,37.5504960052,광진구,광장동,104000080,워커힐아파트앞
93남양주,127.1087232242,37.550613427,광진구,광장동,104000081,워커힐입구
93남양주,127.1067149694,37.547895755,광진구,광장동,104000271,워커힐아파트.광장동
93남양주,127.1030856662,37.543917039,광진구,광장동,104000076,광나루역.극동아파트
93남양주,127.0974629956,37.5417970295,광진구,광장동,104000073,광장동현대아파트앞
93남양주,127.0940086584,37.5395524961,광진구,구의동,104000063,현대아파트앞
93남양주,127.0934995562,37.5360260082,광진구,구의동,104000183,강변역A
93남양주,127.0930843167,37.5366526838,광진구,구의동,277101942,동서울터미널(경유)
93남양주,127.0942542588,37.5395847398,광진구,구의동,104000064,현대아파트앞
93남양주,127.0990747444,37.5420128524,광진구,광장동,104000074,광장동현대아파트앞
93남양주,127.1030692112,37.5434728132,광진구,광장동,104000075,광나루역.극동아파트
93남양주,127.1090263699,37.5504960052,광진구,광장동,104000080,워커힐아파트앞
97남양주,127.1087232242,37.550613427,광진구,광장동,104000081,워커힐입구
97남양주,127.1067149694,37.547895755,광진구,광장동,104000271,워커힐아파트.광장동
97남양주,127.1030856662,37.543917039,광진구,광장동,104000076,광나루역.극동아파트
97남양주,127.0974629956,37.5417970295,광진구,광장동,104000073,광장동현대아파트앞
97남양주,127.0940086584,37.5395524961,광진구,구의동,104000063,현대아파트앞
97남양주,127.0935345703,37.5359746179,광진구,구의동,104000280,강변역B
97남양주,127.0930843167,37.5366526838,광진구,구의동,277101942,동서울터미널(경유)
97남양주,127.0942542588,37.5395847398,광진구,구의동,104000064,현대아파트앞
97남양주,127.0998368087,37.5377693041,광진구,구의동,277101638,올림픽대교북단(경유)
97남양주,127.0934995562,37.5360260082,광진구,구의동,104000183,강변역A
97남양주,127.0930843167,37.5366526838,광진구,구의동,277101942,동서울터미널(경유)
97남양주,127.0942542588,37.5395847398,광진구,구의동,104000064,현대아파트앞
97남양주,127.0990747444,37.5420128524,광진구,광장동,104000074,광장동현대아파트앞
97남양주,127.1030692112,37.5434728132,광진구,광장동,104000075,광나루역.극동아파트
97남양주,127.1090263699,37.5504960052,광진구,광장동,104000080,워커힐아파트앞
1-4남양주,127.1087232242,37.550613427,광진구,광장동,104000081,워커힐입구
1-4남양주,127.1067149694,37.547895755,광진구,광장동,104000271,워커힐아파트.광장동
1-4남양주,127.1090263699,37.5504960052,광진구,광장동,104000080,워커힐아파트앞
112-1남양주,127.094065214,37.5368302384,광진구,구의동,104000069,테크노마트앞.강변역
112-1남양주,127.0942542588,37.5395847398,광진구,구의동,104000064,현대아파트앞
112-1남양주,127.0998368087,37.5377693041,광진구,구의동,277101638,올림픽대교북단(경유)
1670남양주,127.1072452818,37.5440825258,광진구,광장동,277102674,천호대교북단(경유)
1670남양주,127.0995107995,37.5377141322,광진구,구의동,277103309,올림픽대교북단(경유)
1670남양주,127.0878659242,37.5297103632,광진구,자양동,277103308,잠실대교북단(경유)
1670남양주,127.0997582382,37.5375166813,광진구,구의동,277103310,올림픽대교북단(경유)
1670남양주,127.1077446735,37.543895856,광진구,광장동,277102675,천호대교북단(경유)
1660남양주,127.1030856662,37.543917039,광진구,광장동,104000076,광나루역.극동아파트
1660남양주,127.0974629956,37.5417970295,광진구,광장동,104000073,광장동현대아파트앞
1660남양주,127.094065214,37.5368302384,광진구,구의동,104000069,테크노마트앞.강변역
1660남양주,127.0936419792,37.5376606127,광진구,구의동,277101909,강변역출발(경유)
1660남양주,127.0942542588,37.5395847398,광진구,구의동,104000064,현대아파트앞
1660남양주,127.0990747444,37.5420128524,광진구,광장동,104000074,광장동현대아파트앞
1660남양주,127.1030692112,37.5434728132,광진구,광장동,104000075,광나루역.극동아파트
1660남양주,127.1077446735,37.543895856,광진구,광장동,277102675,천호대교북단(경유)
95남양주,127.1087232242,37.550613427,광진구,광장동,104000081,워커힐입구
95남양주,127.1067149694,37.547895755,광진구,광장동,104000271,워커힐아파트.광장동
95남양주,127.1030856662,37.543917039,광진구,광장동,104000076,광나루역.극동아파트
95남양주,127.0974629956,37.5417970295,광진구,광장동,104000073,광장동현대아파트앞
95남양주,127.0940086584,37.5395524961,광진구,구의동,104000063,현대아파트앞
95남양주,127.0935345703,37.5359746179,광진구,구의동,104000280,강변역B
95남양주,127.0930843167,37.5366526838,광진구,구의동,277101942,동서울터미널(경유)
95남양주,127.0942542588,37.5395847398,광진구,구의동,104000064,현대아파트앞
95남양주,127.0990747444,37.5420128524,광진구,광장동,104000074,광장동현대아파트앞
95남양주,127.1030692112,37.5434728132,광진구,광장동,104000075,광나루역.극동아파트
95남양주,127.1090263699,37.5504960052,광진구,광장동,104000080,워커힐아파트앞
1남양주,127.1087232242,37.550613427,광진구,광장동,104000081,워커힐입구
1남양주,127.1067149694,37.547895755,광진구,광장동,104000271,워커힐아파트.광장동
1남양주,127.1030856662,37.543917039,광진구,광장동,104000076,광나루역.극동아파트
1남양주,127.0974629956,37.5417970295,광진구,광장동,104000073,광장동현대아파트앞
1남양주,127.0940086584,37.5395524961,광진구,구의동,104000063,현대아파트앞
1남양주,127.0934995562,37.5360260082,광진구,구의동,104000183,강변역A
1남양주,127.0930843167,37.5366526838,광진구,구의동,277101942,동서울터미널(경유)
1남양주,127.0942542588,37.5395847398,광진구,구의동,104000064,현대아파트앞
1남양주,127.0990747444,37.5420128524,광진구,광장동,104000074,광장동현대아파트앞
1남양주,127.1030692112,37.5434728132,광진구,광장동,104000075,광나루역.극동아파트
1남양주,127.1090263699,37.5504960052,광진구,광장동,104000080,워커힐아파트앞
1700남양주,127.1072452818,37.5440825258,광진구,광장동,277102674,천호대교북단(경유)
1700남양주,127.0995107995,37.5377141322,광진구,구의동,277103309,올림픽대교북단(경유)
1700남양주,127.0878659242,37.5297103632,광진구,자양동,277103308,잠실대교북단(경유)
1700남양주,127.0904916867,37.5293125687,광진구,자양동,277102301,잠실대교북단(경유)
1700남양주,127.0997582382,37.5375166813,광진구,구의동,277103310,올림픽대교북단(경유)
1700남양주,127.1077446735,37.543895856,광진구,광장동,277102675,천호대교북단(경유)
1100남양주,127.1072452818,37.5440825258,광진구,광장동,277102674,천호대교북단(경유)
1100남양주,127.0995107995,37.5377141322,광진구,구의동,277103309,올림픽대교북단(경유)
1100남양주,127.0878659242,37.5297103632,광진구,자양동,277103308,잠실대교북단(경유)
1100남양주,127.0904916867,37.5293125687,광진구,자양동,277102301,잠실대교북단(경유)
1100남양주,127.0997582382,37.5375166813,광진구,구의동,277103310,올림픽대교북단(경유)
1100남양주,127.1077446735,37.543895856,광진구,광장동,277102675,천호대교북단(경유)
2000남양주,127.1072452818,37.5440825258,광진구,광장동,277102674,천호대교북단(경유)
2000남양주,127.0995107995,37.5377141322,광진구,구의동,277103309,올림픽대교북단(경유)
2000남양주,127.0878659242,37.5297103632,광진구,자양동,277103308,잠실대교북단(경유)
2000남양주,127.0904916867,37.5293125687,광진구,자양동,277102301,잠실대교북단(경유)
2000남양주,127.0997582382,37.5375166813,광진구,구의동,277103310,올림픽대교북단(경유)
2000남양주,127.1077446735,37.543895856,광진구,광장동,277102675,천호대교북단(경유)
7007남양주,127.1072452818,37.5440825258,광진구,광장동,277102674,천호대교북단(경유)
7007남양주,127.0995107995,37.5377141322,광진구,구의동,277103309,올림픽대교북단(경유)
7007남양주,127.0878659242,37.5297103632,광진구,자양동,277103308,잠실대교북단(경유)
7007남양주,127.0904916867,37.5293125687,광진구,자양동,277102301,잠실대교북단(경유)
7007남양주,127.0997582382,37.5375166813,광진구,구의동,277103310,올림픽대교북단(경유)
7007남양주,127.1077446735,37.543895856,광진구,광장동,277102675,천호대교북단(경유)
1200남양주,127.1072452818,37.5440825258,광진구,광장동,277102674,천호대교북단(경유)
1200남양주,127.0995107995,37.5377141322,광진구,구의동,277103309,올림픽대교북단(경유)
1200남양주,127.0878659242,37.5297103632,광진구,자양동,277103308,잠실대교북단(경유)
1200남양주,127.0904916867,37.5293125687,광진구,자양동,277102301,잠실대교북단(경유)
1200남양주,127.0997582382,37.5375166813,광진구,구의동,277103310,올림픽대교북단(경유)
1200남양주,127.1077446735,37.543895856,광진구,광장동,277102675,천호대교북단(경유)
8012남양주,127.1072452818,37.5440825258,광진구,광장동,277102674,천호대교북단(경유)
8012남양주,127.0995107995,37.5377141322,광진구,구의동,277103309,올림픽대교북단(경유)
8012남양주,127.0878659242,37.5297103632,광진구,자양동,277103308,잠실대교북단(경유)
8012남양주,127.0997582382,37.5375166813,광진구,구의동,277103310,올림픽대교북단(경유)
8012남양주,127.1077446735,37.543895856,광진구,광장동,277102675,천호대교북단(경유)
M2316남양주,127.1072452818,37.5440825258,광진구,광장동,277102674,천호대교북단(경유)
M2316남양주,127.0995107995,37.5377141322,광진구,구의동,277103309,올림픽대교북단(경유)
M2316남양주,127.0878659242,37.5297103632,광진구,자양동,277103308,잠실대교북단(경유)
M2316남양주,127.0904916867,37.5293125687,광진구,자양동,277102301,잠실대교북단(경유)
M2316남양주,127.0997582382,37.5375166813,광진구,구의동,277103310,올림픽대교북단(경유)
M2316남양주,127.1077446735,37.543895856,광진구,광장동,277102675,천호대교북단(경유)
1001남양주,127.1072452818,37.5440825258,광진구,광장동,277102674,천호대교북단(경유)
1001남양주,127.0995107995,37.5377141322,광진구,구의동,277103309,올림픽대교북단(경유)
1001남양주,127.0878659242,37.5297103632,광진구,자양동,277103308,잠실대교북단(경유)
1001남양주,127.0904916867,37.5293125687,광진구,자양동,277102301,잠실대교북단(경유)
1001남양주,127.0997582382,37.5375166813,광진구,구의동,277103310,올림픽대교북단(경유)
1001남양주,127.1077446735,37.543895856,광진구,광장동,277102675,천호대교북단(경유)
9-1남양주,127.1087232242,37.550613427,광진구,광장동,104000081,워커힐입구
9-1남양주,127.1067149694,37.547895755,광진구,광장동,104000271,워커힐아파트.광장동
9-1남양주,127.1030856662,37.543917039,광진구,광장동,104000076,광나루역.극동아파트
9-1남양주,127.0974629956,37.5417970295,광진구,광장동,104000073,광장동현대아파트앞
9-1남양주,127.0940086584,37.5395524961,광진구,구의동,104000063,현대아파트앞
9-1남양주,127.0935345703,37.5359746179,광진구,구의동,104000280,강변역B
9-1남양주,127.0930843167,37.5366526838,광진구,구의동,277101942,동서울터미널(경유)
9-1남양주,127.0942542588,37.5395847398,광진구,구의동,104000064,현대아파트앞
9-1남양주,127.0990747444,37.5420128524,광진구,광장동,104000074,광장동현대아파트앞
9-1남양주,127.1030692112,37.5434728132,광진구,광장동,104000075,광나루역.극동아파트
9-1남양주,127.1090263699,37.5504960052,광진구,광장동,104000080,워커힐아파트앞
2000-1남양주,127.1072452818,37.5440825258,광진구,광장동,277102674,천호대교북단(경유)
2000-1남양주,127.0995107995,37.5377141322,광진구,구의동,277103309,올림픽대교북단(경유)
2000-1남양주,127.0878659242,37.5297103632,광진구,자양동,277103308,잠실대교북단(경유)
2000-1남양주,127.0904916867,37.5293125687,광진구,자양동,277102301,잠실대교북단(경유)
2000-1남양주,127.0997582382,37.5375166813,광진구,구의동,277103310,올림픽대교북단(경유)
2000-1남양주,127.1077446735,37.543895856,광진구,광장동,277102675,천호대교북단(경유)
1200-1남양주,127.1072452818,37.5440825258,광진구,광장동,277102674,천호대교북단(경유)
1200-1남양주,127.0995107995,37.5377141322,광진구,구의동,277103309,올림픽대교북단(경유)
1200-1남양주,127.0878659242,37.5297103632,광진구,자양동,277103308,잠실대교북단(경유)
1200-1남양주,127.0904916867,37.5293125687,광진구,자양동,277102301,잠실대교북단(경유)
1200-1남양주,127.0997582382,37.5375166813,광진구,구의동,277103310,올림픽대교북단(경유)
1200-1남양주,127.1077446735,37.543895856,광진구,광장동,277102675,천호대교북단(경유)
1003남양주,127.1072452818,37.5440825258,광진구,광장동,277102674,천호대교북단(경유)
1003남양주,127.0995107995,37.5377141322,광진구,구의동,277103309,올림픽대교북단(경유)
1003남양주,127.0878659242,37.5297103632,광진구,자양동,277103308,잠실대교북단(경유)
1003남양주,127.0904916867,37.5293125687,광진구,자양동,277102301,잠실대교북단(경유)
1003남양주,127.0997582382,37.5375166813,광진구,구의동,277103310,올림픽대교북단(경유)
1003남양주,127.1077446735,37.543895856,광진구,광장동,277102675,천호대교북단(경유)
M2344남양주,127.1072452818,37.5440825258,광진구,광장동,277102674,천호대교북단(경유)
M2344남양주,127.0995107995,37.5377141322,광진구,구의동,277103309,올림픽대교북단(경유)
M2344남양주,127.0878659242,37.5297103632,광진구,자양동,277103308,잠실대교북단(경유)
M2344남양주,127.0997582382,37.5375166813,광진구,구의동,277103310,올림픽대교북단(경유)
M2344남양주,127.1077446735,37.543895856,광진구,광장동,277102675,천호대교북단(경유)
1006남양주,127.1030856662,37.543917039,광진구,광장동,104000076,광나루역.극동아파트
1006남양주,127.0974629956,37.5417970295,광진구,광장동,104000073,광장동현대아파트앞
1006남양주,127.0940086584,37.5395524961,광진구,구의동,104000063,현대아파트앞
1006남양주,127.0934995562,37.5360260082,광진구,구의동,104000183,강변역A
1006남양주,127.0930843167,37.5366526838,광진구,구의동,277101942,동서울터미널(경유)
1006남양주,127.0942542588,37.5395847398,광진구,구의동,104000064,현대아파트앞
1006남양주,127.0990747444,37.5420128524,광진구,광장동,104000074,광장동현대아파트앞
1006남양주,127.1030692112,37.5434728132,광진구,광장동,104000075,광나루역.극동아파트
1006남양주,127.1077446735,37.543895856,광진구,광장동,277102675,천호대교북단(경유)
M2352남양주,127.1072452818,37.5440825258,광진구,광장동,277102674,천호대교북단(경유)
M2352남양주,127.0995107995,37.5377141322,광진구,구의동,277103309,올림픽대교북단(경유)
M2352남양주,127.094195145,37.5366715418,광진구,구의동,104000279,테크노마트앞.강변역
M2352남양주,127.0878659242,37.5297103632,광진구,자양동,277103308,잠실대교북단(경유)
M2352남양주,127.0904916867,37.5293125687,광진구,자양동,277102301,잠실대교북단(경유)
M2352남양주,127.0997582382,37.5375166813,광진구,구의동,277103310,올림픽대교북단(경유)
M2352남양주,127.1077446735,37.543895856,광진구,광장동,277102675,천호대교북단(경유)
M2353남양주,127.1072452818,37.5440825258,광진구,광장동,277102674,천호대교북단(경유)
M2353남양주,127.0995107995,37.5377141322,광진구,구의동,277103309,올림픽대교북단(경유)
M2353남양주,127.0878659242,37.5297103632,광진구,자양동,277103308,잠실대교북단(경유)
M2353남양주,127.0904916867,37.5293125687,광진구,자양동,277102301,잠실대교북단(경유)
M2353남양주,127.0997582382,37.5375166813,광진구,구의동,277103310,올림픽대교북단(경유)
M2353남양주,127.1077446735,37.543895856,광진구,광장동,277102675,천호대교북단(경유)
1670-1남양주,127.1072452818,37.5440825258,광진구,광장동,277102674,천호대교북단(경유)
1670-1남양주,127.0995107995,37.5377141322,광진구,구의동,277103309,올림픽대교북단(경유)
1670-1남양주,127.0878659242,37.5297103632,광진구,자양동,277103308,잠실대교북단(경유)
1670-1남양주,127.0904916867,37.5293125687,광진구,자양동,277102301,잠실대교북단(경유)
1670-1남양주,127.0997582382,37.5375166813,광진구,구의동,277103310,올림픽대교북단(경유)
1670-1남양주,127.1077446735,37.543895856,광진구,광장동,277102675,천호대교북단(경유)
9304하남,127.1053745185,37.5459514944,광진구,광장동,104000269,광진청소년수련관
9304하남,127.1072452818,37.5440825258,광진구,광장동,277102674,천호대교북단(경유)
9304하남,127.0995107995,37.5377141322,광진구,구의동,277103309,올림픽대교북단(경유)
9304하남,127.094065214,37.5368302384,광진구,구의동,104000069,테크노마트앞.강변역
9304하남,127.0936419792,37.5376606127,광진구,구의동,277101909,강변역출발(경유)
9304하남,127.0942542588,37.5395847398,광진구,구의동,104000064,현대아파트앞
9304하남,127.0990747444,37.5420128524,광진구,광장동,104000074,광장동현대아파트앞
9304하남,127.1030692112,37.5434728132,광진구,광장동,104000075,광나루역.극동아파트
5600용인,127.0904916867,37.5293125687,광진구,자양동,277102301,잠실대교북단(경유)
5600용인,127.094195145,37.5366715418,광진구,구의동,104000279,테크노마트앞.강변역
5600용인,127.0878659242,37.5297103632,광진구,자양동,277103308,잠실대교북단(경유)
5700B용인,127.0904916867,37.5293125687,광진구,자양동,277102301,잠실대교북단(경유)
5700B용인,127.094195145,37.5366715418,광진구,구의동,104000279,테크노마트앞.강변역
5700B용인,127.0878659242,37.5297103632,광진구,자양동,277103308,잠실대교북단(경유)
5700A용인,127.0904916867,37.5293125687,광진구,자양동,277102301,잠실대교북단(경유)
5700A용인,127.094195145,37.5366715418,광진구,구의동,104000279,테크노마트앞.강변역
5700A용인,127.0878659242,37.5297103632,광진구,자양동,277103308,잠실대교북단(경유)
P9601(출근)화성,127.1072452818,37.5440825258,광진구,광장동,277102674,천호대교북단(경유)
P9601(출근)화성,127.0995107995,37.5377141322,광진구,구의동,277103309,올림픽대교북단(경유)
P9601(출근)화성,127.0885490842,37.5288120537,광진구,자양동,277103509,잠실대교북단(경유)
P9601(퇴근)화성,127.0882796201,37.5280643899,광진구,자양동,277103510,잠실대교북단(경유)
P9601(퇴근)화성,127.0997582382,37.5375166813,광진구,구의동,277103310,올림픽대교북단(경유)
P9601(퇴근)화성,127.1077446735,37.543895856,광진구,광장동,277102675,천호대교북단(경유)
P9602(출근)화성,127.1072452818,37.5440825258,광진구,광장동,277102674,천호대교북단(경유)
P9602(출근)화성,127.0995107995,37.5377141322,광진구,구의동,277103309,올림픽대교북단(경유)
P9602(출근)화성,127.0885490842,37.5288120537,광진구,자양동,277103509,잠실대교북단(경유)
P9602(퇴근)화성,127.0904916867,37.5293125687,광진구,자양동,277102301,잠실대교북단(경유)
P9602(퇴근)화성,127.0997582382,37.5375166813,광진구,구의동,277103310,올림픽대교북단(경유)
P9602(퇴근)화성,127.1077446735,37.543895856,광진구,광장동,277102675,천호대교북단(경유)
P9701(출근)화성,127.1072452818,37.5440825258,광진구,광장동,277102674,천호대교북단(경유)
P9701(출근)화성,127.0995107995,37.5377141322,광진구,구의동,277103309,올림픽대교북단(경유)
P9701(출근)화성,127.0878659242,37.5297103632,광진구,자양동,277103308,잠실대교북단(경유)
P9701(퇴근)화성,127.0904916867,37.5293125687,광진구,자양동,277102301,잠실대교북단(경유)
P9701(퇴근)화성,127.0997582382,37.5375166813,광진구,구의동,277103310,올림픽대교북단(경유)
P9701(퇴근)화성,127.1077446735,37.543895856,광진구,광장동,277102675,천호대교북단(경유)
1113-1광주,127.1053745185,37.5459514944,광진구,광장동,104000269,광진청소년수련관
1113-1광주,127.1072452818,37.5440825258,광진구,광장동,277102674,천호대교북단(경유)
1113-1광주,127.0995107995,37.5377141322,광진구,구의동,277103309,올림픽대교북단(경유)
1113-1광주,127.094065214,37.5368302384,광진구,구의동,104000069,테크노마트앞.강변역
1113-1광주,127.0942542588,37.5395847398,광진구,구의동,104000064,현대아파트앞
1113-1광주,127.0990747444,37.5420128524,광진구,광장동,104000074,광장동현대아파트앞
1113-1광주,127.1042508936,37.5446942698,광진구,광장동,277102303,광나루역(경유)
1112광주,127.0858514017,37.5321201527,광진구,자양동,104000101,자양동잠실대교북단
1112광주,127.0882893582,37.5375186301,광진구,자양동,104000106,구의역3번출구
1112광주,127.094195145,37.5366715418,광진구,구의동,104000279,테크노마트앞.강변역
1112광주,127.0918784226,37.5379178445,광진구,구의동,277101720,구의3동주민센터(경유)
1112광주,127.0879772581,37.5377026867,광진구,구의동,104000056,구의역2번출구
1112광주,127.0848057104,37.5329553244,광진구,자양동,104000095,자양동잠실대교북단
96광주,127.1087232242,37.550613427,광진구,광장동,104000081,워커힐입구
96광주,127.1067149694,37.547895755,광진구,광장동,104000271,워커힐아파트.광장동
96광주,127.1030856662,37.543917039,광진구,광장동,104000076,광나루역.극동아파트
96광주,127.0974629956,37.5417970295,광진구,광장동,104000073,광장동현대아파트앞
96광주,127.0940086584,37.5395524961,광진구,구의동,104000063,현대아파트앞
96광주,127.0935345703,37.5359746179,광진구,구의동,104000280,강변역B
96광주,127.0930843167,37.5366526838,광진구,구의동,277101942,동서울터미널(경유)
96광주,127.0942542588,37.5395847398,광진구,구의동,104000064,현대아파트앞
96광주,127.0990747444,37.5420128524,광진구,광장동,104000074,광장동현대아파트앞
96광주,127.1030692112,37.5434728132,광진구,광장동,104000075,광나루역.극동아파트
96광주,127.1090263699,37.5504960052,광진구,광장동,104000080,워커힐아파트앞
1115-6광주,127.1072452818,37.5440825258,광진구,광장동,277102674,천호대교북단(경유)
1115-6광주,127.0995107995,37.5377141322,광진구,구의동,277103309,올림픽대교북단(경유)
1115-6광주,127.0878659242,37.5297103632,광진구,자양동,277103308,잠실대교북단(경유)
1115-6광주,127.0904916867,37.5293125687,광진구,자양동,277102301,잠실대교북단(경유)
1115-6광주,127.0997582382,37.5375166813,광진구,구의동,277103310,올림픽대교북단(경유)
1115-6광주,127.1077446735,37.543895856,광진구,광장동,277102675,천호대교북단(경유)
15광주,127.1087232242,37.550613427,광진구,광장동,104000081,워커힐입구
15광주,127.1067149694,37.547895755,광진구,광장동,104000271,워커힐아파트.광장동
15광주,127.1030856662,37.543917039,광진구,광장동,104000076,광나루역.극동아파트
15광주,127.0974629956,37.5417970295,광진구,광장동,104000073,광장동현대아파트앞
15광주,127.0940086584,37.5395524961,광진구,구의동,104000063,현대아파트앞
15광주,127.0934995562,37.5360260082,광진구,구의동,104000183,강변역A
15광주,127.0930843167,37.5366526838,광진구,구의동,277101942,동서울터미널(경유)
15광주,127.0942542588,37.5395847398,광진구,구의동,104000064,현대아파트앞
15광주,127.0990747444,37.5420128524,광진구,광장동,104000074,광장동현대아파트앞
15광주,127.1030692112,37.5434728132,광진구,광장동,104000075,광나루역.극동아파트
15광주,127.1090263699,37.5504960052,광진구,광장동,104000080,워커힐아파트앞
119광주,127.0858514017,37.5321201527,광진구,자양동,104000101,자양동잠실대교북단
119광주,127.0835191184,37.538986382,광진구,구의동,104000055,광진구청
119광주,127.084359006,37.5422108084,광진구,구의동,104000054,광진경찰서
119광주,127.083977653,37.545249575,광진구,능동,104000049,구의사거리.광진소방서앞
119광주,127.0772312737,37.546028221,광진구,능동,104000050,어린이회관
119광주,127.0770314953,37.5520458638,광진구,능동,104000047,어린이대공원앞
119광주,127.0786346746,37.5551766839,광진구,능동,104000048,능동사거리.군자역
119광주,127.081565514,37.5562229948,광진구,능동,104000004,군자역.용마초등학교
119광주,127.0848655495,37.554826955,광진구,능동,104000299,중곡동입구삼거리
119광주,127.0892452052,37.5524229328,광진구,능동,104000007,어린이대공원후문아차산역
119광주,127.0897846677,37.5492515718,광진구,구의동,104000058,구의2동주민센터입구
119광주,127.0857469566,37.5456510932,광진구,구의동,104000060,구의사거리
119광주,127.0836883111,37.5415336614,광진구,구의동,104000052,광진경찰서
119광주,127.0831530574,37.5384883339,광진구,자양동,104000082,광진구청
119광주,127.0848057104,37.5329553244,광진구,자양동,104000095,자양동잠실대교북단
1113광주,127.1053745185,37.5459514944,광진구,광장동,104000269,광진청소년수련관
1113광주,127.1072452818,37.5440825258,광진구,광장동,277102674,천호대교북단(경유)
1113광주,127.0995107995,37.5377141322,광진구,구의동,277103309,올림픽대교북단(경유)
1113광주,127.094065214,37.5368302384,광진구,구의동,104000069,테크노마트앞.강변역
1113광주,127.0942542588,37.5395847398,광진구,구의동,104000064,현대아파트앞
1113광주,127.0990747444,37.5420128524,광진구,광장동,104000074,광장동현대아파트앞
1113광주,127.1042508936,37.5446942698,광진구,광장동,277102303,광나루역(경유)
1650광주,127.1072452818,37.5440825258,광진구,광장동,277102674,천호대교북단(경유)
1650광주,127.0995107995,37.5377141322,광진구,구의동,277103309,올림픽대교북단(경유)
1650광주,127.094195145,37.5366715418,광진구,구의동,104000279,테크노마트앞.강변역
1650광주,127.0878659242,37.5297103632,광진구,자양동,277103308,잠실대교북단(경유)
1650광주,127.094065214,37.5368302384,광진구,구의동,104000069,테크노마트앞.강변역
1650광주,127.1077446735,37.543895856,광진구,광장동,277102675,천호대교북단(경유)
92광주,127.1087232242,37.550613427,광진구,광장동,104000081,워커힐입구
92광주,127.1067149694,37.547895755,광진구,광장동,104000271,워커힐아파트.광장동
92광주,127.1030856662,37.543917039,광진구,광장동,104000076,광나루역.극동아파트
92광주,127.0974629956,37.5417970295,광진구,광장동,104000073,광장동현대아파트앞
92광주,127.0940086584,37.5395524961,광진구,구의동,104000063,현대아파트앞
92광주,127.0935345703,37.5359746179,광진구,구의동,104000280,강변역B
92광주,127.0930843167,37.5366526838,광진구,구의동,277101942,동서울터미널(경유)
92광주,127.0942542588,37.5395847398,광진구,구의동,104000064,현대아파트앞
92광주,127.0990747444,37.5420128524,광진구,광장동,104000074,광장동현대아파트앞
92광주,127.1030692112,37.5434728132,광진구,광장동,104000075,광나루역.극동아파트
92광주,127.1090263699,37.5504960052,광진구,광장동,104000080,워커힐아파트앞
1117광주,127.0858514017,37.5321201527,광진구,자양동,104000101,자양동잠실대교북단
1117광주,127.0882893582,37.5375186301,광진구,자양동,104000106,구의역3번출구
1117광주,127.094195145,37.5366715418,광진구,구의동,104000279,테크노마트앞.강변역
1117광주,127.0918784226,37.5379178445,광진구,구의동,277101720,구의3동주민센터(경유)
1117광주,127.0879772581,37.5377026867,광진구,구의동,104000056,구의역2번출구
1117광주,127.0848057104,37.5329553244,광진구,자양동,104000095,자양동잠실대교북단
13광주,127.1053745185,37.5459514944,광진구,광장동,104000269,광진청소년수련관
13광주,127.1072452818,37.5440825258,광진구,광장동,277102674,천호대교북단(경유)
13광주,127.0995107995,37.5377141322,광진구,구의동,277103309,올림픽대교북단(경유)
13광주,127.094065214,37.5368302384,광진구,구의동,104000069,테크노마트앞.강변역
13광주,127.0936419792,37.5376606127,광진구,구의동,277101909,강변역출발(경유)
13광주,127.0942542588,37.5395847398,광진구,구의동,104000064,현대아파트앞
13광주,127.0990747444,37.5420128524,광진구,광장동,104000074,광장동현대아파트앞
13광주,127.1030692112,37.5434728132,광진구,광장동,104000075,광나루역.극동아파트
13-2광주,127.1053745185,37.5459514944,광진구,광장동,104000269,광진청소년수련관
13-2광주,127.1072452818,37.5440825258,광진구,광장동,277102674,천호대교북단(경유)
13-2광주,127.0995107995,37.5377141322,광진구,구의동,277103309,올림픽대교북단(경유)
13-2광주,127.094065214,37.5368302384,광진구,구의동,104000069,테크노마트앞.강변역
13-2광주,127.0936419792,37.5376606127,광진구,구의동,277101909,강변역출발(경유)
13-2광주,127.0942542588,37.5395847398,광진구,구의동,104000064,현대아파트앞
13-2광주,127.0990747444,37.5420128524,광진구,광장동,104000074,광장동현대아파트앞
13-2광주,127.1030692112,37.5434728132,광진구,광장동,104000075,광나루역.극동아파트
9301광주,127.1032820084,37.5455082662,광진구,광장동,104000298,광나루역
9301광주,127.093498577,37.5489183172,광진구,구의동,104000296,새밭교회
9301광주,127.0901491873,37.5512084718,광진구,구의동,104000006,어린이대공원후문아차산역
9301광주,127.086550509,37.5544965543,광진구,중곡동,104000005,중곡동입구삼거리
9301광주,127.082473132,37.5560989145,광진구,중곡동,104000003,군자역.용마초등학교
9301광주,127.0756461481,37.5587409868,광진구,중곡동,104000001,군자교입구
9301광주,127.0749002776,37.5587937258,광진구,군자동,104000002,군자교입구
9301광주,127.081565514,37.5562229948,광진구,능동,104000004,군자역.용마초등학교
9301광주,127.0848655495,37.554826955,광진구,능동,104000299,중곡동입구삼거리
9301광주,127.0892452052,37.5524229328,광진구,능동,104000007,어린이대공원후문아차산역
9301광주,127.0926144514,37.548957926,광진구,구의동,104000295,새밭교회
9301광주,127.1032684079,37.5451767476,광진구,광장동,104000297,광나루역
100광주,127.1030856662,37.543917039,광진구,광장동,104000076,광나루역.극동아파트
100광주,127.0974629956,37.5417970295,광진구,광장동,104000073,광장동현대아파트앞
100광주,127.0940086584,37.5395524961,광진구,구의동,104000063,현대아파트앞
100광주,127.0935345703,37.5359746179,광진구,구의동,104000280,강변역B
100광주,127.0930843167,37.5366526838,광진구,구의동,277101942,동서울터미널(경유)
100광주,127.0942542588,37.5395847398,광진구,구의동,104000064,현대아파트앞
100광주,127.0990747444,37.5420128524,광진구,광장동,104000074,광장동현대아파트앞
100광주,127.1030692112,37.5434728132,광진구,광장동,104000075,광나루역.극동아파트
100광주,127.1077446735,37.543895856,광진구,광장동,277102675,천호대교북단(경유)
1113-10광주,127.1053745185,37.5459514944,광진구,광장동,104000269,광진청소년수련관
1113-10광주,127.1072452818,37.5440825258,광진구,광장동,277102674,천호대교북단(경유)
1113-10광주,127.0995107995,37.5377141322,광진구,구의동,277103309,올림픽대교북단(경유)
1113-10광주,127.094065214,37.5368302384,광진구,구의동,104000069,테크노마트앞.강변역
1113-10광주,127.0942542588,37.5395847398,광진구,구의동,104000064,현대아파트앞
1113-10광주,127.0990747444,37.5420128524,광진구,광장동,104000074,광장동현대아파트앞
1113-10광주,127.1042508936,37.5446942698,광진구,광장동,277102303,광나루역(경유)
1113-11광주,127.1053745185,37.5459514944,광진구,광장동,104000269,광진청소년수련관
1113-11광주,127.1072452818,37.5440825258,광진구,광장동,277102674,천호대교북단(경유)
1113-11광주,127.0995107995,37.5377141322,광진구,구의동,277103309,올림픽대교북단(경유)
1113-11광주,127.094065214,37.5368302384,광진구,구의동,104000069,테크노마트앞.강변역
1113-11광주,127.0942542588,37.5395847398,광진구,구의동,104000064,현대아파트앞
1113-11광주,127.0990747444,37.5420128524,광진구,광장동,104000074,광장동현대아파트앞
1113-11광주,127.1042508936,37.5446942698,광진구,광장동,277102303,광나루역(경유)
M2323광주,127.1072452818,37.5440825258,광진구,광장동,277102674,천호대교북단(경유)
M2323광주,127.0995107995,37.5377141322,광진구,구의동,277103309,올림픽대교북단(경유)
M2323광주,127.0878659242,37.5297103632,광진구,자양동,277103308,잠실대교북단(경유)
M2323광주,127.0904916867,37.5293125687,광진구,자양동,277102301,잠실대교북단(경유)
M2323광주,127.0997582382,37.5375166813,광진구,구의동,277103310,올림픽대교북단(경유)
M2323광주,127.1077446735,37.543895856,광진구,광장동,277102675,천호대교북단(경유)
1000-1광주,127.1072452818,37.5440825258,광진구,광장동,277102674,천호대교북단(경유)
1000-1광주,127.0995107995,37.5377141322,광진구,구의동,277103309,올림픽대교북단(경유)
1000-1광주,127.0878659242,37.5297103632,광진구,자양동,277103308,잠실대교북단(경유)
1000-1광주,127.0904916867,37.5293125687,광진구,자양동,277102301,잠실대교북단(경유)
1000-1광주,127.0997582382,37.5375166813,광진구,구의동,277103310,올림픽대교북단(경유)
1000-1광주,127.1077446735,37.543895856,광진구,광장동,277102675,천호대교북단(경유)
1113-2광주,127.1053745185,37.5459514944,광진구,광장동,104000269,광진청소년수련관
1113-2광주,127.1072452818,37.5440825258,광진구,광장동,277102674,천호대교북단(경유)
1113-2광주,127.0995107995,37.5377141322,광진구,구의동,277103309,올림픽대교북단(경유)
1113-2광주,127.094065214,37.5368302384,광진구,구의동,104000069,테크노마트앞.강변역
1113-2광주,127.0942542588,37.5395847398,광진구,구의동,104000064,현대아파트앞
1113-2광주,127.0990747444,37.5420128524,광진구,광장동,104000074,광장동현대아파트앞
1113-2광주,127.1042508936,37.5446942698,광진구,광장동,277102303,광나루역(경유)
P9401(출근)광주,127.1030856662,37.543917039,광진구,광장동,104000076,광나루역.극동아파트
P9401(출근)광주,127.094195145,37.5366715418,광진구,구의동,104000279,테크노마트앞.강변역
P9401(출근)광주,127.071263851,37.5409809431,광진구,화양동,104000139,건대입구역사거리.건대병원
P9401(퇴근)광주,127.071263851,37.5409809431,광진구,화양동,104000139,건대입구역사거리.건대병원
P9401(퇴근)광주,127.094065214,37.5368302384,광진구,구의동,104000069,테크노마트앞.강변역
P9401(퇴근)광주,127.1030692112,37.5434728132,광진구,광장동,104000075,광나루역.극동아파트
P9401(퇴근)광주,127.1077446735,37.543895856,광진구,광장동,277102675,천호대교북단(경유)
P9402(출근)광주,127.1030856662,37.543917039,광진구,광장동,104000076,광나루역.극동아파트
P9402(출근)광주,127.094195145,37.5366715418,광진구,구의동,104000279,테크노마트앞.강변역
P9402(출근)광주,127.071263851,37.5409809431,광진구,화양동,104000139,건대입구역사거리.건대병원
P9402(퇴근)광주,127.071263851,37.5409809431,광진구,화양동,104000139,건대입구역사거리.건대병원
P9402(퇴근)광주,127.094065214,37.5368302384,광진구,구의동,104000069,테크노마트앞.강변역
P9402(퇴근)광주,127.1030692112,37.5434728132,광진구,광장동,104000075,광나루역.극동아파트
P9402(퇴근)광주,127.1077446735,37.543895856,광진구,광장동,277102675,천호대교북단(경유)
P9404(출근)광주,127.1030856662,37.543917039,광진구,광장동,104000076,광나루역.극동아파트
P9404(출근)광주,127.094195145,37.5366715418,광진구,구의동,104000279,테크노마트앞.강변역
P9404(출근)광주,127.071263851,37.5409809431,광진구,화양동,104000139,건대입구역사거리.건대병원
P9404(퇴근)광주,127.071263851,37.5409809431,광진구,화양동,104000139,건대입구역사거리.건대병원
P9404(퇴근)광주,127.094065214,37.5368302384,광진구,구의동,104000069,테크노마트앞.강변역
P9404(퇴근)광주,127.1030692112,37.5434728132,광진구,광장동,104000075,광나루역.극동아파트
P9404(퇴근)광주,127.1077446735,37.543895856,광진구,광장동,277102675,천호대교북단(경유)
G1300양주,127.1072452818,37.5440825258,광진구,광장동,277102674,천호대교북단(경유)
G1300양주,127.0995107995,37.5377141322,광진구,구의동,277103309,올림픽대교북단(경유)
G1300양주,127.0878659242,37.5297103632,광진구,자양동,277103308,잠실대교북단(경유)
G1300양주,127.0904916867,37.5293125687,광진구,자양동,277102301,잠실대교북단(경유)
G1300양주,127.0997582382,37.5375166813,광진구,구의동,277103310,올림픽대교북단(경유)
G1300양주,127.1077446735,37.543895856,광진구,광장동,277102675,천호대교북단(경유)
G1300N양주,127.1072452818,37.5440825258,광진구,광장동,277102674,천호대교북단(경유)
G1300N양주,127.0995107995,37.5377141322,광진구,구의동,277103309,올림픽대교북단(경유)
G1300N양주,127.0878659242,37.5297103632,광진구,자양동,277103308,잠실대교북단(경유)
G1300N양주,127.0904916867,37.5293125687,광진구,자양동,277102301,잠실대교북단(경유)
G1300N양주,127.0997582382,37.5375166813,광진구,구의동,277103310,올림픽대교북단(경유)
G1300N양주,127.1077446735,37.543895856,광진구,광장동,277102675,천호대교북단(경유)
11포천,127.1030856662,37.543917039,광진구,광장동,104000076,광나루역.극동아파트
11포천,127.0974629956,37.5417970295,광진구,광장동,104000073,광장동현대아파트앞
11포천,127.0940086584,37.5395524961,광진구,구의동,104000063,현대아파트앞
11포천,127.0934995562,37.5360260082,광진구,구의동,104000183,강변역A
11포천,127.0930843167,37.5366526838,광진구,구의동,277101942,동서울터미널(경유)
11포천,127.0942542588,37.5395847398,광진구,구의동,104000064,현대아파트앞
11포천,127.0990747444,37.5420128524,광진구,광장동,104000074,광장동현대아파트앞
11포천,127.1030692112,37.5434728132,광진구,광장동,104000075,광나루역.극동아파트
11포천,127.1077446735,37.543895856,광진구,광장동,277102675,천호대교북단(경유)
3500포천,127.07882,37.556322,광진구,군자동,104000160,능동사거리.군자역
3500포천,127.07544,37.549752,광진구,군자동,104000158,어린이대공원앞.세종대학교
3500포천,127.0736284938,37.5466216409,광진구,화양동,104000134,어린이대공원역.화양천주교회
3500포천,127.07095,37.540929,광진구,화양동,104000136,건대입구역사거리.건대병원
3500포천,127.0699257583,37.538919286,광진구,자양동,104000125,건대로데오거리입구
3500포천,127.0701692006,37.5385652456,광진구,자양동,104000111,광진문화예술회관
3500포천,127.071263851,37.5409809431,광진구,화양동,104000139,건대입구역사거리.건대병원
3500포천,127.0735881785,37.5459043941,광진구,화양동,104000141,어린이대공원역.화양천주교회
3500포천,127.0770314953,37.5520458638,광진구,능동,104000047,어린이대공원앞
3500포천,127.0786346746,37.5551766839,광진구,능동,104000048,능동사거리.군자역
3006포천,127.1072452818,37.5440825258,광진구,광장동,277102674,천호대교북단(경유)
3006포천,127.0995107995,37.5377141322,광진구,구의동,277103309,올림픽대교북단(경유)
3006포천,127.0878659242,37.5297103632,광진구,자양동,277103308,잠실대교북단(경유)
3006포천,127.0904916867,37.5293125687,광진구,자양동,277102301,잠실대교북단(경유)
3006포천,127.0997582382,37.5375166813,광진구,구의동,277103310,올림픽대교북단(경유)
3006포천,127.1077446735,37.543895856,광진구,광장동,277102675,천호대교북단(경유)
1403포천,127.1072452818,37.5440825258,광진구,광장동,277102674,천호대교북단(경유)
1403포천,127.0995107995,37.5377141322,광진구,구의동,277103309,올림픽대교북단(경유)
1403포천,127.0878659242,37.5297103632,광진구,자양동,277103308,잠실대교북단(경유)
1403포천,127.0882796201,37.5280643899,광진구,자양동,277103510,잠실대교북단(경유)
1403포천,127.0997582382,37.5375166813,광진구,구의동,277103310,올림픽대교북단(경유)
1403포천,127.1077446735,37.543895856,광진구,광장동,277102675,천호대교북단(경유)
2000-1양평,127.1087232242,37.550613427,광진구,광장동,104000081,워커힐입구
2000-1양평,127.1067149694,37.547895755,광진구,광장동,104000271,워커힐아파트.광장동
2000-1양평,127.1030856662,37.543917039,광진구,광장동,104000076,광나루역.극동아파트
2000-1양평,127.0974629956,37.5417970295,광진구,광장동,104000073,광장동현대아파트앞
2000-1양평,127.0940086584,37.5395524961,광진구,구의동,104000063,현대아파트앞
2000-1양평,127.0934995562,37.5360260082,광진구,구의동,104000183,강변역A
2000-1양평,127.0930843167,37.5366526838,광진구,구의동,277101942,동서울터미널(경유)
2000-1양평,127.0942542588,37.5395847398,광진구,구의동,104000064,현대아파트앞
2000-1양평,127.0990747444,37.5420128524,광진구,광장동,104000074,광장동현대아파트앞
2000-1양평,127.1030692112,37.5434728132,광진구,광장동,104000075,광나루역.극동아파트
2000-1양평,127.1090263699,37.5504960052,광진구,광장동,104000080,워커힐아파트앞
1310고양,127.0934741749,37.5347293497,광진구,구의동,104000289,동서울터미널
1310고양,127.0878659242,37.5297103632,광진구,자양동,277103308,잠실대교북단(경유)
1310고양,127.0927118134,37.5340541278,광진구,구의동,104000288,동서울터미널
8147고양,127.0934741749,37.5347293497,광진구,구의동,104000289,동서울터미널
8147고양,127.0878659242,37.5297103632,광진구,자양동,277103308,잠실대교북단(경유)
8147고양,127.0927118134,37.5340541278,광진구,구의동,104000288,동서울터미널
1801고양,127.0934741749,37.5347293497,광진구,구의동,104000289,동서울터미널
1801고양,127.0878659242,37.5297103632,광진구,자양동,277103308,잠실대교북단(경유)
1801고양,127.0927118134,37.5340541278,광진구,구의동,104000288,동서울터미널
8153고양,127.0934741749,37.5347293497,광진구,구의동,104000289,동서울터미널
8153고양,127.0878659242,37.5297103632,광진구,자양동,277103308,잠실대교북단(경유)
8153고양,127.0927118134,37.5340541278,광진구,구의동,104000288,동서울터미널
1336고양,127.0934741749,37.5347293497,광진구,구의동,104000289,동서울터미널
1336고양,127.0878659242,37.5297103632,광진구,자양동,277103308,잠실대교북단(경유)
1336고양,127.0997582382,37.5375166813,광진구,구의동,277103310,올림픽대교북단(경유)
1336고양,127.1077446735,37.543895856,광진구,광장동,277102675,천호대교북단(경유)
1336고양,127.0995107995,37.5377141322,광진구,구의동,277103309,올림픽대교북단(경유)
1336고양,127.0927118134,37.5340541278,광진구,구의동,104000288,동서울터미널
8141고양,127.0934741749,37.5347293497,광진구,구의동,104000289,동서울터미널
8141고양,127.0878659242,37.5297103632,광진구,자양동,277103308,잠실대교북단(경유)
8141고양,127.0927118134,37.5340541278,광진구,구의동,104000288,동서울터미널
1309고양,127.0934741749,37.5347293497,광진구,구의동,104000289,동서울터미널
1309고양,127.0878659242,37.5297103632,광진구,자양동,277103308,잠실대교북단(경유)
1309고양,127.0927118134,37.5340541278,광진구,구의동,104000288,동서울터미널
1312고양,127.0934741749,37.5347293497,광진구,구의동,104000289,동서울터미널
1312고양,127.0878659242,37.5297103632,광진구,자양동,277103308,잠실대교북단(경유)
1312고양,127.0927118134,37.5340541278,광진구,구의동,104000288,동서울터미널
3007고양,127.0997582382,37.5375166813,광진구,구의동,277103310,올림픽대교북단(경유)
3007고양,127.1077446735,37.543895856,광진구,광장동,277102675,천호대교북단(경유)
3007고양,127.1072452818,37.5440825258,광진구,광장동,277102674,천호대교북단(경유)
3007고양,127.0995107995,37.5377141322,광진구,구의동,277103309,올림픽대교북단(경유)
3300고양,127.1072452818,37.5440825258,광진구,광장동,277102674,천호대교북단(경유)
3300고양,127.0995107995,37.5377141322,광진구,구의동,277103309,올림픽대교북단(경유)
3300고양,127.0878659242,37.5297103632,광진구,자양동,277103308,잠실대교북단(경유)
3300고양,127.0904916867,37.5293125687,광진구,자양동,277102301,잠실대교북단(경유)
3300고양,127.0997582382,37.5375166813,광진구,구의동,277103310,올림픽대교북단(경유)
3300고양,127.1077446735,37.543895856,광진구,광장동,277102675,천호대교북단(경유)
8848고양,127.0934995562,37.5360260082,광진구,구의동,104000183,강변역A
8848고양,127.0885490842,37.5288120537,광진구,자양동,277103509,잠실대교북단(경유)
8848고양,127.0596828038,37.5337131916,광진구,자양동,277103511,영동대교북단(경유)
8848고양,127.0882796201,37.5280643899,광진구,자양동,277103510,잠실대교북단(경유)
8848고양,127.094065214,37.5368302384,광진구,구의동,104000069,테크노마트앞.강변역
8848고양,127.1077446735,37.543895856,광진구,광장동,277102675,천호대교북단(경유)
8153-1고양,127.0934741749,37.5347293497,광진구,구의동,104000289,동서울터미널
8153-1고양,127.0878659242,37.5297103632,광진구,자양동,277103308,잠실대교북단(경유)
8153-1고양,127.0927118134,37.5340541278,광진구,구의동,104000288,동서울터미널
