{
	"count": 52,
	"result": [
		{
			"arsId": "05189",
			"beginTm": "04:30",
			"busRouteAbrv": "2415",
			"busRouteId": "100100211",
			"busRouteNm": "2415",
			"direction": "대치동",
			"gpsX": "127.0750132783",
			"gpsY": "37.5303694922",
			"lastTm": "23:20",
			"posX": "206629.54426669414",
			"posY": "447882.98055942357",
			"routeType": "4",
			"sectSpd": "0",
			"section": "0",
			"seq": "1",
			"station": "104000096",
			"stationNm": "신자초등학교앞",
			"stationNo": "05189",
			"transYn": "N",
			"fullSectDist": "0",
			"trnstnid": "122000123"
		},
		{
			"arsId": "05190",
			"beginTm": "04:29",
			"busRouteAbrv": "2415",
			"busRouteId": "100100211",
			"busRouteNm": "2415",
			"direction": "대치동",
			"gpsX": "127.0768712862",
			"gpsY": "37.5327003382",
			"lastTm": "23:20",
			"posX": "206793.54040590746",
			"posY": "448141.78059661295",
			"routeType": "4",
			"sectSpd": "29",
			"section": "104600541",
			"seq": "2",
			"station": "104000097",
			"stationNm": "자양미소약국.자양골목시장",
			"stationNo": "05190",
			"transYn": "N",
			"fullSectDist": "430",
			"trnstnid": "122000123"
		},
		{
			"arsId": "05191",
			"beginTm": "04:30",
			"busRouteAbrv": "2415",
			"busRouteId": "100100211",
			"busRouteNm": "2415",
			"direction": "대치동",
			"gpsX": "127.0807386521",
			"gpsY": "37.5315308364",
			"lastTm": "23:22",
			"posX": "207135.4323813391",
			"posY": "448012.280591561",
			"routeType": "4",
			"sectSpd": "53",
			"section": "104601902",
			"seq": "3",
			"station": "104000098",
			"stationNm": "국민은행자양지점앞",
			"stationNo": "05191",
			"transYn": "N",
			"fullSectDist": "366",
			"trnstnid": "122000123"
		},
		{
			"arsId": "05193",
			"beginTm": "04:31",
			"busRouteAbrv": "2415",
			"busRouteId": "100100211",
			"busRouteNm": "2415",
			"direction": "대치동",
			"gpsX": "127.0846733447",
			"gpsY": "37.5319732231",
			"lastTm": "23:25",
			"posX": "207483.1242091205",
			"posY": "448061.68059402844",
			"routeType": "4",
			"sectSpd": "10",
			"section": "104600543",
			"seq": "4",
			"station": "104000100",
			"stationNm": "자양아파트앞",
			"stationNo": "05193",
			"transYn": "N",
			"fullSectDist": "364",
			"trnstnid": "122000123"
		},
		{
			"arsId": "24480",
			"beginTm": "04:32",
			"busRouteAbrv": "2415",
			"busRouteId": "100100211",
			"busRouteNm": "2415",
			"direction": "대치동",
			"gpsX": "127.09479",
			"gpsY": "37.519993",
			"lastTm": "23:27",
			"posX": "208378.53766368947",
			"posY": "446733.02011296665",
			"routeType": "4",
			"sectSpd": "51",
			"section": "123604437",
			"seq": "5",
			"station": "123000508",
			"stationNm": "잠실대교전망쉼터",
			"stationNo": "24480",
			"transYn": "N",
			"fullSectDist": "1357",
			"trnstnid": "122000123"
		},
		{
			"arsId": "24137",
			"beginTm": "04:35",
			"busRouteAbrv": "2415",
			"busRouteId": "100100211",
			"busRouteNm": "2415",
			"direction": "대치동",
			"gpsX": "127.0988017918",
			"gpsY": "37.5143926246",
			"lastTm": "23:32",
			"posX": "208733.79482743202",
			"posY": "446111.8803623072",
			"routeType": "4",
			"sectSpd": "10",
			"section": "123600627",
			"seq": "6",
			"station": "123000048",
			"stationNm": "잠실역6번출구",
			"stationNo": "24137",
			"transYn": "N",
			"fullSectDist": "720",
			"trnstnid": "122000123"
		},
		{
			"arsId": "24138",
			"beginTm": "04:37",
			"busRouteAbrv": "2415",
			"busRouteId": "100100211",
			"busRouteNm": "2415",
			"direction": "대치동",
			"gpsX": "127.0979457604",
			"gpsY": "37.5128993133",
			"lastTm": "23:35",
			"posX": "208658.29660615211",
			"posY": "445946.08033735165",
			"routeType": "4",
			"sectSpd": "30",
			"section": "123604509",
			"seq": "7",
			"station": "123000049",
			"stationNm": "잠실역.롯데월드",
			"stationNo": "24138",
			"transYn": "N",
			"fullSectDist": "267",
			"trnstnid": "122000123"
		},
		{
			"arsId": "24139",
			"beginTm": "04:37",
			"busRouteAbrv": "2415",
			"busRouteId": "100100211",
			"busRouteNm": "2415",
			"direction": "대치동",
			"gpsX": "127.0939144028",
			"gpsY": "37.5122132454",
			"lastTm": "23:36",
			"posX": "208302.00497448744",
			"posY": "445869.5803201124",
			"routeType": "4",
			"sectSpd": "77",
			"section": "123604511",
			"seq": "8",
			"station": "123000050",
			"stationNm": "잠실5단지",
			"stationNo": "24139",
			"transYn": "N",
			"fullSectDist": "368",
			"trnstnid": "122000123"
		},
		{
			"arsId": "24141",
			"beginTm": "04:38",
			"busRouteAbrv": "2415",
			"busRouteId": "100100211",
			"busRouteNm": "2415",
			"direction": "대치동",
			"gpsX": "127.0872805398",
			"gpsY": "37.5117722886",
			"lastTm": "23:37",
			"posX": "207715.61875007118",
			"posY": "445820.08030483034",
			"routeType": "4",
			"sectSpd": "49",
			"section": "123600922",
			"seq": "9",
			"station": "123000052",
			"stationNm": "잠실새내역.잠실2동주민센터",
			"stationNo": "24141",
			"transYn": "N",
			"fullSectDist": "590",
			"trnstnid": "122000123"
		},
		{
			"arsId": "24142",
			"beginTm": "04:39",
			"busRouteAbrv": "2415",
			"busRouteId": "100100211",
			"busRouteNm": "2415",
			"direction": "대치동",
			"gpsX": "127.0833904794",
			"gpsY": "37.5118706155",
			"lastTm": "23:38",
			"posX": "207371.7268267185",
			"posY": "445830.680298137",
			"routeType": "4",
			"sectSpd": "30",
			"section": "123604512",
			"seq": "10",
			"station": "123000053",
			"stationNm": "잠실엘스아파트앞",
			"stationNo": "24142",
			"transYn": "N",
			"fullSectDist": "335",
			"trnstnid": "122000123"
		},
		{
			"arsId": "24143",
			"beginTm": "04:41",
			"busRouteAbrv": "2415",
			"busRouteId": "100100211",
			"busRouteNm": "2415",
			"direction": "대치동",
			"gpsX": "127.0796916235",
			"gpsY": "37.512009235",
			"lastTm": "23:38",
			"posX": "207044.7345049944",
			"posY": "445845.7802943429",
			"routeType": "4",
			"sectSpd": "43",
			"section": "123604514",
			"seq": "11",
			"station": "123000054",
			"stationNm": "종합운동장사거리",
			"stationNo": "24143",
			"transYn": "N",
			"fullSectDist": "325",
			"trnstnid": "122000123"
		},
		{
			"arsId": "24144",
			"beginTm": "04:42",
			"busRouteAbrv": "2415",
			"busRouteId": "100100211",
			"busRouteNm": "2415",
			"direction": "대치동",
			"gpsX": "127.0720732937",
			"gpsY": "37.5111175337",
			"lastTm": "23:39",
			"posX": "206371.35033209657",
			"posY": "445746.2802644223",
			"routeType": "4",
			"sectSpd": "19",
			"section": "123604515",
			"seq": "12",
			"station": "123000055",
			"stationNm": "잠실종합운동장",
			"stationNo": "24144",
			"transYn": "N",
			"fullSectDist": "690",
			"trnstnid": "122000123"
		},
		{
			"arsId": "23196",
			"beginTm": "04:44",
			"busRouteAbrv": "2415",
			"busRouteId": "100100211",
			"busRouteNm": "2415",
			"direction": "대치동",
			"gpsX": "127.0657996068",
			"gpsY": "37.5099462683",
			"lastTm": "23:41",
			"posX": "205816.84104411287",
			"posY": "445615.8923290535",
			"routeType": "4",
			"sectSpd": "14",
			"section": "122601473",
			"seq": "13",
			"station": "122000093",
			"stationNm": "강남경찰서면허시험장",
			"stationNo": "23196",
			"transYn": "N",
			"fullSectDist": "580",
			"trnstnid": "122000123"
		},
		{
			"arsId": "23197",
			"beginTm": "04:46",
			"busRouteAbrv": "2415",
			"busRouteId": "100100211",
			"busRouteNm": "2415",
			"direction": "대치동",
			"gpsX": "127.0625781691",
			"gpsY": "37.5103516605",
			"lastTm": "23:42",
			"posX": "205532.02837343988",
			"posY": "445660.6866119569",
			"routeType": "4",
			"sectSpd": "22",
			"section": "122606187",
			"seq": "14",
			"station": "122000094",
			"stationNm": "삼성역7번출구",
			"stationNo": "23197",
			"transYn": "N",
			"fullSectDist": "394",
			"trnstnid": "122000123"
		},
		{
			"arsId": "23192",
			"beginTm": "04:47",
			"busRouteAbrv": "2415",
			"busRouteId": "100100211",
			"busRouteNm": "2415",
			"direction": "대치동",
			"gpsX": "127.0601628839",
			"gpsY": "37.5151079658",
			"lastTm": "23:43",
			"posX": "205318.1750693809",
			"posY": "446188.3803122458",
			"routeType": "4",
			"sectSpd": "38",
			"section": "122606189",
			"seq": "15",
			"station": "122000089",
			"stationNm": "봉은사역3번출구.삼성1파출소",
			"stationNo": "23192",
			"transYn": "N",
			"fullSectDist": "591",
			"trnstnid": "122000123"
		},
		{
			"arsId": "23172",
			"beginTm": "04:50",
			"busRouteAbrv": "2415",
			"busRouteId": "100100211",
			"busRouteNm": "2415",
			"direction": "대치동",
			"gpsX": "127.0565014019",
			"gpsY": "37.5200739332",
			"lastTm": "23:44",
			"posX": "204994.18267987913",
			"posY": "446739.28038656525",
			"routeType": "4",
			"sectSpd": "14",
			"section": "122601479",
			"seq": "16",
			"station": "122000070",
			"stationNm": "청담역.경기고교",
			"stationNo": "23172",
			"transYn": "N",
			"fullSectDist": "664",
			"trnstnid": "122000123"
		},
		{
			"arsId": "23173",
			"beginTm": "04:51",
			"busRouteAbrv": "2415",
			"busRouteId": "100100211",
			"busRouteNm": "2415",
			"direction": "대치동",
			"gpsX": "127.0520898501",
			"gpsY": "37.5192911033",
			"lastTm": "23:47",
			"posX": "204604.29183487227",
			"posY": "446652.1803612807",
			"routeType": "4",
			"sectSpd": "10",
			"section": "122606476",
			"seq": "17",
			"station": "122000071",
			"stationNm": "진흥아파트",
			"stationNo": "23173",
			"transYn": "N",
			"fullSectDist": "401",
			"trnstnid": "122000123"
		},
		{
			"arsId": "23207",
			"beginTm": "04:53",
			"busRouteAbrv": "2415",
			"busRouteId": "100100211",
			"busRouteNm": "2415",
			"direction": "대치동",
			"gpsX": "127.0506188246",
			"gpsY": "37.5176356522",
			"lastTm": "23:48",
			"posX": "204474.3647544549",
			"posY": "446468.3948392584",
			"routeType": "4",
			"sectSpd": "65",
			"section": "122606478",
			"seq": "18",
			"station": "122000104",
			"stationNm": "청담역",
			"stationNo": "23207",
			"transYn": "N",
			"fullSectDist": "346",
			"trnstnid": "122000123"
		},
		{
			"arsId": "23208",
			"beginTm": "04:54",
			"busRouteAbrv": "2415",
			"busRouteId": "100100211",
			"busRouteNm": "2415",
			"direction": "대치동",
			"gpsX": "127.0518696115",
			"gpsY": "37.5153174045",
			"lastTm": "23:50",
			"posX": "204585.06777833943",
			"posY": "446211.18640455324",
			"routeType": "4",
			"sectSpd": "58",
			"section": "122606481",
			"seq": "19",
			"station": "122000105",
			"stationNm": "센트럴아이파크.강남구도시관리공단",
			"stationNo": "23208",
			"transYn": "N",
			"fullSectDist": "344",
			"trnstnid": "122000123"
		},
		{
			"arsId": "23209",
			"beginTm": "04:54",
			"busRouteAbrv": "2415",
			"busRouteId": "100100211",
			"busRouteNm": "2415",
			"direction": "대치동",
			"gpsX": "127.0546026643",
			"gpsY": "37.5102276026",
			"lastTm": "23:51",
			"posX": "204826.986610842",
			"posY": "445646.48023217265",
			"routeType": "4",
			"sectSpd": "40",
			"section": "122601410",
			"seq": "20",
			"station": "122000106",
			"stationNm": "한별구립어린이집",
			"stationNo": "23209",
			"transYn": "N",
			"fullSectDist": "606",
			"trnstnid": "122000123"
		},
		{
			"arsId": "23453",
			"beginTm": "04:56",
			"busRouteAbrv": "2415",
			"busRouteId": "100100211",
			"busRouteNm": "2415",
			"direction": "대치동",
			"gpsX": "127.0557931346",
			"gpsY": "37.5078337216",
			"lastTm": "23:53",
			"posX": "204932.38413484266",
			"posY": "445380.8801996852",
			"routeType": "4",
			"sectSpd": "12",
			"section": "122606483",
			"seq": "21",
			"station": "122000340",
			"stationNm": "포스코사거리",
			"stationNo": "23453",
			"transYn": "N",
			"fullSectDist": "288",
			"trnstnid": "122000123"
		},
		{
			"arsId": "23261",
			"beginTm": "04:57",
			"busRouteAbrv": "2415",
			"busRouteId": "100100211",
			"busRouteNm": "2415",
			"direction": "대치동",
			"gpsX": "127.0582125979",
			"gpsY": "37.5034252657",
			"lastTm": "23:54",
			"posX": "205146.57909779958",
			"posY": "444891.7801332823",
			"routeType": "4",
			"sectSpd": "52",
			"section": "122606486",
			"seq": "22",
			"station": "122000158",
			"stationNm": "대치사거리",
			"stationNo": "23261",
			"transYn": "N",
			"fullSectDist": "537",
			"trnstnid": "122000123"
		},
		{
			"arsId": "23262",
			"beginTm": "04:58",
			"busRouteAbrv": "2415",
			"busRouteId": "100100211",
			"busRouteNm": "2415",
			"direction": "대치동",
			"gpsX": "127.0591748622",
			"gpsY": "37.501646012",
			"lastTm": "23:55",
			"posX": "205231.77710102836",
			"posY": "444694.3801134657",
			"routeType": "4",
			"sectSpd": "89",
			"section": "122606162",
			"seq": "23",
			"station": "122000159",
			"stationNm": "대치동현대아파트",
			"stationNo": "23262",
			"transYn": "N",
			"fullSectDist": "216",
			"trnstnid": "122000123"
		},
		{
			"arsId": "23224",
			"beginTm": "04:59",
			"busRouteAbrv": "2415",
			"busRouteId": "100100211",
			"busRouteNm": "2415",
			"direction": "대치동",
			"gpsX": "127.0611545494",
			"gpsY": "37.4979369667",
			"lastTm": "23:57",
			"posX": "205407.0729837075",
			"posY": "444282.8800590397",
			"routeType": "4",
			"sectSpd": "55",
			"section": "122603866",
			"seq": "24",
			"station": "122000121",
			"stationNm": "농협대치지점",
			"stationNo": "23224",
			"transYn": "N",
			"fullSectDist": "448",
			"trnstnid": "122000123"
		},
		{
			"arsId": "23225",
			"beginTm": "05:00",
			"busRouteAbrv": "2415",
			"busRouteId": "100100211",
			"busRouteNm": "2415",
			"direction": "대치동",
			"gpsX": "127.0620556876",
			"gpsY": "37.4962613463",
			"lastTm": "23:58",
			"posX": "205486.87110278697",
			"posY": "444096.9800278717",
			"routeType": "4",
			"sectSpd": "14",
			"section": "122604034",
			"seq": "25",
			"station": "122000122",
			"stationNm": "대치SK.VIEW아파트.서울교회",
			"stationNo": "23225",
			"transYn": "N",
			"fullSectDist": "201",
			"trnstnid": "122000123"
		},
		{
			"arsId": "23226",
			"beginTm": "05:00",
			"busRouteAbrv": "2415",
			"busRouteId": "100100211",
			"busRouteNm": "2415",
			"direction": "대치동",
			"gpsX": "127.0614984174",
			"gpsY": "37.4938592964",
			"lastTm": "23:59",
			"posX": "205437.7722632559",
			"posY": "443830.3799983822",
			"routeType": "4",
			"sectSpd": "33",
			"section": "122603653",
			"seq": "26",
			"station": "122000123",
			"stationNm": "대치역1번출구",
			"stationNo": "23226",
			"transYn": "Y",
			"fullSectDist": "394",
			"trnstnid": "122000123"
		},
		{
			"arsId": "23227",
			"beginTm": "05:01",
			"busRouteAbrv": "2415",
			"busRouteId": "100100211",
			"busRouteNm": "2415",
			"direction": "자양동",
			"gpsX": "127.0585796232",
			"gpsY": "37.4925595861",
			"lastTm": "00:01",
			"posX": "205179.77831528764",
			"posY": "443685.979974417",
			"routeType": "4",
			"sectSpd": "62",
			"section": "122606469",
			"seq": "27",
			"station": "122000124",
			"stationNm": "래미안대치팰리스",
			"stationNo": "23227",
			"transYn": "N",
			"fullSectDist": "296",
			"trnstnid": "122000123"
		},
		{
			"arsId": "23219",
			"beginTm": "05:05",
			"busRouteAbrv": "2415",
			"busRouteId": "100100211",
			"busRouteNm": "2415",
			"direction": "자양동",
			"gpsX": "127.0565229085",
			"gpsY": "37.4915855937",
			"lastTm": "00:03",
			"posX": "204997.9825886359",
			"posY": "443577.7799580465",
			"routeType": "4",
			"sectSpd": "12",
			"section": "122605652",
			"seq": "28",
			"station": "122000116",
			"stationNm": "도곡역2번출구.동부센트레빌",
			"stationNo": "23219",
			"transYn": "N",
			"fullSectDist": "212",
			"trnstnid": "122000123"
		},
		{
			"arsId": "23220",
			"beginTm": "05:06",
			"busRouteAbrv": "2415",
			"busRouteId": "100100211",
			"busRouteNm": "2415",
			"direction": "자양동",
			"gpsX": "127.0550936879",
			"gpsY": "37.4918872375",
			"lastTm": "00:03",
			"posX": "204871.58556075674",
			"posY": "443611.1799623482",
			"routeType": "4",
			"sectSpd": "29",
			"section": "122602689",
			"seq": "29",
			"station": "122000117",
			"stationNm": "중대부고",
			"stationNo": "23220",
			"transYn": "N",
			"fullSectDist": "233",
			"trnstnid": "122000123"
		},
		{
			"arsId": "23221",
			"beginTm": "05:07",
			"busRouteAbrv": "2415",
			"busRouteId": "100100211",
			"busRouteNm": "2415",
			"direction": "자양동",
			"gpsX": "127.0537770662",
			"gpsY": "37.4946749575",
			"lastTm": "00:04",
			"posX": "204754.98829967616",
			"posY": "443920.4799991599",
			"routeType": "4",
			"sectSpd": "18",
			"section": "122600921",
			"seq": "30",
			"station": "122000118",
			"stationNm": "단대부고.대치아이파크아파트",
			"stationNo": "23221",
			"transYn": "N",
			"fullSectDist": "330",
			"trnstnid": "122000123"
		},
		{
			"arsId": "23222",
			"beginTm": "05:08",
			"busRouteAbrv": "2415",
			"busRouteId": "100100211",
			"busRouteNm": "2415",
			"direction": "자양동",
			"gpsX": "127.0541425059",
			"gpsY": "37.4964463596",
			"lastTm": "00:05",
			"posX": "204787.18754096993",
			"posY": "444117.0800298685",
			"routeType": "4",
			"sectSpd": "35",
			"section": "122603865",
			"seq": "31",
			"station": "122000119",
			"stationNm": "한티역3번출구.서울강남고용노동지청",
			"stationNo": "23222",
			"transYn": "N",
			"fullSectDist": "305",
			"trnstnid": "122000123"
		},
		{
			"arsId": "23223",
			"beginTm": "05:09",
			"busRouteAbrv": "2415",
			"busRouteId": "100100211",
			"busRouteNm": "2415",
			"direction": "자양동",
			"gpsX": "127.05956007",
			"gpsY": "37.4981982",
			"lastTm": "00:06",
			"posX": "205266.07629104558",
			"posY": "444311.78005729057",
			"routeType": "4",
			"sectSpd": "79",
			"section": "122606489",
			"seq": "32",
			"station": "122000120",
			"stationNm": "삼성아파트입구",
			"stationNo": "23223",
			"transYn": "N",
			"fullSectDist": "520",
			"trnstnid": "122000123"
		},
		{
			"arsId": "23247",
			"beginTm": "05:11",
			"busRouteAbrv": "2415",
			"busRouteId": "100100211",
			"busRouteNm": "2415",
			"direction": "자양동",
			"gpsX": "127.0599174839",
			"gpsY": "37.5010563167",
			"lastTm": "00:07",
			"posX": "205297.47555560456",
			"posY": "444628.9800993162",
			"routeType": "4",
			"sectSpd": "81",
			"section": "122606177",
			"seq": "33",
			"station": "122000144",
			"stationNm": "대치현대아파트",
			"stationNo": "23247",
			"transYn": "N",
			"fullSectDist": "385",
			"trnstnid": "122000123"
		},
		{
			"arsId": "23250",
			"beginTm": "05:12",
			"busRouteAbrv": "2415",
			"busRouteId": "100100211",
			"busRouteNm": "2415",
			"direction": "자양동",
			"gpsX": "127.058517043",
			"gpsY": "37.5035402301",
			"lastTm": "00:08",
			"posX": "205173.48717583407",
			"posY": "444904.55502774566",
			"routeType": "4",
			"sectSpd": "9",
			"section": "122601422",
			"seq": "34",
			"station": "122000147",
			"stationNm": "대치사거리",
			"stationNo": "23250",
			"transYn": "N",
			"fullSectDist": "258",
			"trnstnid": "122000123"
		},
		{
			"arsId": "23202",
			"beginTm": "05:13",
			"busRouteAbrv": "2415",
			"busRouteId": "100100211",
			"busRouteNm": "2415",
			"direction": "자양동",
			"gpsX": "127.0563179719",
			"gpsY": "37.5078226593",
			"lastTm": "00:09",
			"posX": "204978.78304037722",
			"posY": "445379.6801963318",
			"routeType": "4",
			"sectSpd": "24",
			"section": "122601424",
			"seq": "35",
			"station": "122000099",
			"stationNm": "포스코사거리",
			"stationNo": "23202",
			"transYn": "N",
			"fullSectDist": "563",
			"trnstnid": "122000123"
		},
		{
			"arsId": "23203",
			"beginTm": "05:16",
			"busRouteAbrv": "2415",
			"busRouteId": "100100211",
			"busRouteNm": "2415",
			"direction": "자양동",
			"gpsX": "127.0549014268",
			"gpsY": "37.5104103876",
			"lastTm": "00:11",
			"posX": "204853.38599026916",
			"posY": "445666.7802326367",
			"routeType": "4",
			"sectSpd": "37",
			"section": "122606494",
			"seq": "36",
			"station": "122000100",
			"stationNm": "한별구립어린이집",
			"stationNo": "23203",
			"transYn": "N",
			"fullSectDist": "315",
			"trnstnid": "122000123"
		},
		{
			"arsId": "23204",
			"beginTm": "05:16",
			"busRouteAbrv": "2415",
			"busRouteId": "100100211",
			"busRouteNm": "2415",
			"direction": "자양동",
			"gpsX": "127.0520466841",
			"gpsY": "37.5157795361",
			"lastTm": "00:12",
			"posX": "204600.69192358397",
			"posY": "446262.48031748785",
			"routeType": "4",
			"sectSpd": "61",
			"section": "122606496",
			"seq": "37",
			"station": "122000101",
			"stationNm": "센트럴아이파크.강남구도시관리공단",
			"stationNo": "23204",
			"transYn": "N",
			"fullSectDist": "656",
			"trnstnid": "122000123"
		},
		{
			"arsId": "23186",
			"beginTm": "05:18",
			"busRouteAbrv": "2415",
			"busRouteId": "100100211",
			"busRouteNm": "2415",
			"direction": "자양동",
			"gpsX": "127.0523509664",
			"gpsY": "37.5189828118",
			"lastTm": "00:15",
			"posX": "204627.39129577027",
			"posY": "446617.98035953287",
			"routeType": "4",
			"sectSpd": "47",
			"section": "122601500",
			"seq": "38",
			"station": "122000083",
			"stationNm": "진흥아파트청담역",
			"stationNo": "23186",
			"transYn": "N",
			"fullSectDist": "558",
			"trnstnid": "122000123"
		},
		{
			"arsId": "23187",
			"beginTm": "05:19",
			"busRouteAbrv": "2415",
			"busRouteId": "100100211",
			"busRouteNm": "2415",
			"direction": "자양동",
			"gpsX": "127.0565441506",
			"gpsY": "37.5197540224",
			"lastTm": "00:16",
			"posX": "204997.98259478458",
			"posY": "446703.7803802863",
			"routeType": "4",
			"sectSpd": "34",
			"section": "122606501",
			"seq": "39",
			"station": "122000084",
			"stationNm": "청담역.경기고교",
			"stationNo": "23187",
			"transYn": "N",
			"fullSectDist": "385",
			"trnstnid": "122000123"
		},
		{
			"arsId": "23189",
			"beginTm": "05:20",
			"busRouteAbrv": "2415",
			"busRouteId": "100100211",
			"busRouteNm": "2415",
			"direction": "자양동",
			"gpsX": "127.0594353837",
			"gpsY": "37.5149677625",
			"lastTm": "00:17",
			"posX": "205253.87658176015",
			"posY": "446172.780313801",
			"routeType": "4",
			"sectSpd": "32",
			"section": "122603632",
			"seq": "40",
			"station": "122000086",
			"stationNm": "봉은사.삼성1파출소앞",
			"stationNo": "23189",
			"transYn": "N",
			"fullSectDist": "660",
			"trnstnid": "122000123"
		},
		{
			"arsId": "23198",
			"beginTm": "05:21",
			"busRouteAbrv": "2415",
			"busRouteId": "100100211",
			"busRouteNm": "2415",
			"direction": "자양동",
			"gpsX": "127.0615406066",
			"gpsY": "37.5111539189",
			"lastTm": "00:18",
			"posX": "205440.24764950576",
			"posY": "445749.65704838047",
			"routeType": "4",
			"sectSpd": "69",
			"section": "122605933",
			"seq": "41",
			"station": "122000095",
			"stationNm": "무역센터",
			"stationNo": "23198",
			"transYn": "N",
			"fullSectDist": "375",
			"trnstnid": "122000123"
		},
		{
			"arsId": "23243",
			"beginTm": "05:22",
			"busRouteAbrv": "2415",
			"busRouteId": "100100211",
			"busRouteNm": "2415",
			"direction": "자양동",
			"gpsX": "127.0671559796",
			"gpsY": "37.5097831979",
			"lastTm": "00:21",
			"posX": "205936.76054119217",
			"posY": "445597.88024331257",
			"routeType": "4",
			"sectSpd": "14",
			"section": "122601430",
			"seq": "42",
			"station": "122000140",
			"stationNm": "강남경찰서.강남운전면허시험장",
			"stationNo": "23243",
			"transYn": "N",
			"fullSectDist": "774",
			"trnstnid": "122000123"
		},
		{
			"arsId": "24154",
			"beginTm": "05:24",
			"busRouteAbrv": "2415",
			"busRouteId": "100100211",
			"busRouteNm": "2415",
			"direction": "자양동",
			"gpsX": "127.0728158016",
			"gpsY": "37.5104187252",
			"lastTm": "00:22",
			"posX": "206437.0487865645",
			"posY": "445668.78025701223",
			"routeType": "4",
			"sectSpd": "37",
			"section": "123603250",
			"seq": "43",
			"station": "123000065",
			"stationNm": "잠실종합운동장",
			"stationNo": "24154",
			"transYn": "N",
			"fullSectDist": "512",
			"trnstnid": "122000123"
		},
		{
			"arsId": "24157",
			"beginTm": "05:28",
			"busRouteAbrv": "2415",
			"busRouteId": "100100211",
			"busRouteNm": "2415",
			"direction": "자양동",
			"gpsX": "127.0795554593",
			"gpsY": "37.5116128425",
			"lastTm": "00:24",
			"posX": "207032.73479024143",
			"posY": "445801.7802881198",
			"routeType": "4",
			"sectSpd": "33",
			"section": "123603251",
			"seq": "44",
			"station": "123000068",
			"stationNm": "종합운동장사거리",
			"stationNo": "24157",
			"transYn": "N",
			"fullSectDist": "641",
			"trnstnid": "122000123"
		},
		{
			"arsId": "24158",
			"beginTm": "05:31",
			"busRouteAbrv": "2415",
			"busRouteId": "100100211",
			"busRouteNm": "2415",
			"direction": "자양동",
			"gpsX": "127.0844951326",
			"gpsY": "37.5114066648",
			"lastTm": "00:25",
			"posX": "207469.4245357473",
			"posY": "445779.2802959895",
			"routeType": "4",
			"sectSpd": "44",
			"section": "123604363",
			"seq": "45",
			"station": "123000069",
			"stationNm": "잠실새내역4번출구",
			"stationNo": "24158",
			"transYn": "N",
			"fullSectDist": "462",
			"trnstnid": "122000123"
		},
		{
			"arsId": "24145",
			"beginTm": "05:32",
			"busRouteAbrv": "2415",
			"busRouteId": "100100211",
			"busRouteNm": "2415",
			"direction": "자양동",
			"gpsX": "127.0912020656",
			"gpsY": "37.5115116112",
			"lastTm": "00:27",
			"posX": "208062.31060105615",
			"posY": "445791.4803096284",
			"routeType": "4",
			"sectSpd": "42",
			"section": "123604517",
			"seq": "46",
			"station": "123000056",
			"stationNm": "잠실트리지움아파트앞",
			"stationNo": "24145",
			"transYn": "N",
			"fullSectDist": "594",
			"trnstnid": "122000123"
		},
		{
			"arsId": "24133",
			"beginTm": "05:35",
			"busRouteAbrv": "2415",
			"busRouteId": "100100211",
			"busRouteNm": "2415",
			"direction": "자양동",
			"gpsX": "127.099443484",
			"gpsY": "37.5146065479",
			"lastTm": "00:29",
			"posX": "208790.49349883402",
			"posY": "446135.6803616737",
			"routeType": "4",
			"sectSpd": "50",
			"section": "123604520",
			"seq": "47",
			"station": "123000044",
			"stationNm": "잠실역7번출구",
			"stationNo": "24133",
			"transYn": "N",
			"fullSectDist": "965",
			"trnstnid": "122000123"
		},
		{
			"arsId": "24479",
			"beginTm": "05:38",
			"busRouteAbrv": "2415",
			"busRouteId": "100100211",
			"busRouteNm": "2415",
			"direction": "자양동",
			"gpsX": "127.0951336442",
			"gpsY": "37.5201071463",
			"lastTm": "00:34",
			"posX": "208408.89975129487",
			"posY": "446745.71822545864",
			"routeType": "4",
			"sectSpd": "66",
			"section": "123601536",
			"seq": "48",
			"station": "123000507",
			"stationNm": "잠실대교전망쉼터",
			"stationNo": "24479",
			"transYn": "N",
			"fullSectDist": "722",
			"trnstnid": "122000123"
		},
		{
			"arsId": "05187",
			"beginTm": "05:40",
			"busRouteAbrv": "2415",
			"busRouteId": "100100211",
			"busRouteNm": "2415",
			"direction": "자양동",
			"gpsX": "127.0846079653",
			"gpsY": "37.5321922367",
			"lastTm": "00:36",
			"posX": "207477.3243473328",
			"posY": "448085.9806023869",
			"routeType": "4",
			"sectSpd": "42",
			"section": "104600618",
			"seq": "49",
			"station": "104000094",
			"stationNm": "자양아파트앞",
			"stationNo": "05187",
			"transYn": "N",
			"fullSectDist": "1976",
			"trnstnid": "122000123"
		},
		{
			"arsId": "05185",
			"beginTm": "05:41",
			"busRouteAbrv": "2415",
			"busRouteId": "100100211",
			"busRouteNm": "2415",
			"direction": "자양동",
			"gpsX": "127.081413066",
			"gpsY": "37.531572725",
			"lastTm": "00:38",
			"posX": "207195.030982488",
			"posY": "448016.9805915877",
			"routeType": "4",
			"sectSpd": "11",
			"section": "104600610",
			"seq": "50",
			"station": "104000092",
			"stationNm": "국민은행자양지점앞",
			"stationNo": "05185",
			"transYn": "N",
			"fullSectDist": "304",
			"trnstnid": "122000123"
		},
		{
			"arsId": "05183",
			"beginTm": "05:43",
			"busRouteAbrv": "2415",
			"busRouteId": "100100211",
			"busRouteNm": "2415",
			"direction": "자양동",
			"gpsX": "127.077319",
			"gpsY": "37.53275",
			"lastTm": "00:40",
			"posX": "206833.1028240284",
			"posY": "448147.3242891659",
			"routeType": "4",
			"sectSpd": "6",
			"section": "104601934",
			"seq": "51",
			"station": "104000090",
			"stationNm": "자양미소약국.자양골목시장",
			"stationNo": "05183",
			"transYn": "N",
			"fullSectDist": "392",
			"trnstnid": "122000123"
		},
		{
			"arsId": "05209",
			"beginTm": "05:45",
			"busRouteAbrv": "2415",
			"busRouteId": "100100211",
			"busRouteNm": "2415",
			"direction": "자양동",
			"gpsX": "127.074922",
			"gpsY": "37.530768",
			"lastTm": "00:42",
			"posX": "206621.44201685782",
			"posY": "447927.19883511774",
			"routeType": "4",
			"sectSpd": "29",
			"section": "104601623",
			"seq": "52",
			"station": "104000116",
			"stationNm": "신자초등학교앞",
			"stationNo": "05209",
			"transYn": "N",
			"fullSectDist": "428",
			"trnstnid": "122000123"
		}
	]
}