{
	"count": 103,
	"result": [
		{
			"arsId": "24506",
			"beginTm": "04:00",
			"busRouteAbrv": "333",
			"busRouteId": "100100496",
			"busRouteNm": "333",
			"direction": "올림픽공원",
			"gpsX": "127.127718501",
			"gpsY": "37.4699340248",
			"lastTm": "23:31",
			"posX": "211296.64400436275",
			"posY": "441181.16047315905",
			"routeType": "3",
			"sectSpd": "0",
			"section": "0",
			"seq": "1",
			"station": "123000661",
			"stationNm": "복정역환승센터4번승강장",
			"stationNo": "24506",
			"transYn": "N",
			"fullSectDist": "0",
			"trnstnid": "123000305"
		},
		{
			"arsId": "48619",
			"beginTm": "04:00",
			"busRouteAbrv": "333",
			"busRouteId": "100100496",
			"busRouteNm": "333",
			"direction": "올림픽공원",
			"gpsX": "127.1367591465",
			"gpsY": "37.4666071011",
			"lastTm": "23:00",
			"posX": "212096.82151808793",
			"posY": "440813.07903531566",
			"routeType": "3",
			"sectSpd": "17",
			"section": "123605328",
			"seq": "2",
			"station": "204000308",
			"stationNm": "위례서일로마을입구",
			"stationNo": "48619",
			"transYn": "N",
			"fullSectDist": "1467",
			"trnstnid": "123000305"
		},
		{
			"arsId": "48621",
			"beginTm": "04:03",
			"busRouteAbrv": "333",
			"busRouteId": "100100496",
			"busRouteNm": "333",
			"direction": "올림픽공원",
			"gpsX": "127.1372041972",
			"gpsY": "37.470297338",
			"lastTm": "23:03",
			"posX": "212135.5912388812",
			"posY": "441222.65904127015",
			"routeType": "3",
			"sectSpd": "26",
			"section": "204900437",
			"seq": "3",
			"station": "204000323",
			"stationNm": "위례자이",
			"stationNo": "48621",
			"transYn": "N",
			"fullSectDist": "405",
			"trnstnid": "123000305"
		},
		{
			"arsId": "48625",
			"beginTm": "04:03",
			"busRouteAbrv": "333",
			"busRouteId": "100100496",
			"busRouteNm": "333",
			"direction": "올림픽공원",
			"gpsX": "127.1395344257",
			"gpsY": "37.4709017716",
			"lastTm": "23:03",
			"posX": "212341.5986379267",
			"posY": "441290.0386811979",
			"routeType": "3",
			"sectSpd": "16",
			"section": "204900443",
			"seq": "4",
			"station": "204000238",
			"stationNm": "위례자이정문",
			"stationNo": "48625",
			"transYn": "N",
			"fullSectDist": "336",
			"trnstnid": "123000305"
		},
		{
			"arsId": "48629",
			"beginTm": "04:04",
			"busRouteAbrv": "333",
			"busRouteId": "100100496",
			"busRouteNm": "333",
			"direction": "올림픽공원",
			"gpsX": "127.1423301393",
			"gpsY": "37.4707917352",
			"lastTm": "23:04",
			"posX": "212588.8936583089",
			"posY": "441278.197449523",
			"routeType": "3",
			"sectSpd": "14",
			"section": "204900429",
			"seq": "5",
			"station": "204000236",
			"stationNm": "위례동행정복지센터.위례아트리 ",
			"stationNo": "48629",
			"transYn": "N",
			"fullSectDist": "256",
			"trnstnid": "123000305"
		},
		{
			"arsId": "48631",
			"beginTm": "04:05",
			"busRouteAbrv": "333",
			"busRouteId": "100100496",
			"busRouteNm": "333",
			"direction": "올림픽공원",
			"gpsX": "127.1434286378",
			"gpsY": "37.4716348824",
			"lastTm": "23:05",
			"posX": "212685.91180532638",
			"posY": "441371.9128664043",
			"routeType": "3",
			"sectSpd": "14",
			"section": "204600322",
			"seq": "6",
			"station": "204000328",
			"stationNm": "위례35단지아파트",
			"stationNo": "48631",
			"transYn": "N",
			"fullSectDist": "219",
			"trnstnid": "123000305"
		},
		{
			"arsId": "24411",
			"beginTm": "04:06",
			"busRouteAbrv": "333",
			"busRouteId": "100100496",
			"busRouteNm": "333",
			"direction": "올림픽공원",
			"gpsX": "127.1438406379",
			"gpsY": "37.475507478",
			"lastTm": "23:06",
			"posX": "212721.6958061627",
			"posY": "441801.72879467765",
			"routeType": "3",
			"sectSpd": "13",
			"section": "204600327",
			"seq": "7",
			"station": "123000624",
			"stationNm": "위례신안인스빌.중앙푸르지오",
			"stationNo": "24411",
			"transYn": "N",
			"fullSectDist": "438",
			"trnstnid": "123000305"
		},
		{
			"arsId": "24413",
			"beginTm": "04:08",
			"busRouteAbrv": "333",
			"busRouteId": "100100496",
			"busRouteNm": "333",
			"direction": "올림픽공원",
			"gpsX": "127.1445009469",
			"gpsY": "37.4777286578",
			"lastTm": "23:08",
			"posX": "212779.71728656444",
			"posY": "442048.31321710255",
			"routeType": "3",
			"sectSpd": "20",
			"section": "123605075",
			"seq": "8",
			"station": "123000614",
			"stationNm": "송파와이즈더샵.엠코타운센트로엘",
			"stationNo": "24413",
			"transYn": "N",
			"fullSectDist": "399",
			"trnstnid": "123000305"
		},
		{
			"arsId": "24415",
			"beginTm": "04:10",
			"busRouteAbrv": "333",
			"busRouteId": "100100496",
			"busRouteNm": "333",
			"direction": "올림픽공원",
			"gpsX": "127.144733456",
			"gpsY": "37.4804975391",
			"lastTm": "23:08",
			"posX": "212799.80818019737",
			"posY": "442355.62101540156",
			"routeType": "3",
			"sectSpd": "5",
			"section": "123603935",
			"seq": "9",
			"station": "123000616",
			"stationNm": "위례별초등학교.위례스타힐스",
			"stationNo": "24415",
			"transYn": "N",
			"fullSectDist": "196",
			"trnstnid": "123000305"
		},
		{
			"arsId": "24417",
			"beginTm": "04:11",
			"busRouteAbrv": "333",
			"busRouteId": "100100496",
			"busRouteNm": "333",
			"direction": "올림픽공원",
			"gpsX": "127.1432475121",
			"gpsY": "37.4816894869",
			"lastTm": "23:12",
			"posX": "212668.19428676652",
			"posY": "442487.6963418755",
			"routeType": "3",
			"sectSpd": "27",
			"section": "123605077",
			"seq": "10",
			"station": "123000619",
			"stationNm": "위례동주민센터.위례송파푸르지오",
			"stationNo": "24417",
			"transYn": "N",
			"fullSectDist": "215",
			"trnstnid": "123000305"
		},
		{
			"arsId": "24419",
			"beginTm": "04:12",
			"busRouteAbrv": "333",
			"busRouteId": "100100496",
			"busRouteNm": "333",
			"direction": "올림픽공원",
			"gpsX": "127.1415791781",
			"gpsY": "37.479620594",
			"lastTm": "23:14",
			"posX": "212520.9991467584",
			"posY": "442257.87803315045",
			"routeType": "3",
			"sectSpd": "22",
			"section": "123605079",
			"seq": "11",
			"station": "123000622",
			"stationNm": "송파더센트레.힐스테이트송파",
			"stationNo": "24419",
			"transYn": "N",
			"fullSectDist": "333",
			"trnstnid": "123000305"
		},
		{
			"arsId": "24399",
			"beginTm": "04:13",
			"busRouteAbrv": "333",
			"busRouteId": "100100496",
			"busRouteNm": "333",
			"direction": "올림픽공원",
			"gpsX": "127.1415263421",
			"gpsY": "37.4778837231",
			"lastTm": "23:15",
			"posX": "212516.61613033016",
			"posY": "442065.1220204411",
			"routeType": "3",
			"sectSpd": "7",
			"section": "123605472",
			"seq": "12",
			"station": "123000682",
			"stationNm": "송례중학교.송파꿈에그린",
			"stationNo": "24399",
			"transYn": "N",
			"fullSectDist": "194",
			"trnstnid": "123000305"
		},
		{
			"arsId": "24495",
			"beginTm": "04:15",
			"busRouteAbrv": "333",
			"busRouteId": "100100496",
			"busRouteNm": "333",
			"direction": "올림픽공원",
			"gpsX": "127.1407699426",
			"gpsY": "37.4749448409",
			"lastTm": "23:17",
			"posX": "212450.20753048136",
			"posY": "441738.87986689433",
			"routeType": "3",
			"sectSpd": "14",
			"section": "123605473",
			"seq": "13",
			"station": "123000575",
			"stationNm": "송파꿈에그린아파트",
			"stationNo": "24495",
			"transYn": "N",
			"fullSectDist": "343",
			"trnstnid": "123000305"
		},
		{
			"arsId": "24439",
			"beginTm": "04:16",
			"busRouteAbrv": "333",
			"busRouteId": "100100496",
			"busRouteNm": "333",
			"direction": "올림픽공원",
			"gpsX": "127.134069188",
			"gpsY": "37.4749619861",
			"lastTm": "23:18",
			"posX": "211857.56533641418",
			"posY": "441739.9177491423",
			"routeType": "3",
			"sectSpd": "15",
			"section": "123604087",
			"seq": "14",
			"station": "123000630",
			"stationNm": "위례포레샤인.위례31단지후문",
			"stationNo": "24439",
			"transYn": "N",
			"fullSectDist": "744",
			"trnstnid": "123000305"
		},
		{
			"arsId": "24442",
			"beginTm": "04:19",
			"busRouteAbrv": "333",
			"busRouteId": "100100496",
			"busRouteNm": "333",
			"direction": "올림픽공원",
			"gpsX": "127.1265368436",
			"gpsY": "37.4784984823",
			"lastTm": "23:20",
			"posX": "211190.8498065314",
			"posY": "442131.4579046462",
			"routeType": "3",
			"sectSpd": "18",
			"section": "123604144",
			"seq": "15",
			"station": "123000639",
			"stationNm": "장지역2번출구",
			"stationNo": "24442",
			"transYn": "N",
			"fullSectDist": "886",
			"trnstnid": "123000305"
		},
		{
			"arsId": "24013",
			"beginTm": "04:21",
			"busRouteAbrv": "333",
			"busRouteId": "100100496",
			"busRouteNm": "333",
			"direction": "올림픽공원",
			"gpsX": "127.124748",
			"gpsY": "37.482125",
			"lastTm": "23:25",
			"posX": "211032.11218584824",
			"posY": "442533.6991081587",
			"routeType": "3",
			"sectSpd": "32",
			"section": "123604575",
			"seq": "16",
			"station": "123000013",
			"stationNm": "문정법조단지.건영아파트",
			"stationNo": "24013",
			"transYn": "N",
			"fullSectDist": "435",
			"trnstnid": "123000305"
		},
		{
			"arsId": "24011",
			"beginTm": "04:24",
			"busRouteAbrv": "333",
			"busRouteId": "100100496",
			"busRouteNm": "333",
			"direction": "올림픽공원",
			"gpsX": "127.1213627915",
			"gpsY": "37.4883648963",
			"lastTm": "23:27",
			"posX": "210731.84789428875",
			"posY": "443225.7800251711",
			"routeType": "3",
			"sectSpd": "28",
			"section": "123603245",
			"seq": "17",
			"station": "123000011",
			"stationNm": "문정로데오거리입구",
			"stationNo": "24011",
			"transYn": "N",
			"fullSectDist": "762",
			"trnstnid": "123000305"
		},
		{
			"arsId": "24386",
			"beginTm": "04:27",
			"busRouteAbrv": "333",
			"busRouteId": "100100496",
			"busRouteNm": "333",
			"direction": "올림픽공원",
			"gpsX": "127.115874",
			"gpsY": "37.491843",
			"lastTm": "23:30",
			"posX": "210246.01070766547",
			"posY": "443611.15115759196",
			"routeType": "3",
			"sectSpd": "112",
			"section": "123604545",
			"seq": "18",
			"station": "123000295",
			"stationNm": "가락시장.가락몰",
			"stationNo": "24386",
			"transYn": "N",
			"fullSectDist": "779",
			"trnstnid": "123000305"
		},
		{
			"arsId": "24387",
			"beginTm": "04:31",
			"busRouteAbrv": "333",
			"busRouteId": "100100496",
			"busRouteNm": "333",
			"direction": "올림픽공원",
			"gpsX": "127.1124034115",
			"gpsY": "37.490799531",
			"lastTm": "23:35",
			"posX": "209939.26651155573",
			"posY": "443494.9800382033",
			"routeType": "3",
			"sectSpd": "20",
			"section": "123600336",
			"seq": "19",
			"station": "123000296",
			"stationNm": "가락시장남문",
			"stationNo": "24387",
			"transYn": "N",
			"fullSectDist": "326",
			"trnstnid": "123000305"
		},
		{
			"arsId": "23404",
			"beginTm": "04:32",
			"busRouteAbrv": "333",
			"busRouteId": "100100496",
			"busRouteNm": "333",
			"direction": "올림픽공원",
			"gpsX": "127.1007358421",
			"gpsY": "37.4871885183",
			"lastTm": "23:35",
			"posX": "208907.9907361922",
			"posY": "443093.0799617213",
			"routeType": "3",
			"sectSpd": "67",
			"section": "122606586",
			"seq": "20",
			"station": "122000297",
			"stationNm": "수서역KT수서지점",
			"stationNo": "23404",
			"transYn": "N",
			"fullSectDist": "1102",
			"trnstnid": "123000305"
		},
		{
			"arsId": "23406",
			"beginTm": "04:35",
			"busRouteAbrv": "333",
			"busRouteId": "100100496",
			"busRouteNm": "333",
			"direction": "올림픽공원",
			"gpsX": "127.0972460057",
			"gpsY": "37.4853495847",
			"lastTm": "23:39",
			"posX": "208599.5979836126",
			"posY": "442888.67992231157",
			"routeType": "3",
			"sectSpd": "97",
			"section": "122606589",
			"seq": "21",
			"station": "122000299",
			"stationNm": "궁마을",
			"stationNo": "23406",
			"transYn": "N",
			"fullSectDist": "369",
			"trnstnid": "123000305"
		},
		{
			"arsId": "23465",
			"beginTm": "04:37",
			"busRouteAbrv": "333",
			"busRouteId": "100100496",
			"busRouteNm": "333",
			"direction": "올림픽공원",
			"gpsX": "127.0933527923",
			"gpsY": "37.4845282141",
			"lastTm": "23:40",
			"posX": "208255.40606942266",
			"posY": "442797.17990295356",
			"routeType": "3",
			"sectSpd": "49",
			"section": "122606591",
			"seq": "22",
			"station": "122000348",
			"stationNm": "태화기독교.사회복지관",
			"stationNo": "23465",
			"transYn": "N",
			"fullSectDist": "371",
			"trnstnid": "123000305"
		},
		{
			"arsId": "23380",
			"beginTm": "04:38",
			"busRouteAbrv": "333",
			"busRouteId": "100100496",
			"busRouteNm": "333",
			"direction": "올림픽공원",
			"gpsX": "127.0909893034",
			"gpsY": "37.4843993977",
			"lastTm": "23:40",
			"posX": "208046.4109792226",
			"posY": "442782.679903036",
			"routeType": "3",
			"sectSpd": "37",
			"section": "122606593",
			"seq": "23",
			"station": "122000276",
			"stationNm": "수서삼성아파트앞",
			"stationNo": "23380",
			"transYn": "N",
			"fullSectDist": "207",
			"trnstnid": "123000305"
		},
		{
			"arsId": "23381",
			"beginTm": "04:39",
			"busRouteAbrv": "333",
			"busRouteId": "100100496",
			"busRouteNm": "333",
			"direction": "올림픽공원",
			"gpsX": "127.0847497652",
			"gpsY": "37.4834885153",
			"lastTm": "23:42",
			"posX": "207494.72394025352",
			"posY": "442681.0798681681",
			"routeType": "3",
			"sectSpd": "39",
			"section": "122606595",
			"seq": "24",
			"station": "122000277",
			"stationNm": "일원본동주민센터",
			"stationNo": "23381",
			"transYn": "N",
			"fullSectDist": "560",
			"trnstnid": "123000305"
		},
		{
			"arsId": "23382",
			"beginTm": "04:41",
			"busRouteAbrv": "333",
			"busRouteId": "100100496",
			"busRouteNm": "333",
			"direction": "올림픽공원",
			"gpsX": "127.0805834065",
			"gpsY": "37.4829129209",
			"lastTm": "23:44",
			"posX": "207126.332589281",
			"posY": "442616.8798587411",
			"routeType": "3",
			"sectSpd": "37",
			"section": "122603651",
			"seq": "25",
			"station": "122000278",
			"stationNm": "푸른마을아파트앞",
			"stationNo": "23382",
			"transYn": "N",
			"fullSectDist": "373",
			"trnstnid": "123000305"
		},
		{
			"arsId": "23362",
			"beginTm": "04:44",
			"busRouteAbrv": "333",
			"busRouteId": "100100496",
			"busRouteNm": "333",
			"direction": "올림픽공원",
			"gpsX": "127.0747982136",
			"gpsY": "37.4882473096",
			"lastTm": "23:45",
			"posX": "206614.25303427145",
			"posY": "443208.4410418207",
			"routeType": "3",
			"sectSpd": "46",
			"section": "122605958",
			"seq": "26",
			"station": "122000258",
			"stationNm": "연금매점",
			"stationNo": "23362",
			"transYn": "N",
			"fullSectDist": "939",
			"trnstnid": "123000305"
		},
		{
			"arsId": "23395",
			"beginTm": "04:47",
			"busRouteAbrv": "333",
			"busRouteId": "100100496",
			"busRouteNm": "333",
			"direction": "올림픽공원",
			"gpsX": "127.0724873208",
			"gpsY": "37.4924140029",
			"lastTm": "23:47",
			"posX": "206409.54942675523",
			"posY": "443670.67999180546",
			"routeType": "3",
			"sectSpd": "131",
			"section": "122606681",
			"seq": "27",
			"station": "122000291",
			"stationNm": "대치아파트",
			"stationNo": "23395",
			"transYn": "N",
			"fullSectDist": "512",
			"trnstnid": "123000305"
		},
		{
			"arsId": "23237",
			"beginTm": "04:50",
			"busRouteAbrv": "333",
			"busRouteId": "100100496",
			"busRouteNm": "333",
			"direction": "올림픽공원",
			"gpsX": "127.0669737834",
			"gpsY": "37.4957666584",
			"lastTm": "23:49",
			"posX": "205921.7608912158",
			"posY": "444042.38003440946",
			"routeType": "3",
			"sectSpd": "44",
			"section": "122606536",
			"seq": "28",
			"station": "122000134",
			"stationNm": "은마아파트",
			"stationNo": "23237",
			"transYn": "N",
			"fullSectDist": "769",
			"trnstnid": "123000305"
		},
		{
			"arsId": "23233",
			"beginTm": "04:53",
			"busRouteAbrv": "333",
			"busRouteId": "100100496",
			"busRouteNm": "333",
			"direction": "올림픽공원",
			"gpsX": "127.0628615031",
			"gpsY": "37.4955959062",
			"lastTm": "23:52",
			"posX": "205558.16943059166",
			"posY": "444023.1800231463",
			"routeType": "3",
			"sectSpd": "38",
			"section": "122606173",
			"seq": "29",
			"station": "122000130",
			"stationNm": "은마아파트",
			"stationNo": "23233",
			"transYn": "N",
			"fullSectDist": "425",
			"trnstnid": "123000305"
		},
		{
			"arsId": "23263",
			"beginTm": "04:54",
			"busRouteAbrv": "333",
			"busRouteId": "100100496",
			"busRouteNm": "333",
			"direction": "올림픽공원",
			"gpsX": "127.0600675492",
			"gpsY": "37.4987273789",
			"lastTm": "23:53",
			"posX": "205310.90820935633",
			"posY": "444370.53427786985",
			"routeType": "3",
			"sectSpd": "80",
			"section": "122600867",
			"seq": "30",
			"station": "122000160",
			"stationNm": "은마아파트입구사거리",
			"stationNo": "23263",
			"transYn": "N",
			"fullSectDist": "480",
			"trnstnid": "123000305"
		},
		{
			"arsId": "23264",
			"beginTm": "04:56",
			"busRouteAbrv": "333",
			"busRouteId": "100100496",
			"busRouteNm": "333",
			"direction": "올림픽공원",
			"gpsX": "127.0566485239",
			"gpsY": "37.4976896078",
			"lastTm": "23:57",
			"posX": "205008.6823362796",
			"posY": "444255.1800515177",
			"routeType": "3",
			"sectSpd": "41",
			"section": "122606686",
			"seq": "31",
			"station": "122000161",
			"stationNm": "도곡초등학교",
			"stationNo": "23264",
			"transYn": "N",
			"fullSectDist": "323",
			"trnstnid": "123000305"
		},
		{
			"arsId": "23265",
			"beginTm": "04:57",
			"busRouteAbrv": "333",
			"busRouteId": "100100496",
			"busRouteNm": "333",
			"direction": "올림픽공원",
			"gpsX": "127.0539289896",
			"gpsY": "37.4967735576",
			"lastTm": "23:57",
			"posX": "204768.28798977903",
			"posY": "444153.38002596283",
			"routeType": "3",
			"sectSpd": "99",
			"section": "122606688",
			"seq": "32",
			"station": "122000162",
			"stationNm": "한티역2번출구.서울강남고용노동지청",
			"stationNo": "23265",
			"transYn": "N",
			"fullSectDist": "264",
			"trnstnid": "123000305"
		},
		{
			"arsId": "23252",
			"beginTm": "04:58",
			"busRouteAbrv": "333",
			"busRouteId": "100100496",
			"busRouteNm": "333",
			"direction": "올림픽공원",
			"gpsX": "127.0521475206",
			"gpsY": "37.4981160997",
			"lastTm": "23:58",
			"posX": "204610.69168502875",
			"posY": "444302.2800462195",
			"routeType": "3",
			"sectSpd": "90",
			"section": "122606404",
			"seq": "33",
			"station": "122000149",
			"stationNm": "한티역",
			"stationNo": "23252",
			"transYn": "N",
			"fullSectDist": "330",
			"trnstnid": "123000305"
		},
		{
			"arsId": "23253",
			"beginTm": "04:58",
			"busRouteAbrv": "333",
			"busRouteId": "100100496",
			"busRouteNm": "333",
			"direction": "올림픽공원",
			"gpsX": "127.0512135652",
			"gpsY": "37.5001223629",
			"lastTm": "23:59",
			"posX": "204527.9936329214",
			"posY": "444524.8800759637",
			"routeType": "3",
			"sectSpd": "17",
			"section": "122606645",
			"seq": "34",
			"station": "122000150",
			"stationNm": "도성초등학교",
			"stationNo": "23253",
			"transYn": "N",
			"fullSectDist": "243",
			"trnstnid": "123000305"
		},
		{
			"arsId": "23258",
			"beginTm": "04:59",
			"busRouteAbrv": "333",
			"busRouteId": "100100496",
			"busRouteNm": "333",
			"direction": "올림픽공원",
			"gpsX": "127.049965539",
			"gpsY": "37.5027442041",
			"lastTm": "23:59",
			"posX": "204417.49622614213",
			"posY": "444815.78011310566",
			"routeType": "3",
			"sectSpd": "20",
			"section": "122606690",
			"seq": "35",
			"station": "122000155",
			"stationNm": "진선여자중고등학교",
			"stationNo": "23258",
			"transYn": "N",
			"fullSectDist": "314",
			"trnstnid": "123000305"
		},
		{
			"arsId": "23259",
			"beginTm": "05:00",
			"busRouteAbrv": "333",
			"busRouteId": "100100496",
			"busRouteNm": "333",
			"direction": "올림픽공원",
			"gpsX": "127.050462265",
			"gpsY": "37.5047611955",
			"lastTm": "00:01",
			"posX": "204461.29217758786",
			"posY": "445039.6396537619",
			"routeType": "3",
			"sectSpd": "44",
			"section": "122603864",
			"seq": "36",
			"station": "122000156",
			"stationNm": "선릉역",
			"stationNo": "23259",
			"transYn": "N",
			"fullSectDist": "348",
			"trnstnid": "123000305"
		},
		{
			"arsId": "23260",
			"beginTm": "05:02",
			"busRouteAbrv": "333",
			"busRouteId": "100100496",
			"busRouteNm": "333",
			"direction": "올림픽공원",
			"gpsX": "127.0548888307",
			"gpsY": "37.5060493833",
			"lastTm": "00:02",
			"posX": "204852.5547727282",
			"posY": "445182.8156987275",
			"routeType": "3",
			"sectSpd": "41",
			"section": "122607125",
			"seq": "37",
			"station": "122000157",
			"stationNm": "포스코빌딩",
			"stationNo": "23260",
			"transYn": "N",
			"fullSectDist": "417",
			"trnstnid": "123000305"
		},
		{
			"arsId": "23251",
			"beginTm": "05:03",
			"busRouteAbrv": "333",
			"busRouteId": "100100496",
			"busRouteNm": "333",
			"direction": "올림픽공원",
			"gpsX": "127.0607439409",
			"gpsY": "37.5079107905",
			"lastTm": "00:03",
			"posX": "205370.0539822275",
			"posY": "445389.7039577104",
			"routeType": "3",
			"sectSpd": "71",
			"section": "122606289",
			"seq": "38",
			"station": "122000148",
			"stationNm": "한국무역센터.삼성역",
			"stationNo": "23251",
			"transYn": "N",
			"fullSectDist": "650",
			"trnstnid": "123000305"
		},
		{
			"arsId": "23473",
			"beginTm": "05:04",
			"busRouteAbrv": "333",
			"busRouteId": "100100496",
			"busRouteNm": "333",
			"direction": "올림픽공원",
			"gpsX": "127.0660087348",
			"gpsY": "37.5095036021",
			"lastTm": "00:06",
			"posX": "205835.36291812634",
			"posY": "445566.7802353655",
			"routeType": "3",
			"sectSpd": "30",
			"section": "122606553",
			"seq": "39",
			"station": "122000356",
			"stationNm": "강남경찰서.강남운전면허시험장",
			"stationNo": "23473",
			"transYn": "N",
			"fullSectDist": "429",
			"trnstnid": "123000305"
		},
		{
			"arsId": "24154",
			"beginTm": "05:07",
			"busRouteAbrv": "333",
			"busRouteId": "100100496",
			"busRouteNm": "333",
			"direction": "올림픽공원",
			"gpsX": "127.0728158016",
			"gpsY": "37.5104187252",
			"lastTm": "00:09",
			"posX": "206437.0487865645",
			"posY": "445668.78025701223",
			"routeType": "3",
			"sectSpd": "37",
			"section": "123603250",
			"seq": "40",
			"station": "123000065",
			"stationNm": "잠실종합운동장",
			"stationNo": "24154",
			"transYn": "N",
			"fullSectDist": "619",
			"trnstnid": "123000305"
		},
		{
			"arsId": "24157",
			"beginTm": "05:08",
			"busRouteAbrv": "333",
			"busRouteId": "100100496",
			"busRouteNm": "333",
			"direction": "올림픽공원",
			"gpsX": "127.0795554593",
			"gpsY": "37.5116128425",
			"lastTm": "00:10",
			"posX": "207032.73479024143",
			"posY": "445801.7802881198",
			"routeType": "3",
			"sectSpd": "33",
			"section": "123603251",
			"seq": "41",
			"station": "123000068",
			"stationNm": "종합운동장사거리",
			"stationNo": "24157",
			"transYn": "N",
			"fullSectDist": "646",
			"trnstnid": "123000305"
		},
		{
			"arsId": "24158",
			"beginTm": "05:09",
			"busRouteAbrv": "333",
			"busRouteId": "100100496",
			"busRouteNm": "333",
			"direction": "올림픽공원",
			"gpsX": "127.0844951326",
			"gpsY": "37.5114066648",
			"lastTm": "00:12",
			"posX": "207469.4245357473",
			"posY": "445779.2802959895",
			"routeType": "3",
			"sectSpd": "44",
			"section": "123604363",
			"seq": "42",
			"station": "123000069",
			"stationNm": "잠실새내역4번출구",
			"stationNo": "24158",
			"transYn": "N",
			"fullSectDist": "462",
			"trnstnid": "123000305"
		},
		{
			"arsId": "24436",
			"beginTm": "05:11",
			"busRouteAbrv": "333",
			"busRouteId": "100100496",
			"busRouteNm": "333",
			"direction": "올림픽공원",
			"gpsX": "127.0865838282",
			"gpsY": "37.5089235205",
			"lastTm": "00:13",
			"posX": "207654.32018910898",
			"posY": "445503.8802576782",
			"routeType": "3",
			"sectSpd": "29",
			"section": "123605002",
			"seq": "43",
			"station": "123000344",
			"stationNm": "새마을시장",
			"stationNo": "24436",
			"transYn": "N",
			"fullSectDist": "420",
			"trnstnid": "123000305"
		},
		{
			"arsId": "24437",
			"beginTm": "05:12",
			"busRouteAbrv": "333",
			"busRouteId": "100100496",
			"busRouteNm": "333",
			"direction": "올림픽공원",
			"gpsX": "127.0893716473",
			"gpsY": "37.5075860124",
			"lastTm": "00:14",
			"posX": "207900.91439681433",
			"posY": "445355.6802471215",
			"routeType": "3",
			"sectSpd": "17",
			"section": "123600408",
			"seq": "44",
			"station": "123000345",
			"stationNm": "잠실트리지움",
			"stationNo": "24437",
			"transYn": "N",
			"fullSectDist": "292",
			"trnstnid": "123000305"
		},
		{
			"arsId": "24171",
			"beginTm": "05:13",
			"busRouteAbrv": "333",
			"busRouteId": "100100496",
			"busRouteNm": "333",
			"direction": "올림픽공원",
			"gpsX": "127.0929452929",
			"gpsY": "37.5070038465",
			"lastTm": "00:15",
			"posX": "208216.90697621126",
			"posY": "445291.3802364478",
			"routeType": "3",
			"sectSpd": "41",
			"section": "123603436",
			"seq": "45",
			"station": "123000082",
			"stationNm": "잠실119안전센터",
			"stationNo": "24171",
			"transYn": "N",
			"fullSectDist": "325",
			"trnstnid": "123000305"
		},
		{
			"arsId": "24481",
			"beginTm": "05:15",
			"busRouteAbrv": "333",
			"busRouteId": "100100496",
			"busRouteNm": "333",
			"direction": "올림픽공원",
			"gpsX": "127.0982278035",
			"gpsY": "37.50627779",
			"lastTm": "00:17",
			"posX": "208683.99600228498",
			"posY": "445211.280242966",
			"routeType": "3",
			"sectSpd": "84",
			"section": "123600412",
			"seq": "46",
			"station": "123000522",
			"stationNm": "석촌호수서호사거리",
			"stationNo": "24481",
			"transYn": "N",
			"fullSectDist": "478",
			"trnstnid": "123000305"
		},
		{
			"arsId": "24483",
			"beginTm": "05:17",
			"busRouteAbrv": "333",
			"busRouteId": "100100496",
			"busRouteNm": "333",
			"direction": "올림픽공원",
			"gpsX": "127.1026500655",
			"gpsY": "37.5076563193",
			"lastTm": "00:18",
			"posX": "209074.78682114682",
			"posY": "445364.6802694285",
			"routeType": "3",
			"sectSpd": "22",
			"section": "123600413",
			"seq": "47",
			"station": "123000520",
			"stationNm": "미켈란호수가아파트",
			"stationNo": "24483",
			"transYn": "N",
			"fullSectDist": "401",
			"trnstnid": "123000305"
		},
		{
			"arsId": "24485",
			"beginTm": "05:18",
			"busRouteAbrv": "333",
			"busRouteId": "100100496",
			"busRouteNm": "333",
			"direction": "올림픽공원",
			"gpsX": "127.1067263617",
			"gpsY": "37.5106263397",
			"lastTm": "00:19",
			"posX": "209434.77836555944",
			"posY": "445694.6803242853",
			"routeType": "3",
			"sectSpd": "34",
			"section": "123605082",
			"seq": "48",
			"station": "123000518",
			"stationNm": "호수임광아파트",
			"stationNo": "24485",
			"transYn": "N",
			"fullSectDist": "500",
			"trnstnid": "123000305"
		},
		{
			"arsId": "24215",
			"beginTm": "05:21",
			"busRouteAbrv": "333",
			"busRouteId": "100100496",
			"busRouteNm": "333",
			"direction": "올림픽공원",
			"gpsX": "127.1078272813",
			"gpsY": "37.5131844651",
			"lastTm": "00:21",
			"posX": "209531.77608724576",
			"posY": "445978.68036059383",
			"routeType": "3",
			"sectSpd": "25",
			"section": "123600916",
			"seq": "49",
			"station": "123000126",
			"stationNm": "송파구청.방이맛골",
			"stationNo": "24215",
			"transYn": "N",
			"fullSectDist": "335",
			"trnstnid": "123000305"
		},
		{
			"arsId": "24216",
			"beginTm": "05:22",
			"busRouteAbrv": "333",
			"busRouteId": "100100496",
			"busRouteNm": "333",
			"direction": "올림픽공원",
			"gpsX": "127.1096189729",
			"gpsY": "37.5161753691",
			"lastTm": "00:23",
			"posX": "209689.77237156313",
			"posY": "446310.7804097929",
			"routeType": "3",
			"sectSpd": "37",
			"section": "123603441",
			"seq": "50",
			"station": "123000127",
			"stationNm": "잠실진주아파트",
			"stationNo": "24216",
			"transYn": "N",
			"fullSectDist": "561",
			"trnstnid": "123000305"
		},
		{
			"arsId": "24396",
			"beginTm": "05:24",
			"busRouteAbrv": "333",
			"busRouteId": "100100496",
			"busRouteNm": "333",
			"direction": "올림픽공원",
			"gpsX": "127.1134131446",
			"gpsY": "37.5168773481",
			"lastTm": "00:26",
			"posX": "210025.06449421315",
			"posY": "446389.0804271861",
			"routeType": "3",
			"sectSpd": "76",
			"section": "123600420",
			"seq": "51",
			"station": "123000305",
			"stationNm": "몽촌토성역.한성백제역",
			"stationNo": "24396",
			"transYn": "Y",
			"fullSectDist": "406",
			"trnstnid": "123000305"
		},
		{
			"arsId": "24210",
			"beginTm": "05:25",
			"busRouteAbrv": "333",
			"busRouteId": "100100496",
			"busRouteNm": "333",
			"direction": "복정역환승센터",
			"gpsX": "127.1142230711",
			"gpsY": "37.5138677953",
			"lastTm": "00:27",
			"posX": "210097.06280561545",
			"posY": "446055.1803909866",
			"routeType": "3",
			"sectSpd": "164",
			"section": "123605086",
			"seq": "52",
			"station": "123000121",
			"stationNm": "방이중학교",
			"stationNo": "24210",
			"transYn": "N",
			"fullSectDist": "549",
			"trnstnid": "123000305"
		},
		{
			"arsId": "24212",
			"beginTm": "05:26",
			"busRouteAbrv": "333",
			"busRouteId": "100100496",
			"busRouteNm": "333",
			"direction": "복정역환승센터",
			"gpsX": "127.1124463657",
			"gpsY": "37.5110032307",
			"lastTm": "00:30",
			"posX": "209940.38590409164",
			"posY": "445737.0948630059",
			"routeType": "3",
			"sectSpd": "17",
			"section": "123600239",
			"seq": "53",
			"station": "123000123",
			"stationNm": "송파나루역.방이시장",
			"stationNo": "24212",
			"transYn": "N",
			"fullSectDist": "355",
			"trnstnid": "123000305"
		},
		{
			"arsId": "24214",
			"beginTm": "05:27",
			"busRouteAbrv": "333",
			"busRouteId": "100100496",
			"busRouteNm": "333",
			"direction": "복정역환승센터",
			"gpsX": "127.1116741986",
			"gpsY": "37.5106794362",
			"lastTm": "00:31",
			"posX": "209872.16808366973",
			"posY": "445701.08033935586",
			"routeType": "3",
			"sectSpd": "68",
			"section": "123603442",
			"seq": "54",
			"station": "123000125",
			"stationNm": "송파나루역",
			"stationNo": "24214",
			"transYn": "N",
			"fullSectDist": "282",
			"trnstnid": "123000305"
		},
		{
			"arsId": "24486",
			"beginTm": "05:27",
			"busRouteAbrv": "333",
			"busRouteId": "100100496",
			"busRouteNm": "333",
			"direction": "복정역환승센터",
			"gpsX": "127.1072025448",
			"gpsY": "37.5113882396",
			"lastTm": "00:31",
			"posX": "209476.7773814733",
			"posY": "445779.2803365113",
			"routeType": "3",
			"sectSpd": "61",
			"section": "123603500",
			"seq": "55",
			"station": "123000517",
			"stationNm": "호수임광아파트",
			"stationNo": "24486",
			"transYn": "N",
			"fullSectDist": "460",
			"trnstnid": "123000305"
		},
		{
			"arsId": "24484",
			"beginTm": "05:29",
			"busRouteAbrv": "333",
			"busRouteId": "100100496",
			"busRouteNm": "333",
			"direction": "복정역환승센터",
			"gpsX": "127.1031124564",
			"gpsY": "37.5081977473",
			"lastTm": "00:32",
			"posX": "209115.59869506935",
			"posY": "445424.8101260103",
			"routeType": "3",
			"sectSpd": "61",
			"section": "123600428",
			"seq": "56",
			"station": "123000519",
			"stationNm": "미켈란호수가아파트",
			"stationNo": "24484",
			"transYn": "N",
			"fullSectDist": "506",
			"trnstnid": "123000305"
		},
		{
			"arsId": "24482",
			"beginTm": "05:33",
			"busRouteAbrv": "333",
			"busRouteId": "100100496",
			"busRouteNm": "333",
			"direction": "복정역환승센터",
			"gpsX": "127.099235139",
			"gpsY": "37.5065890171",
			"lastTm": "00:35",
			"posX": "208773.0148109963",
			"posY": "445245.91220484907",
			"routeType": "3",
			"sectSpd": "23",
			"section": "123600429",
			"seq": "57",
			"station": "123000521",
			"stationNm": "석촌호수서호사거리",
			"stationNo": "24482",
			"transYn": "N",
			"fullSectDist": "386",
			"trnstnid": "123000305"
		},
		{
			"arsId": "24153",
			"beginTm": "05:34",
			"busRouteAbrv": "333",
			"busRouteId": "100100496",
			"busRouteNm": "333",
			"direction": "복정역환승센터",
			"gpsX": "127.0947494345",
			"gpsY": "37.5070078199",
			"lastTm": "00:37",
			"posX": "208376.40322897342",
			"posY": "445291.9802483432",
			"routeType": "3",
			"sectSpd": "39",
			"section": "123603444",
			"seq": "58",
			"station": "123000064",
			"stationNm": "잠실119안전센터",
			"stationNo": "24153",
			"transYn": "N",
			"fullSectDist": "406",
			"trnstnid": "123000305"
		},
		{
			"arsId": "24152",
			"beginTm": "05:35",
			"busRouteAbrv": "333",
			"busRouteId": "100100496",
			"busRouteNm": "333",
			"direction": "복정역환승센터",
			"gpsX": "127.0902574376",
			"gpsY": "37.5076826578",
			"lastTm": "00:40",
			"posX": "207979.21255579428",
			"posY": "445366.48024357064",
			"routeType": "3",
			"sectSpd": "12",
			"section": "123603445",
			"seq": "59",
			"station": "123000063",
			"stationNm": "잠실트리지움",
			"stationNo": "24152",
			"transYn": "N",
			"fullSectDist": "404",
			"trnstnid": "123000305"
		},
		{
			"arsId": "24458",
			"beginTm": "05:38",
			"busRouteAbrv": "333",
			"busRouteId": "100100496",
			"busRouteNm": "333",
			"direction": "복정역환승센터",
			"gpsX": "127.0860380725",
			"gpsY": "37.5104224501",
			"lastTm": "00:42",
			"posX": "207605.92132357118",
			"posY": "445670.1802784852",
			"routeType": "3",
			"sectSpd": "21",
			"section": "123600434",
			"seq": "60",
			"station": "123000366",
			"stationNm": "잠실새내역앞",
			"stationNo": "24458",
			"transYn": "N",
			"fullSectDist": "531",
			"trnstnid": "123000305"
		},
		{
			"arsId": "24142",
			"beginTm": "05:40",
			"busRouteAbrv": "333",
			"busRouteId": "100100496",
			"busRouteNm": "333",
			"direction": "복정역환승센터",
			"gpsX": "127.0833904794",
			"gpsY": "37.5118706155",
			"lastTm": "00:43",
			"posX": "207371.7268267185",
			"posY": "445830.680298137",
			"routeType": "3",
			"sectSpd": "30",
			"section": "123604512",
			"seq": "61",
			"station": "123000053",
			"stationNm": "잠실엘스아파트앞",
			"stationNo": "24142",
			"transYn": "N",
			"fullSectDist": "321",
			"trnstnid": "123000305"
		},
		{
			"arsId": "24143",
			"beginTm": "05:44",
			"busRouteAbrv": "333",
			"busRouteId": "100100496",
			"busRouteNm": "333",
			"direction": "복정역환승센터",
			"gpsX": "127.0796916235",
			"gpsY": "37.512009235",
			"lastTm": "00:46",
			"posX": "207044.7345049944",
			"posY": "445845.7802943429",
			"routeType": "3",
			"sectSpd": "43",
			"section": "123604514",
			"seq": "62",
			"station": "123000054",
			"stationNm": "종합운동장사거리",
			"stationNo": "24143",
			"transYn": "N",
			"fullSectDist": "325",
			"trnstnid": "123000305"
		},
		{
			"arsId": "24144",
			"beginTm": "05:44",
			"busRouteAbrv": "333",
			"busRouteId": "100100496",
			"busRouteNm": "333",
			"direction": "복정역환승센터",
			"gpsX": "127.0720732937",
			"gpsY": "37.5111175337",
			"lastTm": "00:47",
			"posX": "206371.35033209657",
			"posY": "445746.2802644223",
			"routeType": "3",
			"sectSpd": "19",
			"section": "123604515",
			"seq": "63",
			"station": "123000055",
			"stationNm": "잠실종합운동장",
			"stationNo": "24144",
			"transYn": "N",
			"fullSectDist": "690",
			"trnstnid": "123000305"
		},
		{
			"arsId": "23196",
			"beginTm": "05:46",
			"busRouteAbrv": "333",
			"busRouteId": "100100496",
			"busRouteNm": "333",
			"direction": "복정역환승센터",
			"gpsX": "127.0657996068",
			"gpsY": "37.5099462683",
			"lastTm": "00:48",
			"posX": "205816.84104411287",
			"posY": "445615.8923290535",
			"routeType": "3",
			"sectSpd": "14",
			"section": "122601473",
			"seq": "64",
			"station": "122000093",
			"stationNm": "강남경찰서면허시험장",
			"stationNo": "23196",
			"transYn": "N",
			"fullSectDist": "580",
			"trnstnid": "123000305"
		},
		{
			"arsId": "23201",
			"beginTm": "05:47",
			"busRouteAbrv": "333",
			"busRouteId": "100100496",
			"busRouteNm": "333",
			"direction": "복정역환승센터",
			"gpsX": "127.0617005963",
			"gpsY": "37.5086670057",
			"lastTm": "00:51",
			"posX": "205454.57186194352",
			"posY": "445473.6802142509",
			"routeType": "3",
			"sectSpd": "45",
			"section": "122606253",
			"seq": "65",
			"station": "122000098",
			"stationNm": "한국무역센터.삼성역",
			"stationNo": "23201",
			"transYn": "N",
			"fullSectDist": "405",
			"trnstnid": "123000305"
		},
		{
			"arsId": "23217",
			"beginTm": "05:49",
			"busRouteAbrv": "333",
			"busRouteId": "100100496",
			"busRouteNm": "333",
			"direction": "복정역환승센터",
			"gpsX": "127.0554269279",
			"gpsY": "37.5066831874",
			"lastTm": "00:51",
			"posX": "204900.08488686843",
			"posY": "445253.18017782597",
			"routeType": "3",
			"sectSpd": "52",
			"section": "122600734",
			"seq": "66",
			"station": "122000114",
			"stationNm": "포스코건너편",
			"stationNo": "23217",
			"transYn": "N",
			"fullSectDist": "597",
			"trnstnid": "123000305"
		},
		{
			"arsId": "23241",
			"beginTm": "05:50",
			"busRouteAbrv": "333",
			"busRouteId": "100100496",
			"busRouteNm": "333",
			"direction": "복정역환승센터",
			"gpsX": "127.051217",
			"gpsY": "37.505447",
			"lastTm": "00:54",
			"posX": "204527.9757354205",
			"posY": "445115.78303837683",
			"routeType": "3",
			"sectSpd": "36",
			"section": "122606695",
			"seq": "67",
			"station": "122000645",
			"stationNm": "선릉역",
			"stationNo": "23241",
			"transYn": "N",
			"fullSectDist": "398",
			"trnstnid": "123000305"
		},
		{
			"arsId": "23307",
			"beginTm": "05:53",
			"busRouteAbrv": "333",
			"busRouteId": "100100496",
			"busRouteNm": "333",
			"direction": "복정역환승센터",
			"gpsX": "127.0498724735",
			"gpsY": "37.5022648571",
			"lastTm": "00:56",
			"posX": "204409.2964148153",
			"posY": "444762.5801107385",
			"routeType": "3",
			"sectSpd": "87",
			"section": "122606700",
			"seq": "68",
			"station": "122000203",
			"stationNm": "진선여자중고등학교",
			"stationNo": "23307",
			"transYn": "N",
			"fullSectDist": "488",
			"trnstnid": "123000305"
		},
		{
			"arsId": "23308",
			"beginTm": "05:54",
			"busRouteAbrv": "333",
			"busRouteId": "100100496",
			"busRouteNm": "333",
			"direction": "복정역환승센터",
			"gpsX": "127.0512977977",
			"gpsY": "37.4992545645",
			"lastTm": "00:57",
			"posX": "204535.4934512411",
			"posY": "444428.580059906",
			"routeType": "3",
			"sectSpd": "135",
			"section": "122606324",
			"seq": "69",
			"station": "122000204",
			"stationNm": "역삼e-편한세상아파트",
			"stationNo": "23308",
			"transYn": "N",
			"fullSectDist": "358",
			"trnstnid": "123000305"
		},
		{
			"arsId": "23222",
			"beginTm": "05:56",
			"busRouteAbrv": "333",
			"busRouteId": "100100496",
			"busRouteNm": "333",
			"direction": "복정역환승센터",
			"gpsX": "127.0541425059",
			"gpsY": "37.4964463596",
			"lastTm": "00:59",
			"posX": "204787.18754096993",
			"posY": "444117.0800298685",
			"routeType": "3",
			"sectSpd": "35",
			"section": "122603865",
			"seq": "70",
			"station": "122000119",
			"stationNm": "한티역3번출구.서울강남고용노동지청",
			"stationNo": "23222",
			"transYn": "N",
			"fullSectDist": "480",
			"trnstnid": "123000305"
		},
		{
			"arsId": "23223",
			"beginTm": "05:59",
			"busRouteAbrv": "333",
			"busRouteId": "100100496",
			"busRouteNm": "333",
			"direction": "복정역환승센터",
			"gpsX": "127.05956007",
			"gpsY": "37.4981982",
			"lastTm": "01:00",
			"posX": "205266.07629104558",
			"posY": "444311.78005729057",
			"routeType": "3",
			"sectSpd": "79",
			"section": "122606489",
			"seq": "71",
			"station": "122000120",
			"stationNm": "삼성아파트입구",
			"stationNo": "23223",
			"transYn": "N",
			"fullSectDist": "520",
			"trnstnid": "123000305"
		},
		{
			"arsId": "23224",
			"beginTm": "06:00",
			"busRouteAbrv": "333",
			"busRouteId": "100100496",
			"busRouteNm": "333",
			"direction": "복정역환승센터",
			"gpsX": "127.0611545494",
			"gpsY": "37.4979369667",
			"lastTm": "01:01",
			"posX": "205407.0729837075",
			"posY": "444282.8800590397",
			"routeType": "3",
			"sectSpd": "55",
			"section": "122603866",
			"seq": "72",
			"station": "122000121",
			"stationNm": "농협대치지점",
			"stationNo": "23224",
			"transYn": "N",
			"fullSectDist": "236",
			"trnstnid": "123000305"
		},
		{
			"arsId": "23225",
			"beginTm": "06:01",
			"busRouteAbrv": "333",
			"busRouteId": "100100496",
			"busRouteNm": "333",
			"direction": "복정역환승센터",
			"gpsX": "127.0620556876",
			"gpsY": "37.4962613463",
			"lastTm": "01:02",
			"posX": "205486.87110278697",
			"posY": "444096.9800278717",
			"routeType": "3",
			"sectSpd": "14",
			"section": "122604034",
			"seq": "73",
			"station": "122000122",
			"stationNm": "대치SK.VIEW아파트.서울교회",
			"stationNo": "23225",
			"transYn": "N",
			"fullSectDist": "201",
			"trnstnid": "123000305"
		},
		{
			"arsId": "23238",
			"beginTm": "06:02",
			"busRouteAbrv": "333",
			"busRouteId": "100100496",
			"busRouteNm": "333",
			"direction": "복정역환승센터",
			"gpsX": "127.0677076244",
			"gpsY": "37.4956049426",
			"lastTm": "01:03",
			"posX": "205986.65936092436",
			"posY": "444024.48002773104",
			"routeType": "3",
			"sectSpd": "37",
			"section": "122606543",
			"seq": "74",
			"station": "122000135",
			"stationNm": "대치동미도아파트",
			"stationNo": "23238",
			"transYn": "N",
			"fullSectDist": "639",
			"trnstnid": "123000305"
		},
		{
			"arsId": "23360",
			"beginTm": "06:04",
			"busRouteAbrv": "333",
			"busRouteId": "100100496",
			"busRouteNm": "333",
			"direction": "복정역환승센터",
			"gpsX": "127.072156",
			"gpsY": "37.492262",
			"lastTm": "01:06",
			"posX": "206380.26595988532",
			"posY": "443653.7889561751",
			"routeType": "3",
			"sectSpd": "56",
			"section": "122606704",
			"seq": "75",
			"station": "122000256",
			"stationNm": "개원중학교",
			"stationNo": "23360",
			"transYn": "N",
			"fullSectDist": "714",
			"trnstnid": "123000305"
		},
		{
			"arsId": "23361",
			"beginTm": "06:05",
			"busRouteAbrv": "333",
			"busRouteId": "100100496",
			"busRouteNm": "333",
			"direction": "복정역환승센터",
			"gpsX": "127.0737267782",
			"gpsY": "37.488952997",
			"lastTm": "01:08",
			"posX": "206519.44684805954",
			"posY": "443286.6799435853",
			"routeType": "3",
			"sectSpd": "41",
			"section": "122602865",
			"seq": "76",
			"station": "122000257",
			"stationNm": "개포주공7단지앞",
			"stationNo": "23361",
			"transYn": "N",
			"fullSectDist": "393",
			"trnstnid": "123000305"
		},
		{
			"arsId": "23449",
			"beginTm": "06:06",
			"busRouteAbrv": "333",
			"busRouteId": "100100496",
			"busRouteNm": "333",
			"direction": "복정역환승센터",
			"gpsX": "127.0795788268",
			"gpsY": "37.4824720603",
			"lastTm": "01:09",
			"posX": "207037.53467947993",
			"posY": "442567.8798539364",
			"routeType": "3",
			"sectSpd": "50",
			"section": "122606665",
			"seq": "77",
			"station": "122000337",
			"stationNm": "일원동한솔아파트",
			"stationNo": "23449",
			"transYn": "N",
			"fullSectDist": "987",
			"trnstnid": "123000305"
		},
		{
			"arsId": "23383",
			"beginTm": "06:09",
			"busRouteAbrv": "333",
			"busRouteId": "100100496",
			"busRouteNm": "333",
			"direction": "복정역환승센터",
			"gpsX": "127.0821222482",
			"gpsY": "37.4828046299",
			"lastTm": "01:12",
			"posX": "207262.4293969734",
			"posY": "442604.9798618546",
			"routeType": "3",
			"sectSpd": "33",
			"section": "122605991",
			"seq": "78",
			"station": "122000279",
			"stationNm": "상록수아파트앞",
			"stationNo": "23383",
			"transYn": "N",
			"fullSectDist": "237",
			"trnstnid": "123000305"
		},
		{
			"arsId": "23384",
			"beginTm": "06:11",
			"busRouteAbrv": "333",
			"busRouteId": "100100496",
			"busRouteNm": "333",
			"direction": "복정역환승센터",
			"gpsX": "127.0859753943",
			"gpsY": "37.4833831017",
			"lastTm": "01:13",
			"posX": "207603.12139544345",
			"posY": "442669.4798728158",
			"routeType": "3",
			"sectSpd": "37",
			"section": "122603645",
			"seq": "79",
			"station": "122000280",
			"stationNm": "일원본동주민센터",
			"stationNo": "23384",
			"transYn": "N",
			"fullSectDist": "347",
			"trnstnid": "123000305"
		},
		{
			"arsId": "23450",
			"beginTm": "06:13",
			"busRouteAbrv": "333",
			"busRouteId": "100100496",
			"busRouteNm": "333",
			"direction": "복정역환승센터",
			"gpsX": "127.089107",
			"gpsY": "37.483863",
			"lastTm": "01:16",
			"posX": "207880.01049845113",
			"posY": "442722.99402163597",
			"routeType": "3",
			"sectSpd": "42",
			"section": "122606604",
			"seq": "80",
			"station": "122000338",
			"stationNm": "시립수서청소년수련관",
			"stationNo": "23450",
			"transYn": "N",
			"fullSectDist": "283",
			"trnstnid": "123000305"
		},
		{
			"arsId": "23385",
			"beginTm": "06:14",
			"busRouteAbrv": "333",
			"busRouteId": "100100496",
			"busRouteNm": "333",
			"direction": "복정역환승센터",
			"gpsX": "127.0937686591",
			"gpsY": "37.4843205406",
			"lastTm": "01:17",
			"posX": "208292.2051063743",
			"posY": "442774.16990085645",
			"routeType": "3",
			"sectSpd": "85",
			"section": "122606606",
			"seq": "81",
			"station": "122000281",
			"stationNm": "수서119.안전센터앞",
			"stationNo": "23385",
			"transYn": "N",
			"fullSectDist": "418",
			"trnstnid": "123000305"
		},
		{
			"arsId": "23407",
			"beginTm": "06:15",
			"busRouteAbrv": "333",
			"busRouteId": "100100496",
			"busRouteNm": "333",
			"direction": "복정역환승센터",
			"gpsX": "127.0976066393",
			"gpsY": "37.4852808034",
			"lastTm": "01:18",
			"posX": "208631.49723015542",
			"posY": "442881.07992371824",
			"routeType": "3",
			"sectSpd": "43",
			"section": "122606608",
			"seq": "82",
			"station": "122000300",
			"stationNm": "궁마을",
			"stationNo": "23407",
			"transYn": "N",
			"fullSectDist": "375",
			"trnstnid": "123000305"
		},
		{
			"arsId": "23410",
			"beginTm": "06:16",
			"busRouteAbrv": "333",
			"busRouteId": "100100496",
			"busRouteNm": "333",
			"direction": "복정역환승센터",
			"gpsX": "127.1028677279",
			"gpsY": "37.4873984409",
			"lastTm": "01:19",
			"posX": "209096.4863066479",
			"posY": "443116.5799670438",
			"routeType": "3",
			"sectSpd": "54",
			"section": "122606039",
			"seq": "83",
			"station": "122000303",
			"stationNm": "수서역.로즈데일빌딩",
			"stationNo": "23410",
			"transYn": "N",
			"fullSectDist": "546",
			"trnstnid": "123000305"
		},
		{
			"arsId": "24333",
			"beginTm": "06:19",
			"busRouteAbrv": "333",
			"busRouteId": "100100496",
			"busRouteNm": "333",
			"direction": "복정역환승센터",
			"gpsX": "127.1125408941",
			"gpsY": "37.490476805",
			"lastTm": "01:21",
			"posX": "209951.46622476526",
			"posY": "443459.1800317066",
			"routeType": "3",
			"sectSpd": "58",
			"section": "123604547",
			"seq": "84",
			"station": "123000243",
			"stationNm": "문정2동주민센터.청소년수련관",
			"stationNo": "24333",
			"transYn": "N",
			"fullSectDist": "934",
			"trnstnid": "123000305"
		},
		{
			"arsId": "24334",
			"beginTm": "06:21",
			"busRouteAbrv": "333",
			"busRouteId": "100100496",
			"busRouteNm": "333",
			"direction": "복정역환승센터",
			"gpsX": "127.114910023",
			"gpsY": "37.4911854953",
			"lastTm": "01:24",
			"posX": "210160.86131071454",
			"posY": "443538.0800488326",
			"routeType": "3",
			"sectSpd": "17",
			"section": "123600340",
			"seq": "85",
			"station": "123000244",
			"stationNm": "훼미리근린공원",
			"stationNo": "24334",
			"transYn": "N",
			"fullSectDist": "221",
			"trnstnid": "123000305"
		},
		{
			"arsId": "24012",
			"beginTm": "06:22",
			"busRouteAbrv": "333",
			"busRouteId": "100100496",
			"busRouteNm": "333",
			"direction": "복정역환승센터",
			"gpsX": "127.1208232798",
			"gpsY": "37.4891398233",
			"lastTm": "01:24",
			"posX": "210684.029656408",
			"posY": "443311.71619502315",
			"routeType": "3",
			"sectSpd": "36",
			"section": "123600311",
			"seq": "86",
			"station": "123000012",
			"stationNm": "문정로데오거리입구",
			"stationNo": "24012",
			"transYn": "N",
			"fullSectDist": "788",
			"trnstnid": "123000305"
		},
		{
			"arsId": "24014",
			"beginTm": "06:25",
			"busRouteAbrv": "333",
			"busRouteId": "100100496",
			"busRouteNm": "333",
			"direction": "복정역환승센터",
			"gpsX": "127.123873",
			"gpsY": "37.48309",
			"lastTm": "01:28",
			"posX": "210954.59047561008",
			"posY": "442640.687726486",
			"routeType": "3",
			"sectSpd": "41",
			"section": "123603243",
			"seq": "87",
			"station": "123000014",
			"stationNm": "문정법조단지.건영아파트",
			"stationNo": "24014",
			"transYn": "N",
			"fullSectDist": "733",
			"trnstnid": "123000305"
		},
		{
			"arsId": "24016",
			"beginTm": "06:27",
			"busRouteAbrv": "333",
			"busRouteId": "100100496",
			"busRouteNm": "333",
			"direction": "복정역환승센터",
			"gpsX": "127.125472",
			"gpsY": "37.479907",
			"lastTm": "01:29",
			"posX": "211096.46728940844",
			"posY": "442287.64191339957",
			"routeType": "3",
			"sectSpd": "40",
			"section": "123600316",
			"seq": "88",
			"station": "123000016",
			"stationNm": "장지역.가든파이브",
			"stationNo": "24016",
			"transYn": "N",
			"fullSectDist": "391",
			"trnstnid": "123000305"
		},
		{
			"arsId": "24440",
			"beginTm": "06:28",
			"busRouteAbrv": "333",
			"busRouteId": "100100496",
			"busRouteNm": "333",
			"direction": "복정역환승센터",
			"gpsX": "127.1333813399",
			"gpsY": "37.4744546849",
			"lastTm": "01:30",
			"posX": "211796.80926510115",
			"posY": "441683.5337304571",
			"routeType": "3",
			"sectSpd": "16",
			"section": "204600344",
			"seq": "89",
			"station": "123000631",
			"stationNm": "위례31단지.위례포레샤인후문",
			"stationNo": "24440",
			"transYn": "N",
			"fullSectDist": "888",
			"trnstnid": "123000305"
		},
		{
			"arsId": "24492",
			"beginTm": "06:31",
			"busRouteAbrv": "333",
			"busRouteId": "100100496",
			"busRouteNm": "333",
			"direction": "복정역환승센터",
			"gpsX": "127.1411478405",
			"gpsY": "37.4758687793",
			"lastTm": "01:37",
			"posX": "212483.47653223723",
			"posY": "441841.4637619951",
			"routeType": "3",
			"sectSpd": "14",
			"section": "123604088",
			"seq": "90",
			"station": "123000576",
			"stationNm": "위례아이파크아파트앞",
			"stationNo": "24492",
			"transYn": "N",
			"fullSectDist": "858",
			"trnstnid": "123000305"
		},
		{
			"arsId": "24509",
			"beginTm": "06:34",
			"busRouteAbrv": "333",
			"busRouteId": "100100496",
			"busRouteNm": "333",
			"direction": "복정역환승센터",
			"gpsX": "127.1418951814",
			"gpsY": "37.4779868491",
			"lastTm": "01:40",
			"posX": "212549.21911884108",
			"posY": "442076.61550174793",
			"routeType": "3",
			"sectSpd": "22",
			"section": "123605474",
			"seq": "91",
			"station": "123000683",
			"stationNm": "송례중학교.위례아이파크",
			"stationNo": "24509",
			"transYn": "N",
			"fullSectDist": "249",
			"trnstnid": "123000305"
		},
		{
			"arsId": "24418",
			"beginTm": "06:35",
			"busRouteAbrv": "333",
			"busRouteId": "100100496",
			"busRouteNm": "333",
			"direction": "복정역환승센터",
			"gpsX": "127.1419922382",
			"gpsY": "37.4794843685",
			"lastTm": "01:40",
			"posX": "212557.55223033315",
			"posY": "442242.8154324787",
			"routeType": "3",
			"sectSpd": "6",
			"section": "123605475",
			"seq": "92",
			"station": "123000620",
			"stationNm": "힐스테이트송파.송파더센트레",
			"stationNo": "24418",
			"transYn": "N",
			"fullSectDist": "177",
			"trnstnid": "123000305"
		},
		{
			"arsId": "24416",
			"beginTm": "06:35",
			"busRouteAbrv": "333",
			"busRouteId": "100100496",
			"busRouteNm": "333",
			"direction": "복정역환승센터",
			"gpsX": "127.1436199149",
			"gpsY": "37.4812781589",
			"lastTm": "01:42",
			"posX": "212701.1976351063",
			"posY": "442442.09942556964",
			"routeType": "3",
			"sectSpd": "33",
			"section": "123605092",
			"seq": "93",
			"station": "123000618",
			"stationNm": "위례동주민센터.위례스타힐스",
			"stationNo": "24416",
			"transYn": "N",
			"fullSectDist": "381",
			"trnstnid": "123000305"
		},
		{
			"arsId": "24414",
			"beginTm": "06:37",
			"busRouteAbrv": "333",
			"busRouteId": "100100496",
			"busRouteNm": "333",
			"direction": "복정역환승센터",
			"gpsX": "127.1442355739",
			"gpsY": "37.4802153557",
			"lastTm": "01:44",
			"posX": "212755.82487298516",
			"posY": "442324.23818135355",
			"routeType": "3",
			"sectSpd": "16",
			"section": "123605094",
			"seq": "94",
			"station": "123000617",
			"stationNm": "위례별초등학교.위례2차아이파크",
			"stationNo": "24414",
			"transYn": "N",
			"fullSectDist": "210",
			"trnstnid": "123000305"
		},
		{
			"arsId": "24412",
			"beginTm": "06:38",
			"busRouteAbrv": "333",
			"busRouteId": "100100496",
			"busRouteNm": "333",
			"direction": "복정역환승센터",
			"gpsX": "127.1440332271",
			"gpsY": "37.4772256941",
			"lastTm": "01:45",
			"posX": "212738.43732725657",
			"posY": "441992.4335324713",
			"routeType": "3",
			"sectSpd": "36",
			"section": "123605096",
			"seq": "95",
			"station": "123000615",
			"stationNm": "송파와이즈더샵.엠코타운센트로엘",
			"stationNo": "24412",
			"transYn": "N",
			"fullSectDist": "334",
			"trnstnid": "123000305"
		},
		{
			"arsId": "24410",
			"beginTm": "06:40",
			"busRouteAbrv": "333",
			"busRouteId": "100100496",
			"busRouteNm": "333",
			"direction": "복정역환승센터",
			"gpsX": "127.1432260545",
			"gpsY": "37.4747588958",
			"lastTm": "01:50",
			"posX": "212667.46653397143",
			"posY": "441718.57219851855",
			"routeType": "3",
			"sectSpd": "11",
			"section": "123604272",
			"seq": "96",
			"station": "123000613",
			"stationNm": "위례중앙푸르지오.신안인스빌",
			"stationNo": "24410",
			"transYn": "N",
			"fullSectDist": "291",
			"trnstnid": "123000305"
		},
		{
			"arsId": "48632",
			"beginTm": "06:41",
			"busRouteAbrv": "333",
			"busRouteId": "100100496",
			"busRouteNm": "333",
			"direction": "복정역환승센터",
			"gpsX": "127.1431706191",
			"gpsY": "37.4721140118",
			"lastTm": "01:49",
			"posX": "212663.00983788545",
			"posY": "441425.04939524736",
			"routeType": "3",
			"sectSpd": "11",
			"section": "123603944",
			"seq": "97",
			"station": "204000329",
			"stationNm": "위례35단지아파트",
			"stationNo": "48632",
			"transYn": "N",
			"fullSectDist": "293",
			"trnstnid": "123000305"
		},
		{
			"arsId": "48630",
			"beginTm": "06:43",
			"busRouteAbrv": "333",
			"busRouteId": "100100496",
			"busRouteNm": "333",
			"direction": "복정역환승센터",
			"gpsX": "127.1416861343",
			"gpsY": "37.4710506577",
			"lastTm": "01:50",
			"posX": "212531.88909456157",
			"posY": "441306.8454097039",
			"routeType": "3",
			"sectSpd": "13",
			"section": "204600323",
			"seq": "98",
			"station": "204000240",
			"stationNm": "위례동행정복지센터.위례보미리 ",
			"stationNo": "48630",
			"transYn": "N",
			"fullSectDist": "264",
			"trnstnid": "123000305"
		},
		{
			"arsId": "48626",
			"beginTm": "06:44",
			"busRouteAbrv": "333",
			"busRouteId": "100100496",
			"busRouteNm": "333",
			"direction": "복정역환승센터",
			"gpsX": "127.1380784425",
			"gpsY": "37.4712033127",
			"lastTm": "01:51",
			"posX": "212212.77010550024",
			"posY": "441323.3123157765",
			"routeType": "3",
			"sectSpd": "12",
			"section": "204900425",
			"seq": "99",
			"station": "204000235",
			"stationNm": "위례중앙중학교",
			"stationNo": "48626",
			"transYn": "N",
			"fullSectDist": "318",
			"trnstnid": "123000305"
		},
		{
			"arsId": "48622",
			"beginTm": "06:46",
			"busRouteAbrv": "333",
			"busRouteId": "100100496",
			"busRouteNm": "333",
			"direction": "복정역환승센터",
			"gpsX": "127.1367780939",
			"gpsY": "37.4699216331",
			"lastTm": "01:53",
			"posX": "212097.96330756135",
			"posY": "441180.91049009655",
			"routeType": "3",
			"sectSpd": "7",
			"section": "204900442",
			"seq": "100",
			"station": "204000322",
			"stationNm": "위례자이",
			"stationNo": "48622",
			"transYn": "N",
			"fullSectDist": "247",
			"trnstnid": "123000305"
		},
		{
			"arsId": "48620",
			"beginTm": ":",
			"busRouteAbrv": "333",
			"busRouteId": "100100496",
			"busRouteNm": "333",
			"direction": "복정역환승센터",
			"gpsX": "127.1362121865",
			"gpsY": "37.4666134514",
			"lastTm": ":",
			"posX": "212048.43996318133",
			"posY": "440813.7136517754",
			"routeType": "3",
			"sectSpd": "14",
			"section": "204900435",
			"seq": "101",
			"station": "204000317",
			"stationNm": "위례서일로마을입구",
			"stationNo": "48620",
			"transYn": "N",
			"fullSectDist": "384",
			"trnstnid": "123000305"
		},
		{
			"arsId": "48618",
			"beginTm": "06:50",
			"busRouteAbrv": "333",
			"busRouteId": "100100496",
			"busRouteNm": "333",
			"direction": "복정역환승센터",
			"gpsX": "127.135328359",
			"gpsY": "37.4658389635",
			"lastTm": "01:54",
			"posX": "211970.38580827782",
			"posY": "440727.6524715731",
			"routeType": "3",
			"sectSpd": "13",
			"section": "204900436",
			"seq": "102",
			"station": "204000147",
			"stationNm": "복정고등학교.복정지구",
			"stationNo": "48618",
			"transYn": "N",
			"fullSectDist": "368",
			"trnstnid": "123000305"
		},
		{
			"arsId": "24500",
			"beginTm": "06:50",
			"busRouteAbrv": "333",
			"busRouteId": "100100496",
			"busRouteNm": "333",
			"direction": "복정역환승센터",
			"gpsX": "127.1274771022",
			"gpsY": "37.4699638279",
			"lastTm": "01:54",
			"posX": "211275.28790308814",
			"posY": "441184.4389353818",
			"routeType": "3",
			"sectSpd": "15",
			"section": "123605337",
			"seq": "103",
			"station": "123000659",
			"stationNm": "복정역환승센터2번승강장",
			"stationNo": "24500",
			"transYn": "N",
			"fullSectDist": "1064",
			"trnstnid": "123000305"
		}
	]
}