{
	"count": 89,
	"result": [
		{
			"arsId": "35331",
			"beginTm": "04:30",
			"busRouteAbrv": "7019",
			"busRouteId": "100100339",
			"busRouteNm": "7019",
			"direction": "서소문",
			"gpsX": "126.8836969989",
			"gpsY": "37.5917744019",
			"lastTm": "22:40",
			"posX": "189729.7727087939",
			"posY": "454701.1857221406",
			"routeType": "4",
			"sectSpd": "2",
			"section": "111603814",
			"seq": "1",
			"station": "111000907",
			"stationNm": "은평공영차고지",
			"stationNo": "35331",
			"transYn": "N",
			"fullSectDist": "11",
			"trnstnid": "101000038"
		},
		{
			"arsId": "35341",
			"beginTm": "04:50",
			"busRouteAbrv": "7019",
			"busRouteId": "100100339",
			"busRouteNm": "7019",
			"direction": "서소문",
			"gpsX": "126.8837780252",
			"gpsY": "37.5896866224",
			"lastTm": "22:55",
			"posX": "189736.64109749222",
			"posY": "454469.4815184297",
			"routeType": "4",
			"sectSpd": "8",
			"section": "111600727",
			"seq": "2",
			"station": "111000908",
			"stationNm": "덕은교.은평차고지앞",
			"stationNo": "35341",
			"transYn": "N",
			"fullSectDist": "275",
			"trnstnid": "101000038"
		},
		{
			"arsId": "14112",
			"beginTm": "04:31",
			"busRouteAbrv": "7019",
			"busRouteId": "100100339",
			"busRouteNm": "7019",
			"direction": "서소문",
			"gpsX": "126.884787",
			"gpsY": "37.585598",
			"lastTm": "22:56",
			"posX": "189825.1853681312",
			"posY": "454015.6292510638",
			"routeType": "4",
			"sectSpd": "15",
			"section": "111600275",
			"seq": "3",
			"station": "113000022",
			"stationNm": "DMC첨단산업센터",
			"stationNo": "14112",
			"transYn": "N",
			"fullSectDist": "688",
			"trnstnid": "101000038"
		},
		{
			"arsId": "14291",
			"beginTm": "04:33",
			"busRouteAbrv": "7019",
			"busRouteId": "100100339",
			"busRouteNm": "7019",
			"direction": "서소문",
			"gpsX": "126.8840462067",
			"gpsY": "37.5817798292",
			"lastTm": "22:58",
			"posX": "189759.24057216986",
			"posY": "453591.98140510917",
			"routeType": "4",
			"sectSpd": "43",
			"section": "113604868",
			"seq": "4",
			"station": "113000197",
			"stationNm": "상암고등학교",
			"stationNo": "14291",
			"transYn": "N",
			"fullSectDist": "598",
			"trnstnid": "101000038"
		},
		{
			"arsId": "14289",
			"beginTm": "04:36",
			"busRouteAbrv": "7019",
			"busRouteId": "100100339",
			"busRouteNm": "7019",
			"direction": "서소문",
			"gpsX": "126.8865178403",
			"gpsY": "37.5803332786",
			"lastTm": "23:00",
			"posX": "189977.33544468525",
			"posY": "453431.18137627095",
			"routeType": "4",
			"sectSpd": "96",
			"section": "113604870",
			"seq": "5",
			"station": "113000195",
			"stationNm": "월드컵파크5단지",
			"stationNo": "14289",
			"transYn": "N",
			"fullSectDist": "274",
			"trnstnid": "101000038"
		},
		{
			"arsId": "14306",
			"beginTm": "04:37",
			"busRouteAbrv": "7019",
			"busRouteId": "100100339",
			"busRouteNm": "7019",
			"direction": "서소문",
			"gpsX": "126.8900280632",
			"gpsY": "37.5778099439",
			"lastTm": "23:01",
			"posX": "190287.0281680297",
			"posY": "453150.781327337",
			"routeType": "4",
			"sectSpd": "58",
			"section": "113601105",
			"seq": "6",
			"station": "113000203",
			"stationNm": "월드컵파크4단지후문.JTBC",
			"stationNo": "14306",
			"transYn": "N",
			"fullSectDist": "492",
			"trnstnid": "101000038"
		},
		{
			"arsId": "14108",
			"beginTm": "04:38",
			"busRouteAbrv": "7019",
			"busRouteId": "100100339",
			"busRouteNm": "7019",
			"direction": "서소문",
			"gpsX": "126.8881293588",
			"gpsY": "37.572526867",
			"lastTm": "23:02",
			"posX": "190118.63212984675",
			"posY": "452564.681257769",
			"routeType": "4",
			"sectSpd": "45",
			"section": "113600726",
			"seq": "7",
			"station": "113000018",
			"stationNm": "월드컵파크3단지.난지천공원",
			"stationNo": "14108",
			"transYn": "N",
			"fullSectDist": "771",
			"trnstnid": "101000038"
		},
		{
			"arsId": "14105",
			"beginTm": "04:39",
			"busRouteAbrv": "7019",
			"busRouteId": "100100339",
			"busRouteNm": "7019",
			"direction": "서소문",
			"gpsX": "126.895467768",
			"gpsY": "37.569236499",
			"lastTm": "23:06",
			"posX": "190766.4169088122",
			"posY": "452198.78119405545",
			"routeType": "4",
			"sectSpd": "81",
			"section": "113605009",
			"seq": "8",
			"station": "113000015",
			"stationNm": "월드컵경기장서측.문화비축기지",
			"stationNo": "14105",
			"transYn": "N",
			"fullSectDist": "981",
			"trnstnid": "101000038"
		},
		{
			"arsId": "12173",
			"beginTm": "04:43",
			"busRouteAbrv": "7019",
			"busRouteId": "100100339",
			"busRouteNm": "7019",
			"direction": "서소문",
			"gpsX": "126.9063881275",
			"gpsY": "37.5805912987",
			"lastTm": "23:09",
			"posX": "191732.29421906034",
			"posY": "453457.8813382606",
			"routeType": "4",
			"sectSpd": "12",
			"section": "111600549",
			"seq": "9",
			"station": "111000085",
			"stationNm": "증산종합시장.증산중학교입구",
			"stationNo": "12173",
			"transYn": "N",
			"fullSectDist": "1615",
			"trnstnid": "101000038"
		},
		{
			"arsId": "12174",
			"beginTm": "04:46",
			"busRouteAbrv": "7019",
			"busRouteId": "100100339",
			"busRouteNm": "7019",
			"direction": "서소문",
			"gpsX": "126.909681456",
			"gpsY": "37.5836809982",
			"lastTm": "23:13",
			"posX": "192023.4873828335",
			"posY": "453800.48138394346",
			"routeType": "4",
			"sectSpd": "46",
			"section": "111603537",
			"seq": "10",
			"station": "111000086",
			"stationNm": "증산역.증산동주민센터",
			"stationNo": "12174",
			"transYn": "N",
			"fullSectDist": "450",
			"trnstnid": "101000038"
		},
		{
			"arsId": "13236",
			"beginTm": "04:47",
			"busRouteAbrv": "7019",
			"busRouteId": "100100339",
			"busRouteNm": "7019",
			"direction": "서소문",
			"gpsX": "126.912510399",
			"gpsY": "37.5827920973",
			"lastTm": "23:13",
			"posX": "192273.23461235024",
			"posY": "453701.59759809263",
			"routeType": "4",
			"sectSpd": "32",
			"section": "112603716",
			"seq": "11",
			"station": "112000153",
			"stationNm": "북가좌119안전센터",
			"stationNo": "13236",
			"transYn": "N",
			"fullSectDist": "403",
			"trnstnid": "101000038"
		},
		{
			"arsId": "13234",
			"beginTm": "04:49",
			"busRouteAbrv": "7019",
			"busRouteId": "100100339",
			"busRouteNm": "7019",
			"direction": "서소문",
			"gpsX": "126.9145676074",
			"gpsY": "37.5812607865",
			"lastTm": "23:15",
			"posX": "192454.7653119957",
			"posY": "453531.490510528",
			"routeType": "4",
			"sectSpd": "82",
			"section": "112603718",
			"seq": "12",
			"station": "112000151",
			"stationNm": "북가좌사거리",
			"stationNo": "13234",
			"transYn": "N",
			"fullSectDist": "263",
			"trnstnid": "101000038"
		},
		{
			"arsId": "13267",
			"beginTm": "04:49",
			"busRouteAbrv": "7019",
			"busRouteId": "100100339",
			"busRouteNm": "7019",
			"direction": "서소문",
			"gpsX": "126.915323745",
			"gpsY": "37.5805574973",
			"lastTm": "23:16",
			"posX": "192521.47568320896",
			"posY": "453453.3813269292",
			"routeType": "4",
			"sectSpd": "76",
			"section": "112603720",
			"seq": "13",
			"station": "112000184",
			"stationNm": "DMC두산위브아파트",
			"stationNo": "13267",
			"transYn": "N",
			"fullSectDist": "167",
			"trnstnid": "101000038"
		},
		{
			"arsId": "13232",
			"beginTm": "04:50",
			"busRouteAbrv": "7019",
			"busRouteId": "100100339",
			"busRouteNm": "7019",
			"direction": "서소문",
			"gpsX": "126.9172942879",
			"gpsY": "37.5791189521",
			"lastTm": "23:16",
			"posX": "192695.37159935018",
			"posY": "453293.58130393224",
			"routeType": "4",
			"sectSpd": "20",
			"section": "112603722",
			"seq": "14",
			"station": "112000149",
			"stationNm": "연가초교.DMC래미안클라시스",
			"stationNo": "13232",
			"transYn": "N",
			"fullSectDist": "248",
			"trnstnid": "101000038"
		},
		{
			"arsId": "13194",
			"beginTm": "04:51",
			"busRouteAbrv": "7019",
			"busRouteId": "100100339",
			"busRouteNm": "7019",
			"direction": "서소문",
			"gpsX": "126.9235485995",
			"gpsY": "37.5791366844",
			"lastTm": "23:17",
			"posX": "193247.75861987524",
			"posY": "453295.0812858823",
			"routeType": "4",
			"sectSpd": "15",
			"section": "112600801",
			"seq": "15",
			"station": "112000111",
			"stationNm": "명지대",
			"stationNo": "13194",
			"transYn": "N",
			"fullSectDist": "659",
			"trnstnid": "101000038"
		},
		{
			"arsId": "13196",
			"beginTm": "04:53",
			"busRouteAbrv": "7019",
			"busRouteId": "100100339",
			"busRouteNm": "7019",
			"direction": "서소문",
			"gpsX": "126.9259970375",
			"gpsY": "37.5808196791",
			"lastTm": "23:20",
			"posX": "193464.15354003",
			"posY": "453481.68130789977",
			"routeType": "4",
			"sectSpd": "14",
			"section": "112603698",
			"seq": "16",
			"station": "112000113",
			"stationNm": "명지대삼거리",
			"stationNo": "13196",
			"transYn": "N",
			"fullSectDist": "286",
			"trnstnid": "101000038"
		},
		{
			"arsId": "13219",
			"beginTm": "04:54",
			"busRouteAbrv": "7019",
			"busRouteId": "100100339",
			"busRouteNm": "7019",
			"direction": "서소문",
			"gpsX": "126.925790144",
			"gpsY": "37.5827929363",
			"lastTm": "23:21",
			"posX": "193446.05395835568",
			"posY": "453700.6813360043",
			"routeType": "4",
			"sectSpd": "26",
			"section": "112600804",
			"seq": "17",
			"station": "112000136",
			"stationNm": "명지중고등학교",
			"stationNo": "13219",
			"transYn": "N",
			"fullSectDist": "277",
			"trnstnid": "101000038"
		},
		{
			"arsId": "13221",
			"beginTm": "04:55",
			"busRouteAbrv": "7019",
			"busRouteId": "100100339",
			"busRouteNm": "7019",
			"direction": "서소문",
			"gpsX": "126.9240809439",
			"gpsY": "37.5845093265",
			"lastTm": "23:23",
			"posX": "193295.2575078657",
			"posY": "453891.281371695",
			"routeType": "4",
			"sectSpd": "18",
			"section": "112603700",
			"seq": "18",
			"station": "112000138",
			"stationNm": "명지전문대.충암중고등학교",
			"stationNo": "13221",
			"transYn": "N",
			"fullSectDist": "244",
			"trnstnid": "101000038"
		},
		{
			"arsId": "12415",
			"beginTm": "04:56",
			"busRouteAbrv": "7019",
			"busRouteId": "100100339",
			"busRouteNm": "7019",
			"direction": "서소문",
			"gpsX": "126.9197501614",
			"gpsY": "37.5864005517",
			"lastTm": "23:23",
			"posX": "192912.96648723737",
			"posY": "454101.4814030025",
			"routeType": "4",
			"sectSpd": "20",
			"section": "111603861",
			"seq": "19",
			"station": "111000320",
			"stationNm": "응암정보도서관",
			"stationNo": "12415",
			"transYn": "N",
			"fullSectDist": "570",
			"trnstnid": "101000038"
		},
		{
			"arsId": "12417",
			"beginTm": "04:59",
			"busRouteAbrv": "7019",
			"busRouteId": "100100339",
			"busRouteNm": "7019",
			"direction": "서소문",
			"gpsX": "126.9181435403",
			"gpsY": "37.5852370433",
			"lastTm": "23:25",
			"posX": "192770.96982305788",
			"posY": "453972.48138976144",
			"routeType": "4",
			"sectSpd": "64",
			"section": "111603864",
			"seq": "20",
			"station": "111000322",
			"stationNm": "서울중앙교회앞",
			"stationNo": "12417",
			"transYn": "N",
			"fullSectDist": "220",
			"trnstnid": "101000038"
		},
		{
			"arsId": "13265",
			"beginTm": "05:00",
			"busRouteAbrv": "7019",
			"busRouteId": "100100339",
			"busRouteNm": "7019",
			"direction": "서소문",
			"gpsX": "126.9196202751",
			"gpsY": "37.5829339719",
			"lastTm": "23:26",
			"posX": "192901.16675894003",
			"posY": "453716.78134931996",
			"routeType": "4",
			"sectSpd": "32",
			"section": "112603725",
			"seq": "21",
			"station": "112000182",
			"stationNm": "은가어린이공원구150번종점",
			"stationNo": "13265",
			"transYn": "N",
			"fullSectDist": "543",
			"trnstnid": "101000038"
		},
		{
			"arsId": "12418",
			"beginTm": "05:01",
			"busRouteAbrv": "7019",
			"busRouteId": "100100339",
			"busRouteNm": "7019",
			"direction": "서소문",
			"gpsX": "126.918876351",
			"gpsY": "37.5850429138",
			"lastTm": "23:28",
			"posX": "192835.66830392063",
			"posY": "453950.881379121",
			"routeType": "4",
			"sectSpd": "31",
			"section": "112603728",
			"seq": "22",
			"station": "111000323",
			"stationNm": "우성공인중개사",
			"stationNo": "12418",
			"transYn": "N",
			"fullSectDist": "246",
			"trnstnid": "101000038"
		},
		{
			"arsId": "12416",
			"beginTm": "05:02",
			"busRouteAbrv": "7019",
			"busRouteId": "100100339",
			"busRouteNm": "7019",
			"direction": "서소문",
			"gpsX": "126.9201891291",
			"gpsY": "37.5867495708",
			"lastTm": "23:29",
			"posX": "192951.7655729343",
			"posY": "454140.1814028006",
			"routeType": "4",
			"sectSpd": "41",
			"section": "111603869",
			"seq": "23",
			"station": "111000321",
			"stationNm": "응암정보도서관",
			"stationNo": "12416",
			"transYn": "N",
			"fullSectDist": "289",
			"trnstnid": "101000038"
		},
		{
			"arsId": "12266",
			"beginTm": "05:02",
			"busRouteAbrv": "7019",
			"busRouteId": "100100339",
			"busRouteNm": "7019",
			"direction": "서소문",
			"gpsX": "126.9228521457",
			"gpsY": "37.5869567896",
			"lastTm": "23:30",
			"posX": "193186.96004561207",
			"posY": "454162.9814014742",
			"routeType": "4",
			"sectSpd": "26",
			"section": "111600736",
			"seq": "24",
			"station": "111000176",
			"stationNm": "충암고교앞.대주피오레아파트",
			"stationNo": "12266",
			"transYn": "N",
			"fullSectDist": "460",
			"trnstnid": "101000038"
		},
		{
			"arsId": "12473",
			"beginTm": "05:04",
			"busRouteAbrv": "7019",
			"busRouteId": "100100339",
			"busRouteNm": "7019",
			"direction": "서소문",
			"gpsX": "126.9227143861",
			"gpsY": "37.5887750972",
			"lastTm": "23:33",
			"posX": "193174.96032641936",
			"posY": "454364.78142872266",
			"routeType": "4",
			"sectSpd": "15",
			"section": "111600737",
			"seq": "25",
			"station": "111000940",
			"stationNm": "응암초교.백련산힐스테이트3차",
			"stationNo": "12473",
			"transYn": "N",
			"fullSectDist": "202",
			"trnstnid": "101000038"
		},
		{
			"arsId": "12267",
			"beginTm": "05:05",
			"busRouteAbrv": "7019",
			"busRouteId": "100100339",
			"busRouteNm": "7019",
			"direction": "서소문",
			"gpsX": "126.9228701963",
			"gpsY": "37.5903133577",
			"lastTm": "23:33",
			"posX": "193188.86000569447",
			"posY": "454535.4814521158",
			"routeType": "4",
			"sectSpd": "16",
			"section": "111603873",
			"seq": "26",
			"station": "111000177",
			"stationNm": "백련산힐스테이트2차",
			"stationNo": "12267",
			"transYn": "N",
			"fullSectDist": "171",
			"trnstnid": "101000038"
		},
		{
			"arsId": "12268",
			"beginTm": "05:05",
			"busRouteAbrv": "7019",
			"busRouteId": "100100339",
			"busRouteNm": "7019",
			"direction": "서소문",
			"gpsX": "126.923156863",
			"gpsY": "37.5934475303",
			"lastTm": "23:35",
			"posX": "193214.45940619925",
			"posY": "454883.2815006012",
			"routeType": "4",
			"sectSpd": "13",
			"section": "111603875",
			"seq": "27",
			"station": "111000178",
			"stationNm": "시립은평병원",
			"stationNo": "12268",
			"transYn": "N",
			"fullSectDist": "349",
			"trnstnid": "101000038"
		},
		{
			"arsId": "12241",
			"beginTm": "05:06",
			"busRouteAbrv": "7019",
			"busRouteId": "100100339",
			"busRouteNm": "7019",
			"direction": "서소문",
			"gpsX": "126.9236015835",
			"gpsY": "37.5959245549",
			"lastTm": "23:36",
			"posX": "193253.95354223816",
			"posY": "455158.14213475306",
			"routeType": "4",
			"sectSpd": "29",
			"section": "111604117",
			"seq": "28",
			"station": "111001132",
			"stationNm": "응암2동주민센터",
			"stationNo": "12241",
			"transYn": "N",
			"fullSectDist": "305",
			"trnstnid": "101000038"
		},
		{
			"arsId": "12269",
			"beginTm": "05:08",
			"busRouteAbrv": "7019",
			"busRouteId": "100100339",
			"busRouteNm": "7019",
			"direction": "서소문",
			"gpsX": "126.92416574",
			"gpsY": "37.5969092616",
			"lastTm": "23:37",
			"posX": "193303.85730313134",
			"posY": "455267.38155208156",
			"routeType": "4",
			"sectSpd": "10",
			"section": "111603878",
			"seq": "29",
			"station": "111000179",
			"stationNm": "영락중학교입구",
			"stationNo": "12269",
			"transYn": "N",
			"fullSectDist": "127",
			"trnstnid": "101000038"
		},
		{
			"arsId": "12476",
			"beginTm": "05:08",
			"busRouteAbrv": "7019",
			"busRouteId": "100100339",
			"busRouteNm": "7019",
			"direction": "서소문",
			"gpsX": "126.9259022216",
			"gpsY": "37.5987999451",
			"lastTm": "23:37",
			"posX": "193457.35369656724",
			"posY": "455477.0815799255",
			"routeType": "4",
			"sectSpd": "17",
			"section": "111600741",
			"seq": "30",
			"station": "111000943",
			"stationNm": "녹번센트레빌아파트",
			"stationNo": "12476",
			"transYn": "N",
			"fullSectDist": "259",
			"trnstnid": "101000038"
		},
		{
			"arsId": "12270",
			"beginTm": "05:09",
			"busRouteAbrv": "7019",
			"busRouteId": "100100339",
			"busRouteNm": "7019",
			"direction": "서소문",
			"gpsX": "126.9270456288",
			"gpsY": "37.600396483",
			"lastTm": "23:38",
			"posX": "193558.45132382785",
			"posY": "455654.1816061931",
			"routeType": "4",
			"sectSpd": "13",
			"section": "111600742",
			"seq": "31",
			"station": "111000180",
			"stationNm": "응암1동주민센터",
			"stationNo": "12270",
			"transYn": "N",
			"fullSectDist": "206",
			"trnstnid": "101000038"
		},
		{
			"arsId": "12135",
			"beginTm": "05:10",
			"busRouteAbrv": "7019",
			"busRouteId": "100100339",
			"busRouteNm": "7019",
			"direction": "서소문",
			"gpsX": "126.9302975489",
			"gpsY": "37.601161669",
			"lastTm": "23:39",
			"posX": "193845.64457373682",
			"posY": "455738.88161005825",
			"routeType": "4",
			"sectSpd": "39",
			"section": "111603661",
			"seq": "32",
			"station": "111000047",
			"stationNm": "은평구청",
			"stationNo": "12135",
			"transYn": "N",
			"fullSectDist": "410",
			"trnstnid": "101000038"
		},
		{
			"arsId": "12381",
			"beginTm": "05:11",
			"busRouteAbrv": "7019",
			"busRouteId": "100100339",
			"busRouteNm": "7019",
			"direction": "서소문",
			"gpsX": "126.9343371251",
			"gpsY": "37.6007925534",
			"lastTm": "23:40",
			"posX": "194202.28904749363",
			"posY": "455697.66115894075",
			"routeType": "4",
			"sectSpd": "14",
			"section": "111600898",
			"seq": "33",
			"station": "111000291",
			"stationNm": "녹번역",
			"stationNo": "12381",
			"transYn": "N",
			"fullSectDist": "355",
			"trnstnid": "101000038"
		},
		{
			"arsId": "13026",
			"beginTm": "05:13",
			"busRouteAbrv": "7019",
			"busRouteId": "100100339",
			"busRouteNm": "7019",
			"direction": "서소문",
			"gpsX": "126.9399957025",
			"gpsY": "37.5953018189",
			"lastTm": "23:41",
			"posX": "194701.52447165825",
			"posY": "455087.98150285985",
			"routeType": "4",
			"sectSpd": "37",
			"section": "112603615",
			"seq": "34",
			"station": "112000405",
			"stationNm": "산골고개",
			"stationNo": "13026",
			"transYn": "N",
			"fullSectDist": "867",
			"trnstnid": "101000038"
		},
		{
			"arsId": "13028",
			"beginTm": "05:14",
			"busRouteAbrv": "7019",
			"busRouteId": "100100339",
			"busRouteNm": "7019",
			"direction": "서소문",
			"gpsX": "126.944365257",
			"gpsY": "37.5884908289",
			"lastTm": "23:44",
			"posX": "195086.91541855794",
			"posY": "454331.8813999556",
			"routeType": "4",
			"sectSpd": "33",
			"section": "112603623",
			"seq": "35",
			"station": "112000407",
			"stationNm": "홍제역.서대문세무서",
			"stationNo": "13028",
			"transYn": "N",
			"fullSectDist": "876",
			"trnstnid": "101000038"
		},
		{
			"arsId": "13030",
			"beginTm": "05:18",
			"busRouteAbrv": "7019",
			"busRouteId": "100100339",
			"busRouteNm": "7019",
			"direction": "서소문",
			"gpsX": "126.9478427379",
			"gpsY": "37.585207045",
			"lastTm": "23:46",
			"posX": "195393.80820206652",
			"posY": "453967.2813496273",
			"routeType": "4",
			"sectSpd": "48",
			"section": "112600028",
			"seq": "36",
			"station": "112000416",
			"stationNm": "홍제삼거리.인왕산한신휴플러스",
			"stationNo": "13030",
			"transYn": "N",
			"fullSectDist": "476",
			"trnstnid": "101000038"
		},
		{
			"arsId": "13031",
			"beginTm": "05:19",
			"busRouteAbrv": "7019",
			"busRouteId": "100100339",
			"busRouteNm": "7019",
			"direction": "서소문",
			"gpsX": "126.9498097936",
			"gpsY": "37.5831543142",
			"lastTm": "23:47",
			"posX": "195567.40412552515",
			"posY": "453739.38131503714",
			"routeType": "4",
			"sectSpd": "39",
			"section": "112603627",
			"seq": "37",
			"station": "112000398",
			"stationNm": "무악재역",
			"stationNo": "13031",
			"transYn": "N",
			"fullSectDist": "287",
			"trnstnid": "101000038"
		},
		{
			"arsId": "13033",
			"beginTm": "05:20",
			"busRouteAbrv": "7019",
			"busRouteId": "100100339",
			"busRouteNm": "7019",
			"direction": "서소문",
			"gpsX": "126.951572",
			"gpsY": "37.580686",
			"lastTm": "23:48",
			"posX": "195722.8938600095",
			"posY": "453465.3742370177",
			"routeType": "4",
			"sectSpd": "14",
			"section": "112601645",
			"seq": "38",
			"station": "112000404",
			"stationNm": "안산초등학교",
			"stationNo": "13033",
			"transYn": "N",
			"fullSectDist": "321",
			"trnstnid": "101000038"
		},
		{
			"arsId": "13034",
			"beginTm": "05:21",
			"busRouteAbrv": "7019",
			"busRouteId": "100100339",
			"busRouteNm": "7019",
			"direction": "서소문",
			"gpsX": "126.9575774512",
			"gpsY": "37.5746889121",
			"lastTm": "23:49",
			"posX": "196252.9880219842",
			"posY": "452799.58118731994",
			"routeType": "4",
			"sectSpd": "30",
			"section": "112603629",
			"seq": "39",
			"station": "112000402",
			"stationNm": "독립문역.한성과학고",
			"stationNo": "13034",
			"transYn": "N",
			"fullSectDist": "853",
			"trnstnid": "101000038"
		},
		{
			"arsId": "13036",
			"beginTm": "05:23",
			"busRouteAbrv": "7019",
			"busRouteId": "100100339",
			"busRouteNm": "7019",
			"direction": "서소문",
			"gpsX": "126.9625329584",
			"gpsY": "37.5699391328",
			"lastTm": "23:51",
			"posX": "196690.47774202126",
			"posY": "452272.2811068054",
			"routeType": "4",
			"sectSpd": "27",
			"section": "112603431",
			"seq": "40",
			"station": "100000363",
			"stationNm": "영천시장",
			"stationNo": "13036",
			"transYn": "N",
			"fullSectDist": "686",
			"trnstnid": "101000038"
		},
		{
			"arsId": "13134",
			"beginTm": "05:24",
			"busRouteAbrv": "7019",
			"busRouteId": "100100339",
			"busRouteNm": "7019",
			"direction": "서소문",
			"gpsX": "126.9643259996",
			"gpsY": "37.5679014179",
			"lastTm": "23:53",
			"posX": "196848.77402510677",
			"posY": "452046.0810808898",
			"routeType": "4",
			"sectSpd": "20",
			"section": "112603555",
			"seq": "41",
			"station": "112000051",
			"stationNm": "금화초등학교.서울시교육청",
			"stationNo": "13134",
			"transYn": "N",
			"fullSectDist": "277",
			"trnstnid": "101000038"
		},
		{
			"arsId": "02281",
			"beginTm": "05:26",
			"busRouteAbrv": "7019",
			"busRouteId": "100100339",
			"busRouteNm": "7019",
			"direction": "서소문",
			"gpsX": "126.9678855112",
			"gpsY": "37.5669222408",
			"lastTm": "23:54",
			"posX": "197163.1626786932",
			"posY": "451937.30209408747",
			"routeType": "4",
			"sectSpd": "47",
			"section": "101604870",
			"seq": "42",
			"station": "101000262",
			"stationNm": "서대문역사거리.농협중앙회",
			"stationNo": "02281",
			"transYn": "N",
			"fullSectDist": "604",
			"trnstnid": "101000038"
		},
		{
			"arsId": "01250",
			"beginTm": "05:29",
			"busRouteAbrv": "7019",
			"busRouteId": "100100339",
			"busRouteNm": "7019",
			"direction": "서소문",
			"gpsX": "126.9721318077",
			"gpsY": "37.5699003386",
			"lastTm": "23:56",
			"posX": "197538.3578247512",
			"posY": "452267.6811041385",
			"routeType": "4",
			"sectSpd": "15",
			"section": "100601618",
			"seq": "43",
			"station": "100000154",
			"stationNm": "서울역사박물관.김구집무실(경교장)",
			"stationNo": "01250",
			"transYn": "N",
			"fullSectDist": "526",
			"trnstnid": "101000038"
		},
		{
			"arsId": "01120",
			"beginTm": "05:30",
			"busRouteAbrv": "7019",
			"busRouteId": "100100339",
			"busRouteNm": "7019",
			"direction": "서소문",
			"gpsX": "126.9763838838",
			"gpsY": "37.569845398",
			"lastTm": "23:58",
			"posX": "197913.9490081057",
			"posY": "452261.48109927494",
			"routeType": "4",
			"sectSpd": "50",
			"section": "100603045",
			"seq": "44",
			"station": "100000025",
			"stationNm": "광화문",
			"stationNo": "01120",
			"transYn": "N",
			"fullSectDist": "403",
			"trnstnid": "101000038"
		},
		{
			"arsId": "02135",
			"beginTm": "05:31",
			"busRouteAbrv": "7019",
			"busRouteId": "100100339",
			"busRouteNm": "7019",
			"direction": "서소문",
			"gpsX": "126.9749539314",
			"gpsY": "37.5635248407",
			"lastTm": "23:58",
			"posX": "197787.45197559302",
			"posY": "451560.0810089437",
			"routeType": "4",
			"sectSpd": "42",
			"section": "101605157",
			"seq": "45",
			"station": "101000038",
			"stationNm": "시청.서소문청사",
			"stationNo": "02135",
			"transYn": "Y",
			"fullSectDist": "863",
			"trnstnid": "101000038"
		},
		{
			"arsId": "02110",
			"beginTm": "05:34",
			"busRouteAbrv": "7019",
			"busRouteId": "100100339",
			"busRouteNm": "7019",
			"direction": "은평차고지",
			"gpsX": "126.9691267228",
			"gpsY": "37.5630494858",
			"lastTm": "00:02",
			"posX": "197272.66406960745",
			"posY": "451507.4809985524",
			"routeType": "4",
			"sectSpd": "29",
			"section": "101603365",
			"seq": "46",
			"station": "101000018",
			"stationNm": "경찰청.동북아역사재단",
			"stationNo": "02110",
			"transYn": "N",
			"fullSectDist": "623",
			"trnstnid": "101000038"
		},
		{
			"arsId": "02113",
			"beginTm": "05:36",
			"busRouteAbrv": "7019",
			"busRouteId": "100100339",
			"busRouteNm": "7019",
			"direction": "은평차고지",
			"gpsX": "126.9677868059",
			"gpsY": "37.5649062803",
			"lastTm": "00:03",
			"posX": "197154.36684510036",
			"posY": "451713.58103308873",
			"routeType": "4",
			"sectSpd": "6",
			"section": "101604890",
			"seq": "47",
			"station": "101000020",
			"stationNm": "서대문경찰서.농협은행.유관순활동터",
			"stationNo": "02113",
			"transYn": "N",
			"fullSectDist": "248",
			"trnstnid": "101000038"
		},
		{
			"arsId": "13037",
			"beginTm": "05:36",
			"busRouteAbrv": "7019",
			"busRouteId": "100100339",
			"busRouteNm": "7019",
			"direction": "은평차고지",
			"gpsX": "126.963006327",
			"gpsY": "37.5696103835",
			"lastTm": "00:05",
			"posX": "196732.27676773994",
			"posY": "452235.7811012678",
			"routeType": "4",
			"sectSpd": "68",
			"section": "112603634",
			"seq": "48",
			"station": "100000362",
			"stationNm": "영천시장",
			"stationNo": "13037",
			"transYn": "N",
			"fullSectDist": "670",
			"trnstnid": "101000038"
		},
		{
			"arsId": "13035",
			"beginTm": "05:39",
			"busRouteAbrv": "7019",
			"busRouteId": "100100339",
			"busRouteNm": "7019",
			"direction": "은평차고지",
			"gpsX": "126.95656",
			"gpsY": "37.575642",
			"lastTm": "00:06",
			"posX": "196163.16957476523",
			"posY": "452905.39268527646",
			"routeType": "4",
			"sectSpd": "46",
			"section": "112603637",
			"seq": "49",
			"station": "112000401",
			"stationNm": "독립문역.한성과학고",
			"stationNo": "13035",
			"transYn": "N",
			"fullSectDist": "893",
			"trnstnid": "101000038"
		},
		{
			"arsId": "13032",
			"beginTm": "05:42",
			"busRouteAbrv": "7019",
			"busRouteId": "100100339",
			"busRouteNm": "7019",
			"direction": "은평차고지",
			"gpsX": "126.9506553191",
			"gpsY": "37.5818652109",
			"lastTm": "00:09",
			"posX": "195642.00237379363",
			"posY": "453596.2812976837",
			"routeType": "4",
			"sectSpd": "31",
			"section": "112603639",
			"seq": "50",
			"station": "112000400",
			"stationNm": "무악재역",
			"stationNo": "13032",
			"transYn": "N",
			"fullSectDist": "855",
			"trnstnid": "101000038"
		},
		{
			"arsId": "13040",
			"beginTm": "05:44",
			"busRouteAbrv": "7019",
			"busRouteId": "100100339",
			"busRouteNm": "7019",
			"direction": "은평차고지",
			"gpsX": "126.9488623648",
			"gpsY": "37.5843965104",
			"lastTm": "00:11",
			"posX": "195483.8060883022",
			"posY": "453877.2813330423",
			"routeType": "4",
			"sectSpd": "20",
			"section": "112600037",
			"seq": "51",
			"station": "112000409",
			"stationNm": "인왕산.홍제원아파트",
			"stationNo": "13040",
			"transYn": "N",
			"fullSectDist": "326",
			"trnstnid": "101000038"
		},
		{
			"arsId": "13029",
			"beginTm": "05:45",
			"busRouteAbrv": "7019",
			"busRouteId": "100100339",
			"busRouteNm": "7019",
			"direction": "은평차고지",
			"gpsX": "126.9453225684",
			"gpsY": "37.5878433932",
			"lastTm": "00:12",
			"posX": "195171.4134327716",
			"posY": "454259.9813961196",
			"routeType": "4",
			"sectSpd": "47",
			"section": "112601953",
			"seq": "52",
			"station": "112000408",
			"stationNm": "홍제역.서대문세무서",
			"stationNo": "13029",
			"transYn": "N",
			"fullSectDist": "495",
			"trnstnid": "101000038"
		},
		{
			"arsId": "13027",
			"beginTm": "05:46",
			"busRouteAbrv": "7019",
			"busRouteId": "100100339",
			"busRouteNm": "7019",
			"direction": "은평차고지",
			"gpsX": "126.9406677327",
			"gpsY": "37.5946921221",
			"lastTm": "00:13",
			"posX": "194760.82307240946",
			"posY": "455020.28150309436",
			"routeType": "4",
			"sectSpd": "33",
			"section": "112603649",
			"seq": "53",
			"station": "112000406",
			"stationNm": "산골고개",
			"stationNo": "13027",
			"transYn": "N",
			"fullSectDist": "896",
			"trnstnid": "101000038"
		},
		{
			"arsId": "12125",
			"beginTm": "05:48",
			"busRouteAbrv": "7019",
			"busRouteId": "100100339",
			"busRouteNm": "7019",
			"direction": "은평차고지",
			"gpsX": "126.9336909981",
			"gpsY": "37.601166855",
			"lastTm": "00:18",
			"posX": "194145.26851757028",
			"posY": "455739.24014526187",
			"routeType": "4",
			"sectSpd": "25",
			"section": "111601802",
			"seq": "54",
			"station": "111000037",
			"stationNm": "녹번역",
			"stationNo": "12125",
			"transYn": "N",
			"fullSectDist": "1014",
			"trnstnid": "101000038"
		},
		{
			"arsId": "12126",
			"beginTm": "05:50",
			"busRouteAbrv": "7019",
			"busRouteId": "100100339",
			"busRouteNm": "7019",
			"direction": "은평차고지",
			"gpsX": "126.930407158",
			"gpsY": "37.6014275543",
			"lastTm": "00:21",
			"posX": "193855.34434386776",
			"posY": "455768.38160738396",
			"routeType": "4",
			"sectSpd": "11",
			"section": "111600415",
			"seq": "55",
			"station": "111000038",
			"stationNm": "은평구청",
			"stationNo": "12126",
			"transYn": "N",
			"fullSectDist": "284",
			"trnstnid": "101000038"
		},
		{
			"arsId": "12261",
			"beginTm": "05:51",
			"busRouteAbrv": "7019",
			"busRouteId": "100100339",
			"busRouteNm": "7019",
			"direction": "은평차고지",
			"gpsX": "126.9264741577",
			"gpsY": "37.5997739261",
			"lastTm": "00:22",
			"posX": "193507.93884627166",
			"posY": "455585.1314237877",
			"routeType": "4",
			"sectSpd": "29",
			"section": "111600747",
			"seq": "56",
			"station": "111000171",
			"stationNm": "응암1동주민센터",
			"stationNo": "12261",
			"transYn": "N",
			"fullSectDist": "492",
			"trnstnid": "101000038"
		},
		{
			"arsId": "12477",
			"beginTm": "05:53",
			"busRouteAbrv": "7019",
			"busRouteId": "100100339",
			"busRouteNm": "7019",
			"direction": "은평차고지",
			"gpsX": "126.925981141",
			"gpsY": "37.5991595285",
			"lastTm": "00:24",
			"posX": "193464.35353551418",
			"posY": "455516.9815872116",
			"routeType": "4",
			"sectSpd": "19",
			"section": "111600748",
			"seq": "57",
			"station": "111000944",
			"stationNm": "녹번센트레빌아파트",
			"stationNo": "12477",
			"transYn": "N",
			"fullSectDist": "210",
			"trnstnid": "101000038"
		},
		{
			"arsId": "12262",
			"beginTm": "05:53",
			"busRouteAbrv": "7019",
			"busRouteId": "100100339",
			"busRouteNm": "7019",
			"direction": "은평차고지",
			"gpsX": "126.9242220962",
			"gpsY": "37.5971733165",
			"lastTm": "00:24",
			"posX": "193308.85718580376",
			"posY": "455296.6815581387",
			"routeType": "4",
			"sectSpd": "14",
			"section": "111600749",
			"seq": "58",
			"station": "111000172",
			"stationNm": "영락중학교입구",
			"stationNo": "12262",
			"transYn": "N",
			"fullSectDist": "270",
			"trnstnid": "101000038"
		},
		{
			"arsId": "12242",
			"beginTm": "05:54",
			"busRouteAbrv": "7019",
			"busRouteId": "100100339",
			"busRouteNm": "7019",
			"direction": "은평차고지",
			"gpsX": "126.9230061331",
			"gpsY": "37.5955420174",
			"lastTm": "00:25",
			"posX": "193201.33994224167",
			"posY": "455115.7322157081",
			"routeType": "4",
			"sectSpd": "53",
			"section": "111604119",
			"seq": "59",
			"station": "111001131",
			"stationNm": "응암2동주민센터",
			"stationNo": "12242",
			"transYn": "N",
			"fullSectDist": "219",
			"trnstnid": "101000038"
		},
		{
			"arsId": "12263",
			"beginTm": "05:55",
			"busRouteAbrv": "7019",
			"busRouteId": "100100339",
			"busRouteNm": "7019",
			"direction": "은평차고지",
			"gpsX": "126.9229722523",
			"gpsY": "37.5934717394",
			"lastTm": "00:26",
			"posX": "193198.15978181854",
			"posY": "454885.98150641983",
			"routeType": "4",
			"sectSpd": "40",
			"section": "111603881",
			"seq": "60",
			"station": "111000173",
			"stationNm": "시립은평병원",
			"stationNo": "12263",
			"transYn": "N",
			"fullSectDist": "241",
			"trnstnid": "101000038"
		},
		{
			"arsId": "12264",
			"beginTm": "05:56",
			"busRouteAbrv": "7019",
			"busRouteId": "100100339",
			"busRouteNm": "7019",
			"direction": "은평차고지",
			"gpsX": "126.9227504964",
			"gpsY": "37.5910873146",
			"lastTm": "00:27",
			"posX": "193178.3602490329",
			"posY": "454621.3814691249",
			"routeType": "4",
			"sectSpd": "19",
			"section": "111603884",
			"seq": "61",
			"station": "111000174",
			"stationNm": "백련산힐스테이트4차",
			"stationNo": "12264",
			"transYn": "N",
			"fullSectDist": "266",
			"trnstnid": "101000038"
		},
		{
			"arsId": "12475",
			"beginTm": "05:58",
			"busRouteAbrv": "7019",
			"busRouteId": "100100339",
			"busRouteNm": "7019",
			"direction": "은평차고지",
			"gpsX": "126.9225641824",
			"gpsY": "37.588628444",
			"lastTm": "00:30",
			"posX": "193161.68252078863",
			"posY": "454348.5172427669",
			"routeType": "4",
			"sectSpd": "44",
			"section": "111603886",
			"seq": "62",
			"station": "111001120",
			"stationNm": "응암초교.백련산힐스테이트3차",
			"stationNo": "12475",
			"transYn": "N",
			"fullSectDist": "274",
			"trnstnid": "101000038"
		},
		{
			"arsId": "12265",
			"beginTm": "06:00",
			"busRouteAbrv": "7019",
			"busRouteId": "100100339",
			"busRouteNm": "7019",
			"direction": "은평차고지",
			"gpsX": "126.9226529706",
			"gpsY": "37.5868458253",
			"lastTm": "00:31",
			"posX": "193169.3604579035",
			"posY": "454150.6814014334",
			"routeType": "4",
			"sectSpd": "6",
			"section": "111603335",
			"seq": "63",
			"station": "111000175",
			"stationNm": "충암고교앞.대주피오레아파트",
			"stationNo": "12265",
			"transYn": "N",
			"fullSectDist": "198",
			"trnstnid": "101000038"
		},
		{
			"arsId": "12415",
			"beginTm": "06:00",
			"busRouteAbrv": "7019",
			"busRouteId": "100100339",
			"busRouteNm": "7019",
			"direction": "은평차고지",
			"gpsX": "126.9197501614",
			"gpsY": "37.5864005517",
			"lastTm": "00:31",
			"posX": "192912.96648723737",
			"posY": "454101.4814030025",
			"routeType": "4",
			"sectSpd": "20",
			"section": "111603861",
			"seq": "64",
			"station": "111000320",
			"stationNm": "응암정보도서관",
			"stationNo": "12415",
			"transYn": "N",
			"fullSectDist": "501",
			"trnstnid": "101000038"
		},
		{
			"arsId": "12417",
			"beginTm": "06:01",
			"busRouteAbrv": "7019",
			"busRouteId": "100100339",
			"busRouteNm": "7019",
			"direction": "은평차고지",
			"gpsX": "126.9181435403",
			"gpsY": "37.5852370433",
			"lastTm": "00:33",
			"posX": "192770.96982305788",
			"posY": "453972.48138976144",
			"routeType": "4",
			"sectSpd": "64",
			"section": "111603864",
			"seq": "65",
			"station": "111000322",
			"stationNm": "서울중앙교회앞",
			"stationNo": "12417",
			"transYn": "N",
			"fullSectDist": "220",
			"trnstnid": "101000038"
		},
		{
			"arsId": "13265",
			"beginTm": "06:02",
			"busRouteAbrv": "7019",
			"busRouteId": "100100339",
			"busRouteNm": "7019",
			"direction": "은평차고지",
			"gpsX": "126.9196202751",
			"gpsY": "37.5829339719",
			"lastTm": "00:34",
			"posX": "192901.16675894003",
			"posY": "453716.78134931996",
			"routeType": "4",
			"sectSpd": "32",
			"section": "112603725",
			"seq": "66",
			"station": "112000182",
			"stationNm": "은가어린이공원구150번종점",
			"stationNo": "13265",
			"transYn": "N",
			"fullSectDist": "543",
			"trnstnid": "101000038"
		},
		{
			"arsId": "12418",
			"beginTm": "06:03",
			"busRouteAbrv": "7019",
			"busRouteId": "100100339",
			"busRouteNm": "7019",
			"direction": "은평차고지",
			"gpsX": "126.918876351",
			"gpsY": "37.5850429138",
			"lastTm": "00:36",
			"posX": "192835.66830392063",
			"posY": "453950.881379121",
			"routeType": "4",
			"sectSpd": "31",
			"section": "112603728",
			"seq": "67",
			"station": "111000323",
			"stationNm": "우성공인중개사",
			"stationNo": "12418",
			"transYn": "N",
			"fullSectDist": "246",
			"trnstnid": "101000038"
		},
		{
			"arsId": "12416",
			"beginTm": "06:04",
			"busRouteAbrv": "7019",
			"busRouteId": "100100339",
			"busRouteNm": "7019",
			"direction": "은평차고지",
			"gpsX": "126.9201891291",
			"gpsY": "37.5867495708",
			"lastTm": "00:37",
			"posX": "192951.7655729343",
			"posY": "454140.1814028006",
			"routeType": "4",
			"sectSpd": "41",
			"section": "111603869",
			"seq": "68",
			"station": "111000321",
			"stationNm": "응암정보도서관",
			"stationNo": "12416",
			"transYn": "N",
			"fullSectDist": "289",
			"trnstnid": "101000038"
		},
		{
			"arsId": "13220",
			"beginTm": "06:05",
			"busRouteAbrv": "7019",
			"busRouteId": "100100339",
			"busRouteNm": "7019",
			"direction": "은평차고지",
			"gpsX": "126.9234431529",
			"gpsY": "37.5848125818",
			"lastTm": "00:38",
			"posX": "193238.9588262243",
			"posY": "453924.9813802922",
			"routeType": "4",
			"sectSpd": "11",
			"section": "112603677",
			"seq": "69",
			"station": "112000137",
			"stationNm": "명지전문대.충암중고등학교",
			"stationNo": "13220",
			"transYn": "N",
			"fullSectDist": "450",
			"trnstnid": "101000038"
		},
		{
			"arsId": "13218",
			"beginTm": "06:07",
			"busRouteAbrv": "7019",
			"busRouteId": "100100339",
			"busRouteNm": "7019",
			"direction": "은평차고지",
			"gpsX": "126.9255581481",
			"gpsY": "37.5826738464",
			"lastTm": "00:39",
			"posX": "193425.55444362343",
			"posY": "453687.48133801157",
			"routeType": "4",
			"sectSpd": "10",
			"section": "112603679",
			"seq": "70",
			"station": "112000135",
			"stationNm": "명지중고등학교",
			"stationNo": "13218",
			"transYn": "N",
			"fullSectDist": "305",
			"trnstnid": "101000038"
		},
		{
			"arsId": "13197",
			"beginTm": "06:07",
			"busRouteAbrv": "7019",
			"busRouteId": "100100339",
			"busRouteNm": "7019",
			"direction": "은평차고지",
			"gpsX": "126.926363438",
			"gpsY": "37.5812704533",
			"lastTm": "00:41",
			"posX": "193496.55277739427",
			"posY": "453531.681316562",
			"routeType": "4",
			"sectSpd": "27",
			"section": "112600756",
			"seq": "71",
			"station": "112000114",
			"stationNm": "명지대삼거리",
			"stationNo": "13197",
			"transYn": "N",
			"fullSectDist": "222",
			"trnstnid": "101000038"
		},
		{
			"arsId": "13195",
			"beginTm": "06:08",
			"busRouteAbrv": "7019",
			"busRouteId": "100100339",
			"busRouteNm": "7019",
			"direction": "은평차고지",
			"gpsX": "126.9243947079",
			"gpsY": "37.5799130681",
			"lastTm": "00:41",
			"posX": "193322.55685839214",
			"posY": "453381.1812966992",
			"routeType": "4",
			"sectSpd": "49",
			"section": "112603681",
			"seq": "72",
			"station": "112000112",
			"stationNm": "명지대",
			"stationNo": "13195",
			"transYn": "N",
			"fullSectDist": "230",
			"trnstnid": "101000038"
		},
		{
			"arsId": "13193",
			"beginTm": "06:09",
			"busRouteAbrv": "7019",
			"busRouteId": "100100339",
			"busRouteNm": "7019",
			"direction": "은평차고지",
			"gpsX": "126.9217074138",
			"gpsY": "37.5781527531",
			"lastTm": "00:42",
			"posX": "193085.05278307426",
			"posY": "453186.0217931899",
			"routeType": "4",
			"sectSpd": "14",
			"section": "112600758",
			"seq": "73",
			"station": "112000110",
			"stationNm": "DMC센트럴아이파크아파트",
			"stationNo": "13193",
			"transYn": "N",
			"fullSectDist": "307",
			"trnstnid": "101000038"
		},
		{
			"arsId": "13233",
			"beginTm": "06:10",
			"busRouteAbrv": "7019",
			"busRouteId": "100100339",
			"busRouteNm": "7019",
			"direction": "은평차고지",
			"gpsX": "126.918158429",
			"gpsY": "37.578877161",
			"lastTm": "00:43",
			"posX": "192771.669805345",
			"posY": "453266.6812954694",
			"routeType": "4",
			"sectSpd": "27",
			"section": "112600838",
			"seq": "74",
			"station": "112000150",
			"stationNm": "연가초.연희중.래미안클라시스",
			"stationNo": "13233",
			"transYn": "N",
			"fullSectDist": "380",
			"trnstnid": "101000038"
		},
		{
			"arsId": "13268",
			"beginTm": "06:12",
			"busRouteAbrv": "7019",
			"busRouteId": "100100339",
			"busRouteNm": "7019",
			"direction": "은평차고지",
			"gpsX": "126.9158526612",
			"gpsY": "37.5804118989",
			"lastTm": "00:45",
			"posX": "192568.17458229812",
			"posY": "453437.1813240857",
			"routeType": "4",
			"sectSpd": "15",
			"section": "112603730",
			"seq": "75",
			"station": "112000185",
			"stationNm": "DMC두산위브아파트",
			"stationNo": "13268",
			"transYn": "N",
			"fullSectDist": "277",
			"trnstnid": "101000038"
		},
		{
			"arsId": "13235",
			"beginTm": "06:13",
			"busRouteAbrv": "7019",
			"busRouteId": "100100339",
			"busRouteNm": "7019",
			"direction": "은평차고지",
			"gpsX": "126.9141424887",
			"gpsY": "37.5818379941",
			"lastTm": "00:45",
			"posX": "192417.27813234882",
			"posY": "453595.5813479647",
			"routeType": "4",
			"sectSpd": "27",
			"section": "112603733",
			"seq": "76",
			"station": "112000152",
			"stationNm": "북가좌사거리",
			"stationNo": "13235",
			"transYn": "N",
			"fullSectDist": "237",
			"trnstnid": "101000038"
		},
		{
			"arsId": "13237",
			"beginTm": "06:14",
			"busRouteAbrv": "7019",
			"busRouteId": "100100339",
			"busRouteNm": "7019",
			"direction": "은평차고지",
			"gpsX": "126.9124018147",
			"gpsY": "37.583148702",
			"lastTm": "00:46",
			"posX": "192263.6817408553",
			"posY": "453741.18136634724",
			"routeType": "4",
			"sectSpd": "30",
			"section": "112600808",
			"seq": "77",
			"station": "112000154",
			"stationNm": "북가좌119안전센터",
			"stationNo": "13237",
			"transYn": "N",
			"fullSectDist": "212",
			"trnstnid": "101000038"
		},
		{
			"arsId": "12364",
			"beginTm": "06:15",
			"busRouteAbrv": "7019",
			"busRouteId": "100100339",
			"busRouteNm": "7019",
			"direction": "은평차고지",
			"gpsX": "126.9093224341",
			"gpsY": "37.5837546123",
			"lastTm": "00:48",
			"posX": "191991.78812196976",
			"posY": "453808.6813843786",
			"routeType": "4",
			"sectSpd": "31",
			"section": "111600544",
			"seq": "78",
			"station": "111000274",
			"stationNm": "증산역.증산동주민센터",
			"stationNo": "12364",
			"transYn": "N",
			"fullSectDist": "358",
			"trnstnid": "101000038"
		},
		{
			"arsId": "12172",
			"beginTm": "06:17",
			"busRouteAbrv": "7019",
			"busRouteId": "100100339",
			"busRouteNm": "7019",
			"direction": "은평차고지",
			"gpsX": "126.9062722298",
			"gpsY": "37.5809183024",
			"lastTm": "00:49",
			"posX": "191722.0944554359",
			"posY": "453494.1813408034",
			"routeType": "4",
			"sectSpd": "9",
			"section": "111603601",
			"seq": "79",
			"station": "111000084",
			"stationNm": "증산종합시장.증산중학교입구",
			"stationNo": "12172",
			"transYn": "N",
			"fullSectDist": "416",
			"trnstnid": "101000038"
		},
		{
			"arsId": "14106",
			"beginTm": "06:18",
			"busRouteAbrv": "7019",
			"busRouteId": "100100339",
			"busRouteNm": "7019",
			"direction": "은평차고지",
			"gpsX": "126.8949636335",
			"gpsY": "37.5694982692",
			"lastTm": "00:50",
			"posX": "190721.91795685678",
			"posY": "452227.88119364623",
			"routeType": "4",
			"sectSpd": "49",
			"section": "113605022",
			"seq": "80",
			"station": "113000016",
			"stationNm": "월드컵경기장서측.문화비축기지",
			"stationNo": "14106",
			"transYn": "N",
			"fullSectDist": "1635",
			"trnstnid": "101000038"
		},
		{
			"arsId": "14115",
			"beginTm": "06:21",
			"busRouteAbrv": "7019",
			"busRouteId": "100100339",
			"busRouteNm": "7019",
			"direction": "은평차고지",
			"gpsX": "126.892748",
			"gpsY": "37.568523",
			"lastTm": "00:54",
			"posX": "190526.0828239533",
			"posY": "452119.8702910347",
			"routeType": "4",
			"sectSpd": "24",
			"section": "113604970",
			"seq": "81",
			"station": "113000025",
			"stationNm": "월드컵공원입구.문화비축기지입구",
			"stationNo": "14115",
			"transYn": "N",
			"fullSectDist": "305",
			"trnstnid": "101000038"
		},
		{
			"arsId": "14292",
			"beginTm": "06:22",
			"busRouteAbrv": "7019",
			"busRouteId": "100100339",
			"busRouteNm": "7019",
			"direction": "은평차고지",
			"gpsX": "126.889762",
			"gpsY": "37.571242",
			"lastTm": "00:55",
			"posX": "190262.67366509125",
			"posY": "452421.9206943712",
			"routeType": "4",
			"sectSpd": "35",
			"section": "113602066",
			"seq": "82",
			"station": "113000198",
			"stationNm": "월드컵파크3단지후문",
			"stationNo": "14292",
			"transYn": "N",
			"fullSectDist": "403",
			"trnstnid": "101000038"
		},
		{
			"arsId": "14107",
			"beginTm": "06:22",
			"busRouteAbrv": "7019",
			"busRouteId": "100100339",
			"busRouteNm": "7019",
			"direction": "은평차고지",
			"gpsX": "126.888093062",
			"gpsY": "37.5733297048",
			"lastTm": "00:56",
			"posX": "190115.53219955016",
			"posY": "452653.781272952",
			"routeType": "4",
			"sectSpd": "16",
			"section": "113603562",
			"seq": "83",
			"station": "113000017",
			"stationNm": "월드컵파크3단지.난지천공원",
			"stationNo": "14107",
			"transYn": "N",
			"fullSectDist": "275",
			"trnstnid": "101000038"
		},
		{
			"arsId": "14295",
			"beginTm": "06:23",
			"busRouteAbrv": "7019",
			"busRouteId": "100100339",
			"busRouteNm": "7019",
			"direction": "은평차고지",
			"gpsX": "126.8900683138",
			"gpsY": "37.5773855678",
			"lastTm": "00:58",
			"posX": "190290.52808700703",
			"posY": "453103.6813200782",
			"routeType": "4",
			"sectSpd": "38",
			"section": "113604903",
			"seq": "84",
			"station": "113000201",
			"stationNm": "월드컵파크4단지후문.JTBC",
			"stationNo": "14295",
			"transYn": "N",
			"fullSectDist": "655",
			"trnstnid": "101000038"
		},
		{
			"arsId": "14307",
			"beginTm": "06:25",
			"busRouteAbrv": "7019",
			"busRouteId": "100100339",
			"busRouteNm": "7019",
			"direction": "은평차고지",
			"gpsX": "126.889637",
			"gpsY": "37.578988",
			"lastTm": "01:00",
			"posX": "190252.64214271674",
			"posY": "453281.5585905714",
			"routeType": "4",
			"sectSpd": "38",
			"section": "113600711",
			"seq": "85",
			"station": "113000204",
			"stationNm": "누리꿈스퀘어.MBC",
			"stationNo": "14307",
			"transYn": "N",
			"fullSectDist": "225",
			"trnstnid": "101000038"
		},
		{
			"arsId": "14288",
			"beginTm": "06:26",
			"busRouteAbrv": "7019",
			"busRouteId": "100100339",
			"busRouteNm": "7019",
			"direction": "은평차고지",
			"gpsX": "126.886335",
			"gpsY": "37.580921",
			"lastTm": "01:02",
			"posX": "189961.2660274787",
			"posY": "453496.424298231",
			"routeType": "4",
			"sectSpd": "53",
			"section": "113604856",
			"seq": "86",
			"station": "113000194",
			"stationNm": "월드컵파크5단지.상암중고등학교입구",
			"stationNo": "14288",
			"transYn": "N",
			"fullSectDist": "364",
			"trnstnid": "101000038"
		},
		{
			"arsId": "14290",
			"beginTm": "06:27",
			"busRouteAbrv": "7019",
			"busRouteId": "100100339",
			"busRouteNm": "7019",
			"direction": "은평차고지",
			"gpsX": "126.8826124496",
			"gpsY": "37.5834310105",
			"lastTm": "01:03",
			"posX": "189632.8435368824",
			"posY": "453775.381435893",
			"routeType": "4",
			"sectSpd": "43",
			"section": "113604943",
			"seq": "87",
			"station": "113000196",
			"stationNm": "구룡근린공원",
			"stationNo": "14290",
			"transYn": "N",
			"fullSectDist": "493",
			"trnstnid": "101000038"
		},
		{
			"arsId": "14111",
			"beginTm": "06:29",
			"busRouteAbrv": "7019",
			"busRouteId": "100100339",
			"busRouteNm": "7019",
			"direction": "은평차고지",
			"gpsX": "126.8853565719",
			"gpsY": "37.5852421937",
			"lastTm": "01:04",
			"posX": "189875.43784140437",
			"posY": "453976.08145670453",
			"routeType": "4",
			"sectSpd": "56",
			"section": "113604945",
			"seq": "88",
			"station": "113000021",
			"stationNm": "DMC첨단산업센터",
			"stationNo": "14111",
			"transYn": "N",
			"fullSectDist": "323",
			"trnstnid": "101000038"
		},
		{
			"arsId": "12314",
			"beginTm": "06:31",
			"busRouteAbrv": "7019",
			"busRouteId": "100100339",
			"busRouteNm": "7019",
			"direction": "은평차고지",
			"gpsX": "126.8856592313",
			"gpsY": "37.5885944751",
			"lastTm": "01:05",
			"posX": "189902.61962237235",
			"posY": "454348.07451031404",
			"routeType": "4",
			"sectSpd": "44",
			"section": "111600762",
			"seq": "89",
			"station": "111000224",
			"stationNm": "덕은교.은평차고지앞",
			"stationNo": "12314",
			"transYn": "N",
			"fullSectDist": "476",
			"trnstnid": "101000038"
		}
	]
}