{
	"count": 122,
	"result": [
		{
			"arsId": "07476",
			"beginTm": "04:00",
			"busRouteAbrv": "9408",
			"busRouteId": "100100392",
			"busRouteNm": "9408",
			"direction": "고속터미널",
			"gpsX": "127.1060252055",
			"gpsY": "37.3422919648",
			"lastTm": "22:33",
			"posX": "209393.8042141058",
			"posY": "427013.899857908",
			"routeType": "6",
			"sectSpd": "0",
			"section": "0",
			"seq": "1",
			"station": "206000498",
			"stationNm": "구미동차고지앞",
			"stationNo": "07476",
			"transYn": "N",
			"fullSectDist": "0",
			"trnstnid": "121000023"
		},
		{
			"arsId": "47167",
			"beginTm": "04:16",
			"busRouteAbrv": "9408",
			"busRouteId": "100100392",
			"busRouteNm": "9408",
			"direction": "고속터미널",
			"gpsX": "127.111225482",
			"gpsY": "37.3378855273",
			"lastTm": "22:31",
			"posX": "209855.12322024434",
			"posY": "426525.4375735279",
			"routeType": "6",
			"sectSpd": "19",
			"section": "206900793",
			"seq": "2",
			"station": "206000405",
			"stationNm": "성우스타우스",
			"stationNo": "47167",
			"transYn": "N",
			"fullSectDist": "1008",
			"trnstnid": "121000023"
		},
		{
			"arsId": "47163",
			"beginTm": "04:01",
			"busRouteAbrv": "9408",
			"busRouteId": "100100392",
			"busRouteNm": "9408",
			"direction": "고속터미널",
			"gpsX": "127.1150622217",
			"gpsY": "37.3379166069",
			"lastTm": "22:43",
			"posX": "210195.07309426807",
			"posY": "426529.29370920174",
			"routeType": "6",
			"sectSpd": "33",
			"section": "206600002",
			"seq": "3",
			"station": "206000334",
			"stationNm": "LG아파트.무지개마을사거리.신한",
			"stationNo": "47163",
			"transYn": "N",
			"fullSectDist": "344",
			"trnstnid": "121000023"
		},
		{
			"arsId": "47170",
			"beginTm": "04:02",
			"busRouteAbrv": "9408",
			"busRouteId": "100100392",
			"busRouteNm": "9408",
			"direction": "고속터미널",
			"gpsX": "127.1163350198",
			"gpsY": "37.3390837714",
			"lastTm": "22:44",
			"posX": "210307.6897333517",
			"posY": "426658.9546342222",
			"routeType": "6",
			"sectSpd": "7",
			"section": "206600003",
			"seq": "4",
			"station": "206000333",
			"stationNm": "주공4단지",
			"stationNo": "47170",
			"transYn": "N",
			"fullSectDist": "204",
			"trnstnid": "121000023"
		},
		{
			"arsId": "47148",
			"beginTm": "04:04",
			"busRouteAbrv": "9408",
			"busRouteId": "100100392",
			"busRouteNm": "9408",
			"direction": "고속터미널",
			"gpsX": "127.1163161667",
			"gpsY": "37.3427473817",
			"lastTm": "22:44",
			"posX": "210305.51864624425",
			"posY": "427065.51160681015",
			"routeType": "6",
			"sectSpd": "19",
			"section": "206600004",
			"seq": "5",
			"station": "206000332",
			"stationNm": "하얀마을.그랜드빌.벽산빌라",
			"stationNo": "47148",
			"transYn": "N",
			"fullSectDist": "410",
			"trnstnid": "121000023"
		},
		{
			"arsId": "47155",
			"beginTm": "04:05",
			"busRouteAbrv": "9408",
			"busRouteId": "100100392",
			"busRouteNm": "9408",
			"direction": "고속터미널",
			"gpsX": "127.116295288",
			"gpsY": "37.3449371515",
			"lastTm": "22:45",
			"posX": "210303.3696089511",
			"posY": "427308.51310183434",
			"routeType": "6",
			"sectSpd": "39",
			"section": "206600005",
			"seq": "6",
			"station": "206000331",
			"stationNm": "오리초등학교",
			"stationNo": "47155",
			"transYn": "N",
			"fullSectDist": "239",
			"trnstnid": "121000023"
		},
		{
			"arsId": "47150",
			"beginTm": "04:06",
			"busRouteAbrv": "9408",
			"busRouteId": "100100392",
			"busRouteNm": "9408",
			"direction": "고속터미널",
			"gpsX": "127.1162913325",
			"gpsY": "37.3475367127",
			"lastTm": "22:45",
			"posX": "210302.6639646347",
			"posY": "427596.99205048895",
			"routeType": "6",
			"sectSpd": "14",
			"section": "206600006",
			"seq": "7",
			"station": "206000330",
			"stationNm": "미금초등학교",
			"stationNo": "47150",
			"transYn": "N",
			"fullSectDist": "293",
			"trnstnid": "121000023"
		},
		{
			"arsId": "47157",
			"beginTm": "04:06",
			"busRouteAbrv": "9408",
			"busRouteId": "100100392",
			"busRouteNm": "9408",
			"direction": "고속터미널",
			"gpsX": "127.1162791972",
			"gpsY": "37.349127428",
			"lastTm": "22:46",
			"posX": "210301.3715138984",
			"posY": "427773.5161827062",
			"routeType": "6",
			"sectSpd": "13",
			"section": "206600007",
			"seq": "8",
			"station": "206000329",
			"stationNm": "대우.롯데아파트상가",
			"stationNo": "47157",
			"transYn": "N",
			"fullSectDist": "179",
			"trnstnid": "121000023"
		},
		{
			"arsId": "47154",
			"beginTm": "04:07",
			"busRouteAbrv": "9408",
			"busRouteId": "100100392",
			"busRouteNm": "9408",
			"direction": "고속터미널",
			"gpsX": "127.1160783136",
			"gpsY": "37.351650713",
			"lastTm": "22:47",
			"posX": "210283.23070884388",
			"posY": "428053.50931801973",
			"routeType": "6",
			"sectSpd": "22",
			"section": "206600008",
			"seq": "9",
			"station": "206000328",
			"stationNm": "대원사거리.까치마을",
			"stationNo": "47154",
			"transYn": "N",
			"fullSectDist": "358",
			"trnstnid": "121000023"
		},
		{
			"arsId": "47036",
			"beginTm": "04:08",
			"busRouteAbrv": "9408",
			"busRouteId": "100100392",
			"busRouteNm": "9408",
			"direction": "고속터미널",
			"gpsX": "127.1182657121",
			"gpsY": "37.3541846252",
			"lastTm": "22:48",
			"posX": "210476.65748023725",
			"posY": "428334.9442264242",
			"routeType": "6",
			"sectSpd": "17",
			"section": "206600009",
			"seq": "10",
			"station": "206000327",
			"stationNm": "더샵분당파크리버.헬스케어혁신 ",
			"stationNo": "47036",
			"transYn": "N",
			"fullSectDist": "351",
			"trnstnid": "121000023"
		},
		{
			"arsId": "47041",
			"beginTm": "04:08",
			"busRouteAbrv": "9408",
			"busRouteId": "100100392",
			"busRouteNm": "9408",
			"direction": "고속터미널",
			"gpsX": "127.119280281",
			"gpsY": "37.3602870204",
			"lastTm": "22:49",
			"posX": "210565.67839710636",
			"posY": "429012.2556002261",
			"routeType": "6",
			"sectSpd": "21",
			"section": "206600010",
			"seq": "11",
			"station": "206000248",
			"stationNm": "정자3동행정복지센터",
			"stationNo": "47041",
			"transYn": "N",
			"fullSectDist": "694",
			"trnstnid": "121000023"
		},
		{
			"arsId": "47043",
			"beginTm": "04:09",
			"busRouteAbrv": "9408",
			"busRouteId": "100100392",
			"busRouteNm": "9408",
			"direction": "고속터미널",
			"gpsX": "127.1192763715",
			"gpsY": "37.3627595186",
			"lastTm": "22:49",
			"posX": "210564.98546653494",
			"posY": "429286.6347811017",
			"routeType": "6",
			"sectSpd": "27",
			"section": "206600011",
			"seq": "12",
			"station": "206000247",
			"stationNm": "정든마을.우성아파트",
			"stationNo": "47043",
			"transYn": "N",
			"fullSectDist": "290",
			"trnstnid": "121000023"
		},
		{
			"arsId": "47029",
			"beginTm": "04:09",
			"busRouteAbrv": "9408",
			"busRouteId": "100100392",
			"busRouteNm": "9408",
			"direction": "고속터미널",
			"gpsX": "127.1192999599",
			"gpsY": "37.3654181232",
			"lastTm": "22:50",
			"posX": "210566.70200643176",
			"posY": "429581.66988315014",
			"routeType": "6",
			"sectSpd": "18",
			"section": "206600012",
			"seq": "13",
			"station": "206000246",
			"stationNm": "한솔마을.LG아파트",
			"stationNo": "47029",
			"transYn": "N",
			"fullSectDist": "299",
			"trnstnid": "121000023"
		},
		{
			"arsId": "47017",
			"beginTm": "04:10",
			"busRouteAbrv": "9408",
			"busRouteId": "100100392",
			"busRouteNm": "9408",
			"direction": "고속터미널",
			"gpsX": "127.123180511",
			"gpsY": "37.3698933971",
			"lastTm": "22:50",
			"posX": "210909.76442254617",
			"posY": "430078.7447135947",
			"routeType": "6",
			"sectSpd": "18",
			"section": "206600013",
			"seq": "14",
			"station": "206000245",
			"stationNm": "푸른마을",
			"stationNo": "47017",
			"transYn": "N",
			"fullSectDist": "672",
			"trnstnid": "121000023"
		},
		{
			"arsId": "47024",
			"beginTm": "04:10",
			"busRouteAbrv": "9408",
			"busRouteId": "100100392",
			"busRouteNm": "9408",
			"direction": "고속터미널",
			"gpsX": "127.1274631365",
			"gpsY": "37.3730085082",
			"lastTm": "22:53",
			"posX": "211288.5983280973",
			"posY": "430424.9409364541",
			"routeType": "6",
			"sectSpd": "11",
			"section": "206600014",
			"seq": "15",
			"station": "206000321",
			"stationNm": "샛별마을.우방아파트",
			"stationNo": "47024",
			"transYn": "N",
			"fullSectDist": "516",
			"trnstnid": "121000023"
		},
		{
			"arsId": "47022",
			"beginTm": "04:13",
			"busRouteAbrv": "9408",
			"busRouteId": "100100392",
			"busRouteNm": "9408",
			"direction": "고속터미널",
			"gpsX": "127.1299049888",
			"gpsY": "37.3747720664",
			"lastTm": "22:53",
			"posX": "211504.5883836052",
			"posY": "430620.94287831197",
			"routeType": "6",
			"sectSpd": "28",
			"section": "206600015",
			"seq": "16",
			"station": "206000320",
			"stationNm": "중앙공원.샛별마을.라이프아파트",
			"stationNo": "47022",
			"transYn": "N",
			"fullSectDist": "290",
			"trnstnid": "121000023"
		},
		{
			"arsId": "47054",
			"beginTm": "04:13",
			"busRouteAbrv": "9408",
			"busRouteId": "100100392",
			"busRouteNm": "9408",
			"direction": "고속터미널",
			"gpsX": "127.1335237202",
			"gpsY": "37.3773347383",
			"lastTm": "22:54",
			"posX": "211824.66670771272",
			"posY": "430905.7772674891",
			"routeType": "6",
			"sectSpd": "9",
			"section": "206600016",
			"seq": "17",
			"station": "206000319",
			"stationNm": "효자촌",
			"stationNo": "47054",
			"transYn": "N",
			"fullSectDist": "439",
			"trnstnid": "121000023"
		},
		{
			"arsId": "47065",
			"beginTm": "04:15",
			"busRouteAbrv": "9408",
			"busRouteId": "100100392",
			"busRouteNm": "9408",
			"direction": "고속터미널",
			"gpsX": "127.1343281349",
			"gpsY": "37.3812176946",
			"lastTm": "22:54",
			"posX": "211895.29122117072",
			"posY": "431336.78156883456",
			"routeType": "6",
			"sectSpd": "12",
			"section": "206600017",
			"seq": "18",
			"station": "206000318",
			"stationNm": "서현중학교",
			"stationNo": "47065",
			"transYn": "N",
			"fullSectDist": "574",
			"trnstnid": "121000023"
		},
		{
			"arsId": "47059",
			"beginTm": "04:17",
			"busRouteAbrv": "9408",
			"busRouteId": "100100392",
			"busRouteNm": "9408",
			"direction": "고속터미널",
			"gpsX": "127.1296738481",
			"gpsY": "37.3842309833",
			"lastTm": "22:57",
			"posX": "211482.67590365905",
			"posY": "431670.5988767026",
			"routeType": "6",
			"sectSpd": "13",
			"section": "206600018",
			"seq": "19",
			"station": "206000317",
			"stationNm": "새마을연수원입구",
			"stationNo": "47059",
			"transYn": "N",
			"fullSectDist": "539",
			"trnstnid": "121000023"
		},
		{
			"arsId": "47081",
			"beginTm": "04:18",
			"busRouteAbrv": "9408",
			"busRouteId": "100100392",
			"busRouteNm": "9408",
			"direction": "고속터미널",
			"gpsX": "127.1285109346",
			"gpsY": "37.3919422945",
			"lastTm": "22:58",
			"posX": "211378.53385769585",
			"posY": "432526.20638056565",
			"routeType": "6",
			"sectSpd": "36",
			"section": "206600205",
			"seq": "20",
			"station": "206000028",
			"stationNm": "송림고등학교.이매촌청구아파트.",
			"stationNo": "47081",
			"transYn": "N",
			"fullSectDist": "1017",
			"trnstnid": "121000023"
		},
		{
			"arsId": "47080",
			"beginTm": "04:19",
			"busRouteAbrv": "9408",
			"busRouteId": "100100392",
			"busRouteNm": "9408",
			"direction": "고속터미널",
			"gpsX": "127.1285474824",
			"gpsY": "37.3933364499",
			"lastTm": "22:59",
			"posX": "211381.5590541636",
			"posY": "432680.92470235797",
			"routeType": "6",
			"sectSpd": "42",
			"section": "206900546",
			"seq": "21",
			"station": "206000027",
			"stationNm": "돌마고교",
			"stationNo": "47080",
			"transYn": "N",
			"fullSectDist": "163",
			"trnstnid": "121000023"
		},
		{
			"arsId": "47087",
			"beginTm": "04:19",
			"busRouteAbrv": "9408",
			"busRouteId": "100100392",
			"busRouteNm": "9408",
			"direction": "고속터미널",
			"gpsX": "127.1287818079",
			"gpsY": "37.397466607",
			"lastTm": "22:59",
			"posX": "211401.68051891812",
			"posY": "433139.29004226625",
			"routeType": "6",
			"sectSpd": "17",
			"section": "206900547",
			"seq": "22",
			"station": "206000227",
			"stationNm": "이매역.농업기술센터.진흥아파트",
			"stationNo": "47087",
			"transYn": "N",
			"fullSectDist": "524",
			"trnstnid": "121000023"
		},
		{
			"arsId": "47073",
			"beginTm": "04:20",
			"busRouteAbrv": "9408",
			"busRouteId": "100100392",
			"busRouteNm": "9408",
			"direction": "고속터미널",
			"gpsX": "127.1286631322",
			"gpsY": "37.4016265418",
			"lastTm": "23:02",
			"posX": "211390.543926063",
			"posY": "433600.9176037507",
			"routeType": "6",
			"sectSpd": "32",
			"section": "206600208",
			"seq": "23",
			"station": "206000226",
			"stationNm": "성남아트센터.태원고교",
			"stationNo": "47073",
			"transYn": "N",
			"fullSectDist": "480",
			"trnstnid": "121000023"
		},
		{
			"arsId": "47132",
			"beginTm": "04:20",
			"busRouteAbrv": "9408",
			"busRouteId": "100100392",
			"busRouteNm": "9408",
			"direction": "고속터미널",
			"gpsX": "127.1290052457",
			"gpsY": "37.4072893938",
			"lastTm": "23:02",
			"posX": "211419.97172997342",
			"posY": "434229.3851468996",
			"routeType": "6",
			"sectSpd": "14",
			"section": "206600209",
			"seq": "24",
			"station": "206000441",
			"stationNm": "경남아너스빌",
			"stationNo": "47132",
			"transYn": "N",
			"fullSectDist": "644",
			"trnstnid": "121000023"
		},
		{
			"arsId": "47116",
			"beginTm": "04:21",
			"busRouteAbrv": "9408",
			"busRouteId": "100100392",
			"busRouteNm": "9408",
			"direction": "고속터미널",
			"gpsX": "127.1290254486",
			"gpsY": "37.4126805422",
			"lastTm": "23:03",
			"posX": "211420.94165616593",
			"posY": "434827.6624455778",
			"routeType": "6",
			"sectSpd": "23",
			"section": "206600268",
			"seq": "25",
			"station": "206000784",
			"stationNm": "야탑역.종합버스터미널(광역버스",
			"stationNo": "47116",
			"transYn": "N",
			"fullSectDist": "614",
			"trnstnid": "121000023"
		},
		{
			"arsId": "06225",
			"beginTm": "04:24",
			"busRouteAbrv": "9408",
			"busRouteId": "100100392",
			"busRouteNm": "9408",
			"direction": "고속터미널",
			"gpsX": "127.1290794118",
			"gpsY": "37.4183726776",
			"lastTm": "23:04",
			"posX": "211424.85364653813",
			"posY": "435459.3460208853",
			"routeType": "6",
			"sectSpd": "13",
			"section": "206600301",
			"seq": "26",
			"station": "205000247",
			"stationNm": "성남시청후면",
			"stationNo": "06225",
			"transYn": "N",
			"fullSectDist": "640",
			"trnstnid": "121000023"
		},
		{
			"arsId": "49607",
			"beginTm": "04:25",
			"busRouteAbrv": "9408",
			"busRouteId": "100100392",
			"busRouteNm": "9408",
			"direction": "고속터미널",
			"gpsX": "127.1272315628",
			"gpsY": "37.4216425618",
			"lastTm": "23:06",
			"posX": "211260.810304972",
			"posY": "435821.9949842072",
			"routeType": "6",
			"sectSpd": "11",
			"section": "205600153",
			"seq": "27",
			"station": "205000250",
			"stationNm": "성남시청후문",
			"stationNo": "49607",
			"transYn": "N",
			"fullSectDist": "484",
			"trnstnid": "121000023"
		},
		{
			"arsId": "49605",
			"beginTm": "04:27",
			"busRouteAbrv": "9408",
			"busRouteId": "100100392",
			"busRouteNm": "9408",
			"direction": "고속터미널",
			"gpsX": "127.1219203686",
			"gpsY": "37.4218985809",
			"lastTm": "23:07",
			"posX": "210790.6985826434",
			"posY": "435849.78530040616",
			"routeType": "6",
			"sectSpd": "42",
			"section": "205600133",
			"seq": "28",
			"station": "205000243",
			"stationNm": "모란차량기지앞",
			"stationNo": "49605",
			"transYn": "N",
			"fullSectDist": "467",
			"trnstnid": "121000023"
		},
		{
			"arsId": "48608",
			"beginTm": "04:28",
			"busRouteAbrv": "9408",
			"busRouteId": "100100392",
			"busRouteNm": "9408",
			"direction": "고속터미널",
			"gpsX": "127.1158420609",
			"gpsY": "37.4223262316",
			"lastTm": "23:08",
			"posX": "210252.6726532745",
			"posY": "435896.56500579184",
			"routeType": "6",
			"sectSpd": "18",
			"section": "205600097",
			"seq": "29",
			"station": "204000004",
			"stationNm": "여수대교",
			"stationNo": "48608",
			"transYn": "N",
			"fullSectDist": "540",
			"trnstnid": "121000023"
		},
		{
			"arsId": "48613",
			"beginTm": "04:29",
			"busRouteAbrv": "9408",
			"busRouteId": "100100392",
			"busRouteNm": "9408",
			"direction": "고속터미널",
			"gpsX": "127.1087342338",
			"gpsY": "37.422542994",
			"lastTm": "23:09",
			"posX": "209623.56210816235",
			"posY": "435919.8707426563",
			"routeType": "6",
			"sectSpd": "36",
			"section": "204600132",
			"seq": "30",
			"station": "204000154",
			"stationNm": "시흥동행정복지센터",
			"stationNo": "48613",
			"transYn": "N",
			"fullSectDist": "629",
			"trnstnid": "121000023"
		},
		{
			"arsId": "48607",
			"beginTm": "04:30",
			"busRouteAbrv": "9408",
			"busRouteId": "100100392",
			"busRouteNm": "9408",
			"direction": "고속터미널",
			"gpsX": "127.1056384033",
			"gpsY": "37.4224916946",
			"lastTm": "23:10",
			"posX": "209349.57082197093",
			"posY": "435913.86636491073",
			"routeType": "6",
			"sectSpd": "10",
			"section": "204600133",
			"seq": "31",
			"station": "204000003",
			"stationNm": "시흥동농협창고",
			"stationNo": "48607",
			"transYn": "N",
			"fullSectDist": "276",
			"trnstnid": "121000023"
		},
		{
			"arsId": "48091",
			"beginTm": "04:30",
			"busRouteAbrv": "9408",
			"busRouteId": "100100392",
			"busRouteNm": "9408",
			"direction": "고속터미널",
			"gpsX": "127.1025157668",
			"gpsY": "37.4246423505",
			"lastTm": "23:10",
			"posX": "209072.9409871568",
			"posY": "436152.22769044153",
			"routeType": "6",
			"sectSpd": "24",
			"section": "204600134",
			"seq": "32",
			"station": "204000002",
			"stationNm": "시흥사거리.고등공공주택지구",
			"stationNo": "48091",
			"transYn": "N",
			"fullSectDist": "584",
			"trnstnid": "121000023"
		},
		{
			"arsId": "48087",
			"beginTm": "04:31",
			"busRouteAbrv": "9408",
			"busRouteId": "100100392",
			"busRouteNm": "9408",
			"direction": "고속터미널",
			"gpsX": "127.1021019867",
			"gpsY": "37.428291652",
			"lastTm": "23:11",
			"posX": "209035.8816421744",
			"posY": "436557.164903861",
			"routeType": "6",
			"sectSpd": "27",
			"section": "204600135",
			"seq": "33",
			"station": "204000001",
			"stationNm": "고등동우체국.성남농협대왕지점",
			"stationNo": "48087",
			"transYn": "N",
			"fullSectDist": "401",
			"trnstnid": "121000023"
		},
		{
			"arsId": "48085",
			"beginTm": "04:32",
			"busRouteAbrv": "9408",
			"busRouteId": "100100392",
			"busRouteNm": "9408",
			"direction": "고속터미널",
			"gpsX": "127.1037800938",
			"gpsY": "37.4351538539",
			"lastTm": "23:12",
			"posX": "209183.55338163985",
			"posY": "437318.852562482",
			"routeType": "6",
			"sectSpd": "23",
			"section": "204600136",
			"seq": "34",
			"station": "204000046",
			"stationNm": "등자리",
			"stationNo": "48085",
			"transYn": "N",
			"fullSectDist": "799",
			"trnstnid": "121000023"
		},
		{
			"arsId": "48083",
			"beginTm": "04:35",
			"busRouteAbrv": "9408",
			"busRouteId": "100100392",
			"busRouteNm": "9408",
			"direction": "고속터미널",
			"gpsX": "127.104360793",
			"gpsY": "37.4466153932",
			"lastTm": "23:12",
			"posX": "209233.53128209425",
			"posY": "438590.8432996706",
			"routeType": "6",
			"sectSpd": "55",
			"section": "204600137",
			"seq": "35",
			"station": "204000045",
			"stationNm": "공군아파트",
			"stationNo": "48083",
			"transYn": "N",
			"fullSectDist": "1284",
			"trnstnid": "121000023"
		},
		{
			"arsId": "48080",
			"beginTm": "04:36",
			"busRouteAbrv": "9408",
			"busRouteId": "100100392",
			"busRouteNm": "9408",
			"direction": "고속터미널",
			"gpsX": "127.105800637",
			"gpsY": "37.4498490909",
			"lastTm": "23:13",
			"posX": "209360.52148449494",
			"posY": "438949.8424977991",
			"routeType": "6",
			"sectSpd": "23",
			"section": "204600138",
			"seq": "36",
			"station": "204000044",
			"stationNm": "효성고등학교",
			"stationNo": "48080",
			"transYn": "N",
			"fullSectDist": "377",
			"trnstnid": "121000023"
		},
		{
			"arsId": "48076",
			"beginTm": "04:37",
			"busRouteAbrv": "9408",
			"busRouteId": "100100392",
			"busRouteNm": "9408",
			"direction": "고속터미널",
			"gpsX": "127.1071735257",
			"gpsY": "37.455254923",
			"lastTm": "23:15",
			"posX": "209481.30298765606",
			"posY": "439549.88831325853",
			"routeType": "6",
			"sectSpd": "26",
			"section": "204600139",
			"seq": "37",
			"station": "204000043",
			"stationNm": "오야동.신촌동행정복지센터",
			"stationNo": "48076",
			"transYn": "N",
			"fullSectDist": "612",
			"trnstnid": "121000023"
		},
		{
			"arsId": "48078",
			"beginTm": "04:38",
			"busRouteAbrv": "9408",
			"busRouteId": "100100392",
			"busRouteNm": "9408",
			"direction": "고속터미널",
			"gpsX": "127.107792634",
			"gpsY": "37.45978647",
			"lastTm": "23:16",
			"posX": "209535.49815490007",
			"posY": "440052.83657350903",
			"routeType": "6",
			"sectSpd": "39",
			"section": "204600140",
			"seq": "38",
			"station": "204000042",
			"stationNm": "신촌동앞",
			"stationNo": "48078",
			"transYn": "N",
			"fullSectDist": "502",
			"trnstnid": "121000023"
		},
		{
			"arsId": "23412",
			"beginTm": "04:38",
			"busRouteAbrv": "9408",
			"busRouteId": "100100392",
			"busRouteNm": "9408",
			"direction": "고속터미널",
			"gpsX": "127.1026344423",
			"gpsY": "37.4655279204",
			"lastTm": "23:16",
			"posX": "209078.50241607212",
			"posY": "440689.48157162033",
			"routeType": "6",
			"sectSpd": "87",
			"section": "122606445",
			"seq": "39",
			"station": "122000305",
			"stationNm": "은곡마을.LH이편한세상",
			"stationNo": "23412",
			"transYn": "N",
			"fullSectDist": "1094",
			"trnstnid": "121000023"
		},
		{
			"arsId": "23434",
			"beginTm": "04:41",
			"busRouteAbrv": "9408",
			"busRouteId": "100100392",
			"busRouteNm": "9408",
			"direction": "고속터미널",
			"gpsX": "127.0985783615",
			"gpsY": "37.465765644",
			"lastTm": "23:17",
			"posX": "208719.6951577279",
			"posY": "440715.4796325355",
			"routeType": "6",
			"sectSpd": "60",
			"section": "122606448",
			"seq": "40",
			"station": "122000664",
			"stationNm": "은곡마을진입로",
			"stationNo": "23434",
			"transYn": "N",
			"fullSectDist": "362",
			"trnstnid": "121000023"
		},
		{
			"arsId": "23437",
			"beginTm": "04:42",
			"busRouteAbrv": "9408",
			"busRouteId": "100100392",
			"busRouteNm": "9408",
			"direction": "고속터미널",
			"gpsX": "127.0949599244",
			"gpsY": "37.4650999852",
			"lastTm": "23:19",
			"posX": "208399.70267526383",
			"posY": "440641.27962110145",
			"routeType": "6",
			"sectSpd": "54",
			"section": "122606814",
			"seq": "41",
			"station": "122000674",
			"stationNm": "세곡푸르지오",
			"stationNo": "23437",
			"transYn": "N",
			"fullSectDist": "329",
			"trnstnid": "121000023"
		},
		{
			"arsId": "22337",
			"beginTm": "04:43",
			"busRouteAbrv": "9408",
			"busRouteId": "100100392",
			"busRouteNm": "9408",
			"direction": "고속터미널",
			"gpsX": "127.0893448195",
			"gpsY": "37.463226455",
			"lastTm": "23:20",
			"posX": "207903.2143400222",
			"posY": "440432.87957690284",
			"routeType": "6",
			"sectSpd": "42",
			"section": "121608536",
			"seq": "42",
			"station": "121000261",
			"stationNm": "헌인마을.서울농업기술센터",
			"stationNo": "22337",
			"transYn": "N",
			"fullSectDist": "540",
			"trnstnid": "121000023"
		},
		{
			"arsId": "22334",
			"beginTm": "04:43",
			"busRouteAbrv": "9408",
			"busRouteId": "100100392",
			"busRouteNm": "9408",
			"direction": "고속터미널",
			"gpsX": "127.0826829531",
			"gpsY": "37.4611155017",
			"lastTm": "23:20",
			"posX": "207314.12818212344",
			"posY": "440198.0795339551",
			"routeType": "6",
			"sectSpd": "25",
			"section": "121608538",
			"seq": "43",
			"station": "121000258",
			"stationNm": "헌인릉.강남서초과학화예비군훈련장",
			"stationNo": "22334",
			"transYn": "N",
			"fullSectDist": "633",
			"trnstnid": "121000023"
		},
		{
			"arsId": "22332",
			"beginTm": "04:44",
			"busRouteAbrv": "9408",
			"busRouteId": "100100392",
			"busRouteNm": "9408",
			"direction": "고속터미널",
			"gpsX": "127.0718263325",
			"gpsY": "37.4575866482",
			"lastTm": "23:21",
			"posX": "206354.0507375824",
			"posY": "439805.67946122354",
			"routeType": "6",
			"sectSpd": "10",
			"section": "121608542",
			"seq": "44",
			"station": "121000256",
			"stationNm": "서울특별시어린이병원.강동송파과학화예비군훈련장",
			"stationNo": "22332",
			"transYn": "N",
			"fullSectDist": "1033",
			"trnstnid": "121000023"
		},
		{
			"arsId": "22355",
			"beginTm": "04:45",
			"busRouteAbrv": "9408",
			"busRouteId": "100100392",
			"busRouteNm": "9408",
			"direction": "고속터미널",
			"gpsX": "127.062472",
			"gpsY": "37.456297",
			"lastTm": "23:23",
			"posX": "205526.62309014672",
			"posY": "439661.97173661646",
			"routeType": "6",
			"sectSpd": "12",
			"section": "121606960",
			"seq": "45",
			"station": "121000278",
			"stationNm": "안골마을",
			"stationNo": "22355",
			"transYn": "N",
			"fullSectDist": "902",
			"trnstnid": "121000023"
		},
		{
			"arsId": "22398",
			"beginTm": "04:47",
			"busRouteAbrv": "9408",
			"busRouteId": "100100392",
			"busRouteNm": "9408",
			"direction": "고속터미널",
			"gpsX": "127.058987",
			"gpsY": "37.457779",
			"lastTm": "23:25",
			"posX": "205218.21746152063",
			"posY": "439826.23701938335",
			"routeType": "6",
			"sectSpd": "12",
			"section": "121601603",
			"seq": "46",
			"station": "121000988",
			"stationNm": "서초포레스타입구",
			"stationNo": "22398",
			"transYn": "N",
			"fullSectDist": "228",
			"trnstnid": "121000023"
		},
		{
			"arsId": "22353",
			"beginTm": "04:48",
			"busRouteAbrv": "9408",
			"busRouteId": "100100392",
			"busRouteNm": "9408",
			"direction": "고속터미널",
			"gpsX": "127.054983",
			"gpsY": "37.459503",
			"lastTm": "23:25",
			"posX": "204863.8964892572",
			"posY": "440017.3426273209",
			"routeType": "6",
			"sectSpd": "42",
			"section": "121601604",
			"seq": "47",
			"station": "121000276",
			"stationNm": "탑성마을",
			"stationNo": "22353",
			"transYn": "N",
			"fullSectDist": "522",
			"trnstnid": "121000023"
		},
		{
			"arsId": "22351",
			"beginTm": "04:48",
			"busRouteAbrv": "9408",
			"busRouteId": "100100392",
			"busRouteNm": "9408",
			"direction": "고속터미널",
			"gpsX": "127.04929",
			"gpsY": "37.461987",
			"lastTm": "23:26",
			"posX": "204360.13905080582",
			"posY": "440292.72440547775",
			"routeType": "6",
			"sectSpd": "32",
			"section": "121601605",
			"seq": "48",
			"station": "121000274",
			"stationNm": "염곡마을.서초50플러스센터",
			"stationNo": "22351",
			"transYn": "N",
			"fullSectDist": "553",
			"trnstnid": "121000023"
		},
		{
			"arsId": "22297",
			"beginTm": "04:49",
			"busRouteAbrv": "9408",
			"busRouteId": "100100392",
			"busRouteNm": "9408",
			"direction": "고속터미널",
			"gpsX": "127.039043",
			"gpsY": "37.471255",
			"lastTm": "23:26",
			"posX": "203453.274347631",
			"posY": "441320.81145698717",
			"routeType": "6",
			"sectSpd": "28",
			"section": "121601608",
			"seq": "49",
			"station": "121000221",
			"stationNm": "매헌시민의숲.양재꽃시장",
			"stationNo": "22297",
			"transYn": "N",
			"fullSectDist": "1460",
			"trnstnid": "121000023"
		},
		{
			"arsId": "22002",
			"beginTm": "04:52",
			"busRouteAbrv": "9408",
			"busRouteId": "100100392",
			"busRouteNm": "9408",
			"direction": "고속터미널",
			"gpsX": "127.038758",
			"gpsY": "37.477818",
			"lastTm": "23:28",
			"posX": "203427.76691603122",
			"posY": "442049.1279299697",
			"routeType": "6",
			"sectSpd": "18",
			"section": "121600697",
			"seq": "50",
			"station": "121000002",
			"stationNm": "교육개발원입구",
			"stationNo": "22002",
			"transYn": "N",
			"fullSectDist": "730",
			"trnstnid": "121000023"
		},
		{
			"arsId": "22004",
			"beginTm": "04:53",
			"busRouteAbrv": "9408",
			"busRouteId": "100100392",
			"busRouteNm": "9408",
			"direction": "고속터미널",
			"gpsX": "127.036827",
			"gpsY": "37.481927",
			"lastTm": "23:29",
			"posX": "203256.81045630766",
			"posY": "442505.0547967288",
			"routeType": "6",
			"sectSpd": "36",
			"section": "121600699",
			"seq": "51",
			"station": "121000004",
			"stationNm": "양재역.서초문화예술회관",
			"stationNo": "22004",
			"transYn": "N",
			"fullSectDist": "499",
			"trnstnid": "121000023"
		},
		{
			"arsId": "22006",
			"beginTm": "04:54",
			"busRouteAbrv": "9408",
			"busRouteId": "100100392",
			"busRouteNm": "9408",
			"direction": "고속터미널",
			"gpsX": "127.033097",
			"gpsY": "37.486653",
			"lastTm": "23:30",
			"posX": "202926.7620381757",
			"posY": "443029.3995510191",
			"routeType": "6",
			"sectSpd": "24",
			"section": "121607959",
			"seq": "52",
			"station": "121000006",
			"stationNm": "뱅뱅사거리",
			"stationNo": "22006",
			"transYn": "N",
			"fullSectDist": "650",
			"trnstnid": "121000023"
		},
		{
			"arsId": "22008",
			"beginTm": "04:58",
			"busRouteAbrv": "9408",
			"busRouteId": "100100392",
			"busRouteNm": "9408",
			"direction": "고속터미널",
			"gpsX": "127.030987",
			"gpsY": "37.491087",
			"lastTm": "23:33",
			"posX": "202740.01312882834",
			"posY": "443521.39900224144",
			"routeType": "6",
			"sectSpd": "27",
			"section": "121607963",
			"seq": "53",
			"station": "121000008",
			"stationNm": "래미안아파트.파이낸셜뉴스",
			"stationNo": "22008",
			"transYn": "N",
			"fullSectDist": "526",
			"trnstnid": "121000023"
		},
		{
			"arsId": "22010",
			"beginTm": "04:59",
			"busRouteAbrv": "9408",
			"busRouteId": "100100392",
			"busRouteNm": "9408",
			"direction": "고속터미널",
			"gpsX": "127.029112",
			"gpsY": "37.494993",
			"lastTm": "23:34",
			"posX": "202574.0829385011",
			"posY": "443954.8145600953",
			"routeType": "6",
			"sectSpd": "24",
			"section": "121607964",
			"seq": "54",
			"station": "121000010",
			"stationNm": "신분당선강남역",
			"stationNo": "22010",
			"transYn": "N",
			"fullSectDist": "465",
			"trnstnid": "121000023"
		},
		{
			"arsId": "22012",
			"beginTm": "05:01",
			"busRouteAbrv": "9408",
			"busRouteId": "100100392",
			"busRouteNm": "9408",
			"direction": "고속터미널",
			"gpsX": "127.02637",
			"gpsY": "37.500785",
			"lastTm": "23:36",
			"posX": "202331.4552185306",
			"posY": "444597.51102609886",
			"routeType": "6",
			"sectSpd": "29",
			"section": "121607970",
			"seq": "55",
			"station": "121000012",
			"stationNm": "지하철2호선강남역",
			"stationNo": "22012",
			"transYn": "N",
			"fullSectDist": "687",
			"trnstnid": "121000023"
		},
		{
			"arsId": "22014",
			"beginTm": "05:04",
			"busRouteAbrv": "9408",
			"busRouteId": "100100392",
			"busRouteNm": "9408",
			"direction": "고속터미널",
			"gpsX": "127.023728",
			"gpsY": "37.506367",
			"lastTm": "23:39",
			"posX": "202097.71143976465",
			"posY": "445216.9125921889",
			"routeType": "6",
			"sectSpd": "34",
			"section": "121607972",
			"seq": "56",
			"station": "121000014",
			"stationNm": "논현역",
			"stationNo": "22014",
			"transYn": "N",
			"fullSectDist": "670",
			"trnstnid": "121000023"
		},
		{
			"arsId": "22183",
			"beginTm": "05:07",
			"busRouteAbrv": "9408",
			"busRouteId": "100100392",
			"busRouteNm": "9408",
			"direction": "고속터미널",
			"gpsX": "127.0192203041",
			"gpsY": "37.5106480618",
			"lastTm": "23:41",
			"posX": "201699.10439527468",
			"posY": "445691.913866227",
			"routeType": "6",
			"sectSpd": "36",
			"section": "121608046",
			"seq": "57",
			"station": "121000107",
			"stationNm": "논현역7번출구",
			"stationNo": "22183",
			"transYn": "N",
			"fullSectDist": "763",
			"trnstnid": "121000023"
		},
		{
			"arsId": "22017",
			"beginTm": "05:09",
			"busRouteAbrv": "9408",
			"busRouteId": "100100392",
			"busRouteNm": "9408",
			"direction": "고속터미널",
			"gpsX": "127.0121292217",
			"gpsY": "37.5083418804",
			"lastTm": "23:45",
			"posX": "201072.2748094188",
			"posY": "445435.88017778983",
			"routeType": "6",
			"sectSpd": "32",
			"section": "121608048",
			"seq": "58",
			"station": "121000017",
			"stationNm": "반포역",
			"stationNo": "22017",
			"transYn": "N",
			"fullSectDist": "688",
			"trnstnid": "121000023"
		},
		{
			"arsId": "22019",
			"beginTm": "05:11",
			"busRouteAbrv": "9408",
			"busRouteId": "100100392",
			"busRouteNm": "9408",
			"direction": "고속터미널",
			"gpsX": "127.0052834138",
			"gpsY": "37.5062923789",
			"lastTm": "23:47",
			"posX": "200467.08903079625",
			"posY": "445208.3801442161",
			"routeType": "6",
			"sectSpd": "43",
			"section": "121608051",
			"seq": "59",
			"station": "121000019",
			"stationNm": "고속터미널",
			"stationNo": "22019",
			"transYn": "N",
			"fullSectDist": "647",
			"trnstnid": "121000023"
		},
		{
			"arsId": "22021",
			"beginTm": "05:12",
			"busRouteAbrv": "9408",
			"busRouteId": "100100392",
			"busRouteNm": "9408",
			"direction": "고속터미널",
			"gpsX": "126.9958263651",
			"gpsY": "37.5034152049",
			"lastTm": "23:48",
			"posX": "199631.00866763262",
			"posY": "444889.0801053378",
			"routeType": "6",
			"sectSpd": "33",
			"section": "121608164",
			"seq": "60",
			"station": "121000021",
			"stationNm": "신반포역.세화여중고",
			"stationNo": "22021",
			"transYn": "N",
			"fullSectDist": "894",
			"trnstnid": "121000023"
		},
		{
			"arsId": "22023",
			"beginTm": "05:15",
			"busRouteAbrv": "9408",
			"busRouteId": "100100392",
			"busRouteNm": "9408",
			"direction": "고속터미널",
			"gpsX": "126.9900264523",
			"gpsY": "37.5019451598",
			"lastTm": "23:52",
			"posX": "199118.22071075984",
			"posY": "444725.9800805808",
			"routeType": "6",
			"sectSpd": "17",
			"section": "121600027",
			"seq": "61",
			"station": "121000023",
			"stationNm": "구반포역.세화고등학교",
			"stationNo": "22023",
			"transYn": "Y",
			"fullSectDist": "542",
			"trnstnid": "121000023"
		},
		{
			"arsId": "22020",
			"beginTm": "05:16",
			"busRouteAbrv": "9408",
			"busRouteId": "100100392",
			"busRouteNm": "9408",
			"direction": "분당구.구미동",
			"gpsX": "127.003792583",
			"gpsY": "37.5057382586",
			"lastTm": "23:52",
			"posX": "200335.29211953797",
			"posY": "445146.8801366212",
			"routeType": "6",
			"sectSpd": "40",
			"section": "121608080",
			"seq": "62",
			"station": "121000020",
			"stationNm": "고속터미널",
			"stationNo": "22020",
			"transYn": "N",
			"fullSectDist": "2925",
			"trnstnid": "121000023"
		},
		{
			"arsId": "22018",
			"beginTm": "05:34",
			"busRouteAbrv": "9408",
			"busRouteId": "100100392",
			"busRouteNm": "9408",
			"direction": "분당구.구미동",
			"gpsX": "127.0110398687",
			"gpsY": "37.5079040519",
			"lastTm": "00:09",
			"posX": "200975.97706901564",
			"posY": "445387.28016697755",
			"routeType": "6",
			"sectSpd": "41",
			"section": "121608084",
			"seq": "63",
			"station": "121000018",
			"stationNm": "반포역",
			"stationNo": "22018",
			"transYn": "N",
			"fullSectDist": "684",
			"trnstnid": "121000023"
		},
		{
			"arsId": "22190",
			"beginTm": "05:37",
			"busRouteAbrv": "9408",
			"busRouteId": "100100392",
			"busRouteNm": "9408",
			"direction": "분당구.구미동",
			"gpsX": "127.0192130073",
			"gpsY": "37.5102908187",
			"lastTm": "00:12",
			"posX": "201698.46744205203",
			"posY": "445652.2685533017",
			"routeType": "6",
			"sectSpd": "17",
			"section": "121608088",
			"seq": "64",
			"station": "121000114",
			"stationNm": "논현역6번출구",
			"stationNo": "22190",
			"transYn": "N",
			"fullSectDist": "813",
			"trnstnid": "121000023"
		},
		{
			"arsId": "22013",
			"beginTm": "05:39",
			"busRouteAbrv": "9408",
			"busRouteId": "100100392",
			"busRouteNm": "9408",
			"direction": "분당구.구미동",
			"gpsX": "127.0230319441",
			"gpsY": "37.5072264964",
			"lastTm": "00:13",
			"posX": "202036.1521686436",
			"posY": "445312.2801665445",
			"routeType": "6",
			"sectSpd": "30",
			"section": "121600010",
			"seq": "65",
			"station": "121000013",
			"stationNm": "논현역",
			"stationNo": "22013",
			"transYn": "N",
			"fullSectDist": "610",
			"trnstnid": "121000023"
		},
		{
			"arsId": "22011",
			"beginTm": "05:41",
			"busRouteAbrv": "9408",
			"busRouteId": "100100392",
			"busRouteNm": "9408",
			"direction": "분당구.구미동",
			"gpsX": "127.025438",
			"gpsY": "37.501817",
			"lastTm": "00:15",
			"posX": "202249.02318997498",
			"posY": "444712.0147405234",
			"routeType": "6",
			"sectSpd": "39",
			"section": "121600012",
			"seq": "66",
			"station": "121000011",
			"stationNm": "지하철2호선강남역",
			"stationNo": "22011",
			"transYn": "N",
			"fullSectDist": "647",
			"trnstnid": "121000023"
		},
		{
			"arsId": "22009",
			"beginTm": "05:43",
			"busRouteAbrv": "9408",
			"busRouteId": "100100392",
			"busRouteNm": "9408",
			"direction": "분당구.구미동",
			"gpsX": "127.0284005454",
			"gpsY": "37.4960417459",
			"lastTm": "00:16",
			"posX": "202511.14100733981",
			"posY": "444071.18000231823",
			"routeType": "6",
			"sectSpd": "10",
			"section": "121607992",
			"seq": "67",
			"station": "121000009",
			"stationNm": "신분당선강남역",
			"stationNo": "22009",
			"transYn": "N",
			"fullSectDist": "695",
			"trnstnid": "121000023"
		},
		{
			"arsId": "22007",
			"beginTm": "05:46",
			"busRouteAbrv": "9408",
			"busRouteId": "100100392",
			"busRouteNm": "9408",
			"direction": "분당구.구미동",
			"gpsX": "127.030405",
			"gpsY": "37.491895",
			"lastTm": "00:18",
			"posX": "202688.52104726582",
			"posY": "443611.0500253136",
			"routeType": "6",
			"sectSpd": "25",
			"section": "122600078",
			"seq": "68",
			"station": "121000007",
			"stationNm": "래미안아파트.파이낸셜뉴스",
			"stationNo": "22007",
			"transYn": "N",
			"fullSectDist": "494",
			"trnstnid": "121000023"
		},
		{
			"arsId": "22005",
			"beginTm": "05:49",
			"busRouteAbrv": "9408",
			"busRouteId": "100100392",
			"busRouteNm": "9408",
			"direction": "분당구.구미동",
			"gpsX": "127.032432",
			"gpsY": "37.487667",
			"lastTm": "00:21",
			"posX": "202867.9174351576",
			"posY": "443141.90765884984",
			"routeType": "6",
			"sectSpd": "19",
			"section": "121607998",
			"seq": "69",
			"station": "121000005",
			"stationNm": "뱅뱅사거리",
			"stationNo": "22005",
			"transYn": "N",
			"fullSectDist": "508",
			"trnstnid": "121000023"
		},
		{
			"arsId": "22003",
			"beginTm": "05:52",
			"busRouteAbrv": "9408",
			"busRouteId": "100100392",
			"busRouteNm": "9408",
			"direction": "분당구.구미동",
			"gpsX": "127.035902",
			"gpsY": "37.48261",
			"lastTm": "00:23",
			"posX": "203174.97880732594",
			"posY": "442580.81901485845",
			"routeType": "6",
			"sectSpd": "12",
			"section": "121608025",
			"seq": "70",
			"station": "121000003",
			"stationNm": "양재역.서초문화예술회관",
			"stationNo": "22003",
			"transYn": "N",
			"fullSectDist": "656",
			"trnstnid": "121000023"
		},
		{
			"arsId": "22001",
			"beginTm": "05:55",
			"busRouteAbrv": "9408",
			"busRouteId": "100100392",
			"busRouteNm": "9408",
			"direction": "분당구.구미동",
			"gpsX": "127.038482",
			"gpsY": "37.47859",
			"lastTm": "00:26",
			"posX": "203403.3223961142",
			"posY": "442134.79043208016",
			"routeType": "6",
			"sectSpd": "39",
			"section": "121608027",
			"seq": "71",
			"station": "121000001",
			"stationNm": "교육개발원입구",
			"stationNo": "22001",
			"transYn": "N",
			"fullSectDist": "509",
			"trnstnid": "121000023"
		},
		{
			"arsId": "22296",
			"beginTm": "05:56",
			"busRouteAbrv": "9408",
			"busRouteId": "100100392",
			"busRouteNm": "9408",
			"direction": "분당구.구미동",
			"gpsX": "127.03836",
			"gpsY": "37.470867",
			"lastTm": "00:27",
			"posX": "203392.8819153365",
			"posY": "441277.7284786734",
			"routeType": "6",
			"sectSpd": "30",
			"section": "121601881",
			"seq": "72",
			"station": "121000220",
			"stationNm": "매헌시민의숲.양재꽃시장",
			"stationNo": "22296",
			"transYn": "N",
			"fullSectDist": "865",
			"trnstnid": "121000023"
		},
		{
			"arsId": "22350",
			"beginTm": "05:59",
			"busRouteAbrv": "9408",
			"busRouteId": "100100392",
			"busRouteNm": "9408",
			"direction": "분당구.구미동",
			"gpsX": "127.048968",
			"gpsY": "37.461503",
			"lastTm": "00:29",
			"posX": "204331.68320537204",
			"posY": "440238.9979148223",
			"routeType": "6",
			"sectSpd": "55",
			"section": "121608681",
			"seq": "73",
			"station": "121000273",
			"stationNm": "염곡마을.서초50플러스센터",
			"stationNo": "22350",
			"transYn": "N",
			"fullSectDist": "1424",
			"trnstnid": "121000023"
		},
		{
			"arsId": "22352",
			"beginTm": "06:03",
			"busRouteAbrv": "9408",
			"busRouteId": "100100392",
			"busRouteNm": "9408",
			"direction": "분당구.구미동",
			"gpsX": "127.056502",
			"gpsY": "37.45834",
			"lastTm": "00:31",
			"posX": "204998.34742122728",
			"posY": "439888.35890647443",
			"routeType": "6",
			"sectSpd": "30",
			"section": "121602769",
			"seq": "74",
			"station": "121000275",
			"stationNm": "탑성마을",
			"stationNo": "22352",
			"transYn": "N",
			"fullSectDist": "756",
			"trnstnid": "121000023"
		},
		{
			"arsId": "22399",
			"beginTm": "06:04",
			"busRouteAbrv": "9408",
			"busRouteId": "100100392",
			"busRouteNm": "9408",
			"direction": "분당구.구미동",
			"gpsX": "127.0598052456",
			"gpsY": "37.4569320285",
			"lastTm": "00:32",
			"posX": "205290.66229735315",
			"posY": "439732.29052256094",
			"routeType": "6",
			"sectSpd": "22",
			"section": "121601620",
			"seq": "75",
			"station": "121000987",
			"stationNm": "서초포레스타입구",
			"stationNo": "22399",
			"transYn": "N",
			"fullSectDist": "332",
			"trnstnid": "121000023"
		},
		{
			"arsId": "22329",
			"beginTm": "06:05",
			"busRouteAbrv": "9408",
			"busRouteId": "100100392",
			"busRouteNm": "9408",
			"direction": "분당구.구미동",
			"gpsX": "127.063892",
			"gpsY": "37.455227",
			"lastTm": "00:33",
			"posX": "205652.32478702036",
			"posY": "439543.31342993304",
			"routeType": "6",
			"sectSpd": "23",
			"section": "121603303",
			"seq": "76",
			"station": "121000253",
			"stationNm": "안골마을",
			"stationNo": "22329",
			"transYn": "N",
			"fullSectDist": "411",
			"trnstnid": "121000023"
		},
		{
			"arsId": "22331",
			"beginTm": "06:06",
			"busRouteAbrv": "9408",
			"busRouteId": "100100392",
			"busRouteNm": "9408",
			"direction": "분당구.구미동",
			"gpsX": "127.0702950537",
			"gpsY": "37.4566030458",
			"lastTm": "00:34",
			"posX": "206218.66898988668",
			"posY": "439696.4226199067",
			"routeType": "6",
			"sectSpd": "18",
			"section": "121603304",
			"seq": "77",
			"station": "121000255",
			"stationNm": "서울특별시어린이병원.강동송파과학화예비군훈련장",
			"stationNo": "22331",
			"transYn": "N",
			"fullSectDist": "614",
			"trnstnid": "121000023"
		},
		{
			"arsId": "22333",
			"beginTm": "06:07",
			"busRouteAbrv": "9408",
			"busRouteId": "100100392",
			"busRouteNm": "9408",
			"direction": "분당구.구미동",
			"gpsX": "127.0795771893",
			"gpsY": "37.459599266",
			"lastTm": "00:35",
			"posX": "207039.53463006543",
			"posY": "440029.5795071665",
			"routeType": "6",
			"sectSpd": "58",
			"section": "121600971",
			"seq": "78",
			"station": "121000257",
			"stationNm": "헌인릉.강남서초과학화예비군훈련장",
			"stationNo": "22333",
			"transYn": "N",
			"fullSectDist": "872",
			"trnstnid": "121000023"
		},
		{
			"arsId": "22335",
			"beginTm": "06:08",
			"busRouteAbrv": "9408",
			"busRouteId": "100100392",
			"busRouteNm": "9408",
			"direction": "분당구.구미동",
			"gpsX": "127.0847576347",
			"gpsY": "37.4614213099",
			"lastTm": "00:36",
			"posX": "207497.6238691482",
			"posY": "440232.17954120226",
			"routeType": "6",
			"sectSpd": "91",
			"section": "121608551",
			"seq": "79",
			"station": "121000259",
			"stationNm": "헌인농장",
			"stationNo": "22335",
			"transYn": "N",
			"fullSectDist": "512",
			"trnstnid": "121000023"
		},
		{
			"arsId": "22336",
			"beginTm": "06:09",
			"busRouteAbrv": "9408",
			"busRouteId": "100100392",
			"busRouteNm": "9408",
			"direction": "분당구.구미동",
			"gpsX": "127.0914525016",
			"gpsY": "37.4636402535",
			"lastTm": "00:37",
			"posX": "208089.6099676888",
			"posY": "440478.9795848448",
			"routeType": "6",
			"sectSpd": "57",
			"section": "121608554",
			"seq": "80",
			"station": "121000260",
			"stationNm": "헌인마을.서울농업기술센터",
			"stationNo": "22336",
			"transYn": "N",
			"fullSectDist": "642",
			"trnstnid": "121000023"
		},
		{
			"arsId": "23439",
			"beginTm": "06:10",
			"busRouteAbrv": "9408",
			"busRouteId": "100100392",
			"busRouteNm": "9408",
			"direction": "분당구.구미동",
			"gpsX": "127.096478",
			"gpsY": "37.465062",
			"lastTm": "00:38",
			"posX": "208533.9887639515",
			"posY": "440637.2006874997",
			"routeType": "6",
			"sectSpd": "67",
			"section": "122606668",
			"seq": "81",
			"station": "122000673",
			"stationNm": "세곡푸르지오",
			"stationNo": "23439",
			"transYn": "N",
			"fullSectDist": "473",
			"trnstnid": "121000023"
		},
		{
			"arsId": "23537",
			"beginTm": "06:11",
			"busRouteAbrv": "9408",
			"busRouteId": "100100392",
			"busRouteNm": "9408",
			"direction": "분당구.구미동",
			"gpsX": "127.102457",
			"gpsY": "37.465026",
			"lastTm": "00:39",
			"posX": "209062.86738859527",
			"posY": "440633.7640908868",
			"routeType": "6",
			"sectSpd": "38",
			"section": "122606438",
			"seq": "82",
			"station": "122000675",
			"stationNm": "은곡마을.강남신동아파밀리에",
			"stationNo": "23537",
			"transYn": "N",
			"fullSectDist": "559",
			"trnstnid": "121000023"
		},
		{
			"arsId": "23414",
			"beginTm": "06:12",
			"busRouteAbrv": "9408",
			"busRouteId": "100100392",
			"busRouteNm": "9408",
			"direction": "분당구.구미동",
			"gpsX": "127.1068384861",
			"gpsY": "37.4646708281",
			"lastTm": "00:41",
			"posX": "209450.4779948344",
			"posY": "440594.77962949546",
			"routeType": "6",
			"sectSpd": "28",
			"section": "122606670",
			"seq": "83",
			"station": "122000307",
			"stationNm": "대왕초등학교",
			"stationNo": "23414",
			"transYn": "N",
			"fullSectDist": "398",
			"trnstnid": "121000023"
		},
		{
			"arsId": "48079",
			"beginTm": "06:14",
			"busRouteAbrv": "9408",
			"busRouteId": "100100392",
			"busRouteNm": "9408",
			"direction": "분당구.구미동",
			"gpsX": "127.1072828381",
			"gpsY": "37.4589939584",
			"lastTm": "00:42",
			"posX": "209490.50099007963",
			"posY": "439964.83655506",
			"routeType": "6",
			"sectSpd": "28",
			"section": "204600142",
			"seq": "84",
			"station": "204000041",
			"stationNm": "신촌동앞",
			"stationNo": "48079",
			"transYn": "N",
			"fullSectDist": "711",
			"trnstnid": "121000023"
		},
		{
			"arsId": "48082",
			"beginTm": "06:15",
			"busRouteAbrv": "9408",
			"busRouteId": "100100392",
			"busRouteNm": "9408",
			"direction": "분당구.구미동",
			"gpsX": "127.1065860188",
			"gpsY": "37.4543739759",
			"lastTm": "00:43",
			"posX": "209429.4386950927",
			"posY": "439452.0668082428",
			"routeType": "6",
			"sectSpd": "30",
			"section": "204600143",
			"seq": "85",
			"station": "204000040",
			"stationNm": "오야동.신촌동행정복지센터",
			"stationNo": "48082",
			"transYn": "N",
			"fullSectDist": "519",
			"trnstnid": "121000023"
		},
		{
			"arsId": "48081",
			"beginTm": "06:15",
			"busRouteAbrv": "9408",
			"busRouteId": "100100392",
			"busRouteNm": "9408",
			"direction": "분당구.구미동",
			"gpsX": "127.1050989387",
			"gpsY": "37.4491648699",
			"lastTm": "00:43",
			"posX": "209298.52466216288",
			"posY": "438873.84210103145",
			"routeType": "6",
			"sectSpd": "38",
			"section": "204600144",
			"seq": "86",
			"station": "204000039",
			"stationNm": "효성고등학교",
			"stationNo": "48081",
			"transYn": "N",
			"fullSectDist": "589",
			"trnstnid": "121000023"
		},
		{
			"arsId": "48077",
			"beginTm": "06:16",
			"busRouteAbrv": "9408",
			"busRouteId": "100100392",
			"busRouteNm": "9408",
			"direction": "분당구.구미동",
			"gpsX": "127.1036587828",
			"gpsY": "37.4456698435",
			"lastTm": "00:45",
			"posX": "209171.53492707587",
			"posY": "438485.84312467556",
			"routeType": "6",
			"sectSpd": "23",
			"section": "204600145",
			"seq": "87",
			"station": "204000057",
			"stationNm": "공군아파트",
			"stationNo": "48077",
			"transYn": "N",
			"fullSectDist": "418",
			"trnstnid": "121000023"
		},
		{
			"arsId": "48637",
			"beginTm": "06:18",
			"busRouteAbrv": "9408",
			"busRouteId": "100100392",
			"busRouteNm": "9408",
			"direction": "분당구.구미동",
			"gpsX": "127.1034932005",
			"gpsY": "37.4386000067",
			"lastTm": "00:45",
			"posX": "209157.74610943673",
			"posY": "437701.2580903708",
			"routeType": "6",
			"sectSpd": "47",
			"section": "204600146",
			"seq": "88",
			"station": "204000222",
			"stationNm": "공군부대제2정문.면회실",
			"stationNo": "48637",
			"transYn": "N",
			"fullSectDist": "790",
			"trnstnid": "121000023"
		},
		{
			"arsId": "48088",
			"beginTm": "06:18",
			"busRouteAbrv": "9408",
			"busRouteId": "100100392",
			"busRouteNm": "9408",
			"direction": "분당구.구미동",
			"gpsX": "127.1032594274",
			"gpsY": "37.4345235297",
			"lastTm": "00:46",
			"posX": "209137.55596442323",
			"posY": "437248.85237272456",
			"routeType": "6",
			"sectSpd": "23",
			"section": "204600147",
			"seq": "89",
			"station": "204000038",
			"stationNm": "등자리",
			"stationNo": "48088",
			"transYn": "N",
			"fullSectDist": "462",
			"trnstnid": "121000023"
		},
		{
			"arsId": "48089",
			"beginTm": "06:19",
			"busRouteAbrv": "9408",
			"busRouteId": "100100392",
			"busRouteNm": "9408",
			"direction": "분당구.구미동",
			"gpsX": "127.1017255183",
			"gpsY": "37.4282351237",
			"lastTm": "00:47",
			"posX": "209002.57148039638",
			"posY": "436550.8557227086",
			"routeType": "6",
			"sectSpd": "32",
			"section": "204600148",
			"seq": "90",
			"station": "204000062",
			"stationNm": "성남농협대왕지점.고등동우체국",
			"stationNo": "48089",
			"transYn": "N",
			"fullSectDist": "719",
			"trnstnid": "121000023"
		},
		{
			"arsId": "48606",
			"beginTm": "06:21",
			"busRouteAbrv": "9408",
			"busRouteId": "100100392",
			"busRouteNm": "9408",
			"direction": "분당구.구미동",
			"gpsX": "127.1020768773",
			"gpsY": "37.4245690614",
			"lastTm": "00:48",
			"posX": "209034.10679584075",
			"posY": "436144.05237550475",
			"routeType": "6",
			"sectSpd": "30",
			"section": "204600149",
			"seq": "91",
			"station": "204000037",
			"stationNm": "시흥사거리.고등공공주택지구",
			"stationNo": "48606",
			"transYn": "N",
			"fullSectDist": "413",
			"trnstnid": "121000023"
		},
		{
			"arsId": "48609",
			"beginTm": "06:22",
			"busRouteAbrv": "9408",
			"busRouteId": "100100392",
			"busRouteNm": "9408",
			"direction": "분당구.구미동",
			"gpsX": "127.1050165341",
			"gpsY": "37.4221588311",
			"lastTm": "00:49",
			"posX": "209294.57315776712",
			"posY": "435876.86576850154",
			"routeType": "6",
			"sectSpd": "11",
			"section": "204600150",
			"seq": "92",
			"station": "204000036",
			"stationNm": "시흥동농협창고",
			"stationNo": "48609",
			"transYn": "N",
			"fullSectDist": "529",
			"trnstnid": "121000023"
		},
		{
			"arsId": "48612",
			"beginTm": "06:23",
			"busRouteAbrv": "9408",
			"busRouteId": "100100392",
			"busRouteNm": "9408",
			"direction": "분당구.구미동",
			"gpsX": "127.108317841",
			"gpsY": "37.4222334928",
			"lastTm": "00:50",
			"posX": "209586.74856267657",
			"posY": "435885.48181244545",
			"routeType": "6",
			"sectSpd": "36",
			"section": "204600151",
			"seq": "93",
			"station": "204000155",
			"stationNm": "시흥동행정복지센터",
			"stationNo": "48612",
			"transYn": "N",
			"fullSectDist": "282",
			"trnstnid": "121000023"
		},
		{
			"arsId": "48605",
			"beginTm": "06:23",
			"busRouteAbrv": "9408",
			"busRouteId": "100100392",
			"busRouteNm": "9408",
			"direction": "분당구.구미동",
			"gpsX": "127.1158537535",
			"gpsY": "37.4218025768",
			"lastTm": "00:51",
			"posX": "210253.7789210508",
			"posY": "435838.4543364658",
			"routeType": "6",
			"sectSpd": "56",
			"section": "204600152",
			"seq": "94",
			"station": "204000035",
			"stationNm": "여수대교",
			"stationNo": "48605",
			"transYn": "N",
			"fullSectDist": "671",
			"trnstnid": "121000023"
		},
		{
			"arsId": "49606",
			"beginTm": "06:24",
			"busRouteAbrv": "9408",
			"busRouteId": "100100392",
			"busRouteNm": "9408",
			"direction": "분당구.구미동",
			"gpsX": "127.1225302304",
			"gpsY": "37.4215426834",
			"lastTm": "00:51",
			"posX": "210844.72643231964",
			"posY": "435810.35998834623",
			"routeType": "6",
			"sectSpd": "19",
			"section": "204600153",
			"seq": "95",
			"station": "205000244",
			"stationNm": "모란차량기지앞",
			"stationNo": "49606",
			"transYn": "N",
			"fullSectDist": "595",
			"trnstnid": "121000023"
		},
		{
			"arsId": "06168",
			"beginTm": "06:24",
			"busRouteAbrv": "9408",
			"busRouteId": "100100392",
			"busRouteNm": "9408",
			"direction": "분당구.구미동",
			"gpsX": "127.1273344342",
			"gpsY": "37.4212307895",
			"lastTm": "00:54",
			"posX": "211269.9768019418",
			"posY": "435776.3113555871",
			"routeType": "6",
			"sectSpd": "34",
			"section": "205600154",
			"seq": "96",
			"station": "205000172",
			"stationNm": "성남시청후문앞",
			"stationNo": "06168",
			"transYn": "N",
			"fullSectDist": "415",
			"trnstnid": "121000023"
		},
		{
			"arsId": "49602",
			"beginTm": "06:25",
			"busRouteAbrv": "9408",
			"busRouteId": "100100392",
			"busRouteNm": "9408",
			"direction": "분당구.구미동",
			"gpsX": "127.1285559072",
			"gpsY": "37.4181313535",
			"lastTm": "00:55",
			"posX": "211378.55460446823",
			"posY": "435432.5020920625",
			"routeType": "6",
			"sectSpd": "42",
			"section": "205600155",
			"seq": "97",
			"station": "205000245",
			"stationNm": "성남시청전면",
			"stationNo": "49602",
			"transYn": "N",
			"fullSectDist": "504",
			"trnstnid": "121000023"
		},
		{
			"arsId": "49604",
			"beginTm": "06:25",
			"busRouteAbrv": "9408",
			"busRouteId": "100100392",
			"busRouteNm": "9408",
			"direction": "분당구.구미동",
			"gpsX": "127.1285691896",
			"gpsY": "37.4158463748",
			"lastTm": "00:55",
			"posX": "211380.07597960776",
			"posY": "435178.93120829575",
			"routeType": "6",
			"sectSpd": "10",
			"section": "205600059",
			"seq": "98",
			"station": "206000361",
			"stationNm": "동부.코오롱아파트",
			"stationNo": "49604",
			"transYn": "N",
			"fullSectDist": "255",
			"trnstnid": "121000023"
		},
		{
			"arsId": "47115",
			"beginTm": "06:27",
			"busRouteAbrv": "9408",
			"busRouteId": "100100392",
			"busRouteNm": "9408",
			"direction": "분당구.구미동",
			"gpsX": "127.1285461605",
			"gpsY": "37.4113785802",
			"lastTm": "00:56",
			"posX": "211378.71345055627",
			"posY": "434683.12112056743",
			"routeType": "6",
			"sectSpd": "13",
			"section": "206600056",
			"seq": "99",
			"station": "206000157",
			"stationNm": "야탑역.종합버스터미널(전면)",
			"stationNo": "47115",
			"transYn": "N",
			"fullSectDist": "497",
			"trnstnid": "121000023"
		},
		{
			"arsId": "47131",
			"beginTm": "06:27",
			"busRouteAbrv": "9408",
			"busRouteId": "100100392",
			"busRouteNm": "9408",
			"direction": "분당구.구미동",
			"gpsX": "127.1284928677",
			"gpsY": "37.406822166",
			"lastTm": "00:57",
			"posX": "211374.6849503318",
			"posY": "434177.47333169775",
			"routeType": "6",
			"sectSpd": "14",
			"section": "206600211",
			"seq": "100",
			"station": "206000392",
			"stationNm": "쌍용아파트",
			"stationNo": "47131",
			"transYn": "N",
			"fullSectDist": "512",
			"trnstnid": "121000023"
		},
		{
			"arsId": "47077",
			"beginTm": "06:30",
			"busRouteAbrv": "9408",
			"busRouteId": "100100392",
			"busRouteNm": "9408",
			"direction": "분당구.구미동",
			"gpsX": "127.128211232",
			"gpsY": "37.4015729603",
			"lastTm": "00:59",
			"posX": "211350.54527679892",
			"posY": "433594.91701091407",
			"routeType": "6",
			"sectSpd": "28",
			"section": "206600212",
			"seq": "101",
			"station": "206000055",
			"stationNm": "성남아트센터.태원고교",
			"stationNo": "47077",
			"transYn": "N",
			"fullSectDist": "588",
			"trnstnid": "121000023"
		},
		{
			"arsId": "47083",
			"beginTm": "06:32",
			"busRouteAbrv": "9408",
			"busRouteId": "100100392",
			"busRouteNm": "9408",
			"direction": "분당구.구미동",
			"gpsX": "127.1281239491",
			"gpsY": "37.3966890364",
			"lastTm": "01:01",
			"posX": "211343.55424406857",
			"posY": "433052.92115970375",
			"routeType": "6",
			"sectSpd": "20",
			"section": "206600213",
			"seq": "102",
			"station": "206000054",
			"stationNm": "이매역",
			"stationNo": "47083",
			"transYn": "N",
			"fullSectDist": "554",
			"trnstnid": "121000023"
		},
		{
			"arsId": "47084",
			"beginTm": "06:33",
			"busRouteAbrv": "9408",
			"busRouteId": "100100392",
			"busRouteNm": "9408",
			"direction": "분당구.구미동",
			"gpsX": "127.1280725138",
			"gpsY": "37.3929675036",
			"lastTm": "01:02",
			"posX": "211339.56102462162",
			"posY": "432639.9243484526",
			"routeType": "6",
			"sectSpd": "24",
			"section": "206900552",
			"seq": "103",
			"station": "206000053",
			"stationNm": "송림고교.이매촌성지아파트.청구",
			"stationNo": "47084",
			"transYn": "N",
			"fullSectDist": "421",
			"trnstnid": "121000023"
		},
		{
			"arsId": "47055",
			"beginTm": "06:35",
			"busRouteAbrv": "9408",
			"busRouteId": "100100392",
			"busRouteNm": "9408",
			"direction": "분당구.구미동",
			"gpsX": "127.1288155136",
			"gpsY": "37.3842958018",
			"lastTm": "01:03",
			"posX": "211406.66015544193",
			"posY": "431677.6878869054",
			"routeType": "6",
			"sectSpd": "24",
			"section": "206900814",
			"seq": "104",
			"station": "206000238",
			"stationNm": "새마을연수원입구",
			"stationNo": "47055",
			"transYn": "N",
			"fullSectDist": "1060",
			"trnstnid": "121000023"
		},
		{
			"arsId": "47063",
			"beginTm": "06:38",
			"busRouteAbrv": "9408",
			"busRouteId": "100100392",
			"busRouteNm": "9408",
			"direction": "분당구.구미동",
			"gpsX": "127.1341758136",
			"gpsY": "37.3808870076",
			"lastTm": "01:05",
			"posX": "211881.85473236817",
			"posY": "431300.06504894467",
			"routeType": "6",
			"sectSpd": "24",
			"section": "206600028",
			"seq": "105",
			"station": "206000237",
			"stationNm": "서현중학교",
			"stationNo": "47063",
			"transYn": "N",
			"fullSectDist": "627",
			"trnstnid": "121000023"
		},
		{
			"arsId": "47064",
			"beginTm": "06:40",
			"busRouteAbrv": "9408",
			"busRouteId": "100100392",
			"busRouteNm": "9408",
			"direction": "분당구.구미동",
			"gpsX": "127.1330445208",
			"gpsY": "37.3773363279",
			"lastTm": "01:06",
			"posX": "211782.22923595688",
			"posY": "430905.89374117926",
			"routeType": "6",
			"sectSpd": "26",
			"section": "206600029",
			"seq": "106",
			"station": "206000186",
			"stationNm": "동아우성아파트.효자촌.시범단지",
			"stationNo": "47064",
			"transYn": "N",
			"fullSectDist": "585",
			"trnstnid": "121000023"
		},
		{
			"arsId": "47023",
			"beginTm": "06:41",
			"busRouteAbrv": "9408",
			"busRouteId": "100100392",
			"busRouteNm": "9408",
			"direction": "분당구.구미동",
			"gpsX": "127.1294308196",
			"gpsY": "37.3748086247",
			"lastTm": "01:09",
			"posX": "211462.58963747713",
			"posY": "430624.9421688877",
			"routeType": "6",
			"sectSpd": "11",
			"section": "206600030",
			"seq": "107",
			"station": "206000185",
			"stationNm": "중앙공원.샛별마을라이프아파트",
			"stationNo": "47023",
			"transYn": "N",
			"fullSectDist": "427",
			"trnstnid": "121000023"
		},
		{
			"arsId": "47018",
			"beginTm": "06:42",
			"busRouteAbrv": "9408",
			"busRouteId": "100100392",
			"busRouteNm": "9408",
			"direction": "분당구.구미동",
			"gpsX": "127.1261976865",
			"gpsY": "37.3724872026",
			"lastTm": "01:10",
			"posX": "211176.60277692712",
			"posY": "430366.9395828233",
			"routeType": "6",
			"sectSpd": "34",
			"section": "206600031",
			"seq": "108",
			"station": "206000184",
			"stationNm": "중앙공원.샛별마을우방아파트",
			"stationNo": "47018",
			"transYn": "N",
			"fullSectDist": "385",
			"trnstnid": "121000023"
		},
		{
			"arsId": "47021",
			"beginTm": "06:43",
			"busRouteAbrv": "9408",
			"busRouteId": "100100392",
			"busRouteNm": "9408",
			"direction": "분당구.구미동",
			"gpsX": "127.1231569096",
			"gpsY": "37.3703006605",
			"lastTm": "01:10",
			"posX": "210907.61514396974",
			"posY": "430123.93714239355",
			"routeType": "6",
			"sectSpd": "8",
			"section": "206600032",
			"seq": "109",
			"station": "206000244",
			"stationNm": "푸른마을",
			"stationNo": "47021",
			"transYn": "N",
			"fullSectDist": "362",
			"trnstnid": "121000023"
		},
		{
			"arsId": "47025",
			"beginTm": "06:46",
			"busRouteAbrv": "9408",
			"busRouteId": "100100392",
			"busRouteNm": "9408",
			"direction": "분당구.구미동",
			"gpsX": "127.1188816201",
			"gpsY": "37.3655110478",
			"lastTm": "01:13",
			"posX": "210529.63558255715",
			"posY": "429591.93523574667",
			"routeType": "6",
			"sectSpd": "25",
			"section": "206600033",
			"seq": "110",
			"station": "206000243",
			"stationNm": "한솔마을.LG아파트",
			"stationNo": "47025",
			"transYn": "N",
			"fullSectDist": "686",
			"trnstnid": "121000023"
		},
		{
			"arsId": "47037",
			"beginTm": "06:49",
			"busRouteAbrv": "9408",
			"busRouteId": "100100392",
			"busRouteNm": "9408",
			"direction": "분당구.구미동",
			"gpsX": "127.1188950134",
			"gpsY": "37.362455877",
			"lastTm": "01:14",
			"posX": "210531.24883543001",
			"posY": "429252.8962630555",
			"routeType": "6",
			"sectSpd": "32",
			"section": "206600034",
			"seq": "111",
			"station": "206000242",
			"stationNm": "정든마을.우성아파트",
			"stationNo": "47037",
			"transYn": "N",
			"fullSectDist": "340",
			"trnstnid": "121000023"
		},
		{
			"arsId": "47035",
			"beginTm": "06:50",
			"busRouteAbrv": "9408",
			"busRouteId": "100100392",
			"busRouteNm": "9408",
			"direction": "분당구.구미동",
			"gpsX": "127.1188913462",
			"gpsY": "37.360101272",
			"lastTm": "01:16",
			"posX": "210531.25304623114",
			"posY": "428991.5991654359",
			"routeType": "6",
			"sectSpd": "34",
			"section": "206600035",
			"seq": "112",
			"station": "206000223",
			"stationNm": "정자3동행정복지센터",
			"stationNo": "47035",
			"transYn": "N",
			"fullSectDist": "261",
			"trnstnid": "121000023"
		},
		{
			"arsId": "47044",
			"beginTm": "06:50",
			"busRouteAbrv": "9408",
			"busRouteId": "100100392",
			"busRouteNm": "9408",
			"direction": "분당구.구미동",
			"gpsX": "127.1185314963",
			"gpsY": "37.3550957525",
			"lastTm": "01:16",
			"posX": "210500.07526550692",
			"posY": "428436.0838176687",
			"routeType": "6",
			"sectSpd": "12",
			"section": "206600036",
			"seq": "113",
			"station": "206000178",
			"stationNm": "더샵분당파크리버.헬스케어혁신 ",
			"stationNo": "47044",
			"transYn": "N",
			"fullSectDist": "565",
			"trnstnid": "121000023"
		},
		{
			"arsId": "07410",
			"beginTm": "06:52",
			"busRouteAbrv": "9408",
			"busRouteId": "100100392",
			"busRouteNm": "9408",
			"direction": "분당구.구미동",
			"gpsX": "127.1164031767",
			"gpsY": "37.3525449436",
			"lastTm": "01:19",
			"posX": "210311.88760935373",
			"posY": "428152.77969900286",
			"routeType": "6",
			"sectSpd": "29",
			"section": "206900713",
			"seq": "114",
			"station": "206000399",
			"stationNm": "청솔마을",
			"stationNo": "07410",
			"transYn": "N",
			"fullSectDist": "341",
			"trnstnid": "121000023"
		},
		{
			"arsId": "47160",
			"beginTm": "06:53",
			"busRouteAbrv": "9408",
			"busRouteId": "100100392",
			"busRouteNm": "9408",
			"direction": "분당구.구미동",
			"gpsX": "127.115960158",
			"gpsY": "37.3488313985",
			"lastTm": "01:21",
			"posX": "210273.14761555986",
			"posY": "427740.63033080427",
			"routeType": "6",
			"sectSpd": "19",
			"section": "206900714",
			"seq": "115",
			"station": "206000176",
			"stationNm": "신원아파트",
			"stationNo": "47160",
			"transYn": "N",
			"fullSectDist": "461",
			"trnstnid": "121000023"
		},
		{
			"arsId": "47149",
			"beginTm": "06:53",
			"busRouteAbrv": "9408",
			"busRouteId": "100100392",
			"busRouteNm": "9408",
			"direction": "분당구.구미동",
			"gpsX": "127.1159692973",
			"gpsY": "37.3477079431",
			"lastTm": "01:22",
			"posX": "210274.11037451748",
			"posY": "427615.95881190756",
			"routeType": "6",
			"sectSpd": "13",
			"section": "206600039",
			"seq": "116",
			"station": "206000175",
			"stationNm": "미금초등학교",
			"stationNo": "47149",
			"transYn": "N",
			"fullSectDist": "125",
			"trnstnid": "121000023"
		},
		{
			"arsId": "47159",
			"beginTm": "06:54",
			"busRouteAbrv": "9408",
			"busRouteId": "100100392",
			"busRouteNm": "9408",
			"direction": "분당구.구미동",
			"gpsX": "127.1159781283",
			"gpsY": "37.344865377",
			"lastTm": "01:23",
			"posX": "210275.28010126489",
			"posY": "427300.5135692288",
			"routeType": "6",
			"sectSpd": "10",
			"section": "206600040",
			"seq": "117",
			"station": "206000174",
			"stationNm": "오리초등학교",
			"stationNo": "47159",
			"transYn": "N",
			"fullSectDist": "316",
			"trnstnid": "121000023"
		},
		{
			"arsId": "47156",
			"beginTm": "06:56",
			"busRouteAbrv": "9408",
			"busRouteId": "100100392",
			"busRouteNm": "9408",
			"direction": "분당구.구미동",
			"gpsX": "127.1159711659",
			"gpsY": "37.3427114792",
			"lastTm": "01:25",
			"posX": "210274.95673396558",
			"posY": "427061.4898400195",
			"routeType": "6",
			"sectSpd": "34",
			"section": "206600265",
			"seq": "118",
			"station": "206000173",
			"stationNm": "하얀마을.그랜드빌.벽산빌라",
			"stationNo": "47156",
			"transYn": "N",
			"fullSectDist": "239",
			"trnstnid": "121000023"
		},
		{
			"arsId": "47166",
			"beginTm": "06:57",
			"busRouteAbrv": "9408",
			"busRouteId": "100100392",
			"busRouteNm": "9408",
			"direction": "분당구.구미동",
			"gpsX": "127.1159177163",
			"gpsY": "37.3392643996",
			"lastTm": "01:26",
			"posX": "210270.69057241845",
			"posY": "426678.9538903949",
			"routeType": "6",
			"sectSpd": "28",
			"section": "206600042",
			"seq": "119",
			"station": "206000172",
			"stationNm": "무지개마을.건영아파트",
			"stationNo": "47166",
			"transYn": "N",
			"fullSectDist": "384",
			"trnstnid": "121000023"
		},
		{
			"arsId": "47168",
			"beginTm": "06:57",
			"busRouteAbrv": "9408",
			"busRouteId": "100100392",
			"busRouteNm": "9408",
			"direction": "분당구.구미동",
			"gpsX": "127.1144083433",
			"gpsY": "37.3381750253",
			"lastTm": "01:28",
			"posX": "210137.1015319851",
			"posY": "426557.90059534134",
			"routeType": "6",
			"sectSpd": "21",
			"section": "206600043",
			"seq": "120",
			"station": "206000171",
			"stationNm": "신한아파트",
			"stationNo": "47168",
			"transYn": "N",
			"fullSectDist": "277",
			"trnstnid": "121000023"
		},
		{
			"arsId": "47162",
			"beginTm": "06:58",
			"busRouteAbrv": "9408",
			"busRouteId": "100100392",
			"busRouteNm": "9408",
			"direction": "분당구.구미동",
			"gpsX": "127.1098169457",
			"gpsY": "37.3382068494",
			"lastTm": "01:28",
			"posX": "209730.27850192695",
			"posY": "426560.94937361404",
			"routeType": "6",
			"sectSpd": "29",
			"section": "206600044",
			"seq": "121",
			"station": "206000170",
			"stationNm": "낙생농협",
			"stationNo": "47162",
			"transYn": "N",
			"fullSectDist": "406",
			"trnstnid": "121000023"
		},
		{
			"arsId": "47172",
			"beginTm": "06:59",
			"busRouteAbrv": "9408",
			"busRouteId": "100100392",
			"busRouteNm": "9408",
			"direction": "분당구.구미동",
			"gpsX": "127.1057640145",
			"gpsY": "37.3418780165",
			"lastTm": "01:33",
			"posX": "209370.71419202897",
			"posY": "426967.9371410357",
			"routeType": "6",
			"sectSpd": "16",
			"section": "206600045",
			"seq": "122",
			"station": "206000335",
			"stationNm": "구미동차고지",
			"stationNo": "47172",
			"transYn": "N",
			"fullSectDist": "1022",
			"trnstnid": "121000023"
		}
	]
}