{
	"count": 111,
	"result": [
		{
			"arsId": "15718",
			"beginTm": "04:00",
			"busRouteAbrv": "6514",
			"busRouteId": "100100294",
			"busRouteNm": "6514",
			"direction": "서울대학교",
			"gpsX": "126.8374184549",
			"gpsY": "37.5084115031",
			"lastTm": "22:00",
			"posX": "185627.10795116602",
			"posY": "445455.95381461317",
			"routeType": "4",
			"sectSpd": "0",
			"section": "0",
			"seq": "1",
			"station": "114000395",
			"stationNm": "양천공영차고지",
			"stationNo": "15718",
			"transYn": "N",
			"fullSectDist": "0",
			"trnstnid": "120000028"
		},
		{
			"arsId": "15368",
			"beginTm": "05:00",
			"busRouteAbrv": "6514",
			"busRouteId": "100100294",
			"busRouteNm": "6514",
			"direction": "서울대학교",
			"gpsX": "126.8415437621",
			"gpsY": "37.5090877674",
			"lastTm": "22:00",
			"posX": "185991.92907432656",
			"posY": "445530.380433965",
			"routeType": "4",
			"sectSpd": "8",
			"section": "114602968",
			"seq": "2",
			"station": "114000263",
			"stationNm": "트럭터미널주유소앞",
			"stationNo": "15368",
			"transYn": "N",
			"fullSectDist": "561",
			"trnstnid": "120000028"
		},
		{
			"arsId": "15318",
			"beginTm": "04:03",
			"busRouteAbrv": "6514",
			"busRouteId": "100100294",
			"busRouteNm": "6514",
			"direction": "서울대학교",
			"gpsX": "126.8388112642",
			"gpsY": "37.5110232381",
			"lastTm": "22:03",
			"posX": "185750.73473613584",
			"posY": "445745.58047497924",
			"routeType": "4",
			"sectSpd": "34",
			"section": "114602970",
			"seq": "3",
			"station": "114000214",
			"stationNm": "넓은들공원",
			"stationNo": "15318",
			"transYn": "N",
			"fullSectDist": "420",
			"trnstnid": "120000028"
		},
		{
			"arsId": "15363",
			"beginTm": "04:04",
			"busRouteAbrv": "6514",
			"busRouteId": "100100294",
			"busRouteNm": "6514",
			"direction": "서울대학교",
			"gpsX": "126.8363632761",
			"gpsY": "37.5110757405",
			"lastTm": "22:04",
			"posX": "185534.33981930453",
			"posY": "445751.7804813399",
			"routeType": "4",
			"sectSpd": "46",
			"section": "114602771",
			"seq": "4",
			"station": "114000258",
			"stationNm": "대일관광고.푸른마을3단지",
			"stationNo": "15363",
			"transYn": "N",
			"fullSectDist": "269",
			"trnstnid": "120000028"
		},
		{
			"arsId": "15399",
			"beginTm": "04:05",
			"busRouteAbrv": "6514",
			"busRouteId": "100100294",
			"busRouteNm": "6514",
			"direction": "서울대학교",
			"gpsX": "126.8353881275",
			"gpsY": "37.5126531126",
			"lastTm": "22:06",
			"posX": "185448.44183449072",
			"posY": "445926.98050488066",
			"routeType": "4",
			"sectSpd": "37",
			"section": "114602773",
			"seq": "5",
			"station": "114000283",
			"stationNm": "푸른마을1단지.이든채아파트",
			"stationNo": "15399",
			"transYn": "N",
			"fullSectDist": "209",
			"trnstnid": "120000028"
		},
		{
			"arsId": "15323",
			"beginTm": "04:07",
			"busRouteAbrv": "6514",
			"busRouteId": "100100294",
			"busRouteNm": "6514",
			"direction": "서울대학교",
			"gpsX": "126.8340906245",
			"gpsY": "37.5141912766",
			"lastTm": "22:07",
			"posX": "185334.04452254582",
			"posY": "446097.8805307606",
			"routeType": "4",
			"sectSpd": "62",
			"section": "114602775",
			"seq": "6",
			"station": "114000219",
			"stationNm": "양천중앙도서관.푸른마을2단지",
			"stationNo": "15323",
			"transYn": "N",
			"fullSectDist": "209",
			"trnstnid": "120000028"
		},
		{
			"arsId": "15325",
			"beginTm": "04:07",
			"busRouteAbrv": "6514",
			"busRouteId": "100100294",
			"busRouteNm": "6514",
			"direction": "서울대학교",
			"gpsX": "126.83553",
			"gpsY": "37.515731",
			"lastTm": "22:08",
			"posX": "185461.58035184312",
			"posY": "446268.5288091246",
			"routeType": "4",
			"sectSpd": "16",
			"section": "114603240",
			"seq": "7",
			"station": "114000221",
			"stationNm": "신월시영아파트.강월초등학교",
			"stationNo": "15325",
			"transYn": "N",
			"fullSectDist": "330",
			"trnstnid": "120000028"
		},
		{
			"arsId": "15327",
			"beginTm": "04:08",
			"busRouteAbrv": "6514",
			"busRouteId": "100100294",
			"busRouteNm": "6514",
			"direction": "서울대학교",
			"gpsX": "126.8377839139",
			"gpsY": "37.516359946",
			"lastTm": "22:09",
			"posX": "185660.936844023",
			"posY": "446337.98055554694",
			"routeType": "4",
			"sectSpd": "6",
			"section": "114603244",
			"seq": "8",
			"station": "114000223",
			"stationNm": "강월초교입구사거리",
			"stationNo": "15327",
			"transYn": "N",
			"fullSectDist": "208",
			"trnstnid": "120000028"
		},
		{
			"arsId": "15218",
			"beginTm": "04:09",
			"busRouteAbrv": "6514",
			"busRouteId": "100100294",
			"busRouteNm": "6514",
			"direction": "서울대학교",
			"gpsX": "126.8418635354",
			"gpsY": "37.5178279621",
			"lastTm": "22:11",
			"posX": "186021.82836805694",
			"posY": "446500.2805618867",
			"routeType": "4",
			"sectSpd": "62",
			"section": "114602680",
			"seq": "9",
			"station": "114000115",
			"stationNm": "신한은행신월동지점",
			"stationNo": "15218",
			"transYn": "N",
			"fullSectDist": "404",
			"trnstnid": "120000028"
		},
		{
			"arsId": "15216",
			"beginTm": "04:10",
			"busRouteAbrv": "6514",
			"busRouteId": "100100294",
			"busRouteNm": "6514",
			"direction": "서울대학교",
			"gpsX": "126.8438198804",
			"gpsY": "37.5192849388",
			"lastTm": "22:12",
			"posX": "186195.0242966252",
			"posY": "446661.68057909",
			"routeType": "4",
			"sectSpd": "11",
			"section": "114600328",
			"seq": "10",
			"station": "114000113",
			"stationNm": "신곡시장.금빛새마을금고",
			"stationNo": "15216",
			"transYn": "N",
			"fullSectDist": "222",
			"trnstnid": "120000028"
		},
		{
			"arsId": "15214",
			"beginTm": "04:11",
			"busRouteAbrv": "6514",
			"busRouteId": "100100294",
			"busRouteNm": "6514",
			"direction": "서울대학교",
			"gpsX": "126.8462896508",
			"gpsY": "37.5214264859",
			"lastTm": "22:13",
			"posX": "186413.71916268003",
			"posY": "446898.98060258897",
			"routeType": "4",
			"sectSpd": "62",
			"section": "114602682",
			"seq": "11",
			"station": "114000111",
			"stationNm": "동방아파트.신월종합사회복지관",
			"stationNo": "15214",
			"transYn": "N",
			"fullSectDist": "329",
			"trnstnid": "120000028"
		},
		{
			"arsId": "15212",
			"beginTm": "04:12",
			"busRouteAbrv": "6514",
			"busRouteId": "100100294",
			"busRouteNm": "6514",
			"direction": "서울대학교",
			"gpsX": "126.8507300915",
			"gpsY": "37.5220233018",
			"lastTm": "22:14",
			"posX": "186806.30993675388",
			"posY": "446964.58060401445",
			"routeType": "4",
			"sectSpd": "46",
			"section": "114602687",
			"seq": "12",
			"station": "114000109",
			"stationNm": "신정네거리.신정119안전센터",
			"stationNo": "15212",
			"transYn": "N",
			"fullSectDist": "440",
			"trnstnid": "120000028"
		},
		{
			"arsId": "15282",
			"beginTm": "04:13",
			"busRouteAbrv": "6514",
			"busRouteId": "100100294",
			"busRouteNm": "6514",
			"direction": "서울대학교",
			"gpsX": "126.8518331173",
			"gpsY": "37.522614009",
			"lastTm": "22:16",
			"posX": "186903.90764992998",
			"posY": "447029.9806049564",
			"routeType": "4",
			"sectSpd": "22",
			"section": "114602951",
			"seq": "13",
			"station": "114000179",
			"stationNm": "제일여성병원",
			"stationNo": "15282",
			"transYn": "N",
			"fullSectDist": "391",
			"trnstnid": "120000028"
		},
		{
			"arsId": "15288",
			"beginTm": "04:14",
			"busRouteAbrv": "6514",
			"busRouteId": "100100294",
			"busRouteNm": "6514",
			"direction": "서울대학교",
			"gpsX": "126.8507565026",
			"gpsY": "37.5246671576",
			"lastTm": "22:17",
			"posX": "186809.10987316218",
			"posY": "447257.9806405371",
			"routeType": "4",
			"sectSpd": "80",
			"section": "114602070",
			"seq": "14",
			"station": "114000185",
			"stationNm": "양강중학교",
			"stationNo": "15288",
			"transYn": "N",
			"fullSectDist": "248",
			"trnstnid": "120000028"
		},
		{
			"arsId": "16191",
			"beginTm": "04:17",
			"busRouteAbrv": "6514",
			"busRouteId": "100100294",
			"busRouteNm": "6514",
			"direction": "서울대학교",
			"gpsX": "126.8468455507",
			"gpsY": "37.5317706703",
			"lastTm": "22:19",
			"posX": "186464.72372615253",
			"posY": "448046.85422285786",
			"routeType": "4",
			"sectSpd": "26",
			"section": "115600672",
			"seq": "15",
			"station": "115000094",
			"stationNm": "까치산역2번출구",
			"stationNo": "16191",
			"transYn": "N",
			"fullSectDist": "862",
			"trnstnid": "120000028"
		},
		{
			"arsId": "16206",
			"beginTm": "04:19",
			"busRouteAbrv": "6514",
			"busRouteId": "100100294",
			"busRouteNm": "6514",
			"direction": "서울대학교",
			"gpsX": "126.8411221475",
			"gpsY": "37.540952728",
			"lastTm": "22:23",
			"posX": "185960.62980135635",
			"posY": "449066.68091531424",
			"routeType": "4",
			"sectSpd": "37",
			"section": "115600680",
			"seq": "16",
			"station": "115000109",
			"stationNm": "화곡역",
			"stationNo": "16206",
			"transYn": "N",
			"fullSectDist": "1139",
			"trnstnid": "120000028"
		},
		{
			"arsId": "16146",
			"beginTm": "04:23",
			"busRouteAbrv": "6514",
			"busRouteId": "100100294",
			"busRouteNm": "6514",
			"direction": "서울대학교",
			"gpsX": "126.8432514003",
			"gpsY": "37.5433434761",
			"lastTm": "22:26",
			"posX": "186149.22537416342",
			"posY": "449331.6809398886",
			"routeType": "4",
			"sectSpd": "33",
			"section": "115607791",
			"seq": "17",
			"station": "115000050",
			"stationNm": "화곡본동시장",
			"stationNo": "16146",
			"transYn": "N",
			"fullSectDist": "380",
			"trnstnid": "120000028"
		},
		{
			"arsId": "16143",
			"beginTm": "04:24",
			"busRouteAbrv": "6514",
			"busRouteId": "100100294",
			"busRouteNm": "6514",
			"direction": "서울대학교",
			"gpsX": "126.8452748106",
			"gpsY": "37.5460872756",
			"lastTm": "22:28",
			"posX": "186328.52116146998",
			"posY": "449635.88098108955",
			"routeType": "4",
			"sectSpd": "51",
			"section": "115607793",
			"seq": "18",
			"station": "115000047",
			"stationNm": "한국폴리텍1.서울강서대학교",
			"stationNo": "16143",
			"transYn": "N",
			"fullSectDist": "361",
			"trnstnid": "120000028"
		},
		{
			"arsId": "16142",
			"beginTm": "04:25",
			"busRouteAbrv": "6514",
			"busRouteId": "100100294",
			"busRouteNm": "6514",
			"direction": "서울대학교",
			"gpsX": "126.8477782735",
			"gpsY": "37.549366909",
			"lastTm": "22:29",
			"posX": "186550.31595150122",
			"posY": "449999.4810126163",
			"routeType": "4",
			"sectSpd": "24",
			"section": "115607795",
			"seq": "19",
			"station": "115000046",
			"stationNm": "우장초등학교",
			"stationNo": "16142",
			"transYn": "N",
			"fullSectDist": "430",
			"trnstnid": "120000028"
		},
		{
			"arsId": "16139",
			"beginTm": "04:26",
			"busRouteAbrv": "6514",
			"busRouteId": "100100294",
			"busRouteNm": "6514",
			"direction": "서울대학교",
			"gpsX": "126.8505841855",
			"gpsY": "37.552627948",
			"lastTm": "22:30",
			"posX": "186798.8101146156",
			"posY": "450360.981061873",
			"routeType": "4",
			"sectSpd": "15",
			"section": "115600547",
			"seq": "20",
			"station": "115000043",
			"stationNm": "강서구청.한국건강관리협회",
			"stationNo": "16139",
			"transYn": "N",
			"fullSectDist": "438",
			"trnstnid": "120000028"
		},
		{
			"arsId": "16008",
			"beginTm": "04:28",
			"busRouteAbrv": "6514",
			"busRouteId": "100100294",
			"busRouteNm": "6514",
			"direction": "서울대학교",
			"gpsX": "126.8540843129",
			"gpsY": "37.5552355847",
			"lastTm": "22:32",
			"posX": "187108.5028427723",
			"posY": "450649.8810844342",
			"routeType": "4",
			"sectSpd": "18",
			"section": "115607744",
			"seq": "21",
			"station": "115000589",
			"stationNm": "강서구청사거리.서울디지털대학교",
			"stationNo": "16008",
			"transYn": "N",
			"fullSectDist": "479",
			"trnstnid": "120000028"
		},
		{
			"arsId": "16006",
			"beginTm": "04:31",
			"busRouteAbrv": "6514",
			"busRouteId": "100100294",
			"busRouteNm": "6514",
			"direction": "서울대학교",
			"gpsX": "126.8605244195",
			"gpsY": "37.5528653812",
			"lastTm": "22:33",
			"posX": "187677.08948646887",
			"posY": "450385.98103631334",
			"routeType": "4",
			"sectSpd": "42",
			"section": "115600029",
			"seq": "22",
			"station": "115000006",
			"stationNm": "등촌중학교.백석초등학교",
			"stationNo": "16006",
			"transYn": "N",
			"fullSectDist": "626",
			"trnstnid": "120000028"
		},
		{
			"arsId": "16004",
			"beginTm": "04:32",
			"busRouteAbrv": "6514",
			"busRouteId": "100100294",
			"busRouteNm": "6514",
			"direction": "서울대학교",
			"gpsX": "126.8675998318",
			"gpsY": "37.5494106214",
			"lastTm": "22:35",
			"posX": "188301.67480867324",
			"posY": "450001.6809576652",
			"routeType": "4",
			"sectSpd": "33",
			"section": "114602766",
			"seq": "23",
			"station": "115000004",
			"stationNm": "등촌역.강서보건소",
			"stationNo": "16004",
			"transYn": "N",
			"fullSectDist": "734",
			"trnstnid": "120000028"
		},
		{
			"arsId": "16002",
			"beginTm": "04:35",
			"busRouteAbrv": "6514",
			"busRouteId": "100100294",
			"busRouteNm": "6514",
			"direction": "서울대학교",
			"gpsX": "126.875005296",
			"gpsY": "37.5469638223",
			"lastTm": "22:38",
			"posX": "188955.62991643877",
			"posY": "449729.24893626804",
			"routeType": "4",
			"sectSpd": "42",
			"section": "114602664",
			"seq": "24",
			"station": "115000002",
			"stationNm": "염창역.서울도시가스",
			"stationNo": "16002",
			"transYn": "N",
			"fullSectDist": "737",
			"trnstnid": "120000028"
		},
		{
			"arsId": "19217",
			"beginTm": "04:37",
			"busRouteAbrv": "6514",
			"busRouteId": "100100294",
			"busRouteNm": "6514",
			"direction": "서울대학교",
			"gpsX": "126.8836668131",
			"gpsY": "37.5473061425",
			"lastTm": "22:40",
			"posX": "189720.9976349817",
			"posY": "449766.2560768039",
			"routeType": "4",
			"sectSpd": "35",
			"section": "118608282",
			"seq": "25",
			"station": "118000132",
			"stationNm": "안양천입구",
			"stationNo": "19217",
			"transYn": "N",
			"fullSectDist": "803",
			"trnstnid": "120000028"
		},
		{
			"arsId": "19218",
			"beginTm": "04:39",
			"busRouteAbrv": "6514",
			"busRouteId": "100100294",
			"busRouteNm": "6514",
			"direction": "서울대학교",
			"gpsX": "126.89034721",
			"gpsY": "37.5439165302",
			"lastTm": "22:42",
			"posX": "190310.8276103687",
			"posY": "449389.38082161034",
			"routeType": "4",
			"sectSpd": "114",
			"section": "118608293",
			"seq": "26",
			"station": "118000133",
			"stationNm": "양평동한솔아파트",
			"stationNo": "19218",
			"transYn": "N",
			"fullSectDist": "697",
			"trnstnid": "120000028"
		},
		{
			"arsId": "19214",
			"beginTm": "04:40",
			"busRouteAbrv": "6514",
			"busRouteId": "100100294",
			"busRouteNm": "6514",
			"direction": "서울대학교",
			"gpsX": "126.8944278421",
			"gpsY": "37.5416485864",
			"lastTm": "22:44",
			"posX": "190671.11914704723",
			"posY": "449137.2807787922",
			"routeType": "4",
			"sectSpd": "33",
			"section": "118608526",
			"seq": "27",
			"station": "118000129",
			"stationNm": "양평한신아파트.선유도공원입구",
			"stationNo": "19214",
			"transYn": "N",
			"fullSectDist": "574",
			"trnstnid": "120000028"
		},
		{
			"arsId": "19220",
			"beginTm": "04:41",
			"busRouteAbrv": "6514",
			"busRouteId": "100100294",
			"busRouteNm": "6514",
			"direction": "서울대학교",
			"gpsX": "126.8945867224",
			"gpsY": "37.538917506",
			"lastTm": "22:44",
			"posX": "190684.81883030303",
			"posY": "448834.1807423141",
			"routeType": "4",
			"sectSpd": "41",
			"section": "118608334",
			"seq": "28",
			"station": "118000135",
			"stationNm": "당산초등학교앞",
			"stationNo": "19220",
			"transYn": "N",
			"fullSectDist": "430",
			"trnstnid": "120000028"
		},
		{
			"arsId": "19212",
			"beginTm": "04:42",
			"busRouteAbrv": "6514",
			"busRouteId": "100100294",
			"busRouteNm": "6514",
			"direction": "서울대학교",
			"gpsX": "126.8948754336",
			"gpsY": "37.5371966691",
			"lastTm": "22:46",
			"posX": "190710.11823323678",
			"posY": "448643.1807167842",
			"routeType": "4",
			"sectSpd": "46",
			"section": "118602452",
			"seq": "29",
			"station": "118000127",
			"stationNm": "선유도역.롯데제과",
			"stationNo": "19212",
			"transYn": "N",
			"fullSectDist": "241",
			"trnstnid": "120000028"
		},
		{
			"arsId": "19173",
			"beginTm": "04:43",
			"busRouteAbrv": "6514",
			"busRouteId": "100100294",
			"busRouteNm": "6514",
			"direction": "서울대학교",
			"gpsX": "126.8994545764",
			"gpsY": "37.534925387",
			"lastTm": "22:47",
			"posX": "191114.50873539603",
			"posY": "448390.68067161785",
			"routeType": "4",
			"sectSpd": "122",
			"section": "118608336",
			"seq": "30",
			"station": "118000088",
			"stationNm": "당산119안전센터.당산역",
			"stationNo": "19173",
			"transYn": "N",
			"fullSectDist": "478",
			"trnstnid": "120000028"
		},
		{
			"arsId": "19174",
			"beginTm": "04:44",
			"busRouteAbrv": "6514",
			"busRouteId": "100100294",
			"busRouteNm": "6514",
			"direction": "서울대학교",
			"gpsX": "126.903388",
			"gpsY": "37.533022",
			"lastTm": "22:49",
			"posX": "191461.89989865848",
			"posY": "448179.08633095585",
			"routeType": "4",
			"sectSpd": "53",
			"section": "118608340",
			"seq": "31",
			"station": "118000089",
			"stationNm": "당산역삼성래미안아파트",
			"stationNo": "19174",
			"transYn": "N",
			"fullSectDist": "397",
			"trnstnid": "120000028"
		},
		{
			"arsId": "19125",
			"beginTm": "04:46",
			"busRouteAbrv": "6514",
			"busRouteId": "100100294",
			"busRouteNm": "6514",
			"direction": "서울대학교",
			"gpsX": "126.905597",
			"gpsY": "37.529082",
			"lastTm": "22:51",
			"posX": "191656.6817689918",
			"posY": "447741.6434956966",
			"routeType": "4",
			"sectSpd": "46",
			"section": "118608344",
			"seq": "32",
			"station": "118000040",
			"stationNm": "삼환아파트",
			"stationNo": "19125",
			"transYn": "N",
			"fullSectDist": "565",
			"trnstnid": "120000028"
		},
		{
			"arsId": "19121",
			"beginTm": "04:47",
			"busRouteAbrv": "6514",
			"busRouteId": "100100294",
			"busRouteNm": "6514",
			"direction": "서울대학교",
			"gpsX": "126.9051548683",
			"gpsY": "37.5245305326",
			"lastTm": "22:53",
			"posX": "191617.0969259107",
			"posY": "447236.58051009243",
			"routeType": "4",
			"sectSpd": "52",
			"section": "118603515",
			"seq": "33",
			"station": "118000036",
			"stationNm": "신화병원",
			"stationNo": "19121",
			"transYn": "N",
			"fullSectDist": "510",
			"trnstnid": "120000028"
		},
		{
			"arsId": "19120",
			"beginTm": "04:48",
			"busRouteAbrv": "6514",
			"busRouteId": "100100294",
			"busRouteNm": "6514",
			"direction": "서울대학교",
			"gpsX": "126.904785",
			"gpsY": "37.521318",
			"lastTm": "22:56",
			"posX": "191584.04518378203",
			"posY": "446880.1007036362",
			"routeType": "4",
			"sectSpd": "38",
			"section": "118602371",
			"seq": "34",
			"station": "118000035",
			"stationNm": "영등포시장",
			"stationNo": "19120",
			"transYn": "N",
			"fullSectDist": "360",
			"trnstnid": "120000028"
		},
		{
			"arsId": "19107",
			"beginTm": "04:49",
			"busRouteAbrv": "6514",
			"busRouteId": "100100294",
			"busRouteNm": "6514",
			"direction": "서울대학교",
			"gpsX": "126.9091543904",
			"gpsY": "37.5188684667",
			"lastTm": "22:57",
			"posX": "191969.98863228605",
			"posY": "446607.8804133907",
			"routeType": "4",
			"sectSpd": "32",
			"section": "118603694",
			"seq": "35",
			"station": "118000023",
			"stationNm": "영등포시장로터리방면",
			"stationNo": "19107",
			"transYn": "N",
			"fullSectDist": "550",
			"trnstnid": "120000028"
		},
		{
			"arsId": "19279",
			"beginTm": "04:51",
			"busRouteAbrv": "6514",
			"busRouteId": "100100294",
			"busRouteNm": "6514",
			"direction": "서울대학교",
			"gpsX": "126.9148883495",
			"gpsY": "37.5183978581",
			"lastTm": "22:59",
			"posX": "192476.77672815605",
			"posY": "446555.1803939515",
			"routeType": "4",
			"sectSpd": "73",
			"section": "118608214",
			"seq": "36",
			"station": "118000194",
			"stationNm": "신길역5호선",
			"stationNo": "19279",
			"transYn": "N",
			"fullSectDist": "536",
			"trnstnid": "120000028"
		},
		{
			"arsId": "19300",
			"beginTm": "04:53",
			"busRouteAbrv": "6514",
			"busRouteId": "100100294",
			"busRouteNm": "6514",
			"direction": "서울대학교",
			"gpsX": "126.9166368877",
			"gpsY": "37.5167591036",
			"lastTm": "23:01",
			"posX": "192631.17310222756",
			"posY": "446373.18037007423",
			"routeType": "4",
			"sectSpd": "123",
			"section": "118608217",
			"seq": "37",
			"station": "118000563",
			"stationNm": "신길역1호선",
			"stationNo": "19300",
			"transYn": "N",
			"fullSectDist": "273",
			"trnstnid": "120000028"
		},
		{
			"arsId": "19229",
			"beginTm": "04:54",
			"busRouteAbrv": "6514",
			"busRouteId": "100100294",
			"busRouteNm": "6514",
			"direction": "서울대학교",
			"gpsX": "126.9180013582",
			"gpsY": "37.5145433526",
			"lastTm": "23:02",
			"posX": "192751.57027639545",
			"posY": "446127.1803355138",
			"routeType": "4",
			"sectSpd": "68",
			"section": "118608494",
			"seq": "38",
			"station": "118000144",
			"stationNm": "대윤병원",
			"stationNo": "19229",
			"transYn": "N",
			"fullSectDist": "274",
			"trnstnid": "120000028"
		},
		{
			"arsId": "19226",
			"beginTm": "04:55",
			"busRouteAbrv": "6514",
			"busRouteId": "100100294",
			"busRouteNm": "6514",
			"direction": "서울대학교",
			"gpsX": "126.9200351486",
			"gpsY": "37.5136409433",
			"lastTm": "23:03",
			"posX": "192931.26605834663",
			"posY": "446026.8803155576",
			"routeType": "4",
			"sectSpd": "68",
			"section": "118608223",
			"seq": "39",
			"station": "118000141",
			"stationNm": "신길새마을금고",
			"stationNo": "19226",
			"transYn": "N",
			"fullSectDist": "222",
			"trnstnid": "120000028"
		},
		{
			"arsId": "19296",
			"beginTm": "04:56",
			"busRouteAbrv": "6514",
			"busRouteId": "100100294",
			"busRouteNm": "6514",
			"direction": "서울대학교",
			"gpsX": "126.923495",
			"gpsY": "37.512907",
			"lastTm": "23:04",
			"posX": "193237.04386613338",
			"posY": "445945.176330023",
			"routeType": "4",
			"sectSpd": "68",
			"section": "118608225",
			"seq": "40",
			"station": "118000208",
			"stationNm": "대방역",
			"stationNo": "19296",
			"transYn": "N",
			"fullSectDist": "317",
			"trnstnid": "120000028"
		},
		{
			"arsId": "19255",
			"beginTm": "04:57",
			"busRouteAbrv": "6514",
			"busRouteId": "100100294",
			"busRouteNm": "6514",
			"direction": "서울대학교",
			"gpsX": "126.9240536702",
			"gpsY": "37.5098706868",
			"lastTm": "23:06",
			"posX": "193286.15771897486",
			"posY": "445608.1802497264",
			"routeType": "4",
			"sectSpd": "44",
			"section": "119605264",
			"seq": "41",
			"station": "118000170",
			"stationNm": "공군호텔",
			"stationNo": "19255",
			"transYn": "N",
			"fullSectDist": "469",
			"trnstnid": "120000028"
		},
		{
			"arsId": "19256",
			"beginTm": "04:57",
			"busRouteAbrv": "6514",
			"busRouteId": "100100294",
			"busRouteNm": "6514",
			"direction": "서울대학교",
			"gpsX": "126.9221593231",
			"gpsY": "37.5051747159",
			"lastTm": "23:07",
			"posX": "193118.2616625155",
			"posY": "445087.1801833771",
			"routeType": "4",
			"sectSpd": "44",
			"section": "119605497",
			"seq": "42",
			"station": "118000171",
			"stationNm": "서울지방병무청",
			"stationNo": "19256",
			"transYn": "N",
			"fullSectDist": "552",
			"trnstnid": "120000028"
		},
		{
			"arsId": "19257",
			"beginTm": "04:59",
			"busRouteAbrv": "6514",
			"busRouteId": "100100294",
			"busRouteNm": "6514",
			"direction": "서울대학교",
			"gpsX": "126.9210085488",
			"gpsY": "37.5023841407",
			"lastTm": "23:08",
			"posX": "193016.26405596625",
			"posY": "444777.58015158307",
			"routeType": "4",
			"sectSpd": "36",
			"section": "119605499",
			"seq": "43",
			"station": "118000172",
			"stationNm": "대방초등학교",
			"stationNo": "19257",
			"transYn": "N",
			"fullSectDist": "330",
			"trnstnid": "120000028"
		},
		{
			"arsId": "20143",
			"beginTm": "04:59",
			"busRouteAbrv": "6514",
			"busRouteId": "100100294",
			"busRouteNm": "6514",
			"direction": "서울대학교",
			"gpsX": "126.9224285174",
			"gpsY": "37.4997142144",
			"lastTm": "23:10",
			"posX": "193141.56111452225",
			"posY": "444481.1801057635",
			"routeType": "4",
			"sectSpd": "39",
			"section": "119600735",
			"seq": "44",
			"station": "119000050",
			"stationNm": "서울공업고등학교",
			"stationNo": "20143",
			"transYn": "N",
			"fullSectDist": "480",
			"trnstnid": "120000028"
		},
		{
			"arsId": "20145",
			"beginTm": "05:02",
			"busRouteAbrv": "6514",
			"busRouteId": "100100294",
			"busRouteNm": "6514",
			"direction": "서울대학교",
			"gpsX": "126.9264810316",
			"gpsY": "37.4996077724",
			"lastTm": "23:13",
			"posX": "193499.85269764514",
			"posY": "444469.08009390114",
			"routeType": "4",
			"sectSpd": "13",
			"section": "119605376",
			"seq": "45",
			"station": "119000052",
			"stationNm": "대림초등학교",
			"stationNo": "20145",
			"transYn": "N",
			"fullSectDist": "364",
			"trnstnid": "120000028"
		},
		{
			"arsId": "20186",
			"beginTm": "05:03",
			"busRouteAbrv": "6514",
			"busRouteId": "100100294",
			"busRouteNm": "6514",
			"direction": "서울대학교",
			"gpsX": "126.9278411369",
			"gpsY": "37.4977748671",
			"lastTm": "23:14",
			"posX": "193619.9498804086",
			"posY": "444265.5800730316",
			"routeType": "4",
			"sectSpd": "19",
			"section": "119605351",
			"seq": "46",
			"station": "119000093",
			"stationNm": "신대방삼거리",
			"stationNo": "20186",
			"transYn": "N",
			"fullSectDist": "366",
			"trnstnid": "120000028"
		},
		{
			"arsId": "20188",
			"beginTm": "05:05",
			"busRouteAbrv": "6514",
			"busRouteId": "100100294",
			"busRouteNm": "6514",
			"direction": "서울대학교",
			"gpsX": "126.927191",
			"gpsY": "37.494757",
			"lastTm": "23:16",
			"posX": "193562.2078345782",
			"posY": "443930.71619532304",
			"routeType": "4",
			"sectSpd": "8",
			"section": "119601458",
			"seq": "47",
			"station": "119000095",
			"stationNm": "보라매병원입구",
			"stationNo": "20188",
			"transYn": "N",
			"fullSectDist": "340",
			"trnstnid": "120000028"
		},
		{
			"arsId": "21151",
			"beginTm": "05:06",
			"busRouteAbrv": "6514",
			"busRouteId": "100100294",
			"busRouteNm": "6514",
			"direction": "서울대학교",
			"gpsX": "126.9274012969",
			"gpsY": "37.490192942",
			"lastTm": "23:17",
			"posX": "193580.41171864598",
			"posY": "443424.2053024587",
			"routeType": "4",
			"sectSpd": "31",
			"section": "120602593",
			"seq": "48",
			"station": "120000050",
			"stationNm": "롯데백화점관악점",
			"stationNo": "21151",
			"transYn": "N",
			"fullSectDist": "520",
			"trnstnid": "120000028"
		},
		{
			"arsId": "21152",
			"beginTm": "05:07",
			"busRouteAbrv": "6514",
			"busRouteId": "100100294",
			"busRouteNm": "6514",
			"direction": "서울대학교",
			"gpsX": "126.9290030209",
			"gpsY": "37.4866352262",
			"lastTm": "23:20",
			"posX": "193721.7474880988",
			"posY": "443029.27989465",
			"routeType": "4",
			"sectSpd": "27",
			"section": "120602595",
			"seq": "49",
			"station": "120000051",
			"stationNm": "신림동별빛거리입구",
			"stationNo": "21152",
			"transYn": "N",
			"fullSectDist": "422",
			"trnstnid": "120000028"
		},
		{
			"arsId": "21153",
			"beginTm": "05:08",
			"busRouteAbrv": "6514",
			"busRouteId": "100100294",
			"busRouteNm": "6514",
			"direction": "서울대학교",
			"gpsX": "126.9296377666",
			"gpsY": "37.482767098",
			"lastTm": "23:22",
			"posX": "193777.5571552516",
			"posY": "442599.9726337991",
			"routeType": "4",
			"sectSpd": "24",
			"section": "120602600",
			"seq": "50",
			"station": "120000052",
			"stationNm": "신림사거리",
			"stationNo": "21153",
			"transYn": "N",
			"fullSectDist": "438",
			"trnstnid": "120000028"
		},
		{
			"arsId": "21154",
			"beginTm": "05:10",
			"busRouteAbrv": "6514",
			"busRouteId": "100100294",
			"busRouteNm": "6514",
			"direction": "서울대학교",
			"gpsX": "126.9325255165",
			"gpsY": "37.4778775572",
			"lastTm": "23:25",
			"posX": "194032.54481521188",
			"posY": "442057.1698400774",
			"routeType": "4",
			"sectSpd": "44",
			"section": "120600846",
			"seq": "51",
			"station": "120000053",
			"stationNm": "서원동문화교앞",
			"stationNo": "21154",
			"transYn": "N",
			"fullSectDist": "667",
			"trnstnid": "120000028"
		},
		{
			"arsId": "21155",
			"beginTm": "05:13",
			"busRouteAbrv": "6514",
			"busRouteId": "100100294",
			"busRouteNm": "6514",
			"direction": "서울대학교",
			"gpsX": "126.936357",
			"gpsY": "37.475441",
			"lastTm": "23:27",
			"posX": "194371.21917848912",
			"posY": "441786.53762384923",
			"routeType": "4",
			"sectSpd": "39",
			"section": "120600848",
			"seq": "52",
			"station": "120000054",
			"stationNm": "서림동주민센터.신화단지",
			"stationNo": "21155",
			"transYn": "N",
			"fullSectDist": "532",
			"trnstnid": "120000028"
		},
		{
			"arsId": "21156",
			"beginTm": "05:14",
			"busRouteAbrv": "6514",
			"busRouteId": "100100294",
			"busRouteNm": "6514",
			"direction": "서울대학교",
			"gpsX": "126.9329597367",
			"gpsY": "37.4727127526",
			"lastTm": "23:29",
			"posX": "194070.5392901157",
			"posY": "441483.9796843128",
			"routeType": "4",
			"sectSpd": "46",
			"section": "120602612",
			"seq": "53",
			"station": "120000055",
			"stationNm": "삼성동시장",
			"stationNo": "21156",
			"transYn": "N",
			"fullSectDist": "457",
			"trnstnid": "120000028"
		},
		{
			"arsId": "21157",
			"beginTm": "05:15",
			"busRouteAbrv": "6514",
			"busRouteId": "100100294",
			"busRouteNm": "6514",
			"direction": "서울대학교",
			"gpsX": "126.9363644152",
			"gpsY": "37.4706862567",
			"lastTm": "23:30",
			"posX": "194371.51845297334",
			"posY": "441258.8810987286",
			"routeType": "4",
			"sectSpd": "49",
			"section": "120603031",
			"seq": "54",
			"station": "120000056",
			"stationNm": "대학동고시촌입구",
			"stationNo": "21157",
			"transYn": "N",
			"fullSectDist": "398",
			"trnstnid": "120000028"
		},
		{
			"arsId": "21158",
			"beginTm": "05:18",
			"busRouteAbrv": "6514",
			"busRouteId": "100100294",
			"busRouteNm": "6514",
			"direction": "서울대학교",
			"gpsX": "126.9420276971",
			"gpsY": "37.470573816",
			"lastTm": "23:31",
			"posX": "194872.42045594295",
			"posY": "441246.07964466745",
			"routeType": "4",
			"sectSpd": "6",
			"section": "120602773",
			"seq": "55",
			"station": "120000057",
			"stationNm": "서울산업정보학교.삼성교",
			"stationNo": "21158",
			"transYn": "N",
			"fullSectDist": "502",
			"trnstnid": "120000028"
		},
		{
			"arsId": "21159",
			"beginTm": "05:21",
			"busRouteAbrv": "6514",
			"busRouteId": "100100294",
			"busRouteNm": "6514",
			"direction": "서울대학교",
			"gpsX": "126.9468586213",
			"gpsY": "37.4678199868",
			"lastTm": "23:33",
			"posX": "195299.53741397627",
			"posY": "440940.2225111937",
			"routeType": "4",
			"sectSpd": "18",
			"section": "120602775",
			"seq": "56",
			"station": "120000058",
			"stationNm": "관악산입구.관악아트홀·중앙도서관",
			"stationNo": "21159",
			"transYn": "N",
			"fullSectDist": "556",
			"trnstnid": "120000028"
		},
		{
			"arsId": "21127",
			"beginTm": "05:23",
			"busRouteAbrv": "6514",
			"busRouteId": "100100294",
			"busRouteNm": "6514",
			"direction": "서울대학교",
			"gpsX": "126.9479522861",
			"gpsY": "37.4667414611",
			"lastTm": "23:35",
			"posX": "195396.2081475957",
			"posY": "440820.4795799181",
			"routeType": "4",
			"sectSpd": "43",
			"section": "120601496",
			"seq": "57",
			"station": "120000028",
			"stationNm": "서울대학교",
			"stationNo": "21127",
			"transYn": "Y",
			"fullSectDist": "244",
			"trnstnid": "120000028"
		},
		{
			"arsId": "21142",
			"beginTm": "05:24",
			"busRouteAbrv": "6514",
			"busRouteId": "100100294",
			"busRouteNm": "6514",
			"direction": "양천공영차고지",
			"gpsX": "126.9443439927",
			"gpsY": "37.4704490464",
			"lastTm": "23:35",
			"posX": "195077.28581377896",
			"posY": "441232.10979766026",
			"routeType": "4",
			"sectSpd": "40",
			"section": "120602783",
			"seq": "58",
			"station": "120000041",
			"stationNm": "신림중.삼성고.관악아트홀·도서관",
			"stationNo": "21142",
			"transYn": "N",
			"fullSectDist": "706",
			"trnstnid": "120000028"
		},
		{
			"arsId": "21143",
			"beginTm": "05:31",
			"busRouteAbrv": "6514",
			"busRouteId": "100100294",
			"busRouteNm": "6514",
			"direction": "양천공영차고지",
			"gpsX": "126.941124806",
			"gpsY": "37.4710142867",
			"lastTm": "23:42",
			"posX": "194792.591388656",
			"posY": "441295.01025594305",
			"routeType": "4",
			"sectSpd": "21",
			"section": "120602785",
			"seq": "59",
			"station": "120000042",
			"stationNm": "서울산업정보학교.삼성교",
			"stationNo": "21143",
			"transYn": "N",
			"fullSectDist": "298",
			"trnstnid": "120000028"
		},
		{
			"arsId": "21144",
			"beginTm": "05:32",
			"busRouteAbrv": "6514",
			"busRouteId": "100100294",
			"busRouteNm": "6514",
			"direction": "양천공영차고지",
			"gpsX": "126.937243894",
			"gpsY": "37.4710002992",
			"lastTm": "23:42",
			"posX": "194449.3303962329",
			"posY": "441293.6796528194",
			"routeType": "4",
			"sectSpd": "68",
			"section": "120602804",
			"seq": "60",
			"station": "120000043",
			"stationNm": "신성초등학교",
			"stationNo": "21144",
			"transYn": "N",
			"fullSectDist": "347",
			"trnstnid": "120000028"
		},
		{
			"arsId": "21145",
			"beginTm": "05:32",
			"busRouteAbrv": "6514",
			"busRouteId": "100100294",
			"busRouteNm": "6514",
			"direction": "양천공영차고지",
			"gpsX": "126.933686278",
			"gpsY": "37.473206969",
			"lastTm": "23:43",
			"posX": "194134.83777993574",
			"posY": "441538.77969163936",
			"routeType": "4",
			"sectSpd": "64",
			"section": "120602636",
			"seq": "61",
			"station": "120000044",
			"stationNm": "영광메디컬센터",
			"stationNo": "21145",
			"transYn": "N",
			"fullSectDist": "500",
			"trnstnid": "120000028"
		},
		{
			"arsId": "21146",
			"beginTm": "05:36",
			"busRouteAbrv": "6514",
			"busRouteId": "100100294",
			"busRouteNm": "6514",
			"direction": "양천공영차고지",
			"gpsX": "126.9374950813",
			"gpsY": "37.4761917072",
			"lastTm": "23:45",
			"posX": "194471.92986389349",
			"posY": "441869.77973109717",
			"routeType": "4",
			"sectSpd": "41",
			"section": "120602641",
			"seq": "62",
			"station": "120000045",
			"stationNm": "쑥고개입구",
			"stationNo": "21146",
			"transYn": "N",
			"fullSectDist": "523",
			"trnstnid": "120000028"
		},
		{
			"arsId": "21147",
			"beginTm": "05:37",
			"busRouteAbrv": "6514",
			"busRouteId": "100100294",
			"busRouteNm": "6514",
			"direction": "양천공영차고지",
			"gpsX": "126.9323856945",
			"gpsY": "37.4786498144",
			"lastTm": "23:46",
			"posX": "194020.24046950912",
			"posY": "442142.8797772592",
			"routeType": "4",
			"sectSpd": "71",
			"section": "120602645",
			"seq": "63",
			"station": "120000046",
			"stationNm": "서원동문화교앞",
			"stationNo": "21147",
			"transYn": "N",
			"fullSectDist": "584",
			"trnstnid": "120000028"
		},
		{
			"arsId": "21377",
			"beginTm": "05:39",
			"busRouteAbrv": "6514",
			"busRouteId": "100100294",
			"busRouteNm": "6514",
			"direction": "양천공영차고지",
			"gpsX": "126.929897162",
			"gpsY": "37.4833220413",
			"lastTm": "23:48",
			"posX": "193800.54249210365",
			"posY": "442661.54027998867",
			"routeType": "4",
			"sectSpd": "26",
			"section": "120602292",
			"seq": "64",
			"station": "119000314",
			"stationNm": "신림역2번출구",
			"stationNo": "21377",
			"transYn": "N",
			"fullSectDist": "600",
			"trnstnid": "120000028"
		},
		{
			"arsId": "21149",
			"beginTm": "05:41",
			"busRouteAbrv": "6514",
			"busRouteId": "100100294",
			"busRouteNm": "6514",
			"direction": "양천공영차고지",
			"gpsX": "126.929553188",
			"gpsY": "37.4860047824",
			"lastTm": "23:51",
			"posX": "193770.34633924084",
			"posY": "442959.27989478316",
			"routeType": "4",
			"sectSpd": "22",
			"section": "120602652",
			"seq": "65",
			"station": "120000048",
			"stationNm": "신림동별빛거리입구",
			"stationNo": "21149",
			"transYn": "N",
			"fullSectDist": "305",
			"trnstnid": "120000028"
		},
		{
			"arsId": "21150",
			"beginTm": "05:42",
			"busRouteAbrv": "6514",
			"busRouteId": "100100294",
			"busRouteNm": "6514",
			"direction": "양천공영차고지",
			"gpsX": "126.9274978564",
			"gpsY": "37.4905174946",
			"lastTm": "23:51",
			"posX": "193588.97779698137",
			"posY": "443460.21594789485",
			"routeType": "4",
			"sectSpd": "30",
			"section": "120601961",
			"seq": "66",
			"station": "120000049",
			"stationNm": "보라매공원.보라매병원",
			"stationNo": "21150",
			"transYn": "N",
			"fullSectDist": "536",
			"trnstnid": "120000028"
		},
		{
			"arsId": "21263",
			"beginTm": "05:44",
			"busRouteAbrv": "6514",
			"busRouteId": "100100294",
			"busRouteNm": "6514",
			"direction": "양천공영차고지",
			"gpsX": "126.9273975559",
			"gpsY": "37.4945144044",
			"lastTm": "23:52",
			"posX": "193580.45080224273",
			"posY": "443903.7800215604",
			"routeType": "4",
			"sectSpd": "33",
			"section": "120600456",
			"seq": "67",
			"station": "120000161",
			"stationNm": "보라매삼성아파트.모자원고개",
			"stationNo": "21263",
			"transYn": "N",
			"fullSectDist": "456",
			"trnstnid": "120000028"
		},
		{
			"arsId": "20187",
			"beginTm": "05:45",
			"busRouteAbrv": "6514",
			"busRouteId": "100100294",
			"busRouteNm": "6514",
			"direction": "양천공영차고지",
			"gpsX": "126.9282287113",
			"gpsY": "37.4981427531",
			"lastTm": "23:54",
			"posX": "193654.24907472503",
			"posY": "444306.38007445075",
			"routeType": "4",
			"sectSpd": "22",
			"section": "120602658",
			"seq": "68",
			"station": "119000094",
			"stationNm": "신대방삼거리",
			"stationNo": "20187",
			"transYn": "N",
			"fullSectDist": "418",
			"trnstnid": "120000028"
		},
		{
			"arsId": "20146",
			"beginTm": "05:46",
			"busRouteAbrv": "6514",
			"busRouteId": "100100294",
			"busRouteNm": "6514",
			"direction": "양천공영차고지",
			"gpsX": "126.926127913",
			"gpsY": "37.4998553553",
			"lastTm": "23:56",
			"posX": "193468.65343262625",
			"posY": "444496.58009662386",
			"routeType": "4",
			"sectSpd": "32",
			"section": "119600739",
			"seq": "69",
			"station": "119000053",
			"stationNm": "대림초등학교",
			"stationNo": "20146",
			"transYn": "N",
			"fullSectDist": "353",
			"trnstnid": "120000028"
		},
		{
			"arsId": "20144",
			"beginTm": "05:49",
			"busRouteAbrv": "6514",
			"busRouteId": "100100294",
			"busRouteNm": "6514",
			"direction": "양천공영차고지",
			"gpsX": "126.921570953",
			"gpsY": "37.4999614514",
			"lastTm": "23:58",
			"posX": "193065.76289323746",
			"posY": "444508.6801134264",
			"routeType": "4",
			"sectSpd": "31",
			"section": "119605381",
			"seq": "70",
			"station": "119000051",
			"stationNm": "서울공업고등학교",
			"stationNo": "20144",
			"transYn": "N",
			"fullSectDist": "402",
			"trnstnid": "120000028"
		},
		{
			"arsId": "20006",
			"beginTm": "05:50",
			"busRouteAbrv": "6514",
			"busRouteId": "100100294",
			"busRouteNm": "6514",
			"direction": "양천공영차고지",
			"gpsX": "126.9218983526",
			"gpsY": "37.5037895503",
			"lastTm": "23:59",
			"posX": "193095.0622043833",
			"posY": "444933.4801704511",
			"routeType": "4",
			"sectSpd": "53",
			"section": "119605289",
			"seq": "71",
			"station": "119000006",
			"stationNm": "강남중학교",
			"stationNo": "20006",
			"transYn": "N",
			"fullSectDist": "575",
			"trnstnid": "120000028"
		},
		{
			"arsId": "20106",
			"beginTm": "05:52",
			"busRouteAbrv": "6514",
			"busRouteId": "100100294",
			"busRouteNm": "6514",
			"direction": "양천공영차고지",
			"gpsX": "126.923275",
			"gpsY": "37.506935",
			"lastTm": "00:01",
			"posX": "193217.05571025301",
			"posY": "445282.4472391382",
			"routeType": "4",
			"sectSpd": "33",
			"section": "119605292",
			"seq": "72",
			"station": "119000020",
			"stationNm": "서울지방병무청앞",
			"stationNo": "20106",
			"transYn": "N",
			"fullSectDist": "373",
			"trnstnid": "120000028"
		},
		{
			"arsId": "20107",
			"beginTm": "05:54",
			"busRouteAbrv": "6514",
			"busRouteId": "100100294",
			"busRouteNm": "6514",
			"direction": "양천공영차고지",
			"gpsX": "126.9245410607",
			"gpsY": "37.5100106698",
			"lastTm": "00:02",
			"posX": "193329.2567019254",
			"posY": "445623.6802515909",
			"routeType": "4",
			"sectSpd": "82",
			"section": "119605297",
			"seq": "73",
			"station": "119000021",
			"stationNm": "공군호텔",
			"stationNo": "20107",
			"transYn": "N",
			"fullSectDist": "363",
			"trnstnid": "120000028"
		},
		{
			"arsId": "19430",
			"beginTm": "05:55",
			"busRouteAbrv": "6514",
			"busRouteId": "100100294",
			"busRouteNm": "6514",
			"direction": "양천공영차고지",
			"gpsX": "126.9241172204",
			"gpsY": "37.5130200747",
			"lastTm": "00:04",
			"posX": "193292.05757996146",
			"posY": "445957.68030205276",
			"routeType": "4",
			"sectSpd": "24",
			"section": "119604661",
			"seq": "74",
			"station": "118000525",
			"stationNm": "대방역",
			"stationNo": "19430",
			"transYn": "N",
			"fullSectDist": "420",
			"trnstnid": "120000028"
		},
		{
			"arsId": "19227",
			"beginTm": "05:57",
			"busRouteAbrv": "6514",
			"busRouteId": "100100294",
			"busRouteNm": "6514",
			"direction": "양천공영차고지",
			"gpsX": "126.9195131812",
			"gpsY": "37.5140830291",
			"lastTm": "00:06",
			"posX": "192885.16713868946",
			"posY": "446075.9803281948",
			"routeType": "4",
			"sectSpd": "30",
			"section": "118608198",
			"seq": "75",
			"station": "118000142",
			"stationNm": "신길새마을금고",
			"stationNo": "19227",
			"transYn": "N",
			"fullSectDist": "421",
			"trnstnid": "120000028"
		},
		{
			"arsId": "19225",
			"beginTm": "05:58",
			"busRouteAbrv": "6514",
			"busRouteId": "100100294",
			"busRouteNm": "6514",
			"direction": "양천공영차고지",
			"gpsX": "126.916956",
			"gpsY": "37.516815",
			"lastTm": "00:07",
			"posX": "192659.38630246467",
			"posY": "446379.3585553975",
			"routeType": "4",
			"sectSpd": "13",
			"section": "118608200",
			"seq": "76",
			"station": "118000140",
			"stationNm": "신길역1호선",
			"stationNo": "19225",
			"transYn": "N",
			"fullSectDist": "402",
			"trnstnid": "120000028"
		},
		{
			"arsId": "19106",
			"beginTm": "06:00",
			"busRouteAbrv": "6514",
			"busRouteId": "100100294",
			"busRouteNm": "6514",
			"direction": "양천공영차고지",
			"gpsX": "126.9097732019",
			"gpsY": "37.519122401",
			"lastTm": "00:08",
			"posX": "192024.71356401665",
			"posY": "446636.00827421853",
			"routeType": "4",
			"sectSpd": "46",
			"section": "118608175",
			"seq": "77",
			"station": "118000021",
			"stationNm": "영등포로터리",
			"stationNo": "19106",
			"transYn": "N",
			"fullSectDist": "917",
			"trnstnid": "120000028"
		},
		{
			"arsId": "19105",
			"beginTm": "06:04",
			"busRouteAbrv": "6514",
			"busRouteId": "100100294",
			"busRouteNm": "6514",
			"direction": "양천공영차고지",
			"gpsX": "126.9067866992",
			"gpsY": "37.519683018",
			"lastTm": "00:10",
			"posX": "191760.79354970358",
			"posY": "446698.480427871",
			"routeType": "4",
			"sectSpd": "30",
			"section": "118608177",
			"seq": "78",
			"station": "118000020",
			"stationNm": "영등포시장입구",
			"stationNo": "19105",
			"transYn": "N",
			"fullSectDist": "275",
			"trnstnid": "120000028"
		},
		{
			"arsId": "19104",
			"beginTm": "06:05",
			"busRouteAbrv": "6514",
			"busRouteId": "100100294",
			"busRouteNm": "6514",
			"direction": "양천공영차고지",
			"gpsX": "126.9051989835",
			"gpsY": "37.5218552056",
			"lastTm": "00:11",
			"posX": "191620.69684324678",
			"posY": "446939.6804650868",
			"routeType": "4",
			"sectSpd": "26",
			"section": "118602374",
			"seq": "79",
			"station": "118000019",
			"stationNm": "영등포시장",
			"stationNo": "19104",
			"transYn": "N",
			"fullSectDist": "387",
			"trnstnid": "120000028"
		},
		{
			"arsId": "19122",
			"beginTm": "06:06",
			"busRouteAbrv": "6514",
			"busRouteId": "100100294",
			"busRouteNm": "6514",
			"direction": "양천공영차고지",
			"gpsX": "126.9055402111",
			"gpsY": "37.5248948852",
			"lastTm": "00:13",
			"posX": "191651.19612733513",
			"posY": "447276.98051086534",
			"routeType": "4",
			"sectSpd": "25",
			"section": "118603524",
			"seq": "80",
			"station": "118000037",
			"stationNm": "신화병원",
			"stationNo": "19122",
			"transYn": "N",
			"fullSectDist": "340",
			"trnstnid": "120000028"
		},
		{
			"arsId": "19126",
			"beginTm": "06:08",
			"busRouteAbrv": "6514",
			"busRouteId": "100100294",
			"busRouteNm": "6514",
			"direction": "양천공영차고지",
			"gpsX": "126.905958",
			"gpsY": "37.529032",
			"lastTm": "00:14",
			"posX": "191688.58133610504",
			"posY": "447736.0627469537",
			"routeType": "4",
			"sectSpd": "35",
			"section": "118601276",
			"seq": "81",
			"station": "118000041",
			"stationNm": "당산푸르지오아파트",
			"stationNo": "19126",
			"transYn": "N",
			"fullSectDist": "463",
			"trnstnid": "120000028"
		},
		{
			"arsId": "19175",
			"beginTm": "06:10",
			"busRouteAbrv": "6514",
			"busRouteId": "100100294",
			"busRouteNm": "6514",
			"direction": "양천공영차고지",
			"gpsX": "126.9035824119",
			"gpsY": "37.5331897116",
			"lastTm": "00:16",
			"posX": "191479.1001652569",
			"posY": "448197.68063197145",
			"routeType": "4",
			"sectSpd": "30",
			"section": "118607338",
			"seq": "82",
			"station": "118000090",
			"stationNm": "당산역삼성래미안아파트",
			"stationNo": "19175",
			"transYn": "N",
			"fullSectDist": "566",
			"trnstnid": "120000028"
		},
		{
			"arsId": "19172",
			"beginTm": "06:12",
			"busRouteAbrv": "6514",
			"busRouteId": "100100294",
			"busRouteNm": "6514",
			"direction": "양천공영차고지",
			"gpsX": "126.900718955",
			"gpsY": "37.5345885453",
			"lastTm": "00:19",
			"posX": "191226.20611210185",
			"posY": "448353.1806649063",
			"routeType": "4",
			"sectSpd": "35",
			"section": "118608315",
			"seq": "83",
			"station": "118000087",
			"stationNm": "당산역",
			"stationNo": "19172",
			"transYn": "N",
			"fullSectDist": "288",
			"trnstnid": "120000028"
		},
		{
			"arsId": "19213",
			"beginTm": "06:14",
			"busRouteAbrv": "6514",
			"busRouteId": "100100294",
			"busRouteNm": "6514",
			"direction": "양천공영차고지",
			"gpsX": "126.8955567144",
			"gpsY": "37.53714501",
			"lastTm": "00:20",
			"posX": "190770.31682207572",
			"posY": "448637.38071730826",
			"routeType": "4",
			"sectSpd": "42",
			"section": "118608330",
			"seq": "84",
			"station": "118000128",
			"stationNm": "선유도역.롯데제과",
			"stationNo": "19213",
			"transYn": "N",
			"fullSectDist": "537",
			"trnstnid": "120000028"
		},
		{
			"arsId": "19210",
			"beginTm": "06:18",
			"busRouteAbrv": "6514",
			"busRouteId": "100100294",
			"busRouteNm": "6514",
			"direction": "양천공영차고지",
			"gpsX": "126.8932341248",
			"gpsY": "37.5383576111",
			"lastTm": "00:23",
			"posX": "190565.2216370266",
			"posY": "448772.18073020736",
			"routeType": "4",
			"sectSpd": "73",
			"section": "118601086",
			"seq": "85",
			"station": "118000125",
			"stationNm": "한신아파트.선유도역",
			"stationNo": "19210",
			"transYn": "N",
			"fullSectDist": "245",
			"trnstnid": "120000028"
		},
		{
			"arsId": "19215",
			"beginTm": "06:19",
			"busRouteAbrv": "6514",
			"busRouteId": "100100294",
			"busRouteNm": "6514",
			"direction": "양천공영차고지",
			"gpsX": "126.8841131456",
			"gpsY": "37.547524111",
			"lastTm": "00:24",
			"posX": "189760.46464560606",
			"posY": "449790.39666870236",
			"routeType": "4",
			"sectSpd": "46",
			"section": "118608291",
			"seq": "86",
			"station": "118000130",
			"stationNm": "영등포아리수정수센터",
			"stationNo": "19215",
			"transYn": "N",
			"fullSectDist": "1806",
			"trnstnid": "120000028"
		},
		{
			"arsId": "16001",
			"beginTm": "06:24",
			"busRouteAbrv": "6514",
			"busRouteId": "100100294",
			"busRouteNm": "6514",
			"direction": "양천공영차고지",
			"gpsX": "126.8758813624",
			"gpsY": "37.5470974954",
			"lastTm": "00:27",
			"posX": "189033.05762429984",
			"posY": "449743.98090556497",
			"routeType": "4",
			"sectSpd": "78",
			"section": "114602656",
			"seq": "87",
			"station": "115000001",
			"stationNm": "염창역.서울도시가스",
			"stationNo": "16001",
			"transYn": "N",
			"fullSectDist": "754",
			"trnstnid": "120000028"
		},
		{
			"arsId": "16003",
			"beginTm": "06:25",
			"busRouteAbrv": "6514",
			"busRouteId": "100100294",
			"busRouteNm": "6514",
			"direction": "양천공영차고지",
			"gpsX": "126.8686519482",
			"gpsY": "37.5490054028",
			"lastTm": "00:28",
			"posX": "188394.5726271423",
			"posY": "449956.5809550686",
			"routeType": "4",
			"sectSpd": "25",
			"section": "114602767",
			"seq": "88",
			"station": "115000003",
			"stationNm": "등촌역.강서보건소",
			"stationNo": "16003",
			"transYn": "N",
			"fullSectDist": "700",
			"trnstnid": "120000028"
		},
		{
			"arsId": "16005",
			"beginTm": "06:26",
			"busRouteAbrv": "6514",
			"busRouteId": "100100294",
			"busRouteNm": "6514",
			"direction": "양천공영차고지",
			"gpsX": "126.8615536765",
			"gpsY": "37.5526278025",
			"lastTm": "00:30",
			"posX": "187767.9873510029",
			"posY": "450359.4810219044",
			"routeType": "4",
			"sectSpd": "40",
			"section": "115600037",
			"seq": "89",
			"station": "115000005",
			"stationNm": "등촌중학교.백석초등학교",
			"stationNo": "16005",
			"transYn": "N",
			"fullSectDist": "747",
			"trnstnid": "120000028"
		},
		{
			"arsId": "16007",
			"beginTm": "06:29",
			"busRouteAbrv": "6514",
			"busRouteId": "100100294",
			"busRouteNm": "6514",
			"direction": "양천공영차고지",
			"gpsX": "126.8557818766",
			"gpsY": "37.5547564863",
			"lastTm": "00:32",
			"posX": "187258.39931506736",
			"posY": "450596.4810689809",
			"routeType": "4",
			"sectSpd": "24",
			"section": "115600038",
			"seq": "90",
			"station": "115000588",
			"stationNm": "강서구청사거리.서울디지털대학교",
			"stationNo": "16007",
			"transYn": "N",
			"fullSectDist": "561",
			"trnstnid": "120000028"
		},
		{
			"arsId": "16140",
			"beginTm": "06:30",
			"busRouteAbrv": "6514",
			"busRouteId": "100100294",
			"busRouteNm": "6514",
			"direction": "양천공영차고지",
			"gpsX": "126.8501698616",
			"gpsY": "37.5526688733",
			"lastTm": "00:34",
			"posX": "186762.21097605236",
			"posY": "450365.58106205845",
			"routeType": "4",
			"sectSpd": "42",
			"section": "115600607",
			"seq": "91",
			"station": "115000044",
			"stationNm": "강서구청.한국건강관리협회",
			"stationNo": "16140",
			"transYn": "N",
			"fullSectDist": "754",
			"trnstnid": "120000028"
		},
		{
			"arsId": "16141",
			"beginTm": "06:32",
			"busRouteAbrv": "6514",
			"busRouteId": "100100294",
			"busRouteNm": "6514",
			"direction": "양천공영차고지",
			"gpsX": "126.8481814428",
			"gpsY": "37.5503532252",
			"lastTm": "00:38",
			"posX": "186586.11511554025",
			"posY": "450108.8810327831",
			"routeType": "4",
			"sectSpd": "18",
			"section": "115900366",
			"seq": "92",
			"station": "115000045",
			"stationNm": "우장초등학교",
			"stationNo": "16141",
			"transYn": "N",
			"fullSectDist": "293",
			"trnstnid": "120000028"
		},
		{
			"arsId": "16144",
			"beginTm": "06:32",
			"busRouteAbrv": "6514",
			"busRouteId": "100100294",
			"busRouteNm": "6514",
			"direction": "양천공영차고지",
			"gpsX": "126.8447320961",
			"gpsY": "37.5458432676",
			"lastTm": "00:39",
			"posX": "186280.52229403786",
			"posY": "449608.88097249577",
			"routeType": "4",
			"sectSpd": "71",
			"section": "115600609",
			"seq": "93",
			"station": "115000048",
			"stationNm": "한국폴리텍1.서울강서대학교",
			"stationNo": "16144",
			"transYn": "N",
			"fullSectDist": "593",
			"trnstnid": "120000028"
		},
		{
			"arsId": "16145",
			"beginTm": "06:34",
			"busRouteAbrv": "6514",
			"busRouteId": "100100294",
			"busRouteNm": "6514",
			"direction": "양천공영차고지",
			"gpsX": "126.8426281976",
			"gpsY": "37.5431786479",
			"lastTm": "00:40",
			"posX": "186094.12666948768",
			"posY": "449313.48093761224",
			"routeType": "4",
			"sectSpd": "18",
			"section": "115607806",
			"seq": "94",
			"station": "115000049",
			"stationNm": "화곡본동시장",
			"stationNo": "16145",
			"transYn": "N",
			"fullSectDist": "352",
			"trnstnid": "120000028"
		},
		{
			"arsId": "16205",
			"beginTm": "06:36",
			"busRouteAbrv": "6514",
			"busRouteId": "100100294",
			"busRouteNm": "6514",
			"direction": "양천공영차고지",
			"gpsX": "126.8409451288",
			"gpsY": "37.5406479194",
			"lastTm": "00:42",
			"posX": "185944.93017094428",
			"posY": "449032.88090924127",
			"routeType": "4",
			"sectSpd": "39",
			"section": "115600739",
			"seq": "95",
			"station": "115000108",
			"stationNm": "화곡역.현대주유소",
			"stationNo": "16205",
			"transYn": "N",
			"fullSectDist": "390",
			"trnstnid": "120000028"
		},
		{
			"arsId": "16192",
			"beginTm": "06:39",
			"busRouteAbrv": "6514",
			"busRouteId": "100100294",
			"busRouteNm": "6514",
			"direction": "양천공영차고지",
			"gpsX": "126.8461927843",
			"gpsY": "37.5322386315",
			"lastTm": "00:43",
			"posX": "186407.11931716237",
			"posY": "448098.8807653375",
			"routeType": "4",
			"sectSpd": "80",
			"section": "115607993",
			"seq": "96",
			"station": "115000095",
			"stationNm": "까치산역4번출구",
			"stationNo": "16192",
			"transYn": "N",
			"fullSectDist": "1050",
			"trnstnid": "120000028"
		},
		{
			"arsId": "16186",
			"beginTm": "06:42",
			"busRouteAbrv": "6514",
			"busRouteId": "100100294",
			"busRouteNm": "6514",
			"direction": "양천공영차고지",
			"gpsX": "126.8475167279",
			"gpsY": "37.5299722869",
			"lastTm": "00:46",
			"posX": "186523.71657824426",
			"posY": "447847.18072869955",
			"routeType": "4",
			"sectSpd": "42",
			"section": "115603392",
			"seq": "97",
			"station": "115000089",
			"stationNm": "KT강서지사",
			"stationNo": "16186",
			"transYn": "N",
			"fullSectDist": "281",
			"trnstnid": "120000028"
		},
		{
			"arsId": "15310",
			"beginTm": "06:43",
			"busRouteAbrv": "6514",
			"busRouteId": "100100294",
			"busRouteNm": "6514",
			"direction": "양천공영차고지",
			"gpsX": "126.85028",
			"gpsY": "37.524862",
			"lastTm": "00:49",
			"posX": "186767.02857118612",
			"posY": "447279.67034402443",
			"routeType": "4",
			"sectSpd": "33",
			"section": "114602956",
			"seq": "98",
			"station": "114000206",
			"stationNm": "양강중학교",
			"stationNo": "15310",
			"transYn": "N",
			"fullSectDist": "621",
			"trnstnid": "120000028"
		},
		{
			"arsId": "15224",
			"beginTm": "06:45",
			"busRouteAbrv": "6514",
			"busRouteId": "100100294",
			"busRouteNm": "6514",
			"direction": "양천공영차고지",
			"gpsX": "126.851248",
			"gpsY": "37.523082",
			"lastTm": "00:51",
			"posX": "186852.2727233654",
			"posY": "447081.997846575",
			"routeType": "4",
			"sectSpd": "53",
			"section": "114602155",
			"seq": "99",
			"station": "114000121",
			"stationNm": "신월2동우체국",
			"stationNo": "15224",
			"transYn": "N",
			"fullSectDist": "215",
			"trnstnid": "120000028"
		},
		{
			"arsId": "15211",
			"beginTm": "06:45",
			"busRouteAbrv": "6514",
			"busRouteId": "100100294",
			"busRouteNm": "6514",
			"direction": "양천공영차고지",
			"gpsX": "126.8515143857",
			"gpsY": "37.5218864223",
			"lastTm": "00:52",
			"posX": "186875.60830807214",
			"posY": "446949.28059983626",
			"routeType": "4",
			"sectSpd": "65",
			"section": "114602717",
			"seq": "100",
			"station": "114000108",
			"stationNm": "신정네거리해누리분수광장",
			"stationNo": "15211",
			"transYn": "N",
			"fullSectDist": "366",
			"trnstnid": "120000028"
		},
		{
			"arsId": "15213",
			"beginTm": "06:46",
			"busRouteAbrv": "6514",
			"busRouteId": "100100294",
			"busRouteNm": "6514",
			"direction": "양천공영차고지",
			"gpsX": "126.8463249183",
			"gpsY": "37.5218824877",
			"lastTm": "00:52",
			"posX": "186416.919088038",
			"posY": "446949.58061557217",
			"routeType": "4",
			"sectSpd": "68",
			"section": "114602722",
			"seq": "101",
			"station": "114000110",
			"stationNm": "동방아파트",
			"stationNo": "15213",
			"transYn": "N",
			"fullSectDist": "490",
			"trnstnid": "120000028"
		},
		{
			"arsId": "15215",
			"beginTm": "06:47",
			"busRouteAbrv": "6514",
			"busRouteId": "100100294",
			"busRouteNm": "6514",
			"direction": "양천공영차고지",
			"gpsX": "126.8437433353",
			"gpsY": "37.5196434749",
			"lastTm": "00:55",
			"posX": "186188.32445403285",
			"posY": "446701.4805850596",
			"routeType": "4",
			"sectSpd": "111",
			"section": "114601169",
			"seq": "102",
			"station": "114000112",
			"stationNm": "신곡시장.금빛새마을금고",
			"stationNo": "15215",
			"transYn": "N",
			"fullSectDist": "339",
			"trnstnid": "120000028"
		},
		{
			"arsId": "15217",
			"beginTm": "06:48",
			"busRouteAbrv": "6514",
			"busRouteId": "100100294",
			"busRouteNm": "6514",
			"direction": "양천공영차고지",
			"gpsX": "126.8415193539",
			"gpsY": "37.517956358",
			"lastTm": "00:56",
			"posX": "185991.42908265378",
			"posY": "446514.58056805236",
			"routeType": "4",
			"sectSpd": "15",
			"section": "114900183",
			"seq": "103",
			"station": "114000114",
			"stationNm": "신한은행신월동지점",
			"stationNo": "15217",
			"transYn": "N",
			"fullSectDist": "272",
			"trnstnid": "120000028"
		},
		{
			"arsId": "15328",
			"beginTm": "06:49",
			"busRouteAbrv": "6514",
			"busRouteId": "100100294",
			"busRouteNm": "6514",
			"direction": "양천공영차고지",
			"gpsX": "126.8378578575",
			"gpsY": "37.5166925531",
			"lastTm": "00:57",
			"posX": "185667.53669445755",
			"posY": "446374.8805566109",
			"routeType": "4",
			"sectSpd": "17",
			"section": "114602925",
			"seq": "104",
			"station": "114000224",
			"stationNm": "강월초교입구사거리",
			"stationNo": "15328",
			"transYn": "N",
			"fullSectDist": "354",
			"trnstnid": "120000028"
		},
		{
			"arsId": "15326",
			"beginTm": "06:51",
			"busRouteAbrv": "6514",
			"busRouteId": "100100294",
			"busRouteNm": "6514",
			"direction": "양천공영차고지",
			"gpsX": "126.835305",
			"gpsY": "37.515937",
			"lastTm": "00:57",
			"posX": "185441.7313529663",
			"posY": "446291.42456998443",
			"routeType": "4",
			"sectSpd": "13",
			"section": "114900185",
			"seq": "105",
			"station": "114000222",
			"stationNm": "신월시영아파트.강월초등학교",
			"stationNo": "15326",
			"transYn": "N",
			"fullSectDist": "236",
			"trnstnid": "120000028"
		},
		{
			"arsId": "15324",
			"beginTm": "06:53",
			"busRouteAbrv": "6514",
			"busRouteId": "100100294",
			"busRouteNm": "6514",
			"direction": "양천공영차고지",
			"gpsX": "126.833988",
			"gpsY": "37.514032",
			"lastTm": "00:59",
			"posX": "185324.9415897652",
			"posY": "446080.22072447697",
			"routeType": "4",
			"sectSpd": "35",
			"section": "114602832",
			"seq": "106",
			"station": "114000220",
			"stationNm": "양천중앙도서관.푸른마을2단지",
			"stationNo": "15324",
			"transYn": "N",
			"fullSectDist": "333",
			"trnstnid": "120000028"
		},
		{
			"arsId": "15405",
			"beginTm": "06:56",
			"busRouteAbrv": "6514",
			"busRouteId": "100100294",
			"busRouteNm": "6514",
			"direction": "양천공영차고지",
			"gpsX": "126.83488",
			"gpsY": "37.512878",
			"lastTm": "01:00",
			"posX": "185403.56753443394",
			"posY": "445952.01620627614",
			"routeType": "4",
			"sectSpd": "67",
			"section": "114602834",
			"seq": "107",
			"station": "114000288",
			"stationNm": "푸른마을1단지.이든채아파트",
			"stationNo": "15405",
			"transYn": "N",
			"fullSectDist": "155",
			"trnstnid": "120000028"
		},
		{
			"arsId": "15364",
			"beginTm": "06:57",
			"busRouteAbrv": "6514",
			"busRouteId": "100100294",
			"busRouteNm": "6514",
			"direction": "양천공영차고지",
			"gpsX": "126.835885",
			"gpsY": "37.511319",
			"lastTm": "01:00",
			"posX": "185492.10675983608",
			"posY": "445778.84995885054",
			"routeType": "4",
			"sectSpd": "67",
			"section": "114602836",
			"seq": "108",
			"station": "114000259",
			"stationNm": "대일관광고.푸른마을3단지",
			"stationNo": "15364",
			"transYn": "N",
			"fullSectDist": "213",
			"trnstnid": "120000028"
		},
		{
			"arsId": "15319",
			"beginTm": "06:57",
			"busRouteAbrv": "6514",
			"busRouteId": "100100294",
			"busRouteNm": "6514",
			"direction": "양천공영차고지",
			"gpsX": "126.8385499993",
			"gpsY": "37.5110057604",
			"lastTm": "01:01",
			"posX": "185727.63528154872",
			"posY": "445743.68047559867",
			"routeType": "4",
			"sectSpd": "18",
			"section": "114602975",
			"seq": "109",
			"station": "114000215",
			"stationNm": "넓은들공원",
			"stationNo": "15319",
			"transYn": "N",
			"fullSectDist": "329",
			"trnstnid": "120000028"
		},
		{
			"arsId": "15365",
			"beginTm": "06:58",
			"busRouteAbrv": "6514",
			"busRouteId": "100100294",
			"busRouteNm": "6514",
			"direction": "양천공영차고지",
			"gpsX": "126.8410741599",
			"gpsY": "37.5086365863",
			"lastTm": "01:02",
			"posX": "185950.3300474756",
			"posY": "445480.38042471325",
			"routeType": "4",
			"sectSpd": "25",
			"section": "114602978",
			"seq": "110",
			"station": "114000260",
			"stationNm": "신정현대아파트",
			"stationNo": "15365",
			"transYn": "N",
			"fullSectDist": "527",
			"trnstnid": "120000028"
		},
		{
			"arsId": "15373",
			"beginTm": "06:59",
			"busRouteAbrv": "6514",
			"busRouteId": "100100294",
			"busRouteNm": "6514",
			"direction": "양천공영차고지",
			"gpsX": "126.8373326242",
			"gpsY": "37.5086072513",
			"lastTm": "01:04",
			"posX": "185619.55770408528",
			"posY": "445477.69016993325",
			"routeType": "4",
			"sectSpd": "27",
			"section": "114602840",
			"seq": "111",
			"station": "114000267",
			"stationNm": "양천공영차고지",
			"stationNo": "15373",
			"transYn": "N",
			"fullSectDist": "473",
			"trnstnid": "120000028"
		}
	]
}