{
	"count": 121,
	"result": [
		{
			"arsId": "18216",
			"beginTm": "04:36",
			"busRouteAbrv": "571",
			"busRouteId": "100100084",
			"busRouteNm": "571",
			"direction": "진관공영차고지",
			"gpsX": "126.8752549755",
			"gpsY": "37.4852270318",
			"lastTm": "22:42",
			"posX": "188968.60706077423",
			"posY": "442877.9464996066",
			"routeType": "3",
			"sectSpd": "0",
			"section": "0",
			"seq": "1",
			"station": "117000130",
			"stationNm": "가산동기점",
			"stationNo": "18216",
			"transYn": "N",
			"fullSectDist": "0",
			"trnstnid": "111001112"
		},
		{
			"arsId": "18101",
			"beginTm": "04:19",
			"busRouteAbrv": "571",
			"busRouteId": "100100084",
			"busRouteNm": "571",
			"direction": "진관공영차고지",
			"gpsX": "126.8762259351",
			"gpsY": "37.4854590227",
			"lastTm": "22:30",
			"posX": "189054.50438209414",
			"posY": "442903.5783560388",
			"routeType": "3",
			"sectSpd": "6",
			"section": "117600429",
			"seq": "2",
			"station": "117000320",
			"stationNm": "한일유엔아이아파트",
			"stationNo": "18101",
			"transYn": "N",
			"fullSectDist": "79",
			"trnstnid": "111001112"
		},
		{
			"arsId": "18102",
			"beginTm": "04:19",
			"busRouteAbrv": "571",
			"busRouteId": "100100084",
			"busRouteNm": "571",
			"direction": "진관공영차고지",
			"gpsX": "126.8765799852",
			"gpsY": "37.4850665262",
			"lastTm": "22:30",
			"posX": "189085.75638882213",
			"posY": "442859.9799743253",
			"routeType": "3",
			"sectSpd": "33",
			"section": "213600780",
			"seq": "3",
			"station": "117000016",
			"stationNm": "디지털3단지.롯데정보통신",
			"stationNo": "18102",
			"transYn": "N",
			"fullSectDist": "96",
			"trnstnid": "111001112"
		},
		{
			"arsId": "18104",
			"beginTm": "04:20",
			"busRouteAbrv": "571",
			"busRouteId": "100100084",
			"busRouteNm": "571",
			"direction": "진관공영차고지",
			"gpsX": "126.8789486902",
			"gpsY": "37.4831487229",
			"lastTm": "22:30",
			"posX": "189294.95147993506",
			"posY": "442646.8799394523",
			"routeType": "3",
			"sectSpd": "40",
			"section": "117600453",
			"seq": "4",
			"station": "117000018",
			"stationNm": "디지털3단지.영창실업",
			"stationNo": "18104",
			"transYn": "N",
			"fullSectDist": "372",
			"trnstnid": "111001112"
		},
		{
			"arsId": "18106",
			"beginTm": "04:21",
			"busRouteAbrv": "571",
			"busRouteId": "100100084",
			"busRouteNm": "571",
			"direction": "진관공영차고지",
			"gpsX": "126.8810811558",
			"gpsY": "37.4811017759",
			"lastTm": "22:31",
			"posX": "189483.24705537612",
			"posY": "442419.4799077301",
			"routeType": "3",
			"sectSpd": "23",
			"section": "117600455",
			"seq": "5",
			"station": "117000020",
			"stationNm": "가산디지털단지역",
			"stationNo": "18106",
			"transYn": "N",
			"fullSectDist": "408",
			"trnstnid": "111001112"
		},
		{
			"arsId": "18108",
			"beginTm": "04:22",
			"busRouteAbrv": "571",
			"busRouteId": "100100084",
			"busRouteNm": "571",
			"direction": "진관공영차고지",
			"gpsX": "126.8793082021",
			"gpsY": "37.4789742711",
			"lastTm": "22:33",
			"posX": "189326.15074669837",
			"posY": "442183.57988109905",
			"routeType": "3",
			"sectSpd": "29",
			"section": "117600458",
			"seq": "6",
			"station": "117000022",
			"stationNm": "디지털3단지.월드벤처센터",
			"stationNo": "18108",
			"transYn": "N",
			"fullSectDist": "400",
			"trnstnid": "111001112"
		},
		{
			"arsId": "18112",
			"beginTm": "04:23",
			"busRouteAbrv": "571",
			"busRouteId": "100100084",
			"busRouteNm": "571",
			"direction": "진관공영차고지",
			"gpsX": "126.8813405986",
			"gpsY": "37.4757765035",
			"lastTm": "22:34",
			"posX": "189505.44653374903",
			"posY": "441828.4798256196",
			"routeType": "3",
			"sectSpd": "19",
			"section": "117600364",
			"seq": "7",
			"station": "117000026",
			"stationNm": "디지털3단지사거리",
			"stationNo": "18112",
			"transYn": "N",
			"fullSectDist": "419",
			"trnstnid": "111001112"
		},
		{
			"arsId": "18114",
			"beginTm": "04:25",
			"busRouteAbrv": "571",
			"busRouteId": "100100084",
			"busRouteNm": "571",
			"direction": "진관공영차고지",
			"gpsX": "126.8878763257",
			"gpsY": "37.4776616914",
			"lastTm": "22:35",
			"posX": "190083.73294699582",
			"posY": "442036.97983933147",
			"routeType": "3",
			"sectSpd": "29",
			"section": "117602132",
			"seq": "8",
			"station": "117000028",
			"stationNm": "금천패션아울렛사거리.W몰",
			"stationNo": "18114",
			"transYn": "N",
			"fullSectDist": "445",
			"trnstnid": "111001112"
		},
		{
			"arsId": "17389",
			"beginTm": "04:26",
			"busRouteAbrv": "571",
			"busRouteId": "100100084",
			"busRouteNm": "571",
			"direction": "진관공영차고지",
			"gpsX": "126.8887534687",
			"gpsY": "37.4801153252",
			"lastTm": "22:36",
			"posX": "190161.62958164344",
			"posY": "442309.1793992142",
			"routeType": "3",
			"sectSpd": "51",
			"section": "117601973",
			"seq": "9",
			"station": "116000635",
			"stationNm": "디지털단지오거리",
			"stationNo": "17389",
			"transYn": "N",
			"fullSectDist": "381",
			"trnstnid": "111001112"
		},
		{
			"arsId": "17131",
			"beginTm": "04:27",
			"busRouteAbrv": "571",
			"busRouteId": "100100084",
			"busRouteNm": "571",
			"direction": "진관공영차고지",
			"gpsX": "126.8871866681",
			"gpsY": "37.4828892475",
			"lastTm": "22:38",
			"posX": "190023.4343660653",
			"posY": "442617.1799240229",
			"routeType": "3",
			"sectSpd": "22",
			"section": "116600522",
			"seq": "10",
			"station": "116000045",
			"stationNm": "가리봉시장",
			"stationNo": "17131",
			"transYn": "N",
			"fullSectDist": "512",
			"trnstnid": "111001112"
		},
		{
			"arsId": "17134",
			"beginTm": "04:28",
			"busRouteAbrv": "571",
			"busRouteId": "100100084",
			"busRouteNm": "571",
			"direction": "진관공영차고지",
			"gpsX": "126.8856450789",
			"gpsY": "37.4860984011",
			"lastTm": "22:40",
			"posX": "189887.53755483427",
			"posY": "442973.4799726051",
			"routeType": "3",
			"sectSpd": "33",
			"section": "116600524",
			"seq": "11",
			"station": "116000048",
			"stationNm": "구로4동자치회관",
			"stationNo": "17134",
			"transYn": "N",
			"fullSectDist": "383",
			"trnstnid": "111001112"
		},
		{
			"arsId": "17135",
			"beginTm": "04:29",
			"busRouteAbrv": "571",
			"busRouteId": "100100084",
			"busRouteNm": "571",
			"direction": "진관공영차고지",
			"gpsX": "126.8849300663",
			"gpsY": "37.4877971894",
			"lastTm": "22:41",
			"posX": "189824.53903941077",
			"posY": "443162.0799998157",
			"routeType": "3",
			"sectSpd": "12",
			"section": "116600525",
			"seq": "12",
			"station": "116000049",
			"stationNm": "구로시장",
			"stationNo": "17135",
			"transYn": "N",
			"fullSectDist": "199",
			"trnstnid": "111001112"
		},
		{
			"arsId": "17137",
			"beginTm": "04:30",
			"busRouteAbrv": "571",
			"busRouteId": "100100084",
			"busRouteNm": "571",
			"direction": "진관공영차고지",
			"gpsX": "126.8842398696",
			"gpsY": "37.4902484188",
			"lastTm": "22:42",
			"posX": "189763.840461174",
			"posY": "443434.1800386729",
			"routeType": "3",
			"sectSpd": "13",
			"section": "116600526",
			"seq": "13",
			"station": "116000051",
			"stationNm": "구로4동우체국.고대구로병원정문",
			"stationNo": "17137",
			"transYn": "N",
			"fullSectDist": "275",
			"trnstnid": "111001112"
		},
		{
			"arsId": "17139",
			"beginTm": "04:31",
			"busRouteAbrv": "571",
			"busRouteId": "100100084",
			"busRouteNm": "571",
			"direction": "진관공영차고지",
			"gpsX": "126.8832312859",
			"gpsY": "37.4937842571",
			"lastTm": "22:43",
			"posX": "189675.14254829747",
			"posY": "443826.680090182",
			"routeType": "3",
			"sectSpd": "52",
			"section": "116600529",
			"seq": "14",
			"station": "116000053",
			"stationNm": "구로119안전센터",
			"stationNo": "17139",
			"transYn": "N",
			"fullSectDist": "407",
			"trnstnid": "111001112"
		},
		{
			"arsId": "17142",
			"beginTm": "04:33",
			"busRouteAbrv": "571",
			"busRouteId": "100100084",
			"busRouteNm": "571",
			"direction": "진관공영차고지",
			"gpsX": "126.8840766793",
			"gpsY": "37.4977886895",
			"lastTm": "22:45",
			"posX": "189750.4407798301",
			"posY": "444270.9801483662",
			"routeType": "3",
			"sectSpd": "34",
			"section": "116603948",
			"seq": "15",
			"station": "116000056",
			"stationNm": "구로변전소.구로초등학교",
			"stationNo": "17142",
			"transYn": "N",
			"fullSectDist": "492",
			"trnstnid": "111001112"
		},
		{
			"arsId": "17310",
			"beginTm": "04:35",
			"busRouteAbrv": "571",
			"busRouteId": "100100084",
			"busRouteNm": "571",
			"direction": "진관공영차고지",
			"gpsX": "126.8834797536",
			"gpsY": "37.4998227914",
			"lastTm": "22:48",
			"posX": "189697.9420130876",
			"posY": "444496.78017943073",
			"routeType": "3",
			"sectSpd": "24",
			"section": "116600935",
			"seq": "16",
			"station": "116000563",
			"stationNm": "구로역.나인스애비뉴",
			"stationNo": "17310",
			"transYn": "N",
			"fullSectDist": "388",
			"trnstnid": "111001112"
		},
		{
			"arsId": "17146",
			"beginTm": "04:36",
			"busRouteAbrv": "571",
			"busRouteId": "100100084",
			"busRouteNm": "571",
			"direction": "진관공영차고지",
			"gpsX": "126.8793093405",
			"gpsY": "37.5035680895",
			"lastTm": "22:49",
			"posX": "189329.75065992994",
			"posY": "444912.8802518598",
			"routeType": "3",
			"sectSpd": "37",
			"section": "116603955",
			"seq": "17",
			"station": "116000060",
			"stationNm": "구로역.구로기계공구상가",
			"stationNo": "17146",
			"transYn": "N",
			"fullSectDist": "557",
			"trnstnid": "111001112"
		},
		{
			"arsId": "17148",
			"beginTm": "04:39",
			"busRouteAbrv": "571",
			"busRouteId": "100100084",
			"busRouteNm": "571",
			"direction": "진관공영차고지",
			"gpsX": "126.8774020097",
			"gpsY": "37.5051655805",
			"lastTm": "22:50",
			"posX": "189161.35461872368",
			"posY": "445090.3802703861",
			"routeType": "3",
			"sectSpd": "59",
			"section": "116603957",
			"seq": "18",
			"station": "116000062",
			"stationNm": "기업은행구로중앙지점",
			"stationNo": "17148",
			"transYn": "N",
			"fullSectDist": "245",
			"trnstnid": "111001112"
		},
		{
			"arsId": "15169",
			"beginTm": "04:40",
			"busRouteAbrv": "571",
			"busRouteId": "100100084",
			"busRouteNm": "571",
			"direction": "진관공영차고지",
			"gpsX": "126.8704857561",
			"gpsY": "37.5128049409",
			"lastTm": "22:51",
			"posX": "188551.0689534566",
			"posY": "445938.9804076967",
			"routeType": "3",
			"sectSpd": "54",
			"section": "114600412",
			"seq": "19",
			"station": "114000066",
			"stationNm": "갈산초등학교정문",
			"stationNo": "15169",
			"transYn": "N",
			"fullSectDist": "1064",
			"trnstnid": "111001112"
		},
		{
			"arsId": "15184",
			"beginTm": "04:43",
			"busRouteAbrv": "571",
			"busRouteId": "100100084",
			"busRouteNm": "571",
			"direction": "진관공영차고지",
			"gpsX": "126.8695819439",
			"gpsY": "37.5147422125",
			"lastTm": "22:54",
			"posX": "188471.47081960246",
			"posY": "446154.080439962",
			"routeType": "3",
			"sectSpd": "25",
			"section": "114601040",
			"seq": "20",
			"station": "114000081",
			"stationNm": "목동14단지",
			"stationNo": "15184",
			"transYn": "N",
			"fullSectDist": "230",
			"trnstnid": "111001112"
		},
		{
			"arsId": "15193",
			"beginTm": "04:45",
			"busRouteAbrv": "571",
			"busRouteId": "100100084",
			"busRouteNm": "571",
			"direction": "진관공영차고지",
			"gpsX": "126.869642",
			"gpsY": "37.517872",
			"lastTm": "22:56",
			"posX": "188477.26083955917",
			"posY": "446501.40294619417",
			"routeType": "3",
			"sectSpd": "15",
			"section": "114601916",
			"seq": "21",
			"station": "114000090",
			"stationNm": "양천공원",
			"stationNo": "15193",
			"transYn": "N",
			"fullSectDist": "449",
			"trnstnid": "111001112"
		},
		{
			"arsId": "15269",
			"beginTm": "04:46",
			"busRouteAbrv": "571",
			"busRouteId": "100100084",
			"busRouteNm": "571",
			"direction": "진관공영차고지",
			"gpsX": "126.8704645433",
			"gpsY": "37.5191874063",
			"lastTm": "22:57",
			"posX": "188550.1689688142",
			"posY": "446647.28050102666",
			"routeType": "3",
			"sectSpd": "80",
			"section": "114600762",
			"seq": "22",
			"station": "114000166",
			"stationNm": "목동중학교",
			"stationNo": "15269",
			"transYn": "N",
			"fullSectDist": "164",
			"trnstnid": "111001112"
		},
		{
			"arsId": "15252",
			"beginTm": "04:47",
			"busRouteAbrv": "571",
			"busRouteId": "100100084",
			"busRouteNm": "571",
			"direction": "진관공영차고지",
			"gpsX": "126.8711569767",
			"gpsY": "37.5224330208",
			"lastTm": "22:58",
			"posX": "188611.86752650046",
			"posY": "447007.38054863084",
			"routeType": "3",
			"sectSpd": "49",
			"section": "114601042",
			"seq": "23",
			"station": "114000149",
			"stationNm": "길훈로즈빌아파트",
			"stationNo": "15252",
			"transYn": "N",
			"fullSectDist": "372",
			"trnstnid": "111001112"
		},
		{
			"arsId": "15164",
			"beginTm": "04:47",
			"busRouteAbrv": "571",
			"busRouteId": "100100084",
			"busRouteNm": "571",
			"direction": "진관공영차고지",
			"gpsX": "126.8732302849",
			"gpsY": "37.5260486688",
			"lastTm": "22:58",
			"posX": "188795.66320971522",
			"posY": "447408.38059331896",
			"routeType": "3",
			"sectSpd": "31",
			"section": "114602132",
			"seq": "24",
			"station": "114000061",
			"stationNm": "목운초등학교.목운중학교",
			"stationNo": "15164",
			"transYn": "N",
			"fullSectDist": "563",
			"trnstnid": "111001112"
		},
		{
			"arsId": "15165",
			"beginTm": "04:49",
			"busRouteAbrv": "571",
			"busRouteId": "100100084",
			"busRouteNm": "571",
			"direction": "진관공영차고지",
			"gpsX": "126.8765922255",
			"gpsY": "37.5284743808",
			"lastTm": "23:01",
			"posX": "189093.15622215625",
			"posY": "447677.18062697304",
			"routeType": "3",
			"sectSpd": "69",
			"section": "114601044",
			"seq": "25",
			"station": "114000062",
			"stationNm": "목동운동장남문.아이스링크",
			"stationNo": "15165",
			"transYn": "N",
			"fullSectDist": "520",
			"trnstnid": "111001112"
		},
		{
			"arsId": "15151",
			"beginTm": "04:50",
			"busRouteAbrv": "571",
			"busRouteId": "100100084",
			"busRouteNm": "571",
			"direction": "진관공영차고지",
			"gpsX": "126.8775356136",
			"gpsY": "37.5327708944",
			"lastTm": "23:03",
			"posX": "189177.15424598195",
			"posY": "448153.88069154834",
			"routeType": "3",
			"sectSpd": "39",
			"section": "114601046",
			"seq": "26",
			"station": "114000049",
			"stationNm": "목동5단지C상가.목동운동장북문",
			"stationNo": "15151",
			"transYn": "N",
			"fullSectDist": "488",
			"trnstnid": "111001112"
		},
		{
			"arsId": "15152",
			"beginTm": "04:52",
			"busRouteAbrv": "571",
			"busRouteId": "100100084",
			"busRouteNm": "571",
			"direction": "진관공영차고지",
			"gpsX": "126.8783257944",
			"gpsY": "37.5346216632",
			"lastTm": "23:05",
			"posX": "189247.25259376565",
			"posY": "448359.180709376",
			"routeType": "3",
			"sectSpd": "51",
			"section": "114601048",
			"seq": "27",
			"station": "114000050",
			"stationNm": "파리공원",
			"stationNo": "15152",
			"transYn": "N",
			"fullSectDist": "228",
			"trnstnid": "111001112"
		},
		{
			"arsId": "15153",
			"beginTm": "04:52",
			"busRouteAbrv": "571",
			"busRouteId": "100100084",
			"busRouteNm": "571",
			"direction": "진관공영차고지",
			"gpsX": "126.8811993268",
			"gpsY": "37.5356950918",
			"lastTm": "23:06",
			"posX": "189501.34663190108",
			"posY": "448477.98072475987",
			"routeType": "3",
			"sectSpd": "36",
			"section": "114601637",
			"seq": "28",
			"station": "114000051",
			"stationNm": "목동5단지B상가.목5동주민센터",
			"stationNo": "15153",
			"transYn": "N",
			"fullSectDist": "293",
			"trnstnid": "111001112"
		},
		{
			"arsId": "15154",
			"beginTm": "04:53",
			"busRouteAbrv": "571",
			"busRouteId": "100100084",
			"busRouteNm": "571",
			"direction": "진관공영차고지",
			"gpsX": "126.8842348226",
			"gpsY": "37.5367253565",
			"lastTm": "23:07",
			"posX": "189769.7403196104",
			"posY": "448591.980729891",
			"routeType": "3",
			"sectSpd": "26",
			"section": "114601052",
			"seq": "29",
			"station": "114000052",
			"stationNm": "이대목동병원.목동6단지앞",
			"stationNo": "15154",
			"transYn": "N",
			"fullSectDist": "294",
			"trnstnid": "111001112"
		},
		{
			"arsId": "15413",
			"beginTm": "04:54",
			"busRouteAbrv": "571",
			"busRouteId": "100100084",
			"busRouteNm": "571",
			"direction": "진관공영차고지",
			"gpsX": "126.8835304104",
			"gpsY": "37.5436432794",
			"lastTm": "23:08",
			"posX": "189708.44176679084",
			"posY": "449359.780831384",
			"routeType": "3",
			"sectSpd": "42",
			"section": "114601639",
			"seq": "30",
			"station": "114000294",
			"stationNm": "신목동역-서울지방식품의약품안전청",
			"stationNo": "15413",
			"transYn": "N",
			"fullSectDist": "943",
			"trnstnid": "111001112"
		},
		{
			"arsId": "19217",
			"beginTm": "04:56",
			"busRouteAbrv": "571",
			"busRouteId": "100100084",
			"busRouteNm": "571",
			"direction": "진관공영차고지",
			"gpsX": "126.8836668131",
			"gpsY": "37.5473061425",
			"lastTm": "23:10",
			"posX": "189720.9976349817",
			"posY": "449766.2560768039",
			"routeType": "3",
			"sectSpd": "35",
			"section": "118608282",
			"seq": "31",
			"station": "118000132",
			"stationNm": "안양천입구",
			"stationNo": "19217",
			"transYn": "N",
			"fullSectDist": "786",
			"trnstnid": "111001112"
		},
		{
			"arsId": "14104",
			"beginTm": "04:59",
			"busRouteAbrv": "571",
			"busRouteId": "100100084",
			"busRouteNm": "571",
			"direction": "진관공영차고지",
			"gpsX": "126.8961844572",
			"gpsY": "37.5667212827",
			"lastTm": "23:13",
			"posX": "190829.4154340961",
			"posY": "451919.58115030173",
			"routeType": "3",
			"sectSpd": "51",
			"section": "113600703",
			"seq": "32",
			"station": "113000014",
			"stationNm": "월드컵경기장남측.월드컵공원",
			"stationNo": "14104",
			"transYn": "N",
			"fullSectDist": "3379",
			"trnstnid": "111001112"
		},
		{
			"arsId": "14105",
			"beginTm": "05:04",
			"busRouteAbrv": "571",
			"busRouteId": "100100084",
			"busRouteNm": "571",
			"direction": "진관공영차고지",
			"gpsX": "126.895467768",
			"gpsY": "37.569236499",
			"lastTm": "23:19",
			"posX": "190766.4169088122",
			"posY": "452198.78119405545",
			"routeType": "3",
			"sectSpd": "81",
			"section": "113605009",
			"seq": "33",
			"station": "113000015",
			"stationNm": "월드컵경기장서측.문화비축기지",
			"stationNo": "14105",
			"transYn": "N",
			"fullSectDist": "448",
			"trnstnid": "111001112"
		},
		{
			"arsId": "12173",
			"beginTm": "05:06",
			"busRouteAbrv": "571",
			"busRouteId": "100100084",
			"busRouteNm": "571",
			"direction": "진관공영차고지",
			"gpsX": "126.9063881275",
			"gpsY": "37.5805912987",
			"lastTm": "23:20",
			"posX": "191732.29421906034",
			"posY": "453457.8813382606",
			"routeType": "3",
			"sectSpd": "12",
			"section": "111600549",
			"seq": "34",
			"station": "111000085",
			"stationNm": "증산종합시장.증산중학교입구",
			"stationNo": "12173",
			"transYn": "N",
			"fullSectDist": "1615",
			"trnstnid": "111001112"
		},
		{
			"arsId": "12174",
			"beginTm": "05:09",
			"busRouteAbrv": "571",
			"busRouteId": "100100084",
			"busRouteNm": "571",
			"direction": "진관공영차고지",
			"gpsX": "126.909681456",
			"gpsY": "37.5836809982",
			"lastTm": "23:24",
			"posX": "192023.4873828335",
			"posY": "453800.48138394346",
			"routeType": "3",
			"sectSpd": "46",
			"section": "111603537",
			"seq": "35",
			"station": "111000086",
			"stationNm": "증산역.증산동주민센터",
			"stationNo": "12174",
			"transYn": "N",
			"fullSectDist": "450",
			"trnstnid": "111001112"
		},
		{
			"arsId": "12422",
			"beginTm": "05:10",
			"busRouteAbrv": "571",
			"busRouteId": "100100084",
			"busRouteNm": "571",
			"direction": "진관공영차고지",
			"gpsX": "126.9122781788",
			"gpsY": "37.5862294351",
			"lastTm": "23:25",
			"posX": "192253.08198848125",
			"posY": "454083.0814102916",
			"routeType": "3",
			"sectSpd": "42",
			"section": "111600551",
			"seq": "36",
			"station": "111000327",
			"stationNm": "연서중학교입구",
			"stationNo": "12422",
			"transYn": "N",
			"fullSectDist": "364",
			"trnstnid": "111001112"
		},
		{
			"arsId": "12175",
			"beginTm": "05:11",
			"busRouteAbrv": "571",
			"busRouteId": "100100084",
			"busRouteNm": "571",
			"direction": "진관공영차고지",
			"gpsX": "126.9130844852",
			"gpsY": "37.5880943849",
			"lastTm": "23:26",
			"posX": "192324.48030527402",
			"posY": "454289.9814370773",
			"routeType": "3",
			"sectSpd": "21",
			"section": "111600304",
			"seq": "37",
			"station": "111000087",
			"stationNm": "와산교",
			"stationNo": "12175",
			"transYn": "N",
			"fullSectDist": "216",
			"trnstnid": "111001112"
		},
		{
			"arsId": "12176",
			"beginTm": "05:12",
			"busRouteAbrv": "571",
			"busRouteId": "100100084",
			"busRouteNm": "571",
			"direction": "진관공영차고지",
			"gpsX": "126.9140067304",
			"gpsY": "37.5915831748",
			"lastTm": "23:27",
			"posX": "192406.27838703062",
			"posY": "454677.081495401",
			"routeType": "3",
			"sectSpd": "33",
			"section": "111603539",
			"seq": "38",
			"station": "111000088",
			"stationNm": "새절역.숭실고입구",
			"stationNo": "12176",
			"transYn": "N",
			"fullSectDist": "397",
			"trnstnid": "111001112"
		},
		{
			"arsId": "12177",
			"beginTm": "05:12",
			"busRouteAbrv": "571",
			"busRouteId": "100100084",
			"busRouteNm": "571",
			"direction": "진관공영차고지",
			"gpsX": "126.9148958447",
			"gpsY": "37.5954017296",
			"lastTm": "23:28",
			"posX": "192485.17653523845",
			"posY": "455100.78154090187",
			"routeType": "3",
			"sectSpd": "49",
			"section": "111603541",
			"seq": "39",
			"station": "111000089",
			"stationNm": "신흥시장",
			"stationNo": "12177",
			"transYn": "N",
			"fullSectDist": "431",
			"trnstnid": "111001112"
		},
		{
			"arsId": "12178",
			"beginTm": "05:14",
			"busRouteAbrv": "571",
			"busRouteId": "100100084",
			"busRouteNm": "571",
			"direction": "진관공영차고지",
			"gpsX": "126.9156062368",
			"gpsY": "37.5981073049",
			"lastTm": "23:29",
			"posX": "192548.17505625714",
			"posY": "455400.9815894449",
			"routeType": "3",
			"sectSpd": "37",
			"section": "111603543",
			"seq": "40",
			"station": "111000090",
			"stationNm": "응암역.신사오거리",
			"stationNo": "12178",
			"transYn": "N",
			"fullSectDist": "307",
			"trnstnid": "111001112"
		},
		{
			"arsId": "12179",
			"beginTm": "05:15",
			"busRouteAbrv": "571",
			"busRouteId": "100100084",
			"busRouteNm": "571",
			"direction": "진관공영차고지",
			"gpsX": "126.9160546584",
			"gpsY": "37.6021814396",
			"lastTm": "23:31",
			"posX": "192588.1741148373",
			"posY": "455853.08164342865",
			"routeType": "3",
			"sectSpd": "50",
			"section": "111603546",
			"seq": "41",
			"station": "111000091",
			"stationNm": "역촌초등학교",
			"stationNo": "12179",
			"transYn": "N",
			"fullSectDist": "458",
			"trnstnid": "111001112"
		},
		{
			"arsId": "12180",
			"beginTm": "05:16",
			"busRouteAbrv": "571",
			"busRouteId": "100100084",
			"busRouteNm": "571",
			"direction": "진관공영차고지",
			"gpsX": "126.9155586421",
			"gpsY": "37.6061494708",
			"lastTm": "23:33",
			"posX": "192544.7751310669",
			"posY": "456293.48169887485",
			"routeType": "3",
			"sectSpd": "20",
			"section": "111600559",
			"seq": "42",
			"station": "111000092",
			"stationNm": "역말사거리",
			"stationNo": "12180",
			"transYn": "N",
			"fullSectDist": "447",
			"trnstnid": "111001112"
		},
		{
			"arsId": "12181",
			"beginTm": "05:19",
			"busRouteAbrv": "571",
			"busRouteId": "100100084",
			"busRouteNm": "571",
			"direction": "진관공영차고지",
			"gpsX": "126.9169033629",
			"gpsY": "37.6099512058",
			"lastTm": "23:35",
			"posX": "192663.87233851315",
			"posY": "456715.28175888443",
			"routeType": "3",
			"sectSpd": "49",
			"section": "111603551",
			"seq": "43",
			"station": "111000093",
			"stationNm": "구산역2번출구.예일여고",
			"stationNo": "12181",
			"transYn": "N",
			"fullSectDist": "462",
			"trnstnid": "111001112"
		},
		{
			"arsId": "12182",
			"beginTm": "05:21",
			"busRouteAbrv": "571",
			"busRouteId": "100100084",
			"busRouteNm": "571",
			"direction": "진관공영차고지",
			"gpsX": "126.91753691",
			"gpsY": "37.6116583062",
			"lastTm": "23:37",
			"posX": "192719.9710146331",
			"posY": "456904.68178713135",
			"routeType": "3",
			"sectSpd": "21",
			"section": "111600561",
			"seq": "44",
			"station": "111000094",
			"stationNm": "구산역1번출구",
			"stationNo": "12182",
			"transYn": "N",
			"fullSectDist": "200",
			"trnstnid": "111001112"
		},
		{
			"arsId": "12183",
			"beginTm": "05:21",
			"busRouteAbrv": "571",
			"busRouteId": "100100084",
			"busRouteNm": "571",
			"direction": "진관공영차고지",
			"gpsX": "126.9179363667",
			"gpsY": "37.6140725919",
			"lastTm": "23:39",
			"posX": "192755.47018402253",
			"posY": "457172.5818191869",
			"routeType": "3",
			"sectSpd": "55",
			"section": "111603553",
			"seq": "45",
			"station": "111000095",
			"stationNm": "대조동주민센터",
			"stationNo": "12183",
			"transYn": "N",
			"fullSectDist": "274",
			"trnstnid": "111001112"
		},
		{
			"arsId": "12184",
			"beginTm": "05:22",
			"busRouteAbrv": "571",
			"busRouteId": "100100084",
			"busRouteNm": "571",
			"direction": "진관공영차고지",
			"gpsX": "126.9199962033",
			"gpsY": "37.6178207167",
			"lastTm": "23:40",
			"posX": "192937.66590781757",
			"posY": "457588.3818730707",
			"routeType": "3",
			"sectSpd": "62",
			"section": "111603556",
			"seq": "46",
			"station": "111000096",
			"stationNm": "연신내역.로데오거리",
			"stationNo": "12184",
			"transYn": "N",
			"fullSectDist": "468",
			"trnstnid": "111001112"
		},
		{
			"arsId": "12185",
			"beginTm": "05:23",
			"busRouteAbrv": "571",
			"busRouteId": "100100084",
			"busRouteNm": "571",
			"direction": "진관공영차고지",
			"gpsX": "126.9225910997",
			"gpsY": "37.6192425563",
			"lastTm": "23:42",
			"posX": "193166.8605198427",
			"posY": "457745.98188694706",
			"routeType": "3",
			"sectSpd": "30",
			"section": "111600374",
			"seq": "47",
			"station": "111000097",
			"stationNm": "연서시장",
			"stationNo": "12185",
			"transYn": "N",
			"fullSectDist": "294",
			"trnstnid": "111001112"
		},
		{
			"arsId": "12186",
			"beginTm": "05:24",
			"busRouteAbrv": "571",
			"busRouteId": "100100084",
			"busRouteNm": "571",
			"direction": "진관공영차고지",
			"gpsX": "126.9246380909",
			"gpsY": "37.6203765441",
			"lastTm": "23:43",
			"posX": "193347.65626974887",
			"posY": "457871.6818987541",
			"routeType": "3",
			"sectSpd": "13",
			"section": "111600315",
			"seq": "48",
			"station": "111000098",
			"stationNm": "종로약국",
			"stationNo": "12186",
			"transYn": "N",
			"fullSectDist": "224",
			"trnstnid": "111001112"
		},
		{
			"arsId": "12187",
			"beginTm": "05:25",
			"busRouteAbrv": "571",
			"busRouteId": "100100084",
			"busRouteNm": "571",
			"direction": "진관공영차고지",
			"gpsX": "126.9267891079",
			"gpsY": "37.6217745784",
			"lastTm": "23:44",
			"posX": "193537.6518115516",
			"posY": "458026.6819172292",
			"routeType": "3",
			"sectSpd": "101",
			"section": "111600376",
			"seq": "49",
			"station": "111000099",
			"stationNm": "불광지구대",
			"stationNo": "12187",
			"transYn": "N",
			"fullSectDist": "253",
			"trnstnid": "111001112"
		},
		{
			"arsId": "12188",
			"beginTm": "05:26",
			"busRouteAbrv": "571",
			"busRouteId": "100100084",
			"busRouteNm": "571",
			"direction": "진관공영차고지",
			"gpsX": "126.9288094985",
			"gpsY": "37.6248070601",
			"lastTm": "23:45",
			"posX": "193716.24761395677",
			"posY": "458363.0819638893",
			"routeType": "3",
			"sectSpd": "14",
			"section": "111600317",
			"seq": "50",
			"station": "111000100",
			"stationNm": "북한산대창센시티아파트",
			"stationNo": "12188",
			"transYn": "N",
			"fullSectDist": "374",
			"trnstnid": "111001112"
		},
		{
			"arsId": "12189",
			"beginTm": "05:27",
			"busRouteAbrv": "571",
			"busRouteId": "100100084",
			"busRouteNm": "571",
			"direction": "진관공영차고지",
			"gpsX": "126.9294752418",
			"gpsY": "37.6276323558",
			"lastTm": "23:46",
			"posX": "193775.2462255029",
			"posY": "458676.58200343885",
			"routeType": "3",
			"sectSpd": "43",
			"section": "111600378",
			"seq": "51",
			"station": "111000101",
			"stationNm": "은평경찰서",
			"stationNo": "12189",
			"transYn": "N",
			"fullSectDist": "322",
			"trnstnid": "111001112"
		},
		{
			"arsId": "12450",
			"beginTm": "05:29",
			"busRouteAbrv": "571",
			"busRouteId": "100100084",
			"busRouteNm": "571",
			"direction": "진관공영차고지",
			"gpsX": "126.9269041367",
			"gpsY": "37.6315631161",
			"lastTm": "23:47",
			"posX": "193548.65155314712",
			"posY": "459112.9820693368",
			"routeType": "3",
			"sectSpd": "35",
			"section": "111603562",
			"seq": "52",
			"station": "111000355",
			"stationNm": "신도초중교입구.한국고전번역원",
			"stationNo": "12450",
			"transYn": "N",
			"fullSectDist": "592",
			"trnstnid": "111001112"
		},
		{
			"arsId": "12448",
			"beginTm": "05:32",
			"busRouteAbrv": "571",
			"busRouteId": "100100084",
			"busRouteNm": "571",
			"direction": "진관공영차고지",
			"gpsX": "126.923055233",
			"gpsY": "37.6316444696",
			"lastTm": "23:50",
			"posX": "193208.95953255225",
			"posY": "459122.2820685562",
			"routeType": "3",
			"sectSpd": "17",
			"section": "111600320",
			"seq": "53",
			"station": "111000353",
			"stationNm": "은평구민체육센터앞",
			"stationNo": "12448",
			"transYn": "N",
			"fullSectDist": "340",
			"trnstnid": "111001112"
		},
		{
			"arsId": "12446",
			"beginTm": "05:33",
			"busRouteAbrv": "571",
			"busRouteId": "100100084",
			"busRouteNm": "571",
			"direction": "진관공영차고지",
			"gpsX": "126.9209179115",
			"gpsY": "37.6310195075",
			"lastTm": "23:51",
			"posX": "193020.26396252125",
			"posY": "459053.0820662584",
			"routeType": "3",
			"sectSpd": "89",
			"section": "111603564",
			"seq": "54",
			"station": "111000351",
			"stationNm": "은진초교입구.은뜨락도서관",
			"stationNo": "12446",
			"transYn": "N",
			"fullSectDist": "205",
			"trnstnid": "111001112"
		},
		{
			"arsId": "12011",
			"beginTm": "05:35",
			"busRouteAbrv": "571",
			"busRouteId": "100100084",
			"busRouteNm": "571",
			"direction": "진관공영차고지",
			"gpsX": "126.917023",
			"gpsY": "37.636164",
			"lastTm": "23:53",
			"posX": "192677.00630898075",
			"posY": "459624.30285105156",
			"routeType": "3",
			"sectSpd": "42",
			"section": "111602028",
			"seq": "55",
			"station": "111000011",
			"stationNm": "구파발역입구",
			"stationNo": "12011",
			"transYn": "N",
			"fullSectDist": "845",
			"trnstnid": "111001112"
		},
		{
			"arsId": "12009",
			"beginTm": "05:36",
			"busRouteAbrv": "571",
			"busRouteId": "100100084",
			"busRouteNm": "571",
			"direction": "진관공영차고지",
			"gpsX": "126.915165",
			"gpsY": "37.642948",
			"lastTm": "23:55",
			"posX": "192513.71243452322",
			"posY": "460377.3229755298",
			"routeType": "3",
			"sectSpd": "47",
			"section": "111603569",
			"seq": "56",
			"station": "111000009",
			"stationNm": "은평뉴타운10단지",
			"stationNo": "12009",
			"transYn": "N",
			"fullSectDist": "777",
			"trnstnid": "111001112"
		},
		{
			"arsId": "12470",
			"beginTm": "05:39",
			"busRouteAbrv": "571",
			"busRouteId": "100100084",
			"busRouteNm": "571",
			"direction": "진관공영차고지",
			"gpsX": "126.9081867563",
			"gpsY": "37.6466084782",
			"lastTm": "23:57",
			"posX": "191898.31289219164",
			"posY": "460784.13498584833",
			"routeType": "3",
			"sectSpd": "46",
			"section": "111602483",
			"seq": "57",
			"station": "111001113",
			"stationNm": "진관공영차고지",
			"stationNo": "12470",
			"transYn": "N",
			"fullSectDist": "764",
			"trnstnid": "111001112"
		},
		{
			"arsId": "12469",
			"beginTm": "05:40",
			"busRouteAbrv": "571",
			"busRouteId": "100100084",
			"busRouteNm": "571",
			"direction": "가산동",
			"gpsX": "126.9079256882",
			"gpsY": "37.6467463641",
			"lastTm": "00:00",
			"posX": "191875.29101219564",
			"posY": "460799.4598604017",
			"routeType": "3",
			"sectSpd": "4",
			"section": "111601684",
			"seq": "58",
			"station": "111001112",
			"stationNm": "진관공영차고지",
			"stationNo": "12469",
			"transYn": "Y",
			"fullSectDist": "10",
			"trnstnid": "111001112"
		},
		{
			"arsId": "35160",
			"beginTm": "06:00",
			"busRouteAbrv": "571",
			"busRouteId": "100100084",
			"busRouteNm": "571",
			"direction": "가산동",
			"gpsX": "126.9056673441",
			"gpsY": "37.6468589257",
			"lastTm": "00:07",
			"posX": "191676.0254865143",
			"posY": "460812.14971557073",
			"routeType": "3",
			"sectSpd": "22",
			"section": "111601165",
			"seq": "59",
			"station": "218000221",
			"stationNm": "동산동능모퉁이.한국지역난방공 ",
			"stationNo": "35160",
			"transYn": "N",
			"fullSectDist": "637",
			"trnstnid": "111001112"
		},
		{
			"arsId": "12010",
			"beginTm": "05:55",
			"busRouteAbrv": "571",
			"busRouteId": "100100084",
			"busRouteNm": "571",
			"direction": "가산동",
			"gpsX": "126.91373",
			"gpsY": "37.643407",
			"lastTm": "00:01",
			"posX": "192387.1272902265",
			"posY": "460428.3773045731",
			"routeType": "3",
			"sectSpd": "48",
			"section": "111602007",
			"seq": "60",
			"station": "111000010",
			"stationNm": "은평뉴타운10단지",
			"stationNo": "12010",
			"transYn": "N",
			"fullSectDist": "816",
			"trnstnid": "111001112"
		},
		{
			"arsId": "12012",
			"beginTm": "05:57",
			"busRouteAbrv": "571",
			"busRouteId": "100100084",
			"busRouteNm": "571",
			"direction": "가산동",
			"gpsX": "126.916837",
			"gpsY": "37.637116",
			"lastTm": "00:02",
			"posX": "192660.6848378089",
			"posY": "459729.96820958285",
			"routeType": "3",
			"sectSpd": "76",
			"section": "111603572",
			"seq": "61",
			"station": "111000012",
			"stationNm": "구파발역입구",
			"stationNo": "12012",
			"transYn": "N",
			"fullSectDist": "796",
			"trnstnid": "111001112"
		},
		{
			"arsId": "12445",
			"beginTm": "05:59",
			"busRouteAbrv": "571",
			"busRouteId": "100100084",
			"busRouteNm": "571",
			"direction": "가산동",
			"gpsX": "126.9206928024",
			"gpsY": "37.6306832526",
			"lastTm": "00:05",
			"posX": "193000.3644314136",
			"posY": "459015.7820562669",
			"routeType": "3",
			"sectSpd": "37",
			"section": "111603574",
			"seq": "62",
			"station": "111000350",
			"stationNm": "은진초교입구.은뜨락도서관",
			"stationNo": "12445",
			"transYn": "N",
			"fullSectDist": "922",
			"trnstnid": "111001112"
		},
		{
			"arsId": "12447",
			"beginTm": "06:03",
			"busRouteAbrv": "571",
			"busRouteId": "100100084",
			"busRouteNm": "571",
			"direction": "가산동",
			"gpsX": "126.922569",
			"gpsY": "37.631421",
			"lastTm": "00:08",
			"posX": "193166.0247983073",
			"posY": "459097.5172355878",
			"routeType": "3",
			"sectSpd": "77",
			"section": "111603576",
			"seq": "63",
			"station": "111000352",
			"stationNm": "은평구민체육센터앞",
			"stationNo": "12447",
			"transYn": "N",
			"fullSectDist": "196",
			"trnstnid": "111001112"
		},
		{
			"arsId": "12449",
			"beginTm": "06:03",
			"busRouteAbrv": "571",
			"busRouteId": "100100084",
			"busRouteNm": "571",
			"direction": "가산동",
			"gpsX": "126.925499351",
			"gpsY": "37.6314216686",
			"lastTm": "00:08",
			"posX": "193424.65446324114",
			"posY": "459097.3820643169",
			"routeType": "3",
			"sectSpd": "24",
			"section": "111600328",
			"seq": "64",
			"station": "111000354",
			"stationNm": "신도초중교입구.한국고전번역원",
			"stationNo": "12449",
			"transYn": "N",
			"fullSectDist": "255",
			"trnstnid": "111001112"
		},
		{
			"arsId": "12198",
			"beginTm": "06:04",
			"busRouteAbrv": "571",
			"busRouteId": "100100084",
			"busRouteNm": "571",
			"direction": "가산동",
			"gpsX": "126.9291836526",
			"gpsY": "37.6280773162",
			"lastTm": "00:08",
			"posX": "193749.54683630518",
			"posY": "458725.9820147082",
			"routeType": "3",
			"sectSpd": "34",
			"section": "111603578",
			"seq": "65",
			"station": "111000110",
			"stationNm": "은평경찰서",
			"stationNo": "12198",
			"transYn": "N",
			"fullSectDist": "668",
			"trnstnid": "111001112"
		},
		{
			"arsId": "12199",
			"beginTm": "06:05",
			"busRouteAbrv": "571",
			"busRouteId": "100100084",
			"busRouteNm": "571",
			"direction": "가산동",
			"gpsX": "126.9287702008",
			"gpsY": "37.6256234179",
			"lastTm": "00:10",
			"posX": "193712.84769571567",
			"posY": "458453.68197220284",
			"routeType": "3",
			"sectSpd": "10",
			"section": "111600330",
			"seq": "66",
			"station": "111000111",
			"stationNm": "연신초등학교",
			"stationNo": "12199",
			"transYn": "N",
			"fullSectDist": "273",
			"trnstnid": "111001112"
		},
		{
			"arsId": "12200",
			"beginTm": "06:07",
			"busRouteAbrv": "571",
			"busRouteId": "100100084",
			"busRouteNm": "571",
			"direction": "가산동",
			"gpsX": "126.926505814",
			"gpsY": "37.6218554999",
			"lastTm": "00:11",
			"posX": "193512.6523995909",
			"posY": "458035.68192382436",
			"routeType": "3",
			"sectSpd": "32",
			"section": "111600365",
			"seq": "67",
			"station": "111000112",
			"stationNm": "불광지구대",
			"stationNo": "12200",
			"transYn": "N",
			"fullSectDist": "476",
			"trnstnid": "111001112"
		},
		{
			"arsId": "12201",
			"beginTm": "06:08",
			"busRouteAbrv": "571",
			"busRouteId": "100100084",
			"busRouteNm": "571",
			"direction": "가산동",
			"gpsX": "126.9243796594",
			"gpsY": "37.6205196512",
			"lastTm": "00:13",
			"posX": "193324.8568057201",
			"posY": "457887.58190699713",
			"routeType": "3",
			"sectSpd": "13",
			"section": "111600367",
			"seq": "68",
			"station": "111000113",
			"stationNm": "새장골유래비",
			"stationNo": "12201",
			"transYn": "N",
			"fullSectDist": "253",
			"trnstnid": "111001112"
		},
		{
			"arsId": "12202",
			"beginTm": "06:09",
			"busRouteAbrv": "571",
			"busRouteId": "100100084",
			"busRouteNm": "571",
			"direction": "가산동",
			"gpsX": "126.9225340914",
			"gpsY": "37.619596645",
			"lastTm": "00:14",
			"posX": "193161.86063958288",
			"posY": "457785.2818925907",
			"routeType": "3",
			"sectSpd": "5",
			"section": "111600368",
			"seq": "69",
			"station": "111000114",
			"stationNm": "연서시장",
			"stationNo": "12202",
			"transYn": "N",
			"fullSectDist": "195",
			"trnstnid": "111001112"
		},
		{
			"arsId": "12203",
			"beginTm": "06:09",
			"busRouteAbrv": "571",
			"busRouteId": "100100084",
			"busRouteNm": "571",
			"direction": "가산동",
			"gpsX": "126.9196550241",
			"gpsY": "37.618013317",
			"lastTm": "00:15",
			"posX": "192907.56660898175",
			"posY": "457609.7818785892",
			"routeType": "3",
			"sectSpd": "103",
			"section": "111603580",
			"seq": "70",
			"station": "111000115",
			"stationNm": "연신내역.로데오거리",
			"stationNo": "12203",
			"transYn": "N",
			"fullSectDist": "325",
			"trnstnid": "111001112"
		},
		{
			"arsId": "12204",
			"beginTm": "06:11",
			"busRouteAbrv": "571",
			"busRouteId": "100100084",
			"busRouteNm": "571",
			"direction": "가산동",
			"gpsX": "126.9176321386",
			"gpsY": "37.6146652939",
			"lastTm": "00:16",
			"posX": "192728.6708146902",
			"posY": "457238.38183122873",
			"routeType": "3",
			"sectSpd": "45",
			"section": "111603582",
			"seq": "71",
			"station": "111000116",
			"stationNm": "은평연세병원",
			"stationNo": "12204",
			"transYn": "N",
			"fullSectDist": "415",
			"trnstnid": "111001112"
		},
		{
			"arsId": "12205",
			"beginTm": "06:12",
			"busRouteAbrv": "571",
			"busRouteId": "100100084",
			"busRouteNm": "571",
			"direction": "가산동",
			"gpsX": "126.9171988522",
			"gpsY": "37.6121203263",
			"lastTm": "00:17",
			"posX": "192690.17172238493",
			"posY": "456955.9817956239",
			"routeType": "3",
			"sectSpd": "17",
			"section": "111603585",
			"seq": "72",
			"station": "111000117",
			"stationNm": "구산역4번출구",
			"stationNo": "12205",
			"transYn": "N",
			"fullSectDist": "291",
			"trnstnid": "111001112"
		},
		{
			"arsId": "12206",
			"beginTm": "06:13",
			"busRouteAbrv": "571",
			"busRouteId": "100100084",
			"busRouteNm": "571",
			"direction": "가산동",
			"gpsX": "126.916776",
			"gpsY": "37.610497",
			"lastTm": "00:18",
			"posX": "192652.68188796876",
			"posY": "456775.8624643525",
			"routeType": "3",
			"sectSpd": "33",
			"section": "111600534",
			"seq": "73",
			"station": "111000118",
			"stationNm": "구산역3번출구.예일여고",
			"stationNo": "12206",
			"transYn": "N",
			"fullSectDist": "160",
			"trnstnid": "111001112"
		},
		{
			"arsId": "12207",
			"beginTm": "06:14",
			"busRouteAbrv": "571",
			"busRouteId": "100100084",
			"busRouteNm": "571",
			"direction": "가산동",
			"gpsX": "126.9151429014",
			"gpsY": "37.6062104465",
			"lastTm": "00:19",
			"posX": "192508.0759988912",
			"posY": "456300.2817024812",
			"routeType": "3",
			"sectSpd": "50",
			"section": "111603588",
			"seq": "74",
			"station": "111000119",
			"stationNm": "역말사거리",
			"stationNo": "12207",
			"transYn": "N",
			"fullSectDist": "546",
			"trnstnid": "111001112"
		},
		{
			"arsId": "12208",
			"beginTm": "06:15",
			"busRouteAbrv": "571",
			"busRouteId": "100100084",
			"busRouteNm": "571",
			"direction": "가산동",
			"gpsX": "126.9155726294",
			"gpsY": "37.6027929337",
			"lastTm": "00:20",
			"posX": "192545.67510900603",
			"posY": "455920.9816528391",
			"routeType": "3",
			"sectSpd": "35",
			"section": "111600536",
			"seq": "75",
			"station": "111000120",
			"stationNm": "역촌초등학교",
			"stationNo": "12208",
			"transYn": "N",
			"fullSectDist": "384",
			"trnstnid": "111001112"
		},
		{
			"arsId": "12209",
			"beginTm": "06:17",
			"busRouteAbrv": "571",
			"busRouteId": "100100084",
			"busRouteNm": "571",
			"direction": "가산동",
			"gpsX": "126.9158607077",
			"gpsY": "37.6004214787",
			"lastTm": "00:21",
			"posX": "192570.87451841746",
			"posY": "455657.78162311064",
			"routeType": "3",
			"sectSpd": "24",
			"section": "111603591",
			"seq": "76",
			"station": "111000121",
			"stationNm": "응암역2번출구",
			"stationNo": "12209",
			"transYn": "N",
			"fullSectDist": "276",
			"trnstnid": "111001112"
		},
		{
			"arsId": "12167",
			"beginTm": "06:19",
			"busRouteAbrv": "571",
			"busRouteId": "100100084",
			"busRouteNm": "571",
			"direction": "가산동",
			"gpsX": "126.9152247795",
			"gpsY": "37.5979358249",
			"lastTm": "00:23",
			"posX": "192514.47584306437",
			"posY": "455381.9815853769",
			"routeType": "3",
			"sectSpd": "56",
			"section": "111600538",
			"seq": "77",
			"station": "111000079",
			"stationNm": "응암역.신사오거리",
			"stationNo": "12167",
			"transYn": "N",
			"fullSectDist": "289",
			"trnstnid": "111001112"
		},
		{
			"arsId": "12168",
			"beginTm": "06:19",
			"busRouteAbrv": "571",
			"busRouteId": "100100084",
			"busRouteNm": "571",
			"direction": "가산동",
			"gpsX": "126.9145640351",
			"gpsY": "37.5954014899",
			"lastTm": "00:24",
			"posX": "192455.87722435335",
			"posY": "455100.78154202085",
			"routeType": "3",
			"sectSpd": "34",
			"section": "111603595",
			"seq": "78",
			"station": "111000080",
			"stationNm": "신흥시장",
			"stationNo": "12168",
			"transYn": "N",
			"fullSectDist": "291",
			"trnstnid": "111001112"
		},
		{
			"arsId": "12169",
			"beginTm": "06:20",
			"busRouteAbrv": "571",
			"busRouteId": "100100084",
			"busRouteNm": "571",
			"direction": "가산동",
			"gpsX": "126.9134545782",
			"gpsY": "37.5911871934",
			"lastTm": "00:25",
			"posX": "192357.47953202022",
			"posY": "454633.1814883421",
			"routeType": "3",
			"sectSpd": "33",
			"section": "111600540",
			"seq": "79",
			"station": "111000081",
			"stationNm": "새절역",
			"stationNo": "12169",
			"transYn": "N",
			"fullSectDist": "479",
			"trnstnid": "111001112"
		},
		{
			"arsId": "12170",
			"beginTm": "06:22",
			"busRouteAbrv": "571",
			"busRouteId": "100100084",
			"busRouteNm": "571",
			"direction": "가산동",
			"gpsX": "126.9126985944",
			"gpsY": "37.587889553",
			"lastTm": "00:26",
			"posX": "192290.38110720352",
			"posY": "454267.2814417472",
			"routeType": "3",
			"sectSpd": "35",
			"section": "111600542",
			"seq": "80",
			"station": "111000082",
			"stationNm": "와산교",
			"stationNo": "12170",
			"transYn": "N",
			"fullSectDist": "374",
			"trnstnid": "111001112"
		},
		{
			"arsId": "12423",
			"beginTm": "06:24",
			"busRouteAbrv": "571",
			"busRouteId": "100100084",
			"busRouteNm": "571",
			"direction": "가산동",
			"gpsX": "126.9117539841",
			"gpsY": "37.5861713747",
			"lastTm": "00:28",
			"posX": "192206.7830728775",
			"posY": "454076.6814124272",
			"routeType": "3",
			"sectSpd": "16",
			"section": "111600345",
			"seq": "81",
			"station": "111000328",
			"stationNm": "연서중학교입구",
			"stationNo": "12423",
			"transYn": "N",
			"fullSectDist": "213",
			"trnstnid": "111001112"
		},
		{
			"arsId": "12364",
			"beginTm": "06:25",
			"busRouteAbrv": "571",
			"busRouteId": "100100084",
			"busRouteNm": "571",
			"direction": "가산동",
			"gpsX": "126.9093224341",
			"gpsY": "37.5837546123",
			"lastTm": "00:28",
			"posX": "191991.78812196976",
			"posY": "453808.6813843786",
			"routeType": "3",
			"sectSpd": "31",
			"section": "111600544",
			"seq": "82",
			"station": "111000274",
			"stationNm": "증산역.증산동주민센터",
			"stationNo": "12364",
			"transYn": "N",
			"fullSectDist": "348",
			"trnstnid": "111001112"
		},
		{
			"arsId": "12172",
			"beginTm": "06:26",
			"busRouteAbrv": "571",
			"busRouteId": "100100084",
			"busRouteNm": "571",
			"direction": "가산동",
			"gpsX": "126.9062722298",
			"gpsY": "37.5809183024",
			"lastTm": "00:30",
			"posX": "191722.0944554359",
			"posY": "453494.1813408034",
			"routeType": "3",
			"sectSpd": "9",
			"section": "111603601",
			"seq": "83",
			"station": "111000084",
			"stationNm": "증산종합시장.증산중학교입구",
			"stationNo": "12172",
			"transYn": "N",
			"fullSectDist": "416",
			"trnstnid": "111001112"
		},
		{
			"arsId": "14106",
			"beginTm": "06:27",
			"busRouteAbrv": "571",
			"busRouteId": "100100084",
			"busRouteNm": "571",
			"direction": "가산동",
			"gpsX": "126.8949636335",
			"gpsY": "37.5694982692",
			"lastTm": "00:31",
			"posX": "190721.91795685678",
			"posY": "452227.88119364623",
			"routeType": "3",
			"sectSpd": "49",
			"section": "113605022",
			"seq": "84",
			"station": "113000016",
			"stationNm": "월드컵경기장서측.문화비축기지",
			"stationNo": "14106",
			"transYn": "N",
			"fullSectDist": "1635",
			"trnstnid": "111001112"
		},
		{
			"arsId": "14103",
			"beginTm": "06:32",
			"busRouteAbrv": "571",
			"busRouteId": "100100084",
			"busRouteNm": "571",
			"direction": "가산동",
			"gpsX": "126.8967727757",
			"gpsY": "37.5661423963",
			"lastTm": "00:35",
			"posX": "190881.3142140943",
			"posY": "451855.2811417328",
			"routeType": "3",
			"sectSpd": "41",
			"section": "113604976",
			"seq": "85",
			"station": "113000013",
			"stationNm": "마포농수산물시장.월드컵공원",
			"stationNo": "14103",
			"transYn": "N",
			"fullSectDist": "559",
			"trnstnid": "111001112"
		},
		{
			"arsId": "19215",
			"beginTm": "06:35",
			"busRouteAbrv": "571",
			"busRouteId": "100100084",
			"busRouteNm": "571",
			"direction": "가산동",
			"gpsX": "126.8841131456",
			"gpsY": "37.547524111",
			"lastTm": "00:37",
			"posX": "189760.46464560606",
			"posY": "449790.39666870236",
			"routeType": "3",
			"sectSpd": "46",
			"section": "118608291",
			"seq": "86",
			"station": "118000130",
			"stationNm": "영등포아리수정수센터",
			"stationNo": "19215",
			"transYn": "N",
			"fullSectDist": "2965",
			"trnstnid": "111001112"
		},
		{
			"arsId": "15144",
			"beginTm": "06:39",
			"busRouteAbrv": "571",
			"busRouteId": "100100084",
			"busRouteNm": "571",
			"direction": "가산동",
			"gpsX": "126.881497679",
			"gpsY": "37.5459435557",
			"lastTm": "00:42",
			"posX": "189529.1459714909",
			"posY": "449615.2808751543",
			"routeType": "3",
			"sectSpd": "23",
			"section": "114602752",
			"seq": "87",
			"station": "114000042",
			"stationNm": "신목동역",
			"stationNo": "15144",
			"transYn": "N",
			"fullSectDist": "987",
			"trnstnid": "111001112"
		},
		{
			"arsId": "15360",
			"beginTm": "06:41",
			"busRouteAbrv": "571",
			"busRouteId": "100100084",
			"busRouteNm": "571",
			"direction": "가산동",
			"gpsX": "126.8832079585",
			"gpsY": "37.5435952029",
			"lastTm": "00:44",
			"posX": "189679.9424340811",
			"posY": "449354.4808347691",
			"routeType": "3",
			"sectSpd": "24",
			"section": "114601062",
			"seq": "88",
			"station": "114000255",
			"stationNm": "신목동역-서울지방식품의약품안전청",
			"stationNo": "15360",
			"transYn": "N",
			"fullSectDist": "310",
			"trnstnid": "111001112"
		},
		{
			"arsId": "15148",
			"beginTm": "06:41",
			"busRouteAbrv": "571",
			"busRouteId": "100100084",
			"busRouteNm": "571",
			"direction": "가산동",
			"gpsX": "126.8820591368",
			"gpsY": "37.537958607",
			"lastTm": "00:45",
			"posX": "189577.64483741196",
			"posY": "448729.08075151267",
			"routeType": "3",
			"sectSpd": "15",
			"section": "114602104",
			"seq": "89",
			"station": "114000046",
			"stationNm": "월촌중학교.목동1단지",
			"stationNo": "15148",
			"transYn": "N",
			"fullSectDist": "900",
			"trnstnid": "111001112"
		},
		{
			"arsId": "15106",
			"beginTm": "06:43",
			"busRouteAbrv": "571",
			"busRouteId": "100100084",
			"busRouteNm": "571",
			"direction": "가산동",
			"gpsX": "126.8778373246",
			"gpsY": "37.5364855281",
			"lastTm": "00:48",
			"posX": "189204.35360281452",
			"posY": "448566.08074501297",
			"routeType": "3",
			"sectSpd": "139",
			"section": "114602755",
			"seq": "90",
			"station": "114000006",
			"stationNm": "목동2단지",
			"stationNo": "15106",
			"transYn": "N",
			"fullSectDist": "408",
			"trnstnid": "111001112"
		},
		{
			"arsId": "15107",
			"beginTm": "06:45",
			"busRouteAbrv": "571",
			"busRouteId": "100100084",
			"busRouteNm": "571",
			"direction": "가산동",
			"gpsX": "126.875742",
			"gpsY": "37.534747",
			"lastTm": "00:49",
			"posX": "189018.93252021054",
			"posY": "448373.3886308931",
			"routeType": "3",
			"sectSpd": "47",
			"section": "114601069",
			"seq": "91",
			"station": "114000007",
			"stationNm": "목동3단지",
			"stationNo": "15107",
			"transYn": "N",
			"fullSectDist": "273",
			"trnstnid": "111001112"
		},
		{
			"arsId": "15108",
			"beginTm": "06:46",
			"busRouteAbrv": "571",
			"busRouteId": "100100084",
			"busRouteNm": "571",
			"direction": "가산동",
			"gpsX": "126.8751149732",
			"gpsY": "37.5322979868",
			"lastTm": "00:50",
			"posX": "188963.1592741556",
			"posY": "448101.68068754487",
			"routeType": "3",
			"sectSpd": "18",
			"section": "114601527",
			"seq": "92",
			"station": "114000008",
			"stationNm": "목동4단지상가.목동종합운동장",
			"stationNo": "15108",
			"transYn": "N",
			"fullSectDist": "287",
			"trnstnid": "111001112"
		},
		{
			"arsId": "15159",
			"beginTm": "06:47",
			"busRouteAbrv": "571",
			"busRouteId": "100100084",
			"busRouteNm": "571",
			"direction": "가산동",
			"gpsX": "126.87358",
			"gpsY": "37.529802",
			"lastTm": "00:51",
			"posX": "188827.13207669306",
			"posY": "447824.86775923194",
			"routeType": "3",
			"sectSpd": "37",
			"section": "114601073",
			"seq": "93",
			"station": "114000056",
			"stationNm": "목1동주민센터",
			"stationNo": "15159",
			"transYn": "N",
			"fullSectDist": "400",
			"trnstnid": "111001112"
		},
		{
			"arsId": "15163",
			"beginTm": "06:48",
			"busRouteAbrv": "571",
			"busRouteId": "100100084",
			"busRouteNm": "571",
			"direction": "가산동",
			"gpsX": "126.8701771502",
			"gpsY": "37.528352163",
			"lastTm": "00:52",
			"posX": "188526.16953805415",
			"posY": "447664.3806350827",
			"routeType": "3",
			"sectSpd": "33",
			"section": "114601433",
			"seq": "94",
			"station": "114000060",
			"stationNm": "목동7단지",
			"stationNo": "15163",
			"transYn": "N",
			"fullSectDist": "456",
			"trnstnid": "111001112"
		},
		{
			"arsId": "15253",
			"beginTm": "06:49",
			"busRouteAbrv": "571",
			"busRouteId": "100100084",
			"busRouteNm": "571",
			"direction": "가산동",
			"gpsX": "126.8694566373",
			"gpsY": "37.5249821635",
			"lastTm": "00:53",
			"posX": "188461.97104516177",
			"posY": "447290.4805960809",
			"routeType": "3",
			"sectSpd": "24",
			"section": "114601077",
			"seq": "95",
			"station": "114000150",
			"stationNm": "하이스트학원.종로학원",
			"stationNo": "15253",
			"transYn": "N",
			"fullSectDist": "382",
			"trnstnid": "111001112"
		},
		{
			"arsId": "15257",
			"beginTm": "06:51",
			"busRouteAbrv": "571",
			"busRouteId": "100100084",
			"busRouteNm": "571",
			"direction": "가산동",
			"gpsX": "126.8683291544",
			"gpsY": "37.5201834629",
			"lastTm": "00:54",
			"posX": "188361.57340675752",
			"posY": "446758.0805194541",
			"routeType": "3",
			"sectSpd": "25",
			"section": "114600766",
			"seq": "96",
			"station": "114000154",
			"stationNm": "목동8단지.한전",
			"stationNo": "15257",
			"transYn": "N",
			"fullSectDist": "545",
			"trnstnid": "111001112"
		},
		{
			"arsId": "15256",
			"beginTm": "06:52",
			"busRouteAbrv": "571",
			"busRouteId": "100100084",
			"busRouteNm": "571",
			"direction": "가산동",
			"gpsX": "126.8661628949",
			"gpsY": "37.5181625662",
			"lastTm": "00:55",
			"posX": "188169.77791268553",
			"posY": "446534.08049783576",
			"routeType": "3",
			"sectSpd": "27",
			"section": "114602077",
			"seq": "97",
			"station": "114000153",
			"stationNm": "양천구청.양천보건소",
			"stationNo": "15256",
			"transYn": "N",
			"fullSectDist": "334",
			"trnstnid": "111001112"
		},
		{
			"arsId": "15236",
			"beginTm": "06:54",
			"busRouteAbrv": "571",
			"busRouteId": "100100084",
			"busRouteNm": "571",
			"direction": "가산동",
			"gpsX": "126.8623809974",
			"gpsY": "37.5169332443",
			"lastTm": "00:56",
			"posX": "187835.28608160713",
			"posY": "446398.1380763906",
			"routeType": "3",
			"sectSpd": "33",
			"section": "114602311",
			"seq": "98",
			"station": "114000133",
			"stationNm": "양천문화회관.양천일자리센터",
			"stationNo": "15236",
			"transYn": "N",
			"fullSectDist": "348",
			"trnstnid": "111001112"
		},
		{
			"arsId": "15235",
			"beginTm": "06:54",
			"busRouteAbrv": "571",
			"busRouteId": "100100084",
			"busRouteNm": "571",
			"direction": "가산동",
			"gpsX": "126.8598928013",
			"gpsY": "37.5160070744",
			"lastTm": "00:58",
			"posX": "187615.1909392689",
			"posY": "446295.6804857454",
			"routeType": "3",
			"sectSpd": "128",
			"section": "114600629",
			"seq": "99",
			"station": "114000132",
			"stationNm": "목동10단지상가",
			"stationNo": "15235",
			"transYn": "N",
			"fullSectDist": "268",
			"trnstnid": "111001112"
		},
		{
			"arsId": "15196",
			"beginTm": "06:55",
			"busRouteAbrv": "571",
			"busRouteId": "100100084",
			"busRouteNm": "571",
			"direction": "가산동",
			"gpsX": "126.8603283424",
			"gpsY": "37.5141819623",
			"lastTm": "00:58",
			"posX": "187653.3900352335",
			"posY": "446093.0804595044",
			"routeType": "3",
			"sectSpd": "29",
			"section": "114600631",
			"seq": "100",
			"station": "114000093",
			"stationNm": "목동12단지",
			"stationNo": "15196",
			"transYn": "N",
			"fullSectDist": "361",
			"trnstnid": "111001112"
		},
		{
			"arsId": "15195",
			"beginTm": "06:56",
			"busRouteAbrv": "571",
			"busRouteId": "100100084",
			"busRouteNm": "571",
			"direction": "가산동",
			"gpsX": "126.8642387934",
			"gpsY": "37.5155435776",
			"lastTm": "01:00",
			"posX": "187999.28190911742",
			"posY": "446243.6804650249",
			"routeType": "3",
			"sectSpd": "78",
			"section": "114601911",
			"seq": "101",
			"station": "114000092",
			"stationNm": "양천구민체육센터.양천일자리센터",
			"stationNo": "15195",
			"transYn": "N",
			"fullSectDist": "378",
			"trnstnid": "111001112"
		},
		{
			"arsId": "15194",
			"beginTm": "06:57",
			"busRouteAbrv": "571",
			"busRouteId": "100100084",
			"busRouteNm": "571",
			"direction": "가산동",
			"gpsX": "126.86703",
			"gpsY": "37.516543",
			"lastTm": "01:02",
			"posX": "188246.16967296138",
			"posY": "446354.23954207124",
			"routeType": "3",
			"sectSpd": "27",
			"section": "114600638",
			"seq": "102",
			"station": "114000091",
			"stationNm": "양천구청",
			"stationNo": "15194",
			"transYn": "N",
			"fullSectDist": "270",
			"trnstnid": "111001112"
		},
		{
			"arsId": "15238",
			"beginTm": "06:58",
			"busRouteAbrv": "571",
			"busRouteId": "100100084",
			"busRouteNm": "571",
			"direction": "가산동",
			"gpsX": "126.8691604041",
			"gpsY": "37.5145065593",
			"lastTm": "01:02",
			"posX": "188434.17169657454",
			"posY": "446127.98044079076",
			"routeType": "3",
			"sectSpd": "46",
			"section": "114602759",
			"seq": "103",
			"station": "114000427",
			"stationNm": "목동13단지",
			"stationNo": "15238",
			"transYn": "N",
			"fullSectDist": "407",
			"trnstnid": "111001112"
		},
		{
			"arsId": "15197",
			"beginTm": "06:59",
			"busRouteAbrv": "571",
			"busRouteId": "100100084",
			"busRouteNm": "571",
			"direction": "가산동",
			"gpsX": "126.870166942",
			"gpsY": "37.51269736",
			"lastTm": "01:03",
			"posX": "188522.869615481",
			"posY": "445927.0804071217",
			"routeType": "3",
			"sectSpd": "11",
			"section": "114600409",
			"seq": "104",
			"station": "114000094",
			"stationNm": "갈산초등학교정문",
			"stationNo": "15197",
			"transYn": "N",
			"fullSectDist": "221",
			"trnstnid": "111001112"
		},
		{
			"arsId": "17149",
			"beginTm": "06:59",
			"busRouteAbrv": "571",
			"busRouteId": "100100084",
			"busRouteNm": "571",
			"direction": "가산동",
			"gpsX": "126.8772441351",
			"gpsY": "37.5048734598",
			"lastTm": "01:04",
			"posX": "189147.3549448303",
			"posY": "445057.9802764561",
			"routeType": "3",
			"sectSpd": "36",
			"section": "116603967",
			"seq": "105",
			"station": "116000063",
			"stationNm": "기업은행구로중앙지점",
			"stationNo": "17149",
			"transYn": "N",
			"fullSectDist": "1089",
			"trnstnid": "111001112"
		},
		{
			"arsId": "17147",
			"beginTm": "07:02",
			"busRouteAbrv": "571",
			"busRouteId": "100100084",
			"busRouteNm": "571",
			"direction": "가산동",
			"gpsX": "126.8789985402",
			"gpsY": "37.5034172875",
			"lastTm": "01:06",
			"posX": "189302.25130775574",
			"posY": "444896.18023985904",
			"routeType": "3",
			"sectSpd": "14",
			"section": "116603969",
			"seq": "106",
			"station": "116000061",
			"stationNm": "구로역.구로기계공구상가",
			"stationNo": "17147",
			"transYn": "N",
			"fullSectDist": "228",
			"trnstnid": "111001112"
		},
		{
			"arsId": "17143",
			"beginTm": "07:03",
			"busRouteAbrv": "571",
			"busRouteId": "100100084",
			"busRouteNm": "571",
			"direction": "가산동",
			"gpsX": "126.8823344295",
			"gpsY": "37.4995738531",
			"lastTm": "01:08",
			"posX": "189596.64439005803",
			"posY": "444469.28017881326",
			"routeType": "3",
			"sectSpd": "25",
			"section": "116602279",
			"seq": "107",
			"station": "116000057",
			"stationNm": "쌍용구로정비사업소",
			"stationNo": "17143",
			"transYn": "N",
			"fullSectDist": "559",
			"trnstnid": "111001112"
		},
		{
			"arsId": "17141",
			"beginTm": "07:05",
			"busRouteAbrv": "571",
			"busRouteId": "100100084",
			"busRouteNm": "571",
			"direction": "가산동",
			"gpsX": "126.8823840611",
			"gpsY": "37.4967741772",
			"lastTm": "01:11",
			"posX": "189600.64429619955",
			"posY": "444158.5801363089",
			"routeType": "3",
			"sectSpd": "23",
			"section": "116603933",
			"seq": "108",
			"station": "116000055",
			"stationNm": "우리유앤미아파트",
			"stationNo": "17141",
			"transYn": "N",
			"fullSectDist": "311",
			"trnstnid": "111001112"
		},
		{
			"arsId": "17140",
			"beginTm": "07:07",
			"busRouteAbrv": "571",
			"busRouteId": "100100084",
			"busRouteNm": "571",
			"direction": "가산동",
			"gpsX": "126.8829563911",
			"gpsY": "37.4938362491",
			"lastTm": "01:12",
			"posX": "189650.84312068395",
			"posY": "443832.4800952114",
			"routeType": "3",
			"sectSpd": "40",
			"section": "116603939",
			"seq": "109",
			"station": "116000054",
			"stationNm": "구로119안전센터",
			"stationNo": "17140",
			"transYn": "N",
			"fullSectDist": "334",
			"trnstnid": "111001112"
		},
		{
			"arsId": "17138",
			"beginTm": "07:08",
			"busRouteAbrv": "571",
			"busRouteId": "100100084",
			"busRouteNm": "571",
			"direction": "가산동",
			"gpsX": "126.8840651203",
			"gpsY": "37.4899022236",
			"lastTm": "01:12",
			"posX": "189748.3408283661",
			"posY": "443395.7800302496",
			"routeType": "3",
			"sectSpd": "91",
			"section": "116600546",
			"seq": "110",
			"station": "116000052",
			"stationNm": "구로4동우체국.고대구로병원정문",
			"stationNo": "17138",
			"transYn": "N",
			"fullSectDist": "454",
			"trnstnid": "111001112"
		},
		{
			"arsId": "17136",
			"beginTm": "07:09",
			"busRouteAbrv": "571",
			"busRouteId": "100100084",
			"busRouteNm": "571",
			"direction": "가산동",
			"gpsX": "126.88461",
			"gpsY": "37.48798",
			"lastTm": "01:14",
			"posX": "189796.26091464993",
			"posY": "443182.4020466511",
			"routeType": "3",
			"sectSpd": "12",
			"section": "116600547",
			"seq": "111",
			"station": "116000050",
			"stationNm": "구로시장",
			"stationNo": "17136",
			"transYn": "N",
			"fullSectDist": "216",
			"trnstnid": "111001112"
		},
		{
			"arsId": "17133",
			"beginTm": "07:10",
			"busRouteAbrv": "571",
			"busRouteId": "100100084",
			"busRouteNm": "571",
			"direction": "가산동",
			"gpsX": "126.886268",
			"gpsY": "37.48418",
			"lastTm": "01:15",
			"posX": "189942.36561764358",
			"posY": "442760.51880219765",
			"routeType": "3",
			"sectSpd": "85",
			"section": "116601823",
			"seq": "112",
			"station": "116000047",
			"stationNm": "남구로역",
			"stationNo": "17133",
			"transYn": "N",
			"fullSectDist": "448",
			"trnstnid": "111001112"
		},
		{
			"arsId": "17132",
			"beginTm": "07:11",
			"busRouteAbrv": "571",
			"busRouteId": "100100084",
			"busRouteNm": "571",
			"direction": "가산동",
			"gpsX": "126.8869928718",
			"gpsY": "37.4824285977",
			"lastTm": "01:16",
			"posX": "190006.23476722077",
			"posY": "442566.07991450373",
			"routeType": "3",
			"sectSpd": "12",
			"section": "116601825",
			"seq": "113",
			"station": "116000046",
			"stationNm": "가리봉시장",
			"stationNo": "17132",
			"transYn": "N",
			"fullSectDist": "216",
			"trnstnid": "111001112"
		},
		{
			"arsId": "18113",
			"beginTm": "07:12",
			"busRouteAbrv": "571",
			"busRouteId": "100100084",
			"busRouteNm": "571",
			"direction": "가산동",
			"gpsX": "126.8884881545",
			"gpsY": "37.478333594",
			"lastTm": "01:17",
			"posX": "190137.93167461146",
			"posY": "442111.4798443215",
			"routeType": "3",
			"sectSpd": "25",
			"section": "117602138",
			"seq": "114",
			"station": "117000027",
			"stationNm": "금천패션아울렛사거리.마리오",
			"stationNo": "18113",
			"transYn": "N",
			"fullSectDist": "651",
			"trnstnid": "111001112"
		},
		{
			"arsId": "18110",
			"beginTm": "07:15",
			"busRouteAbrv": "571",
			"busRouteId": "100100084",
			"busRouteNm": "571",
			"direction": "가산동",
			"gpsX": "126.880577117",
			"gpsY": "37.4766714335",
			"lastTm": "01:19",
			"posX": "189438.04811280782",
			"posY": "441927.8798409733",
			"routeType": "3",
			"sectSpd": "41",
			"section": "117600473",
			"seq": "115",
			"station": "117000024",
			"stationNm": "디지털3단지사거리",
			"stationNo": "18110",
			"transYn": "N",
			"fullSectDist": "677",
			"trnstnid": "111001112"
		},
		{
			"arsId": "18109",
			"beginTm": "07:17",
			"busRouteAbrv": "571",
			"busRouteId": "100100084",
			"busRouteNm": "571",
			"direction": "가산동",
			"gpsX": "126.8799733832",
			"gpsY": "37.479474161",
			"lastTm": "01:21",
			"posX": "189385.04936484055",
			"posY": "442238.9798864736",
			"routeType": "3",
			"sectSpd": "19",
			"section": "117600475",
			"seq": "116",
			"station": "117000023",
			"stationNm": "디지털3단지.(주)로옴코리아",
			"stationNo": "18109",
			"transYn": "N",
			"fullSectDist": "387",
			"trnstnid": "111001112"
		},
		{
			"arsId": "18107",
			"beginTm": "07:18",
			"busRouteAbrv": "571",
			"busRouteId": "100100084",
			"busRouteNm": "571",
			"direction": "가산동",
			"gpsX": "126.8814807737",
			"gpsY": "37.4808039116",
			"lastTm": "01:22",
			"posX": "189518.54622382202",
			"posY": "442386.3798982608",
			"routeType": "3",
			"sectSpd": "43",
			"section": "117600477",
			"seq": "117",
			"station": "117000021",
			"stationNm": "가산디지털단지역",
			"stationNo": "18107",
			"transYn": "N",
			"fullSectDist": "250",
			"trnstnid": "111001112"
		},
		{
			"arsId": "18240",
			"beginTm": "07:19",
			"busRouteAbrv": "571",
			"busRouteId": "100100084",
			"busRouteNm": "571",
			"direction": "가산동",
			"gpsX": "126.881068753",
			"gpsY": "37.4817929109",
			"lastTm": "01:23",
			"posX": "189482.24707620725",
			"posY": "442496.1799132391",
			"routeType": "3",
			"sectSpd": "7",
			"section": "117601454",
			"seq": "118",
			"station": "117000926",
			"stationNm": "가산디지털단지역1호선",
			"stationNo": "18240",
			"transYn": "N",
			"fullSectDist": "116",
			"trnstnid": "111001112"
		},
		{
			"arsId": "18222",
			"beginTm": "07:19",
			"busRouteAbrv": "571",
			"busRouteId": "100100084",
			"busRouteNm": "571",
			"direction": "가산동",
			"gpsX": "126.8789631022",
			"gpsY": "37.4833271564",
			"lastTm": "01:23",
			"posX": "189296.25144673217",
			"posY": "442666.67994268704",
			"routeType": "3",
			"sectSpd": "24",
			"section": "117601357",
			"seq": "119",
			"station": "117000134",
			"stationNm": "디지털3단지.영창실업",
			"stationNo": "18222",
			"transYn": "N",
			"fullSectDist": "329",
			"trnstnid": "111001112"
		},
		{
			"arsId": "17159",
			"beginTm": "07:20",
			"busRouteAbrv": "571",
			"busRouteId": "100100084",
			"busRouteNm": "571",
			"direction": "가산동",
			"gpsX": "126.8760349245",
			"gpsY": "37.4856462135",
			"lastTm": "01:24",
			"posX": "189037.64042125925",
			"posY": "442924.37407043343",
			"routeType": "3",
			"sectSpd": "16",
			"section": "213601005",
			"seq": "120",
			"station": "117000928",
			"stationNm": "한일유앤아이아파트",
			"stationNo": "17159",
			"transYn": "N",
			"fullSectDist": "482",
			"trnstnid": "111001112"
		},
		{
			"arsId": "18217",
			"beginTm": "07:23",
			"busRouteAbrv": "571",
			"busRouteId": "100100084",
			"busRouteNm": "571",
			"direction": "가산동",
			"gpsX": "126.8749706613",
			"gpsY": "37.4851695661",
			"lastTm": "01:27",
			"posX": "188943.45624259155",
			"posY": "442871.60259685945",
			"routeType": "3",
			"sectSpd": "91",
			"section": "213600981",
			"seq": "121",
			"station": "117000131",
			"stationNm": "가산동종점",
			"stationNo": "18217",
			"transYn": "N",
			"fullSectDist": "354",
			"trnstnid": "111001112"
		}
	]
}