{
	"count": 52,
	"result": [
		{
			"arsId": "63740",
			"beginTm": "05:00",
			"busRouteAbrv": "9714",
			"busRouteId": "100100406",
			"busRouteNm": "9714",
			"direction": "서울역",
			"gpsX": "126.7416358301",
			"gpsY": "37.7522896108",
			"lastTm": "01:00",
			"posX": "177234.02726371106",
			"posY": "472539.9734863187",
			"routeType": "6",
			"sectSpd": "0",
			"section": "0",
			"seq": "1",
			"station": "229001697",
			"stationNm": "교하차고지",
			"stationNo": "63740",
			"transYn": "N",
			"fullSectDist": "0",
			"trnstnid": "101000022"
		},
		{
			"arsId": " ",
			"beginTm": "04:59",
			"busRouteAbrv": "9714",
			"busRouteId": "100100406",
			"busRouteNm": "9714",
			"direction": "서울역",
			"gpsX": "126.7285842568",
			"gpsY": "37.7444897217",
			"lastTm": "01:00",
			"posX": "176081.46452295972",
			"posY": "471677.5959659773",
			"routeType": "6",
			"sectSpd": "26",
			"section": "229600559",
			"seq": "2",
			"station": "277103813",
			"stationNm": "오도삼거리(경유)",
			"stationNo": "미정차",
			"transYn": "N",
			"fullSectDist": "1508",
			"trnstnid": "101000022"
		},
		{
			"arsId": " ",
			"beginTm": "05:02",
			"busRouteAbrv": "9714",
			"busRouteId": "100100406",
			"busRouteNm": "9714",
			"direction": "서울역",
			"gpsX": "126.7185781255",
			"gpsY": "37.7361129009",
			"lastTm": "01:02",
			"posX": "175196.87658340723",
			"posY": "470750.5404052329",
			"routeType": "6",
			"sectSpd": "30",
			"section": "277600016",
			"seq": "3",
			"station": "277103814",
			"stationNm": "난방공사(경유)",
			"stationNo": "미정차",
			"transYn": "N",
			"fullSectDist": "1415",
			"trnstnid": "101000022"
		},
		{
			"arsId": "63655",
			"beginTm": "05:05",
			"busRouteAbrv": "9714",
			"busRouteId": "100100406",
			"busRouteNm": "9714",
			"direction": "서울역",
			"gpsX": "126.7191309089",
			"gpsY": "37.7323072359",
			"lastTm": "01:04",
			"posX": "175244.3291345578",
			"posY": "470328.04176524933",
			"routeType": "6",
			"sectSpd": "57",
			"section": "277600017",
			"seq": "4",
			"station": "229000851",
			"stationNm": "청석마을8단지",
			"stationNo": "63655",
			"transYn": "N",
			"fullSectDist": "441",
			"trnstnid": "101000022"
		},
		{
			"arsId": "63657",
			"beginTm": "05:05",
			"busRouteAbrv": "9714",
			"busRouteId": "100100406",
			"busRouteNm": "9714",
			"direction": "서울역",
			"gpsX": "126.7171454747",
			"gpsY": "37.7253074519",
			"lastTm": "01:05",
			"posX": "175066.98671026947",
			"posY": "469551.7339418051",
			"routeType": "6",
			"sectSpd": "20",
			"section": "229600533",
			"seq": "5",
			"station": "229000849",
			"stationNm": "숲속길마을7단지",
			"stationNo": "63657",
			"transYn": "N",
			"fullSectDist": "808",
			"trnstnid": "101000022"
		},
		{
			"arsId": "63659",
			"beginTm": "05:08",
			"busRouteAbrv": "9714",
			"busRouteId": "100100406",
			"busRouteNm": "9714",
			"direction": "서울역",
			"gpsX": "126.7171883035",
			"gpsY": "37.7225866512",
			"lastTm": "01:08",
			"posX": "175069.8500192325",
			"posY": "469249.76885705814",
			"routeType": "6",
			"sectSpd": "10",
			"section": "229600177",
			"seq": "6",
			"station": "229000848",
			"stationNm": "교하중앙공원",
			"stationNo": "63659",
			"transYn": "N",
			"fullSectDist": "305",
			"trnstnid": "101000022"
		},
		{
			"arsId": "63674",
			"beginTm": "05:10",
			"busRouteAbrv": "9714",
			"busRouteId": "100100406",
			"busRouteNm": "9714",
			"direction": "서울역",
			"gpsX": "126.7186728578",
			"gpsY": "37.7198934374",
			"lastTm": "01:10",
			"posX": "175199.8173936128",
			"posY": "468950.48272465914",
			"routeType": "6",
			"sectSpd": "19",
			"section": "229600178",
			"seq": "7",
			"station": "229000847",
			"stationNm": "책향기마을14단지",
			"stationNo": "63674",
			"transYn": "N",
			"fullSectDist": "334",
			"trnstnid": "101000022"
		},
		{
			"arsId": "30839",
			"beginTm": "05:11",
			"busRouteAbrv": "9714",
			"busRouteId": "100100406",
			"busRouteNm": "9714",
			"direction": "서울역",
			"gpsX": "126.7202052158",
			"gpsY": "37.7141612759",
			"lastTm": "01:11",
			"posX": "175333.00100914735",
			"posY": "468313.9251804603",
			"routeType": "6",
			"sectSpd": "19",
			"section": "229600538",
			"seq": "8",
			"station": "229001300",
			"stationNm": "초롱꽃마을8단지",
			"stationNo": "30839",
			"transYn": "N",
			"fullSectDist": "684",
			"trnstnid": "101000022"
		},
		{
			"arsId": "30745",
			"beginTm": "05:13",
			"busRouteAbrv": "9714",
			"busRouteId": "100100406",
			"busRouteNm": "9714",
			"direction": "서울역",
			"gpsX": "126.7216355451",
			"gpsY": "37.7115039106",
			"lastTm": "01:13",
			"posX": "175458.22410567396",
			"posY": "468018.63639317034",
			"routeType": "6",
			"sectSpd": "11",
			"section": "229600551",
			"seq": "9",
			"station": "229002499",
			"stationNm": "초롱꽃마을13단지",
			"stationNo": "30745",
			"transYn": "N",
			"fullSectDist": "321",
			"trnstnid": "101000022"
		},
		{
			"arsId": "30895",
			"beginTm": "05:15",
			"busRouteAbrv": "9714",
			"busRouteId": "100100406",
			"busRouteNm": "9714",
			"direction": "서울역",
			"gpsX": "126.7250925488",
			"gpsY": "37.7092754628",
			"lastTm": "01:13",
			"posX": "175762.28278884615",
			"posY": "467770.4243630776",
			"routeType": "6",
			"sectSpd": "13",
			"section": "229600552",
			"seq": "10",
			"station": "229001298",
			"stationNm": "초롱꽃마을12단지",
			"stationNo": "30895",
			"transYn": "N",
			"fullSectDist": "382",
			"trnstnid": "101000022"
		},
		{
			"arsId": "36601",
			"beginTm": "05:16",
			"busRouteAbrv": "9714",
			"busRouteId": "100100406",
			"busRouteNm": "9714",
			"direction": "서울역",
			"gpsX": "126.7473896965",
			"gpsY": "37.6759573837",
			"lastTm": "01:15",
			"posX": "177718.18697799853",
			"posY": "464067.28000459773",
			"routeType": "6",
			"sectSpd": "29",
			"section": "229600536",
			"seq": "11",
			"station": "219000366",
			"stationNm": "대화역",
			"stationNo": "36601",
			"transYn": "N",
			"fullSectDist": "5244",
			"trnstnid": "101000022"
		},
		{
			"arsId": "36691",
			"beginTm": "05:26",
			"busRouteAbrv": "9714",
			"busRouteId": "100100406",
			"busRouteNm": "9714",
			"direction": "서울역",
			"gpsX": "126.755777883",
			"gpsY": "37.672492325",
			"lastTm": "01:25",
			"posX": "178457.07698482988",
			"posY": "463680.7716352609",
			"routeType": "6",
			"sectSpd": "16",
			"section": "219600257",
			"seq": "12",
			"station": "219000364",
			"stationNm": "문촌마을(중)",
			"stationNo": "36691",
			"transYn": "N",
			"fullSectDist": "837",
			"trnstnid": "101000022"
		},
		{
			"arsId": "36700",
			"beginTm": "05:29",
			"busRouteAbrv": "9714",
			"busRouteId": "100100406",
			"busRouteNm": "9714",
			"direction": "서울역",
			"gpsX": "126.7609686785",
			"gpsY": "37.6702252084",
			"lastTm": "01:29",
			"posX": "178914.3181642644",
			"posY": "463427.9900296908",
			"routeType": "6",
			"sectSpd": "17",
			"section": "219600102",
			"seq": "13",
			"station": "219000363",
			"stationNm": "주엽역(중)",
			"stationNo": "36700",
			"transYn": "N",
			"fullSectDist": "522",
			"trnstnid": "101000022"
		},
		{
			"arsId": "36687",
			"beginTm": "05:29",
			"busRouteAbrv": "9714",
			"busRouteId": "100100406",
			"busRouteNm": "9714",
			"direction": "서울역",
			"gpsX": "126.7653818601",
			"gpsY": "37.6679216963",
			"lastTm": "01:29",
			"posX": "179302.9792100964",
			"posY": "463171.366170533",
			"routeType": "6",
			"sectSpd": "13",
			"section": "219600103",
			"seq": "14",
			"station": "219000192",
			"stationNm": "강선마을(중)",
			"stationNo": "36687",
			"transYn": "N",
			"fullSectDist": "469",
			"trnstnid": "101000022"
		},
		{
			"arsId": "36695",
			"beginTm": "05:31",
			"busRouteAbrv": "9714",
			"busRouteId": "100100406",
			"busRouteNm": "9714",
			"direction": "서울역",
			"gpsX": "126.7742637862",
			"gpsY": "37.65778281",
			"lastTm": "01:31",
			"posX": "180083.79749640299",
			"posY": "462044.24485231144",
			"routeType": "6",
			"sectSpd": "24",
			"section": "219600258",
			"seq": "15",
			"station": "219000356",
			"stationNm": "일산동구청(중)",
			"stationNo": "36695",
			"transYn": "N",
			"fullSectDist": "1380",
			"trnstnid": "101000022"
		},
		{
			"arsId": "36686",
			"beginTm": "05:34",
			"busRouteAbrv": "9714",
			"busRouteId": "100100406",
			"busRouteNm": "9714",
			"direction": "서울역",
			"gpsX": "126.7774872562",
			"gpsY": "37.6523303313",
			"lastTm": "01:34",
			"posX": "180366.76177666397",
			"posY": "461438.45842496585",
			"routeType": "6",
			"sectSpd": "14",
			"section": "219600104",
			"seq": "16",
			"station": "219000370",
			"stationNm": "마두역(중)",
			"stationNo": "36686",
			"transYn": "N",
			"fullSectDist": "670",
			"trnstnid": "101000022"
		},
		{
			"arsId": "36701",
			"beginTm": "05:37",
			"busRouteAbrv": "9714",
			"busRouteId": "100100406",
			"busRouteNm": "9714",
			"direction": "서울역",
			"gpsX": "126.7843323872",
			"gpsY": "37.6457425505",
			"lastTm": "01:37",
			"posX": "180969.05631753357",
			"posY": "460705.94780308986",
			"routeType": "6",
			"sectSpd": "20",
			"section": "219600203",
			"seq": "17",
			"station": "219000454",
			"stationNm": "알미공원(중)",
			"stationNo": "36701",
			"transYn": "N",
			"fullSectDist": "959",
			"trnstnid": "101000022"
		},
		{
			"arsId": "35636",
			"beginTm": "05:40",
			"busRouteAbrv": "9714",
			"busRouteId": "100100406",
			"busRouteNm": "9714",
			"direction": "서울역",
			"gpsX": "126.8302263963",
			"gpsY": "37.6266957553",
			"lastTm": "01:39",
			"posX": "185015.0146152795",
			"posY": "458583.85554062016",
			"routeType": "6",
			"sectSpd": "43",
			"section": "219600259",
			"seq": "18",
			"station": "218000316",
			"stationNm": "고양경찰서.토당청소년수련관(중",
			"stationNo": "35636",
			"transYn": "N",
			"fullSectDist": "4720",
			"trnstnid": "101000022"
		},
		{
			"arsId": "35637",
			"beginTm": "05:46",
			"busRouteAbrv": "9714",
			"busRouteId": "100100406",
			"busRouteNm": "9714",
			"direction": "서울역",
			"gpsX": "126.8375188793",
			"gpsY": "37.6221391263",
			"lastTm": "01:46",
			"posX": "185657.80709626342",
			"posY": "458077.03232801706",
			"routeType": "6",
			"sectSpd": "24",
			"section": "218900648",
			"seq": "19",
			"station": "218000317",
			"stationNm": "행신초등학교(중)",
			"stationNo": "35637",
			"transYn": "N",
			"fullSectDist": "817",
			"trnstnid": "101000022"
		},
		{
			"arsId": "35634",
			"beginTm": "05:47",
			"busRouteAbrv": "9714",
			"busRouteId": "100100406",
			"busRouteNm": "9714",
			"direction": "서울역",
			"gpsX": "126.8420931039",
			"gpsY": "37.6192754923",
			"lastTm": "01:47",
			"posX": "186061.0390682888",
			"posY": "457758.54414227",
			"routeType": "6",
			"sectSpd": "15",
			"section": "218900649",
			"seq": "20",
			"station": "218000318",
			"stationNm": "행신동(중)",
			"stationNo": "35634",
			"transYn": "N",
			"fullSectDist": "515",
			"trnstnid": "101000022"
		},
		{
			"arsId": "35007",
			"beginTm": "05:49",
			"busRouteAbrv": "9714",
			"busRouteId": "100100406",
			"busRouteNm": "9714",
			"direction": "서울역",
			"gpsX": "126.8465890587",
			"gpsY": "37.6176977748",
			"lastTm": "01:48",
			"posX": "186457.6258600556",
			"posY": "457582.79486281006",
			"routeType": "6",
			"sectSpd": "17",
			"section": "218900650",
			"seq": "21",
			"station": "218000637",
			"stationNm": "소만마을(중)",
			"stationNo": "35007",
			"transYn": "N",
			"fullSectDist": "435",
			"trnstnid": "101000022"
		},
		{
			"arsId": "35632",
			"beginTm": "05:49",
			"busRouteAbrv": "9714",
			"busRouteId": "100100406",
			"busRouteNm": "9714",
			"direction": "서울역",
			"gpsX": "126.8512979632",
			"gpsY": "37.6157410423",
			"lastTm": "01:51",
			"posX": "186872.96135625293",
			"posY": "457364.97274565976",
			"routeType": "6",
			"sectSpd": "11",
			"section": "218900651",
			"seq": "22",
			"station": "218000145",
			"stationNm": "서정마을(중)",
			"stationNo": "35632",
			"transYn": "N",
			"fullSectDist": "475",
			"trnstnid": "101000022"
		},
		{
			"arsId": "12007",
			"beginTm": "05:51",
			"busRouteAbrv": "9714",
			"busRouteId": "100100406",
			"busRouteNm": "9714",
			"direction": "서울역",
			"gpsX": "126.900505",
			"gpsY": "37.579047",
			"lastTm": "01:53",
			"posX": "191212.5207210148",
			"posY": "453287.0341706136",
			"routeType": "6",
			"sectSpd": "44",
			"section": "111600004",
			"seq": "23",
			"station": "111000007",
			"stationNm": "디지털미디어시티역",
			"stationNo": "12007",
			"transYn": "N",
			"fullSectDist": "6000",
			"trnstnid": "101000022"
		},
		{
			"arsId": "13005",
			"beginTm": "06:01",
			"busRouteAbrv": "9714",
			"busRouteId": "100100406",
			"busRouteNm": "9714",
			"direction": "서울역",
			"gpsX": "126.9150627853",
			"gpsY": "37.5690774104",
			"lastTm": "02:08",
			"posX": "192497.27625341926",
			"posY": "452179.38114957884",
			"routeType": "6",
			"sectSpd": "35",
			"section": "112602629",
			"seq": "24",
			"station": "112000005",
			"stationNm": "모래내시장.가좌역",
			"stationNo": "13005",
			"transYn": "N",
			"fullSectDist": "1712",
			"trnstnid": "101000022"
		},
		{
			"arsId": "13012",
			"beginTm": "06:04",
			"busRouteAbrv": "9714",
			"busRouteId": "100100406",
			"busRouteNm": "9714",
			"direction": "서울역",
			"gpsX": "126.9357001425",
			"gpsY": "37.5599353521",
			"lastTm": "02:11",
			"posX": "194319.5334425034",
			"posY": "451163.3809881201",
			"routeType": "6",
			"sectSpd": "29",
			"section": "112603415",
			"seq": "25",
			"station": "112000012",
			"stationNm": "연세대앞",
			"stationNo": "13012",
			"transYn": "N",
			"fullSectDist": "2176",
			"trnstnid": "101000022"
		},
		{
			"arsId": "01129",
			"beginTm": "06:10",
			"busRouteAbrv": "9714",
			"busRouteId": "100100406",
			"busRouteNm": "9714",
			"direction": "서울역",
			"gpsX": "126.9766885086",
			"gpsY": "37.5696876081",
			"lastTm": "02:16",
			"posX": "197940.85268179633",
			"posY": "452243.96341380803",
			"routeType": "6",
			"sectSpd": "83",
			"section": "100603050",
			"seq": "26",
			"station": "100000034",
			"stationNm": "광화문.광화문빌딩",
			"stationNo": "01129",
			"transYn": "N",
			"fullSectDist": "4953",
			"trnstnid": "101000022"
		},
		{
			"arsId": "02233",
			"beginTm": "06:17",
			"busRouteAbrv": "9714",
			"busRouteId": "100100406",
			"busRouteNm": "9714",
			"direction": "서울역",
			"gpsX": "126.975585201",
			"gpsY": "37.5611965482",
			"lastTm": "02:17",
			"posX": "197843.15066383488",
			"posY": "451301.68096766993",
			"routeType": "6",
			"sectSpd": "12",
			"section": "101604933",
			"seq": "27",
			"station": "101000128",
			"stationNm": "신한은행본점",
			"stationNo": "02233",
			"transYn": "N",
			"fullSectDist": "977",
			"trnstnid": "101000022"
		},
		{
			"arsId": "02117",
			"beginTm": "06:19",
			"busRouteAbrv": "9714",
			"busRouteId": "100100406",
			"busRouteNm": "9714",
			"direction": "서울역",
			"gpsX": "126.9732932811",
			"gpsY": "37.5582968367",
			"lastTm": "02:19",
			"posX": "197640.58670030482",
			"posY": "450979.93681940157",
			"routeType": "6",
			"sectSpd": "18",
			"section": "101604487",
			"seq": "28",
			"station": "101000022",
			"stationNm": "숭례문",
			"stationNo": "02117",
			"transYn": "Y",
			"fullSectDist": "385",
			"trnstnid": "101000022"
		},
		{
			"arsId": "02113",
			"beginTm": "06:21",
			"busRouteAbrv": "9714",
			"busRouteId": "100100406",
			"busRouteNm": "9714",
			"direction": "교하.운정",
			"gpsX": "126.9677868059",
			"gpsY": "37.5649062803",
			"lastTm": "02:17",
			"posX": "197154.36684510036",
			"posY": "451713.58103308873",
			"routeType": "6",
			"sectSpd": "6",
			"section": "101604890",
			"seq": "29",
			"station": "101000020",
			"stationNm": "서대문경찰서.농협은행.유관순활동터",
			"stationNo": "02113",
			"transYn": "N",
			"fullSectDist": "1070",
			"trnstnid": "101000022"
		},
		{
			"arsId": "13013",
			"beginTm": "06:23",
			"busRouteAbrv": "9714",
			"busRouteId": "100100406",
			"busRouteNm": "9714",
			"direction": "교하.운정",
			"gpsX": "126.9354996016",
			"gpsY": "37.5601569117",
			"lastTm": "02:19",
			"posX": "194301.83385388466",
			"posY": "451187.98099313397",
			"routeType": "6",
			"sectSpd": "39",
			"section": "112602268",
			"seq": "30",
			"station": "112000013",
			"stationNm": "연세대앞",
			"stationNo": "13013",
			"transYn": "N",
			"fullSectDist": "3783",
			"trnstnid": "101000022"
		},
		{
			"arsId": "13006",
			"beginTm": "06:30",
			"busRouteAbrv": "9714",
			"busRouteId": "100100406",
			"busRouteNm": "9714",
			"direction": "교하.운정",
			"gpsX": "126.913786",
			"gpsY": "37.569862",
			"lastTm": "02:30",
			"posX": "192384.57437133885",
			"posY": "452266.55486158654",
			"routeType": "6",
			"sectSpd": "45",
			"section": "112600048",
			"seq": "31",
			"station": "112000006",
			"stationNm": "모래내시장.가좌역",
			"stationNo": "13006",
			"transYn": "N",
			"fullSectDist": "2285",
			"trnstnid": "101000022"
		},
		{
			"arsId": "12008",
			"beginTm": "06:33",
			"busRouteAbrv": "9714",
			"busRouteId": "100100406",
			"busRouteNm": "9714",
			"direction": "교하.운정",
			"gpsX": "126.901345",
			"gpsY": "37.578622",
			"lastTm": "02:33",
			"posX": "191286.66069483114",
			"posY": "453239.79084311146",
			"routeType": "6",
			"sectSpd": "88",
			"section": "111603533",
			"seq": "32",
			"station": "111000008",
			"stationNm": "디지털미디어시티역",
			"stationNo": "12008",
			"transYn": "N",
			"fullSectDist": "1468",
			"trnstnid": "101000022"
		},
		{
			"arsId": "35627",
			"beginTm": "06:36",
			"busRouteAbrv": "9714",
			"busRouteId": "100100406",
			"busRouteNm": "9714",
			"direction": "교하.운정",
			"gpsX": "126.8520384492",
			"gpsY": "37.6153888968",
			"lastTm": "02:36",
			"posX": "186938.26801988293",
			"posY": "457325.789251918",
			"routeType": "6",
			"sectSpd": "40",
			"section": "111601094",
			"seq": "33",
			"station": "218000134",
			"stationNm": "서정마을(중)",
			"stationNo": "35627",
			"transYn": "N",
			"fullSectDist": "6027",
			"trnstnid": "101000022"
		},
		{
			"arsId": "35008",
			"beginTm": "06:45",
			"busRouteAbrv": "9714",
			"busRouteId": "100100406",
			"busRouteNm": "9714",
			"direction": "교하.운정",
			"gpsX": "126.8474323783",
			"gpsY": "37.6174966326",
			"lastTm": "02:46",
			"posX": "186532.03378899102",
			"posY": "457560.3512774571",
			"routeType": "6",
			"sectSpd": "19",
			"section": "218900653",
			"seq": "34",
			"station": "218000636",
			"stationNm": "소만마을(중)",
			"stationNo": "35008",
			"transYn": "N",
			"fullSectDist": "475",
			"trnstnid": "101000022"
		},
		{
			"arsId": "35633",
			"beginTm": "06:47",
			"busRouteAbrv": "9714",
			"busRouteId": "100100406",
			"busRouteNm": "9714",
			"direction": "교하.운정",
			"gpsX": "126.8427721163",
			"gpsY": "37.6191481924",
			"lastTm": "02:47",
			"posX": "186120.95409953385",
			"posY": "457744.3160987948",
			"routeType": "6",
			"sectSpd": "14",
			"section": "218900654",
			"seq": "35",
			"station": "218000078",
			"stationNm": "행신동(중)",
			"stationNo": "35633",
			"transYn": "N",
			"fullSectDist": "450",
			"trnstnid": "101000022"
		},
		{
			"arsId": "35626",
			"beginTm": "06:49",
			"busRouteAbrv": "9714",
			"busRouteId": "100100406",
			"busRouteNm": "9714",
			"direction": "교하.운정",
			"gpsX": "126.8380819022",
			"gpsY": "37.621931992",
			"lastTm": "02:47",
			"posX": "185707.46545059414",
			"posY": "458053.9591820808",
			"routeType": "6",
			"sectSpd": "17",
			"section": "218900655",
			"seq": "36",
			"station": "218000319",
			"stationNm": "행신초등학교(중)",
			"stationNo": "35626",
			"transYn": "N",
			"fullSectDist": "518",
			"trnstnid": "101000022"
		},
		{
			"arsId": "35635",
			"beginTm": "06:50",
			"busRouteAbrv": "9714",
			"busRouteId": "100100406",
			"busRouteNm": "9714",
			"direction": "교하.운정",
			"gpsX": "126.8287078828",
			"gpsY": "37.6273243299",
			"lastTm": "02:50",
			"posX": "184881.11097593507",
			"posY": "458653.856837661",
			"routeType": "6",
			"sectSpd": "27",
			"section": "218900656",
			"seq": "37",
			"station": "218000320",
			"stationNm": "고양경찰서.토당청소년수련관(중",
			"stationNo": "35635",
			"transYn": "N",
			"fullSectDist": "1025",
			"trnstnid": "101000022"
		},
		{
			"arsId": "36682",
			"beginTm": "06:52",
			"busRouteAbrv": "9714",
			"busRouteId": "100100406",
			"busRouteNm": "9714",
			"direction": "교하.운정",
			"gpsX": "126.784889386",
			"gpsY": "37.6454580681",
			"lastTm": "02:51",
			"posX": "181018.13467295206",
			"posY": "460674.26363384863",
			"routeType": "6",
			"sectSpd": "35",
			"section": "218600376",
			"seq": "38",
			"station": "219000385",
			"stationNm": "안산공원(중)",
			"stationNo": "36682",
			"transYn": "N",
			"fullSectDist": "4498",
			"trnstnid": "101000022"
		},
		{
			"arsId": "36685",
			"beginTm": "07:00",
			"busRouteAbrv": "9714",
			"busRouteId": "100100406",
			"busRouteNm": "9714",
			"direction": "교하.운정",
			"gpsX": "126.7779722148",
			"gpsY": "37.6517480969",
			"lastTm": "02:57",
			"posX": "180409.39881555477",
			"posY": "461373.7416781741",
			"routeType": "6",
			"sectSpd": "22",
			"section": "219600205",
			"seq": "39",
			"station": "219000383",
			"stationNm": "마두역(중)",
			"stationNo": "36685",
			"transYn": "N",
			"fullSectDist": "934",
			"trnstnid": "101000022"
		},
		{
			"arsId": "36694",
			"beginTm": "07:02",
			"busRouteAbrv": "9714",
			"busRouteId": "100100406",
			"busRouteNm": "9714",
			"direction": "교하.운정",
			"gpsX": "126.7746770366",
			"gpsY": "37.6573952523",
			"lastTm": "02:59",
			"posX": "180120.15436545358",
			"posY": "462001.1466608611",
			"routeType": "6",
			"sectSpd": "15",
			"section": "219600118",
			"seq": "40",
			"station": "219000191",
			"stationNm": "일산동구청(중)",
			"stationNo": "36694",
			"transYn": "N",
			"fullSectDist": "691",
			"trnstnid": "101000022"
		},
		{
			"arsId": "36688",
			"beginTm": "07:04",
			"busRouteAbrv": "9714",
			"busRouteId": "100100406",
			"busRouteNm": "9714",
			"direction": "교하.운정",
			"gpsX": "126.7661932096",
			"gpsY": "37.6674766948",
			"lastTm": "02:31",
			"posX": "179374.42998291127",
			"posY": "463121.80175912194",
			"routeType": "6",
			"sectSpd": "27",
			"section": "219600260",
			"seq": "41",
			"station": "219000190",
			"stationNm": "강선마을(중)",
			"stationNo": "36688",
			"transYn": "N",
			"fullSectDist": "1354",
			"trnstnid": "101000022"
		},
		{
			"arsId": "36699",
			"beginTm": "07:10",
			"busRouteAbrv": "9714",
			"busRouteId": "100100406",
			"busRouteNm": "9714",
			"direction": "교하.운정",
			"gpsX": "126.7616529076",
			"gpsY": "37.6700234989",
			"lastTm": "02:03",
			"posX": "178974.61927921907",
			"posY": "463405.45092748106",
			"routeType": "6",
			"sectSpd": "16",
			"section": "219600119",
			"seq": "42",
			"station": "219000189",
			"stationNm": "주엽역(중)",
			"stationNo": "36699",
			"transYn": "N",
			"fullSectDist": "492",
			"trnstnid": "101000022"
		},
		{
			"arsId": "36690",
			"beginTm": "07:13",
			"busRouteAbrv": "9714",
			"busRouteId": "100100406",
			"busRouteNm": "9714",
			"direction": "교하.운정",
			"gpsX": "126.7564783702",
			"gpsY": "37.6722899731",
			"lastTm": "02:04",
			"posX": "178518.80898083525",
			"posY": "463658.1541591841",
			"routeType": "6",
			"sectSpd": "13",
			"section": "219600120",
			"seq": "43",
			"station": "219000129",
			"stationNm": "문촌마을(중)",
			"stationNo": "36690",
			"transYn": "N",
			"fullSectDist": "520",
			"trnstnid": "101000022"
		},
		{
			"arsId": "36281",
			"beginTm": "07:15",
			"busRouteAbrv": "9714",
			"busRouteId": "100100406",
			"busRouteNm": "9714",
			"direction": "교하.운정",
			"gpsX": "126.7475120758",
			"gpsY": "37.6763583643",
			"lastTm": "02:43",
			"posX": "177729.10147775186",
			"posY": "464111.7512475853",
			"routeType": "6",
			"sectSpd": "34",
			"section": "219600261",
			"seq": "44",
			"station": "219000193",
			"stationNm": "대화역",
			"stationNo": "36281",
			"transYn": "N",
			"fullSectDist": "1278",
			"trnstnid": "101000022"
		},
		{
			"arsId": "30896",
			"beginTm": "07:19",
			"busRouteAbrv": "9714",
			"busRouteId": "100100406",
			"busRouteNm": "9714",
			"direction": "교하.운정",
			"gpsX": "126.7255434345",
			"gpsY": "37.7093463499",
			"lastTm": "02:46",
			"posX": "175802.05907745147",
			"posY": "467778.17480134265",
			"routeType": "6",
			"sectSpd": "25",
			"section": "219600697",
			"seq": "45",
			"station": "229001302",
			"stationNm": "물향기마을12단지",
			"stationNo": "30896",
			"transYn": "N",
			"fullSectDist": "5188",
			"trnstnid": "101000022"
		},
		{
			"arsId": "30882",
			"beginTm": "07:34",
			"busRouteAbrv": "9714",
			"busRouteId": "100100406",
			"busRouteNm": "9714",
			"direction": "교하.운정",
			"gpsX": "126.7223531854",
			"gpsY": "37.7112416063",
			"lastTm": "02:57",
			"posX": "175521.40811602678",
			"posY": "467989.33821652737",
			"routeType": "6",
			"sectSpd": "17",
			"section": "229600553",
			"seq": "46",
			"station": "229001220",
			"stationNm": "물향기마을11단지",
			"stationNo": "30882",
			"transYn": "N",
			"fullSectDist": "359",
			"trnstnid": "101000022"
		},
		{
			"arsId": "30824",
			"beginTm": ":",
			"busRouteAbrv": "9714",
			"busRouteId": "100100406",
			"busRouteNm": "9714",
			"direction": "교하.운정",
			"gpsX": "126.7205582956",
			"gpsY": "37.7140362174",
			"lastTm": ":",
			"posX": "175364.08754543774",
			"posY": "468299.95331911",
			"routeType": "6",
			"sectSpd": "28",
			"section": "229600554",
			"seq": "47",
			"station": "229000860",
			"stationNm": "물향기마을10단지",
			"stationNo": "30824",
			"transYn": "N",
			"fullSectDist": "354",
			"trnstnid": "101000022"
		},
		{
			"arsId": "63675",
			"beginTm": ":",
			"busRouteAbrv": "9714",
			"busRouteId": "100100406",
			"busRouteNm": "9714",
			"direction": "교하.운정",
			"gpsX": "126.7188236378",
			"gpsY": "37.720123776",
			"lastTm": ":",
			"posX": "175213.18607035204",
			"posY": "468976.0056999661",
			"routeType": "6",
			"sectSpd": "20",
			"section": "229600543",
			"seq": "48",
			"station": "229000858",
			"stationNm": "책향기마을14단지",
			"stationNo": "63675",
			"transYn": "N",
			"fullSectDist": "714",
			"trnstnid": "101000022"
		},
		{
			"arsId": "63660",
			"beginTm": ":",
			"busRouteAbrv": "9714",
			"busRouteId": "100100406",
			"busRouteNm": "9714",
			"direction": "교하.운정",
			"gpsX": "126.7174873704",
			"gpsY": "37.7226967241",
			"lastTm": ":",
			"posX": "175096.24999125834",
			"posY": "469261.9051371026",
			"routeType": "6",
			"sectSpd": "14",
			"section": "229600180",
			"seq": "49",
			"station": "229000857",
			"stationNm": "교하중앙공원",
			"stationNo": "63660",
			"transYn": "N",
			"fullSectDist": "324",
			"trnstnid": "101000022"
		},
		{
			"arsId": "63658",
			"beginTm": ":",
			"busRouteAbrv": "9714",
			"busRouteId": "100100406",
			"busRouteNm": "9714",
			"direction": "교하.운정",
			"gpsX": "126.7174917162",
			"gpsY": "37.7249361364",
			"lastTm": ":",
			"posX": "175097.38288255868",
			"posY": "469510.43330926355",
			"routeType": "6",
			"sectSpd": "10",
			"section": "229600181",
			"seq": "50",
			"station": "229000856",
			"stationNm": "트리플메디컬타운",
			"stationNo": "63658",
			"transYn": "N",
			"fullSectDist": "249",
			"trnstnid": "101000022"
		},
		{
			"arsId": "63656",
			"beginTm": ":",
			"busRouteAbrv": "9714",
			"busRouteId": "100100406",
			"busRouteNm": "9714",
			"direction": "교하.운정",
			"gpsX": "126.7196467544",
			"gpsY": "37.7332094836",
			"lastTm": ":",
			"posX": "175290.0954574671",
			"posY": "470428.0368273263",
			"routeType": "6",
			"sectSpd": "15",
			"section": "229600534",
			"seq": "51",
			"station": "229000854",
			"stationNm": "청석마을8단지",
			"stationNo": "63656",
			"transYn": "N",
			"fullSectDist": "957",
			"trnstnid": "101000022"
		},
		{
			"arsId": "63737",
			"beginTm": ":",
			"busRouteAbrv": "9714",
			"busRouteId": "100100406",
			"busRouteNm": "9714",
			"direction": "교하.운정",
			"gpsX": "126.7420362537",
			"gpsY": "37.7522974976",
			"lastTm": ":",
			"posX": "177269.31339389135",
			"posY": "472540.7514277948",
			"routeType": "6",
			"sectSpd": "34",
			"section": "229600183",
			"seq": "52",
			"station": "229001663",
			"stationNm": "신성교하차고지",
			"stationNo": "63737",
			"transYn": "N",
			"fullSectDist": "3308",
			"trnstnid": "101000022"
		}
	]
}