{
	"count": 60,
	"result": [
		{
			"arsId": "10153",
			"beginTm": "05:00",
			"busRouteAbrv": "1127",
			"busRouteId": "100100143",
			"busRouteNm": "1127",
			"direction": "도봉산",
			"gpsX": "127.040487449",
			"gpsY": "37.6869698964",
			"lastTm": "23:10",
			"posX": "203570.71612222397",
			"posY": "465260.18284579134",
			"routeType": "4",
			"sectSpd": "0",
			"section": "0",
			"seq": "1",
			"station": "109000068",
			"stationNm": "도봉산입구",
			"stationNo": "10153",
			"transYn": "N",
			"fullSectDist": "0",
			"trnstnid": "108000160"
		},
		{
			"arsId": "10154",
			"beginTm": "05:12",
			"busRouteAbrv": "1127",
			"busRouteId": "100100143",
			"busRouteNm": "1127",
			"direction": "도봉산",
			"gpsX": "127.0440331542",
			"gpsY": "37.6872443546",
			"lastTm": "23:10",
			"posX": "203883.4087770525",
			"posY": "465290.7828613105",
			"routeType": "4",
			"sectSpd": "38",
			"section": "109602333",
			"seq": "2",
			"station": "109000069",
			"stationNm": "도봉고등학교",
			"stationNo": "10154",
			"transYn": "N",
			"fullSectDist": "316",
			"trnstnid": "108000160"
		},
		{
			"arsId": "10103",
			"beginTm": "05:01",
			"busRouteAbrv": "1127",
			"busRouteId": "100100143",
			"busRouteNm": "1127",
			"direction": "도봉산",
			"gpsX": "127.0456109086",
			"gpsY": "37.6826140348",
			"lastTm": "23:10",
			"posX": "204022.80549735986",
			"posY": "464776.98279160773",
			"routeType": "4",
			"sectSpd": "71",
			"section": "109602450",
			"seq": "3",
			"station": "109000023",
			"stationNm": "도봉동한신아파트",
			"stationNo": "10103",
			"transYn": "N",
			"fullSectDist": "685",
			"trnstnid": "108000160"
		},
		{
			"arsId": "10156",
			"beginTm": "05:02",
			"busRouteAbrv": "1127",
			"busRouteId": "100100143",
			"busRouteNm": "1127",
			"direction": "도봉산",
			"gpsX": "127.0465266987",
			"gpsY": "37.6803096286",
			"lastTm": "23:11",
			"posX": "204103.70359633805",
			"posY": "464521.2827630346",
			"routeType": "4",
			"sectSpd": "38",
			"section": "109600636",
			"seq": "4",
			"station": "109000071",
			"stationNm": "도봉역",
			"stationNo": "10156",
			"transYn": "N",
			"fullSectDist": "336",
			"trnstnid": "108000160"
		},
		{
			"arsId": "10158",
			"beginTm": "05:03",
			"busRouteAbrv": "1127",
			"busRouteId": "100100143",
			"busRouteNm": "1127",
			"direction": "도봉산",
			"gpsX": "127.0490169573",
			"gpsY": "37.6794237641",
			"lastTm": "23:12",
			"posX": "204323.39843972586",
			"posY": "464423.08274551714",
			"routeType": "4",
			"sectSpd": "71",
			"section": "109602452",
			"seq": "5",
			"station": "109000073",
			"stationNm": "노원교",
			"stationNo": "10158",
			"transYn": "N",
			"fullSectDist": "242",
			"trnstnid": "108000160"
		},
		{
			"arsId": "10160",
			"beginTm": "05:04",
			"busRouteAbrv": "1127",
			"busRouteId": "100100143",
			"busRouteNm": "1127",
			"direction": "도봉산",
			"gpsX": "127.04939",
			"gpsY": "37.67907",
			"lastTm": "23:13",
			"posX": "204356.3222770011",
			"posY": "464383.8397935941",
			"routeType": "4",
			"sectSpd": "11",
			"section": "109600639",
			"seq": "6",
			"station": "109000075",
			"stationNm": "성대야구장노원교앞",
			"stationNo": "10160",
			"transYn": "N",
			"fullSectDist": "83",
			"trnstnid": "108000160"
		},
		{
			"arsId": "10130",
			"beginTm": "05:04",
			"busRouteAbrv": "1127",
			"busRouteId": "100100143",
			"busRouteNm": "1127",
			"direction": "도봉산",
			"gpsX": "127.0479104838",
			"gpsY": "37.6759758029",
			"lastTm": "23:14",
			"posX": "204226.0007263115",
			"posY": "464040.3826914206",
			"routeType": "4",
			"sectSpd": "19",
			"section": "109600395",
			"seq": "7",
			"station": "109000045",
			"stationNm": "서울북부지방법원.검찰청.성우아파트",
			"stationNo": "10130",
			"transYn": "N",
			"fullSectDist": "372",
			"trnstnid": "108000160"
		},
		{
			"arsId": "10132",
			"beginTm": "05:05",
			"busRouteAbrv": "1127",
			"busRouteId": "100100143",
			"busRouteNm": "1127",
			"direction": "도봉산",
			"gpsX": "127.046582",
			"gpsY": "37.673315",
			"lastTm": "23:15",
			"posX": "204108.9669706453",
			"posY": "463745.031846432",
			"routeType": "4",
			"sectSpd": "19",
			"section": "109600396",
			"seq": "8",
			"station": "109000047",
			"stationNm": "법조타운공영주차장",
			"stationNo": "10132",
			"transYn": "N",
			"fullSectDist": "320",
			"trnstnid": "108000160"
		},
		{
			"arsId": "10134",
			"beginTm": "05:06",
			"busRouteAbrv": "1127",
			"busRouteId": "100100143",
			"busRouteNm": "1127",
			"direction": "도봉산",
			"gpsX": "127.0461540675",
			"gpsY": "37.6699284798",
			"lastTm": "23:16",
			"posX": "204071.40435282994",
			"posY": "463369.18260044744",
			"routeType": "4",
			"sectSpd": "20",
			"section": "109600641",
			"seq": "9",
			"station": "109000049",
			"stationNm": "도봉구청",
			"stationNo": "10134",
			"transYn": "N",
			"fullSectDist": "388",
			"trnstnid": "108000160"
		},
		{
			"arsId": "10136",
			"beginTm": "05:07",
			"busRouteAbrv": "1127",
			"busRouteId": "100100143",
			"busRouteNm": "1127",
			"direction": "도봉산",
			"gpsX": "127.0460316281",
			"gpsY": "37.6662386176",
			"lastTm": "23:17",
			"posX": "204060.80460922566",
			"posY": "462959.6825517877",
			"routeType": "4",
			"sectSpd": "149",
			"section": "109602361",
			"seq": "10",
			"station": "109000051",
			"stationNm": "방학1동대상타운현대삼성아파트",
			"stationNo": "10136",
			"transYn": "N",
			"fullSectDist": "413",
			"trnstnid": "108000160"
		},
		{
			"arsId": "10197",
			"beginTm": "05:09",
			"busRouteAbrv": "1127",
			"busRouteId": "100100143",
			"busRouteNm": "1127",
			"direction": "도봉산",
			"gpsX": "127.046309519",
			"gpsY": "37.6628720833",
			"lastTm": "23:18",
			"posX": "204085.5040290485",
			"posY": "462586.0824972661",
			"routeType": "4",
			"sectSpd": "12",
			"section": "109600643",
			"seq": "11",
			"station": "109000112",
			"stationNm": "서울문화고등학교",
			"stationNo": "10197",
			"transYn": "N",
			"fullSectDist": "435",
			"trnstnid": "108000160"
		},
		{
			"arsId": "10116",
			"beginTm": "05:10",
			"busRouteAbrv": "1127",
			"busRouteId": "100100143",
			"busRouteNm": "1127",
			"direction": "도봉산",
			"gpsX": "127.0421039333",
			"gpsY": "37.6622176747",
			"lastTm": "23:20",
			"posX": "203714.51274271598",
			"posY": "462513.28248217935",
			"routeType": "4",
			"sectSpd": "69",
			"section": "109600645",
			"seq": "12",
			"station": "109000033",
			"stationNm": "방학사거리",
			"stationNo": "10116",
			"transYn": "N",
			"fullSectDist": "415",
			"trnstnid": "108000160"
		},
		{
			"arsId": "10118",
			"beginTm": "05:12",
			"busRouteAbrv": "1127",
			"busRouteId": "100100143",
			"busRouteNm": "1127",
			"direction": "도봉산",
			"gpsX": "127.0399173815",
			"gpsY": "37.6578247776",
			"lastTm": "23:23",
			"posX": "203521.81726711706",
			"posY": "462025.6824173047",
			"routeType": "4",
			"sectSpd": "41",
			"section": "109602453",
			"seq": "13",
			"station": "109000035",
			"stationNm": "도봉보건소",
			"stationNo": "10118",
			"transYn": "N",
			"fullSectDist": "540",
			"trnstnid": "108000160"
		},
		{
			"arsId": "10297",
			"beginTm": "05:13",
			"busRouteAbrv": "1127",
			"busRouteId": "100100143",
			"busRouteNm": "1127",
			"direction": "도봉산",
			"gpsX": "127.0402847603",
			"gpsY": "37.6560152868",
			"lastTm": "23:24",
			"posX": "203554.31650216097",
			"posY": "461824.88239663467",
			"routeType": "4",
			"sectSpd": "19",
			"section": "109602436",
			"seq": "14",
			"station": "109000209",
			"stationNm": "창5동현대아파트",
			"stationNo": "10297",
			"transYn": "N",
			"fullSectDist": "268",
			"trnstnid": "108000160"
		},
		{
			"arsId": "10229",
			"beginTm": "05:15",
			"busRouteAbrv": "1127",
			"busRouteId": "100100143",
			"busRouteNm": "1127",
			"direction": "도봉산",
			"gpsX": "127.0409927567",
			"gpsY": "37.653291081",
			"lastTm": "23:25",
			"posX": "203616.9150305358",
			"posY": "461522.5823515863",
			"routeType": "4",
			"sectSpd": "23",
			"section": "109602438",
			"seq": "15",
			"station": "109000143",
			"stationNm": "창동주공1단지아파트",
			"stationNo": "10229",
			"transYn": "N",
			"fullSectDist": "311",
			"trnstnid": "108000160"
		},
		{
			"arsId": "10657",
			"beginTm": "05:15",
			"busRouteAbrv": "1127",
			"busRouteId": "100100143",
			"busRouteNm": "1127",
			"direction": "도봉산",
			"gpsX": "127.0381460822",
			"gpsY": "37.6515935012",
			"lastTm": "23:26",
			"posX": "203365.82093295877",
			"posY": "461334.0823221314",
			"routeType": "4",
			"sectSpd": "38",
			"section": "109600649",
			"seq": "16",
			"station": "109000293",
			"stationNm": "창북중학교",
			"stationNo": "10657",
			"transYn": "N",
			"fullSectDist": "487",
			"trnstnid": "108000160"
		},
		{
			"arsId": "10015",
			"beginTm": "05:17",
			"busRouteAbrv": "1127",
			"busRouteId": "100100143",
			"busRouteNm": "1127",
			"direction": "도봉산",
			"gpsX": "127.0347686574",
			"gpsY": "37.6488174173",
			"lastTm": "23:27",
			"posX": "203067.92792580216",
			"posY": "461025.88228340773",
			"routeType": "4",
			"sectSpd": "39",
			"section": "109600007",
			"seq": "17",
			"station": "109000015",
			"stationNm": "쌍문역",
			"stationNo": "10015",
			"transYn": "N",
			"fullSectDist": "469",
			"trnstnid": "108000160"
		},
		{
			"arsId": "10258",
			"beginTm": "05:19",
			"busRouteAbrv": "1127",
			"busRouteId": "100100143",
			"busRouteNm": "1127",
			"direction": "도봉산",
			"gpsX": "127.0348523274",
			"gpsY": "37.6459816934",
			"lastTm": "23:28",
			"posX": "203075.4277541858",
			"posY": "460711.182239261",
			"routeType": "4",
			"sectSpd": "34",
			"section": "109602455",
			"seq": "18",
			"station": "109000172",
			"stationNm": "한신아파트101동앞",
			"stationNo": "10258",
			"transYn": "N",
			"fullSectDist": "418",
			"trnstnid": "108000160"
		},
		{
			"arsId": "10256",
			"beginTm": "05:21",
			"busRouteAbrv": "1127",
			"busRouteId": "100100143",
			"busRouteNm": "1127",
			"direction": "도봉산",
			"gpsX": "127.0372571163",
			"gpsY": "37.6461539659",
			"lastTm": "23:30",
			"posX": "203287.62276926718",
			"posY": "460730.38224117784",
			"routeType": "4",
			"sectSpd": "26",
			"section": "109600653",
			"seq": "19",
			"station": "109000170",
			"stationNm": "창2동한일아파트",
			"stationNo": "10256",
			"transYn": "N",
			"fullSectDist": "195",
			"trnstnid": "108000160"
		},
		{
			"arsId": "10261",
			"beginTm": "05:21",
			"busRouteAbrv": "1127",
			"busRouteId": "100100143",
			"busRouteNm": "1127",
			"direction": "도봉산",
			"gpsX": "127.0395258217",
			"gpsY": "37.6461243931",
			"lastTm": "23:31",
			"posX": "203487.81806313968",
			"posY": "460727.1822448913",
			"routeType": "4",
			"sectSpd": "35",
			"section": "109602457",
			"seq": "20",
			"station": "109000175",
			"stationNm": "창동청구빌라",
			"stationNo": "10261",
			"transYn": "N",
			"fullSectDist": "255",
			"trnstnid": "108000160"
		},
		{
			"arsId": "10263",
			"beginTm": "05:22",
			"busRouteAbrv": "1127",
			"busRouteId": "100100143",
			"busRouteNm": "1127",
			"direction": "도봉산",
			"gpsX": "127.0403424387",
			"gpsY": "37.6432163298",
			"lastTm": "23:32",
			"posX": "203560.01637173598",
			"posY": "460404.48220372014",
			"routeType": "4",
			"sectSpd": "16",
			"section": "109602226",
			"seq": "21",
			"station": "109000177",
			"stationNm": "창림초등학교후문",
			"stationNo": "10263",
			"transYn": "N",
			"fullSectDist": "343",
			"trnstnid": "108000160"
		},
		{
			"arsId": "10249",
			"beginTm": "05:23",
			"busRouteAbrv": "1127",
			"busRouteId": "100100143",
			"busRouteNm": "1127",
			"direction": "도봉산",
			"gpsX": "127.0394808042",
			"gpsY": "37.6402899102",
			"lastTm": "23:33",
			"posX": "203484.1181526927",
			"posY": "460079.6821564506",
			"routeType": "4",
			"sectSpd": "47",
			"section": "109600292",
			"seq": "22",
			"station": "109000163",
			"stationNm": "국립현대미술관창동레지던시",
			"stationNo": "10249",
			"transYn": "N",
			"fullSectDist": "368",
			"trnstnid": "108000160"
		},
		{
			"arsId": "10331",
			"beginTm": "05:25",
			"busRouteAbrv": "1127",
			"busRouteId": "100100143",
			"busRouteNm": "1127",
			"direction": "도봉산",
			"gpsX": "127.0383504426",
			"gpsY": "37.6390783287",
			"lastTm": "23:34",
			"posX": "203384.4204989581",
			"posY": "459945.18214069726",
			"routeType": "4",
			"sectSpd": "50",
			"section": "109602228",
			"seq": "23",
			"station": "109000242",
			"stationNm": "신창.창동시장",
			"stationNo": "10331",
			"transYn": "N",
			"fullSectDist": "171",
			"trnstnid": "108000160"
		},
		{
			"arsId": "10251",
			"beginTm": "05:26",
			"busRouteAbrv": "1127",
			"busRouteId": "100100143",
			"busRouteNm": "1127",
			"direction": "도봉산",
			"gpsX": "127.036931039",
			"gpsY": "37.6375883927",
			"lastTm": "23:36",
			"posX": "203259.22343765709",
			"posY": "459779.78211816493",
			"routeType": "4",
			"sectSpd": "20",
			"section": "109602284",
			"seq": "24",
			"station": "109000165",
			"stationNm": "창동서울탁주앞",
			"stationNo": "10251",
			"transYn": "N",
			"fullSectDist": "209",
			"trnstnid": "108000160"
		},
		{
			"arsId": "10313",
			"beginTm": "05:27",
			"busRouteAbrv": "1127",
			"busRouteId": "100100143",
			"busRouteNm": "1127",
			"direction": "도봉산",
			"gpsX": "127.0351770744",
			"gpsY": "37.637736706",
			"lastTm": "23:37",
			"posX": "203104.42707167793",
			"posY": "459796.1821139124",
			"routeType": "4",
			"sectSpd": "33",
			"section": "109600658",
			"seq": "25",
			"station": "109000225",
			"stationNm": "금용아파트",
			"stationNo": "10313",
			"transYn": "N",
			"fullSectDist": "203",
			"trnstnid": "108000160"
		},
		{
			"arsId": "10252",
			"beginTm": "05:28",
			"busRouteAbrv": "1127",
			"busRouteId": "100100143",
			"busRouteNm": "1127",
			"direction": "도봉산",
			"gpsX": "127.0336397512",
			"gpsY": "37.6408990489",
			"lastTm": "23:37",
			"posX": "202968.63026310573",
			"posY": "460147.08216394996",
			"routeType": "4",
			"sectSpd": "30",
			"section": "109602185",
			"seq": "26",
			"station": "109000166",
			"stationNm": "창2동주민센터.보건지소",
			"stationNo": "10252",
			"transYn": "N",
			"fullSectDist": "382",
			"trnstnid": "108000160"
		},
		{
			"arsId": "10311",
			"beginTm": "05:28",
			"busRouteAbrv": "1127",
			"busRouteId": "100100143",
			"busRouteNm": "1127",
			"direction": "도봉산",
			"gpsX": "127.0324449266",
			"gpsY": "37.642384365",
			"lastTm": "23:38",
			"posX": "202863.1327444479",
			"posY": "460311.8821807555",
			"routeType": "4",
			"sectSpd": "17",
			"section": "109602187",
			"seq": "27",
			"station": "109000223",
			"stationNm": "태영데시앙아파트",
			"stationNo": "10311",
			"transYn": "N",
			"fullSectDist": "202",
			"trnstnid": "108000160"
		},
		{
			"arsId": "09246",
			"beginTm": "05:29",
			"busRouteAbrv": "1127",
			"busRouteId": "100100143",
			"busRouteNm": "1127",
			"direction": "도봉산",
			"gpsX": "127.0275793554",
			"gpsY": "37.6400256713",
			"lastTm": "23:39",
			"posX": "202433.84282766833",
			"posY": "460049.98214519303",
			"routeType": "4",
			"sectSpd": "17",
			"section": "108602289",
			"seq": "28",
			"station": "108000158",
			"stationNm": "수유3동우체국",
			"stationNo": "09246",
			"transYn": "N",
			"fullSectDist": "610",
			"trnstnid": "108000160"
		},
		{
			"arsId": "09272",
			"beginTm": "05:32",
			"busRouteAbrv": "1127",
			"busRouteId": "100100143",
			"busRouteNm": "1127",
			"direction": "도봉산",
			"gpsX": "127.0260514034",
			"gpsY": "37.6386311446",
			"lastTm": "23:41",
			"posX": "202299.0459896208",
			"posY": "459895.1821264052",
			"routeType": "4",
			"sectSpd": "34",
			"section": "108600743",
			"seq": "29",
			"station": "108000184",
			"stationNm": "수유역.강북구청",
			"stationNo": "09272",
			"transYn": "N",
			"fullSectDist": "207",
			"trnstnid": "108000160"
		},
		{
			"arsId": "09206",
			"beginTm": "05:32",
			"busRouteAbrv": "1127",
			"busRouteId": "100100143",
			"busRouteNm": "1127",
			"direction": "도봉산",
			"gpsX": "127.0248073406",
			"gpsY": "37.6355100656",
			"lastTm": "23:41",
			"posX": "202189.34856632346",
			"posY": "459548.78208004916",
			"routeType": "4",
			"sectSpd": "39",
			"section": "108600732",
			"seq": "30",
			"station": "108000118",
			"stationNm": "삼성화재강북지점",
			"stationNo": "09206",
			"transYn": "N",
			"fullSectDist": "826",
			"trnstnid": "108000160"
		},
		{
			"arsId": "09248",
			"beginTm": "05:37",
			"busRouteAbrv": "1127",
			"busRouteId": "100100143",
			"busRouteNm": "1127",
			"direction": "도봉산",
			"gpsX": "127.026899",
			"gpsY": "37.638953",
			"lastTm": "23:45",
			"posX": "202373.83646378445",
			"posY": "459930.9220288857",
			"routeType": "4",
			"sectSpd": "26",
			"section": "108601361",
			"seq": "31",
			"station": "108000160",
			"stationNm": "수유역.노스페이스문화센터",
			"stationNo": "09248",
			"transYn": "Y",
			"fullSectDist": "556",
			"trnstnid": "108000160"
		},
		{
			"arsId": "09247",
			"beginTm": "05:40",
			"busRouteAbrv": "1127",
			"busRouteId": "100100143",
			"busRouteNm": "1127",
			"direction": "수유역",
			"gpsX": "127.0282173413",
			"gpsY": "37.6401084199",
			"lastTm": "23:48",
			"posX": "202490.1415062115",
			"posY": "460059.18214422977",
			"routeType": "4",
			"sectSpd": "73",
			"section": "108600747",
			"seq": "32",
			"station": "108000159",
			"stationNm": "수유3동우체국",
			"stationNo": "09247",
			"transYn": "N",
			"fullSectDist": "166",
			"trnstnid": "108000160"
		},
		{
			"arsId": "10336",
			"beginTm": "05:42",
			"busRouteAbrv": "1127",
			"busRouteId": "100100143",
			"busRouteNm": "1127",
			"direction": "수유역",
			"gpsX": "127.031672",
			"gpsY": "37.642758",
			"lastTm": "23:50",
			"posX": "202794.9111164401",
			"posY": "460353.32407951634",
			"routeType": "4",
			"sectSpd": "46",
			"section": "109600620",
			"seq": "33",
			"station": "109000399",
			"stationNm": "태영데시앙아파트",
			"stationNo": "10336",
			"transYn": "N",
			"fullSectDist": "484",
			"trnstnid": "108000160"
		},
		{
			"arsId": "10253",
			"beginTm": "05:44",
			"busRouteAbrv": "1127",
			"busRouteId": "100100143",
			"busRouteNm": "1127",
			"direction": "수유역",
			"gpsX": "127.033467",
			"gpsY": "37.640778",
			"lastTm": "23:51",
			"posX": "202953.3901608897",
			"posY": "460133.6429696982",
			"routeType": "4",
			"sectSpd": "80",
			"section": "109602174",
			"seq": "34",
			"station": "109000167",
			"stationNm": "창2동주민센터.보건지소",
			"stationNo": "10253",
			"transYn": "N",
			"fullSectDist": "285",
			"trnstnid": "108000160"
		},
		{
			"arsId": "10314",
			"beginTm": "05:45",
			"busRouteAbrv": "1127",
			"busRouteId": "100100143",
			"busRouteNm": "1127",
			"direction": "수유역",
			"gpsX": "127.034453",
			"gpsY": "37.63859",
			"lastTm": "23:51",
			"posX": "203040.49169526514",
			"posY": "459890.855060901",
			"routeType": "4",
			"sectSpd": "41",
			"section": "109602176",
			"seq": "35",
			"station": "109000226",
			"stationNm": "창번2교앞",
			"stationNo": "10314",
			"transYn": "N",
			"fullSectDist": "262",
			"trnstnid": "108000160"
		},
		{
			"arsId": "10250",
			"beginTm": "05:46",
			"busRouteAbrv": "1127",
			"busRouteId": "100100143",
			"busRouteNm": "1127",
			"direction": "수유역",
			"gpsX": "127.0372884977",
			"gpsY": "37.6376634347",
			"lastTm": "23:52",
			"posX": "203290.76643269355",
			"posY": "459788.12258786336",
			"routeType": "4",
			"sectSpd": "47",
			"section": "109600297",
			"seq": "36",
			"station": "109000164",
			"stationNm": "창동서울탁주앞",
			"stationNo": "10250",
			"transYn": "N",
			"fullSectDist": "360",
			"trnstnid": "108000160"
		},
		{
			"arsId": "10330",
			"beginTm": "05:47",
			"busRouteAbrv": "1127",
			"busRouteId": "100100143",
			"busRouteNm": "1127",
			"direction": "수유역",
			"gpsX": "127.0384760994",
			"gpsY": "37.6388467098",
			"lastTm": "23:54",
			"posX": "203395.52023366443",
			"posY": "459919.48213004554",
			"routeType": "4",
			"sectSpd": "40",
			"section": "109602178",
			"seq": "37",
			"station": "109000241",
			"stationNm": "창동.신창시장",
			"stationNo": "10330",
			"transYn": "N",
			"fullSectDist": "168",
			"trnstnid": "108000160"
		},
		{
			"arsId": "10248",
			"beginTm": "05:47",
			"busRouteAbrv": "1127",
			"busRouteId": "100100143",
			"busRouteNm": "1127",
			"direction": "수유역",
			"gpsX": "127.0394443113",
			"gpsY": "37.6398501948",
			"lastTm": "23:54",
			"posX": "203480.91822882692",
			"posY": "460030.8821545183",
			"routeType": "4",
			"sectSpd": "11",
			"section": "109600624",
			"seq": "38",
			"station": "109000162",
			"stationNm": "국립현대미술관창동레지던시",
			"stationNo": "10248",
			"transYn": "N",
			"fullSectDist": "139",
			"trnstnid": "108000160"
		},
		{
			"arsId": "10262",
			"beginTm": "05:48",
			"busRouteAbrv": "1127",
			"busRouteId": "100100143",
			"busRouteNm": "1127",
			"direction": "수유역",
			"gpsX": "127.040517",
			"gpsY": "37.643092",
			"lastTm": "23:54",
			"posX": "203575.4264843569",
			"posY": "460390.6909874561",
			"routeType": "4",
			"sectSpd": "23",
			"section": "109600577",
			"seq": "39",
			"station": "109000176",
			"stationNm": "창림초등학교후문",
			"stationNo": "10262",
			"transYn": "N",
			"fullSectDist": "389",
			"trnstnid": "108000160"
		},
		{
			"arsId": "10260",
			"beginTm": "05:50",
			"busRouteAbrv": "1127",
			"busRouteId": "100100143",
			"busRouteNm": "1127",
			"direction": "수유역",
			"gpsX": "127.0399097927",
			"gpsY": "37.6457638317",
			"lastTm": "23:55",
			"posX": "203521.7172683373",
			"posY": "460687.1822400526",
			"routeType": "4",
			"sectSpd": "33",
			"section": "109602230",
			"seq": "40",
			"station": "109000174",
			"stationNm": "창동청구빌라",
			"stationNo": "10260",
			"transYn": "N",
			"fullSectDist": "306",
			"trnstnid": "108000160"
		},
		{
			"arsId": "10257",
			"beginTm": "05:51",
			"busRouteAbrv": "1127",
			"busRouteId": "100100143",
			"busRouteNm": "1127",
			"direction": "수유역",
			"gpsX": "127.0377286454",
			"gpsY": "37.6463646689",
			"lastTm": "23:57",
			"posX": "203329.22178760113",
			"posY": "460753.78225087747",
			"routeType": "4",
			"sectSpd": "35",
			"section": "109602459",
			"seq": "41",
			"station": "109000171",
			"stationNm": "창1동제1공영주차장입구",
			"stationNo": "10257",
			"transYn": "N",
			"fullSectDist": "252",
			"trnstnid": "108000160"
		},
		{
			"arsId": "10259",
			"beginTm": "05:52",
			"busRouteAbrv": "1127",
			"busRouteId": "100100143",
			"busRouteNm": "1127",
			"direction": "수유역",
			"gpsX": "127.0348557999",
			"gpsY": "37.6461375793",
			"lastTm": "23:58",
			"posX": "203075.72774518898",
			"posY": "460728.48224453675",
			"routeType": "4",
			"sectSpd": "19",
			"section": "109600664",
			"seq": "42",
			"station": "109000173",
			"stationNm": "KT도봉지점",
			"stationNo": "10259",
			"transYn": "N",
			"fullSectDist": "252",
			"trnstnid": "108000160"
		},
		{
			"arsId": "10126",
			"beginTm": "05:53",
			"busRouteAbrv": "1127",
			"busRouteId": "100100143",
			"busRouteNm": "1127",
			"direction": "수유역",
			"gpsX": "127.0342217518",
			"gpsY": "37.6473560254",
			"lastTm": "23:59",
			"posX": "203019.72906238155",
			"posY": "460863.6822620621",
			"routeType": "4",
			"sectSpd": "28",
			"section": "109600268",
			"seq": "43",
			"station": "109000041",
			"stationNm": "쌍문역",
			"stationNo": "10126",
			"transYn": "N",
			"fullSectDist": "246",
			"trnstnid": "108000160"
		},
		{
			"arsId": "10305",
			"beginTm": "05:54",
			"busRouteAbrv": "1127",
			"busRouteId": "100100143",
			"busRouteNm": "1127",
			"direction": "수유역",
			"gpsX": "127.0385652526",
			"gpsY": "37.6512951076",
			"lastTm": "00:00",
			"posX": "203402.8200656376",
			"posY": "461300.98231783323",
			"routeType": "4",
			"sectSpd": "137",
			"section": "109600668",
			"seq": "44",
			"station": "109000217",
			"stationNm": "창동고등학교",
			"stationNo": "10305",
			"transYn": "N",
			"fullSectDist": "654",
			"trnstnid": "108000160"
		},
		{
			"arsId": "10228",
			"beginTm": "05:55",
			"busRouteAbrv": "1127",
			"busRouteId": "100100143",
			"busRouteNm": "1127",
			"direction": "수유역",
			"gpsX": "127.0410046287",
			"gpsY": "37.6542705499",
			"lastTm": "00:01",
			"posX": "203617.91500950622",
			"posY": "461631.2823653645",
			"routeType": "4",
			"sectSpd": "64",
			"section": "109602430",
			"seq": "45",
			"station": "109000142",
			"stationNm": "창동주공1단지",
			"stationNo": "10228",
			"transYn": "N",
			"fullSectDist": "561",
			"trnstnid": "108000160"
		},
		{
			"arsId": "10298",
			"beginTm": "05:57",
			"busRouteAbrv": "1127",
			"busRouteId": "100100143",
			"busRouteNm": "1127",
			"direction": "수유역",
			"gpsX": "127.0405307222",
			"gpsY": "37.6560503446",
			"lastTm": "00:05",
			"posX": "203576.01599187238",
			"posY": "461828.78239460243",
			"routeType": "4",
			"sectSpd": "18",
			"section": "109600546",
			"seq": "46",
			"station": "109000210",
			"stationNm": "창5동현대1차아파트",
			"stationNo": "10298",
			"transYn": "N",
			"fullSectDist": "200",
			"trnstnid": "108000160"
		},
		{
			"arsId": "10117",
			"beginTm": "05:58",
			"busRouteAbrv": "1127",
			"busRouteId": "100100143",
			"busRouteNm": "1127",
			"direction": "수유역",
			"gpsX": "127.0401324698",
			"gpsY": "37.6573444298",
			"lastTm": "00:05",
			"posX": "203540.81681847977",
			"posY": "461972.38241633074",
			"routeType": "4",
			"sectSpd": "28",
			"section": "109601044",
			"seq": "47",
			"station": "109000034",
			"stationNm": "도봉보건소",
			"stationNo": "10117",
			"transYn": "N",
			"fullSectDist": "218",
			"trnstnid": "108000160"
		},
		{
			"arsId": "10115",
			"beginTm": "05:58",
			"busRouteAbrv": "1127",
			"busRouteId": "100100143",
			"busRouteNm": "1127",
			"direction": "수유역",
			"gpsX": "127.0423289452",
			"gpsY": "37.6613803395",
			"lastTm": "00:06",
			"posX": "203734.40579497963",
			"posY": "462420.3654585029",
			"routeType": "4",
			"sectSpd": "46",
			"section": "109602339",
			"seq": "48",
			"station": "109000032",
			"stationNm": "방학사거리.바로선병원",
			"stationNo": "10115",
			"transYn": "N",
			"fullSectDist": "491",
			"trnstnid": "108000160"
		},
		{
			"arsId": "10740",
			"beginTm": "05:59",
			"busRouteAbrv": "1127",
			"busRouteId": "100100143",
			"busRouteNm": "1127",
			"direction": "수유역",
			"gpsX": "127.0467520626",
			"gpsY": "37.6636468356",
			"lastTm": "00:07",
			"posX": "204124.50310657147",
			"posY": "462672.0825155028",
			"routeType": "4",
			"sectSpd": "49",
			"section": "109601046",
			"seq": "49",
			"station": "109000364",
			"stationNm": "서울문화고등학교",
			"stationNo": "10740",
			"transYn": "N",
			"fullSectDist": "585",
			"trnstnid": "108000160"
		},
		{
			"arsId": "10135",
			"beginTm": "06:01",
			"busRouteAbrv": "1127",
			"busRouteId": "100100143",
			"busRouteNm": "1127",
			"direction": "수유역",
			"gpsX": "127.0464529545",
			"gpsY": "37.6656806856",
			"lastTm": "00:08",
			"posX": "204098.00373569696",
			"posY": "462897.7825438478",
			"routeType": "4",
			"sectSpd": "43",
			"section": "109602351",
			"seq": "50",
			"station": "109000050",
			"stationNm": "방학1동대상타운현대삼성아파트",
			"stationNo": "10135",
			"transYn": "N",
			"fullSectDist": "228",
			"trnstnid": "108000160"
		},
		{
			"arsId": "10133",
			"beginTm": "06:02",
			"busRouteAbrv": "1127",
			"busRouteId": "100100143",
			"busRouteNm": "1127",
			"direction": "수유역",
			"gpsX": "127.0463337031",
			"gpsY": "37.6689552465",
			"lastTm": "00:09",
			"posX": "204087.30398664495",
			"posY": "463261.182586655",
			"routeType": "4",
			"sectSpd": "63",
			"section": "109602355",
			"seq": "51",
			"station": "109000048",
			"stationNm": "도봉구청",
			"stationNo": "10133",
			"transYn": "N",
			"fullSectDist": "369",
			"trnstnid": "108000160"
		},
		{
			"arsId": "10735",
			"beginTm": "06:04",
			"busRouteAbrv": "1127",
			"busRouteId": "100100143",
			"busRouteNm": "1127",
			"direction": "수유역",
			"gpsX": "127.0466777586",
			"gpsY": "37.6716952848",
			"lastTm": "00:10",
			"posX": "204117.5032722675",
			"posY": "463565.2826273916",
			"routeType": "4",
			"sectSpd": "108",
			"section": "109600676",
			"seq": "52",
			"station": "109000361",
			"stationNm": "서원아파트",
			"stationNo": "10735",
			"transYn": "N",
			"fullSectDist": "308",
			"trnstnid": "108000160"
		},
		{
			"arsId": "10131",
			"beginTm": "06:04",
			"busRouteAbrv": "1127",
			"busRouteId": "100100143",
			"busRouteNm": "1127",
			"direction": "수유역",
			"gpsX": "127.047318",
			"gpsY": "37.674737",
			"lastTm": "00:12",
			"posX": "204173.8093858567",
			"posY": "463902.8757021469",
			"routeType": "4",
			"sectSpd": "19",
			"section": "109600677",
			"seq": "53",
			"station": "109000046",
			"stationNm": "법조타운공영주차장",
			"stationNo": "10131",
			"transYn": "N",
			"fullSectDist": "168",
			"trnstnid": "108000160"
		},
		{
			"arsId": "10129",
			"beginTm": "06:05",
			"busRouteAbrv": "1127",
			"busRouteId": "100100143",
			"busRouteNm": "1127",
			"direction": "수유역",
			"gpsX": "127.048374262",
			"gpsY": "37.676134203",
			"lastTm": "00:12",
			"posX": "204266.89976043528",
			"posY": "464057.9827020876",
			"routeType": "4",
			"sectSpd": "10",
			"section": "109600392",
			"seq": "54",
			"station": "109000044",
			"stationNm": "서울북부지방법원.검찰청.성우아파트",
			"stationNo": "10129",
			"transYn": "N",
			"fullSectDist": "354",
			"trnstnid": "108000160"
		},
		{
			"arsId": "10303",
			"beginTm": "06:06",
			"busRouteAbrv": "1127",
			"busRouteId": "100100143",
			"busRouteNm": "1127",
			"direction": "수유역",
			"gpsX": "127.0494617013",
			"gpsY": "37.6781990171",
			"lastTm": "00:13",
			"posX": "204362.69751717712",
			"posY": "464287.18272792967",
			"routeType": "4",
			"sectSpd": "20",
			"section": "109600393",
			"seq": "55",
			"station": "109000215",
			"stationNm": "도봉동서광아파트",
			"stationNo": "10303",
			"transYn": "N",
			"fullSectDist": "255",
			"trnstnid": "108000160"
		},
		{
			"arsId": "10159",
			"beginTm": "06:07",
			"busRouteAbrv": "1127",
			"busRouteId": "100100143",
			"busRouteNm": "1127",
			"direction": "수유역",
			"gpsX": "127.0491191453",
			"gpsY": "37.6796543968",
			"lastTm": "00:14",
			"posX": "204332.39822363845",
			"posY": "464448.6827451214",
			"routeType": "4",
			"sectSpd": "13",
			"section": "109600679",
			"seq": "56",
			"station": "109000074",
			"stationNm": "노원교",
			"stationNo": "10159",
			"transYn": "N",
			"fullSectDist": "178",
			"trnstnid": "108000160"
		},
		{
			"arsId": "10157",
			"beginTm": "06:07",
			"busRouteAbrv": "1127",
			"busRouteId": "100100143",
			"busRouteNm": "1127",
			"direction": "수유역",
			"gpsX": "127.0470845566",
			"gpsY": "37.6803959104",
			"lastTm": "00:16",
			"posX": "204152.90244068552",
			"posY": "464530.8827623585",
			"routeType": "4",
			"sectSpd": "29",
			"section": "109602468",
			"seq": "57",
			"station": "109000072",
			"stationNm": "도봉역",
			"stationNo": "10157",
			"transYn": "N",
			"fullSectDist": "199",
			"trnstnid": "108000160"
		},
		{
			"arsId": "10104",
			"beginTm": "06:08",
			"busRouteAbrv": "1127",
			"busRouteId": "100100143",
			"busRouteNm": "1127",
			"direction": "수유역",
			"gpsX": "127.0459586654",
			"gpsY": "37.6821047926",
			"lastTm": "00:17",
			"posX": "204053.50477595336",
			"posY": "464720.48278916674",
			"routeType": "4",
			"sectSpd": "39",
			"section": "109600682",
			"seq": "58",
			"station": "109000024",
			"stationNm": "도봉동한신아파트",
			"stationNo": "10104",
			"transYn": "N",
			"fullSectDist": "321",
			"trnstnid": "108000160"
		},
		{
			"arsId": "10155",
			"beginTm": "06:09",
			"busRouteAbrv": "1127",
			"busRouteId": "100100143",
			"busRouteNm": "1127",
			"direction": "수유역",
			"gpsX": "127.0439340638",
			"gpsY": "37.6874918195",
			"lastTm": "00:18",
			"posX": "203874.65683857902",
			"posY": "465318.2420904669",
			"routeType": "4",
			"sectSpd": "41",
			"section": "109602344",
			"seq": "59",
			"station": "109000070",
			"stationNm": "김근태기념도서관.도봉고등학교",
			"stationNo": "10155",
			"transYn": "N",
			"fullSectDist": "759",
			"trnstnid": "108000160"
		},
		{
			"arsId": "10317",
			"beginTm": "06:11",
			"busRouteAbrv": "1127",
			"busRouteId": "100100143",
			"busRouteNm": "1127",
			"direction": "수유역",
			"gpsX": "127.040693",
			"gpsY": "37.687222",
			"lastTm": "00:21",
			"posX": "203588.832167254",
			"posY": "465288.1688228231",
			"routeType": "4",
			"sectSpd": "36",
			"section": "109602346",
			"seq": "60",
			"station": "109000228",
			"stationNm": "도봉산입구",
			"stationNo": "10317",
			"transYn": "N",
			"fullSectDist": "245",
			"trnstnid": "108000160"
		}
	]
}