{
	"count": 30,
	"result": [
		{
			"arsId": "11409",
			"beginTm": "05:00",
			"busRouteAbrv": "1142",
			"busRouteId": "100100157",
			"busRouteNm": "1142",
			"direction": "창동역",
			"gpsX": "127.083058",
			"gpsY": "37.644643",
			"lastTm": "23:58",
			"posX": "207329.30914286774",
			"posY": "460565.2901846338",
			"routeType": "4",
			"sectSpd": "6",
			"section": "110603918",
			"seq": "1",
			"station": "110000308",
			"stationNm": "중계본동종점",
			"stationNo": "11409",
			"transYn": "N",
			"fullSectDist": "15",
			"trnstnid": "109000180"
		},
		{
			"arsId": "11408",
			"beginTm": "04:59",
			"busRouteAbrv": "1142",
			"busRouteId": "100100157",
			"busRouteNm": "1142",
			"direction": "창동역",
			"gpsX": "127.0819108069",
			"gpsY": "37.6461584467",
			"lastTm": "23:55",
			"posX": "207227.93020611012",
			"posY": "460733.38229965046",
			"routeType": "4",
			"sectSpd": "11",
			"section": "110600738",
			"seq": "2",
			"station": "110000307",
			"stationNm": "노원우체국",
			"stationNo": "11408",
			"transYn": "N",
			"fullSectDist": "202",
			"trnstnid": "109000180"
		},
		{
			"arsId": "11406",
			"beginTm": "05:00",
			"busRouteAbrv": "1142",
			"busRouteId": "100100157",
			"busRouteNm": "1142",
			"direction": "창동역",
			"gpsX": "127.0806838117",
			"gpsY": "37.6474739679",
			"lastTm": "00:01",
			"posX": "207119.53275010982",
			"posY": "460879.28230904974",
			"routeType": "4",
			"sectSpd": "38",
			"section": "110603920",
			"seq": "3",
			"station": "110000305",
			"stationNm": "중계본동주민센터",
			"stationNo": "11406",
			"transYn": "N",
			"fullSectDist": "215",
			"trnstnid": "109000180"
		},
		{
			"arsId": "11411",
			"beginTm": "05:01",
			"busRouteAbrv": "1142",
			"busRouteId": "100100157",
			"busRouteNm": "1142",
			"direction": "창동역",
			"gpsX": "127.0794424677",
			"gpsY": "37.6481262911",
			"lastTm": "00:01",
			"posX": "207009.9353303968",
			"posY": "460951.5823198445",
			"routeType": "4",
			"sectSpd": "41",
			"section": "110601073",
			"seq": "4",
			"station": "110000310",
			"stationNm": "중계주공6단지상가",
			"stationNo": "11411",
			"transYn": "N",
			"fullSectDist": "177",
			"trnstnid": "109000180"
		},
		{
			"arsId": "11413",
			"beginTm": "05:02",
			"busRouteAbrv": "1142",
			"busRouteId": "100100157",
			"busRouteNm": "1142",
			"direction": "창동역",
			"gpsX": "127.0774716161",
			"gpsY": "37.6480131646",
			"lastTm": "00:01",
			"posX": "206836.03941413815",
			"posY": "460938.8823147677",
			"routeType": "4",
			"sectSpd": "11",
			"section": "110601074",
			"seq": "5",
			"station": "110000312",
			"stationNm": "중계주공6단지",
			"stationNo": "11413",
			"transYn": "N",
			"fullSectDist": "175",
			"trnstnid": "109000180"
		},
		{
			"arsId": "11414",
			"beginTm": "05:03",
			"busRouteAbrv": "1142",
			"busRouteId": "100100157",
			"busRouteNm": "1142",
			"direction": "창동역",
			"gpsX": "127.076827753",
			"gpsY": "37.6495062127",
			"lastTm": "00:02",
			"posX": "206779.08967568568",
			"posY": "461104.5310514774",
			"routeType": "4",
			"sectSpd": "23",
			"section": "110600801",
			"seq": "6",
			"station": "110000313",
			"stationNm": "은행사거리",
			"stationNo": "11414",
			"transYn": "N",
			"fullSectDist": "278",
			"trnstnid": "109000180"
		},
		{
			"arsId": "11398",
			"beginTm": "05:04",
			"busRouteAbrv": "1142",
			"busRouteId": "100100157",
			"busRouteNm": "1142",
			"direction": "창동역",
			"gpsX": "127.0775628848",
			"gpsY": "37.651867022",
			"lastTm": "00:03",
			"posX": "206843.73923015862",
			"posY": "461366.58237218764",
			"routeType": "4",
			"sectSpd": "37",
			"section": "110601076",
			"seq": "7",
			"station": "110000297",
			"stationNm": "중계1동주민센터",
			"stationNo": "11398",
			"transYn": "N",
			"fullSectDist": "288",
			"trnstnid": "109000180"
		},
		{
			"arsId": "11397",
			"beginTm": "05:05",
			"busRouteAbrv": "1142",
			"busRouteId": "100100157",
			"busRouteNm": "1142",
			"direction": "창동역",
			"gpsX": "127.0784549207",
			"gpsY": "37.6543102472",
			"lastTm": "00:05",
			"posX": "206922.22096808132",
			"posY": "461637.79223608086",
			"routeType": "4",
			"sectSpd": "22",
			"section": "110604115",
			"seq": "8",
			"station": "110000296",
			"stationNm": "중계주공4단지",
			"stationNo": "11397",
			"transYn": "N",
			"fullSectDist": "228",
			"trnstnid": "109000180"
		},
		{
			"arsId": "11395",
			"beginTm": "05:07",
			"busRouteAbrv": "1142",
			"busRouteId": "100100157",
			"busRouteNm": "1142",
			"direction": "창동역",
			"gpsX": "127.07783",
			"gpsY": "37.657048",
			"lastTm": "00:05",
			"posX": "206866.83092202584",
			"posY": "461941.57693423936",
			"routeType": "4",
			"sectSpd": "32",
			"section": "110601149",
			"seq": "9",
			"station": "110000294",
			"stationNm": "중계주공2단지",
			"stationNo": "11395",
			"transYn": "N",
			"fullSectDist": "356",
			"trnstnid": "109000180"
		},
		{
			"arsId": "11393",
			"beginTm": "05:08",
			"busRouteAbrv": "1142",
			"busRouteId": "100100157",
			"busRouteNm": "1142",
			"direction": "창동역",
			"gpsX": "127.0730669446",
			"gpsY": "37.6596020724",
			"lastTm": "00:07",
			"posX": "206446.37237062055",
			"posY": "462224.6851083315",
			"routeType": "4",
			"sectSpd": "26",
			"section": "110604121",
			"seq": "10",
			"station": "110000292",
			"stationNm": "상계역",
			"stationNo": "11393",
			"transYn": "N",
			"fullSectDist": "535",
			"trnstnid": "109000180"
		},
		{
			"arsId": "11223",
			"beginTm": "05:11",
			"busRouteAbrv": "1142",
			"busRouteId": "100100157",
			"busRouteNm": "1142",
			"direction": "창동역",
			"gpsX": "127.07079099",
			"gpsY": "37.6586672162",
			"lastTm": "00:10",
			"posX": "206245.65328463865",
			"posY": "462120.7824621694",
			"routeType": "4",
			"sectSpd": "20",
			"section": "110601016",
			"seq": "11",
			"station": "110000123",
			"stationNm": "상계중앙시장입구",
			"stationNo": "11223",
			"transYn": "N",
			"fullSectDist": "283",
			"trnstnid": "109000180"
		},
		{
			"arsId": "11262",
			"beginTm": "05:13",
			"busRouteAbrv": "1142",
			"busRouteId": "100100157",
			"busRouteNm": "1142",
			"direction": "창동역",
			"gpsX": "127.0673323625",
			"gpsY": "37.6575448861",
			"lastTm": "00:11",
			"posX": "205940.59948996562",
			"posY": "461996.0036295559",
			"routeType": "4",
			"sectSpd": "20",
			"section": "110604218",
			"seq": "12",
			"station": "110000698",
			"stationNm": "상계2동주민센터",
			"stationNo": "11262",
			"transYn": "N",
			"fullSectDist": "330",
			"trnstnid": "109000180"
		},
		{
			"arsId": "11210",
			"beginTm": "05:14",
			"busRouteAbrv": "1142",
			"busRouteId": "100100157",
			"busRouteNm": "1142",
			"direction": "창동역",
			"gpsX": "127.0620986528",
			"gpsY": "37.6562250263",
			"lastTm": "00:12",
			"posX": "205478.93670684373",
			"posY": "461849.209422817",
			"routeType": "4",
			"sectSpd": "21",
			"section": "110603705",
			"seq": "13",
			"station": "110000110",
			"stationNm": "노원역9번출구",
			"stationNo": "11210",
			"transYn": "N",
			"fullSectDist": "551",
			"trnstnid": "109000180"
		},
		{
			"arsId": "11251",
			"beginTm": "05:16",
			"busRouteAbrv": "1142",
			"busRouteId": "100100157",
			"busRouteNm": "1142",
			"direction": "창동역",
			"gpsX": "127.0572410143",
			"gpsY": "37.6542764042",
			"lastTm": "00:14",
			"posX": "205050.48135781032",
			"posY": "461632.68237729",
			"routeType": "4",
			"sectSpd": "47",
			"section": "110603886",
			"seq": "14",
			"station": "110000151",
			"stationNm": "노원구청",
			"stationNo": "11251",
			"transYn": "N",
			"fullSectDist": "518",
			"trnstnid": "109000180"
		},
		{
			"arsId": "10144",
			"beginTm": "05:19",
			"busRouteAbrv": "1142",
			"busRouteId": "100100157",
			"busRouteNm": "1142",
			"direction": "창동역",
			"gpsX": "127.0512466785",
			"gpsY": "37.6542124806",
			"lastTm": "00:16",
			"posX": "204521.59377804026",
			"posY": "461625.2823722465",
			"routeType": "4",
			"sectSpd": "50",
			"section": "109602444",
			"seq": "15",
			"station": "109000059",
			"stationNm": "창동농협물류센터",
			"stationNo": "10144",
			"transYn": "N",
			"fullSectDist": "813",
			"trnstnid": "109000180"
		},
		{
			"arsId": "10266",
			"beginTm": "05:22",
			"busRouteAbrv": "1142",
			"busRouteId": "100100157",
			"busRouteNm": "1142",
			"direction": "창동역",
			"gpsX": "127.050183",
			"gpsY": "37.653635",
			"lastTm": "00:19",
			"posX": "204427.7776470638",
			"posY": "461561.14394583507",
			"routeType": "4",
			"sectSpd": "103",
			"section": "109602483",
			"seq": "16",
			"station": "109000180",
			"stationNm": "창동역동측(노원방면)",
			"stationNo": "10266",
			"transYn": "Y",
			"fullSectDist": "647",
			"trnstnid": "109000180"
		},
		{
			"arsId": "10145",
			"beginTm": "05:23",
			"busRouteAbrv": "1142",
			"busRouteId": "100100157",
			"busRouteNm": "1142",
			"direction": "중계본동",
			"gpsX": "127.0511592104",
			"gpsY": "37.6537673942",
			"lastTm": "00:19",
			"posX": "204513.9032411253",
			"posY": "461575.88333138684",
			"routeType": "4",
			"sectSpd": "20",
			"section": "109602420",
			"seq": "17",
			"station": "109000060",
			"stationNm": "창동농협물류센터",
			"stationNo": "10145",
			"transYn": "N",
			"fullSectDist": "156",
			"trnstnid": "109000180"
		},
		{
			"arsId": "11252",
			"beginTm": "05:24",
			"busRouteAbrv": "1142",
			"busRouteId": "100100157",
			"busRouteNm": "1142",
			"direction": "중계본동",
			"gpsX": "127.0574869763",
			"gpsY": "37.6543087235",
			"lastTm": "00:21",
			"posX": "205072.18084679433",
			"posY": "461636.28238421306",
			"routeType": "4",
			"sectSpd": "14",
			"section": "110603837",
			"seq": "18",
			"station": "110000152",
			"stationNm": "노원구청",
			"stationNo": "11252",
			"transYn": "N",
			"fullSectDist": "841",
			"trnstnid": "109000180"
		},
		{
			"arsId": "11211",
			"beginTm": "05:26",
			"busRouteAbrv": "1142",
			"busRouteId": "100100157",
			"busRouteNm": "1142",
			"direction": "중계본동",
			"gpsX": "127.063365",
			"gpsY": "37.656202",
			"lastTm": "00:25",
			"posX": "205590.66769905837",
			"posY": "461846.7287415224",
			"routeType": "4",
			"sectSpd": "19",
			"section": "110603730",
			"seq": "19",
			"station": "110000111",
			"stationNm": "노원역1번출구",
			"stationNo": "11211",
			"transYn": "N",
			"fullSectDist": "642",
			"trnstnid": "109000180"
		},
		{
			"arsId": "11242",
			"beginTm": "05:29",
			"busRouteAbrv": "1142",
			"busRouteId": "100100157",
			"busRouteNm": "1142",
			"direction": "중계본동",
			"gpsX": "127.0677066158",
			"gpsY": "37.6574530882",
			"lastTm": "00:29",
			"posX": "205973.62646805952",
			"posY": "461985.8398420224",
			"routeType": "4",
			"sectSpd": "46",
			"section": "110604220",
			"seq": "20",
			"station": "110000699",
			"stationNm": "상계2동주민센터",
			"stationNo": "11242",
			"transYn": "N",
			"fullSectDist": "414",
			"trnstnid": "109000180"
		},
		{
			"arsId": "11222",
			"beginTm": "05:30",
			"busRouteAbrv": "1142",
			"busRouteId": "100100157",
			"busRouteNm": "1142",
			"direction": "중계본동",
			"gpsX": "127.070695",
			"gpsY": "37.658467",
			"lastTm": "00:30",
			"posX": "206237.20115576265",
			"posY": "462098.556447851",
			"routeType": "4",
			"sectSpd": "15",
			"section": "110604221",
			"seq": "21",
			"station": "110000122",
			"stationNm": "상계중앙시장입구",
			"stationNo": "11222",
			"transYn": "N",
			"fullSectDist": "284",
			"trnstnid": "109000180"
		},
		{
			"arsId": "11392",
			"beginTm": "05:31",
			"busRouteAbrv": "1142",
			"busRouteId": "100100157",
			"busRouteNm": "1142",
			"direction": "중계본동",
			"gpsX": "127.072807",
			"gpsY": "37.659543",
			"lastTm": "00:31",
			"posX": "206423.44369840535",
			"posY": "462218.11152385175",
			"routeType": "4",
			"sectSpd": "15",
			"section": "110604105",
			"seq": "22",
			"station": "110000291",
			"stationNm": "상계역",
			"stationNo": "11392",
			"transYn": "N",
			"fullSectDist": "312",
			"trnstnid": "109000180"
		},
		{
			"arsId": "11394",
			"beginTm": "05:33",
			"busRouteAbrv": "1142",
			"busRouteId": "100100157",
			"busRouteNm": "1142",
			"direction": "중계본동",
			"gpsX": "127.077310076",
			"gpsY": "37.6569324006",
			"lastTm": "00:33",
			"posX": "206820.9693307358",
			"posY": "461928.70998671046",
			"routeType": "4",
			"sectSpd": "19",
			"section": "110604111",
			"seq": "23",
			"station": "110000293",
			"stationNm": "중계주공3단지",
			"stationNo": "11394",
			"transYn": "N",
			"fullSectDist": "460",
			"trnstnid": "109000180"
		},
		{
			"arsId": "11396",
			"beginTm": "05:34",
			"busRouteAbrv": "1142",
			"busRouteId": "100100157",
			"busRouteNm": "1142",
			"direction": "중계본동",
			"gpsX": "127.0780504028",
			"gpsY": "37.655638775",
			"lastTm": "00:35",
			"posX": "206886.4069094617",
			"posY": "461785.1999470461",
			"routeType": "4",
			"sectSpd": "19",
			"section": "110601156",
			"seq": "24",
			"station": "110000295",
			"stationNm": "중계주공4단지",
			"stationNo": "11396",
			"transYn": "N",
			"fullSectDist": "250",
			"trnstnid": "109000180"
		},
		{
			"arsId": "11348",
			"beginTm": "05:36",
			"busRouteAbrv": "1142",
			"busRouteId": "100100157",
			"busRouteNm": "1142",
			"direction": "중계본동",
			"gpsX": "127.0772332213",
			"gpsY": "37.6519933894",
			"lastTm": "00:36",
			"posX": "206814.63991183648",
			"posY": "461380.58237595065",
			"routeType": "4",
			"sectSpd": "29",
			"section": "110604016",
			"seq": "25",
			"station": "110000247",
			"stationNm": "중계1동주민센터",
			"stationNo": "11348",
			"transYn": "N",
			"fullSectDist": "367",
			"trnstnid": "109000180"
		},
		{
			"arsId": "11349",
			"beginTm": "05:37",
			"busRouteAbrv": "1142",
			"busRouteId": "100100157",
			"busRouteNm": "1142",
			"direction": "중계본동",
			"gpsX": "127.0764225838",
			"gpsY": "37.6488502006",
			"lastTm": "00:37",
			"posX": "206743.3978648975",
			"posY": "461031.698942774",
			"routeType": "4",
			"sectSpd": "29",
			"section": "110600746",
			"seq": "26",
			"station": "110000248",
			"stationNm": "은행사거리",
			"stationNo": "11349",
			"transYn": "N",
			"fullSectDist": "363",
			"trnstnid": "109000180"
		},
		{
			"arsId": "11412",
			"beginTm": "05:40",
			"busRouteAbrv": "1142",
			"busRouteId": "100100157",
			"busRouteNm": "1142",
			"direction": "중계본동",
			"gpsX": "127.077428",
			"gpsY": "37.647837",
			"lastTm": "00:38",
			"posX": "206832.20689820536",
			"posY": "460919.32874806924",
			"routeType": "4",
			"sectSpd": "30",
			"section": "110604160",
			"seq": "27",
			"station": "110000311",
			"stationNm": "대림벽산아파트",
			"stationNo": "11412",
			"transYn": "N",
			"fullSectDist": "202",
			"trnstnid": "109000180"
		},
		{
			"arsId": "11410",
			"beginTm": "05:41",
			"busRouteAbrv": "1142",
			"busRouteId": "100100157",
			"busRouteNm": "1142",
			"direction": "중계본동",
			"gpsX": "127.079788",
			"gpsY": "37.647938",
			"lastTm": "00:39",
			"posX": "207040.44258420024",
			"posY": "460930.7120338292",
			"routeType": "4",
			"sectSpd": "17",
			"section": "110601161",
			"seq": "28",
			"station": "110000309",
			"stationNm": "중계주공7단지",
			"stationNo": "11410",
			"transYn": "N",
			"fullSectDist": "211",
			"trnstnid": "109000180"
		},
		{
			"arsId": "11407",
			"beginTm": "05:42",
			"busRouteAbrv": "1142",
			"busRouteId": "100100157",
			"busRouteNm": "1142",
			"direction": "중계본동",
			"gpsX": "127.0817180202",
			"gpsY": "37.6460324291",
			"lastTm": "00:39",
			"posX": "207210.93060401175",
			"posY": "460719.3822897277",
			"routeType": "4",
			"sectSpd": "15",
			"section": "110603950",
			"seq": "29",
			"station": "110000306",
			"stationNm": "노원우체국",
			"stationNo": "11407",
			"transYn": "N",
			"fullSectDist": "370",
			"trnstnid": "109000180"
		},
		{
			"arsId": "11487",
			"beginTm": "05:43",
			"busRouteAbrv": "1142",
			"busRouteId": "100100157",
			"busRouteNm": "1142",
			"direction": "중계본동",
			"gpsX": "127.082796",
			"gpsY": "37.644617",
			"lastTm": "00:40",
			"posX": "207306.19194988316",
			"posY": "460562.384321481",
			"routeType": "4",
			"sectSpd": "25",
			"section": "110601144",
			"seq": "30",
			"station": "110000385",
			"stationNm": "중계본동종점",
			"stationNo": "11487",
			"transYn": "N",
			"fullSectDist": "189",
			"trnstnid": "109000180"
		}
	]
}