{
	"count": 94,
	"result": [
		{
			"arsId": "40619",
			"beginTm": "05:10",
			"busRouteAbrv": "540",
			"busRouteId": "100100083",
			"busRouteNm": "540",
			"direction": "서울성모병원",
			"gpsX": "126.9253683059",
			"gpsY": "37.3319224125",
			"lastTm": "10:36",
			"posX": "193386.7437073272",
			"posY": "425860.50869334117",
			"routeType": "3",
			"sectSpd": "0",
			"section": "0",
			"seq": "1",
			"station": "225000180",
			"stationNm": "군포공영차고지",
			"stationNo": "40619",
			"transYn": "N",
			"fullSectDist": "0",
			"trnstnid": "121000139"
		},
		{
			"arsId": "40023",
			"beginTm": "04:53",
			"busRouteAbrv": "540",
			"busRouteId": "100100083",
			"busRouteNm": "540",
			"direction": "서울성모병원",
			"gpsX": "126.9262679095",
			"gpsY": "37.3340981772",
			"lastTm": "00:05",
			"posX": "193466.64773929387",
			"posY": "426101.895177579",
			"routeType": "3",
			"sectSpd": "6",
			"section": "225600263",
			"seq": "2",
			"station": "225000010",
			"stationNm": "군포보건소",
			"stationNo": "40023",
			"transYn": "N",
			"fullSectDist": "322",
			"trnstnid": "121000139"
		},
		{
			"arsId": "40609",
			"beginTm": "04:48",
			"busRouteAbrv": "540",
			"busRouteId": "100100083",
			"busRouteNm": "540",
			"direction": "서울성모병원",
			"gpsX": "126.9256951885",
			"gpsY": "37.3490365156",
			"lastTm": "00:07",
			"posX": "193417.20335982574",
			"posY": "427759.67540604295",
			"routeType": "3",
			"sectSpd": "37",
			"section": "225600258",
			"seq": "3",
			"station": "225000138",
			"stationNm": "수리산역",
			"stationNo": "40609",
			"transYn": "N",
			"fullSectDist": "1704",
			"trnstnid": "121000139"
		},
		{
			"arsId": "40111",
			"beginTm": "04:50",
			"busRouteAbrv": "540",
			"busRouteId": "100100083",
			"busRouteNm": "540",
			"direction": "서울성모병원",
			"gpsX": "126.9263661688",
			"gpsY": "37.3512032671",
			"lastTm": "00:09",
			"posX": "193476.83419606191",
			"posY": "428000.0784041905",
			"routeType": "3",
			"sectSpd": "11",
			"section": "225900160",
			"seq": "4",
			"station": "225000050",
			"stationNm": "군포소방서",
			"stationNo": "40111",
			"transYn": "N",
			"fullSectDist": "246",
			"trnstnid": "121000139"
		},
		{
			"arsId": "40117",
			"beginTm": "04:50",
			"busRouteAbrv": "540",
			"busRouteId": "100100083",
			"busRouteNm": "540",
			"direction": "서울성모병원",
			"gpsX": "126.9303784919",
			"gpsY": "37.3516903563",
			"lastTm": "00:10",
			"posX": "193832.32278413215",
			"posY": "428053.8622662439",
			"routeType": "3",
			"sectSpd": "13",
			"section": "225600276",
			"seq": "5",
			"station": "225000137",
			"stationNm": "오금동행정복지센터",
			"stationNo": "40117",
			"transYn": "N",
			"fullSectDist": "730",
			"trnstnid": "121000139"
		},
		{
			"arsId": "40122",
			"beginTm": "04:51",
			"busRouteAbrv": "540",
			"busRouteId": "100100083",
			"busRouteNm": "540",
			"direction": "서울성모병원",
			"gpsX": "126.9328283288",
			"gpsY": "37.3530334117",
			"lastTm": "00:11",
			"posX": "194049.45663306522",
			"posY": "428202.7471786267",
			"routeType": "3",
			"sectSpd": "15",
			"section": "225900163",
			"seq": "6",
			"station": "225000136",
			"stationNm": "3단지.소월아파트.다산아파트",
			"stationNo": "40122",
			"transYn": "N",
			"fullSectDist": "264",
			"trnstnid": "121000139"
		},
		{
			"arsId": "40099",
			"beginTm": "04:52",
			"busRouteAbrv": "540",
			"busRouteId": "100100083",
			"busRouteNm": "540",
			"direction": "서울성모병원",
			"gpsX": "126.9351154",
			"gpsY": "37.3544218507",
			"lastTm": "00:12",
			"posX": "194252.1675242544",
			"posY": "428356.6839748393",
			"routeType": "3",
			"sectSpd": "11",
			"section": "225600007",
			"seq": "7",
			"station": "225000135",
			"stationNm": "시민체육광장",
			"stationNo": "40099",
			"transYn": "N",
			"fullSectDist": "257",
			"trnstnid": "121000139"
		},
		{
			"arsId": "40102",
			"beginTm": "04:54",
			"busRouteAbrv": "540",
			"busRouteId": "100100083",
			"busRouteNm": "540",
			"direction": "서울성모병원",
			"gpsX": "126.9361084569",
			"gpsY": "37.3573171515",
			"lastTm": "00:14",
			"posX": "194340.3553410967",
			"posY": "428677.9226864632",
			"routeType": "3",
			"sectSpd": "12",
			"section": "225600008",
			"seq": "8",
			"station": "225000134",
			"stationNm": "주공1단지.무궁화아파트",
			"stationNo": "40102",
			"transYn": "N",
			"fullSectDist": "373",
			"trnstnid": "121000139"
		},
		{
			"arsId": "40107",
			"beginTm": "04:54",
			"busRouteAbrv": "540",
			"busRouteId": "100100083",
			"busRouteNm": "540",
			"direction": "서울성모병원",
			"gpsX": "126.9384541632",
			"gpsY": "37.3606734679",
			"lastTm": "00:14",
			"posX": "194548.3856455437",
			"posY": "429050.24359924905",
			"routeType": "3",
			"sectSpd": "19",
			"section": "225600009",
			"seq": "9",
			"station": "225000133",
			"stationNm": "군포경찰서",
			"stationNo": "40107",
			"transYn": "N",
			"fullSectDist": "594",
			"trnstnid": "121000139"
		},
		{
			"arsId": "40088",
			"beginTm": "04:56",
			"busRouteAbrv": "540",
			"busRouteId": "100100083",
			"busRouteNm": "540",
			"direction": "서울성모병원",
			"gpsX": "126.940658712",
			"gpsY": "37.3618676573",
			"lastTm": "00:16",
			"posX": "194743.74373926927",
			"posY": "429182.64086093334",
			"routeType": "3",
			"sectSpd": "19",
			"section": "225900167",
			"seq": "10",
			"station": "225000132",
			"stationNm": "신환아파트",
			"stationNo": "40088",
			"transYn": "N",
			"fullSectDist": "237",
			"trnstnid": "121000139"
		},
		{
			"arsId": "40086",
			"beginTm": "04:56",
			"busRouteAbrv": "540",
			"busRouteId": "100100083",
			"busRouteNm": "540",
			"direction": "서울성모병원",
			"gpsX": "126.9431419035",
			"gpsY": "37.3632450162",
			"lastTm": "00:17",
			"posX": "194963.78875162225",
			"posY": "429335.3546030903",
			"routeType": "3",
			"sectSpd": "9",
			"section": "225600011",
			"seq": "11",
			"station": "225000251",
			"stationNm": "금정고가금정농협",
			"stationNo": "40086",
			"transYn": "N",
			"fullSectDist": "269",
			"trnstnid": "121000139"
		},
		{
			"arsId": "56076",
			"beginTm": "04:57",
			"busRouteAbrv": "540",
			"busRouteId": "100100083",
			"busRouteNm": "540",
			"direction": "서울성모병원",
			"gpsX": "126.9509327117",
			"gpsY": "37.3674057479",
			"lastTm": "00:17",
			"posX": "195654.10035114802",
			"posY": "429796.6948916791",
			"routeType": "3",
			"sectSpd": "16",
			"section": "225600012",
			"seq": "12",
			"station": "209000144",
			"stationNm": "삼신아파트",
			"stationNo": "56076",
			"transYn": "N",
			"fullSectDist": "865",
			"trnstnid": "121000139"
		},
		{
			"arsId": "56078",
			"beginTm": "05:01",
			"busRouteAbrv": "540",
			"busRouteId": "100100083",
			"busRouteNm": "540",
			"direction": "서울성모병원",
			"gpsX": "126.956023261",
			"gpsY": "37.3695524696",
			"lastTm": "00:21",
			"posX": "196105.08233757573",
			"posY": "430034.70020862715",
			"routeType": "3",
			"sectSpd": "13",
			"section": "209900267",
			"seq": "13",
			"station": "209000007",
			"stationNm": "서안이노빌아파트",
			"stationNo": "56078",
			"transYn": "N",
			"fullSectDist": "526",
			"trnstnid": "121000139"
		},
		{
			"arsId": "56070",
			"beginTm": "05:01",
			"busRouteAbrv": "540",
			"busRouteId": "100100083",
			"busRouteNm": "540",
			"direction": "서울성모병원",
			"gpsX": "126.9593430779",
			"gpsY": "37.370367011",
			"lastTm": "00:21",
			"posX": "196399.1497579924",
			"posY": "430124.9602835695",
			"routeType": "3",
			"sectSpd": "7",
			"section": "209600023",
			"seq": "14",
			"station": "209000006",
			"stationNm": "호계사거리",
			"stationNo": "56070",
			"transYn": "N",
			"fullSectDist": "332",
			"trnstnid": "121000139"
		},
		{
			"arsId": "56071",
			"beginTm": "05:04",
			"busRouteAbrv": "540",
			"busRouteId": "100100083",
			"busRouteNm": "540",
			"direction": "서울성모병원",
			"gpsX": "126.9624577668",
			"gpsY": "37.3715732668",
			"lastTm": "00:22",
			"posX": "196675.0607883596",
			"posY": "430258.70754052605",
			"routeType": "3",
			"sectSpd": "27",
			"section": "209900187",
			"seq": "15",
			"station": "209000005",
			"stationNm": "호계소방파출소",
			"stationNo": "56071",
			"transYn": "N",
			"fullSectDist": "314",
			"trnstnid": "121000139"
		},
		{
			"arsId": "60017",
			"beginTm": "05:04",
			"busRouteAbrv": "540",
			"busRouteId": "100100083",
			"busRouteNm": "540",
			"direction": "서울성모병원",
			"gpsX": "126.9659403449",
			"gpsY": "37.3728647131",
			"lastTm": "00:23",
			"posX": "196983.5480920148",
			"posY": "430401.90593096195",
			"routeType": "3",
			"sectSpd": "13",
			"section": "209900188",
			"seq": "16",
			"station": "209000004",
			"stationNm": "덕고개사거리",
			"stationNo": "60017",
			"transYn": "N",
			"fullSectDist": "370",
			"trnstnid": "121000139"
		},
		{
			"arsId": "60021",
			"beginTm": "05:05",
			"busRouteAbrv": "540",
			"busRouteId": "100100083",
			"busRouteNm": "540",
			"direction": "서울성모병원",
			"gpsX": "126.967650141",
			"gpsY": "37.3746206349",
			"lastTm": "00:25",
			"posX": "197135.04089223084",
			"posY": "430596.7122146017",
			"routeType": "3",
			"sectSpd": "22",
			"section": "209900189",
			"seq": "17",
			"station": "226000136",
			"stationNm": "샘마을.대안중학교",
			"stationNo": "60021",
			"transYn": "N",
			"fullSectDist": "271",
			"trnstnid": "121000139"
		},
		{
			"arsId": "60020",
			"beginTm": "05:05",
			"busRouteAbrv": "540",
			"busRouteId": "100100083",
			"busRouteNm": "540",
			"direction": "서울성모병원",
			"gpsX": "126.9706293155",
			"gpsY": "37.3787755865",
			"lastTm": "00:25",
			"posX": "197399.02519832962",
			"posY": "431057.71277458593",
			"routeType": "3",
			"sectSpd": "15",
			"section": "226900202",
			"seq": "18",
			"station": "226000135",
			"stationNm": "안양남초등학교",
			"stationNo": "60020",
			"transYn": "N",
			"fullSectDist": "547",
			"trnstnid": "121000139"
		},
		{
			"arsId": "60019",
			"beginTm": "05:06",
			"busRouteAbrv": "540",
			"busRouteId": "100100083",
			"busRouteNm": "540",
			"direction": "서울성모병원",
			"gpsX": "126.9727732431",
			"gpsY": "37.3848400744",
			"lastTm": "00:26",
			"posX": "197589.07880560675",
			"posY": "431730.64993431885",
			"routeType": "3",
			"sectSpd": "16",
			"section": "226900203",
			"seq": "19",
			"station": "226000134",
			"stationNm": "농수산물시장.포일단지입구",
			"stationNo": "60019",
			"transYn": "N",
			"fullSectDist": "711",
			"trnstnid": "121000139"
		},
		{
			"arsId": "56052",
			"beginTm": "05:08",
			"busRouteAbrv": "540",
			"busRouteId": "100100083",
			"busRouteNm": "540",
			"direction": "서울성모병원",
			"gpsX": "126.9730464803",
			"gpsY": "37.3873744261",
			"lastTm": "00:28",
			"posX": "197613.3542138053",
			"posY": "432011.88766670274",
			"routeType": "3",
			"sectSpd": "17",
			"section": "226900204",
			"seq": "20",
			"station": "209000114",
			"stationNm": "민백마을",
			"stationNo": "56052",
			"transYn": "N",
			"fullSectDist": "286",
			"trnstnid": "121000139"
		},
		{
			"arsId": "56040",
			"beginTm": "05:09",
			"busRouteAbrv": "540",
			"busRouteId": "100100083",
			"busRouteNm": "540",
			"direction": "서울성모병원",
			"gpsX": "126.9746051857",
			"gpsY": "37.3918080645",
			"lastTm": "00:29",
			"posX": "197751.50489143148",
			"posY": "432503.8639419954",
			"routeType": "3",
			"sectSpd": "12",
			"section": "209900190",
			"seq": "21",
			"station": "209000113",
			"stationNm": "나눔초등학교.오뚜기식품.두산번",
			"stationNo": "56040",
			"transYn": "N",
			"fullSectDist": "522",
			"trnstnid": "121000139"
		},
		{
			"arsId": "56053",
			"beginTm": "05:10",
			"busRouteAbrv": "540",
			"busRouteId": "100100083",
			"busRouteNm": "540",
			"direction": "서울성모병원",
			"gpsX": "126.9760551246",
			"gpsY": "37.3952221833",
			"lastTm": "00:31",
			"posX": "197879.98082640284",
			"posY": "432882.7059425395",
			"routeType": "3",
			"sectSpd": "14",
			"section": "209900191",
			"seq": "22",
			"station": "209000112",
			"stationNm": "평촌동행정복지센터.인덕원대우 ",
			"stationNo": "56053",
			"transYn": "N",
			"fullSectDist": "408",
			"trnstnid": "121000139"
		},
		{
			"arsId": "56043",
			"beginTm": "05:12",
			"busRouteAbrv": "540",
			"busRouteId": "100100083",
			"busRouteNm": "540",
			"direction": "서울성모병원",
			"gpsX": "126.9773075892",
			"gpsY": "37.3978976371",
			"lastTm": "00:32",
			"posX": "197990.94231812525",
			"posY": "433179.58226142544",
			"routeType": "3",
			"sectSpd": "15",
			"section": "209900192",
			"seq": "23",
			"station": "209000111",
			"stationNm": "인덕원초교.삼성아파트",
			"stationNo": "56043",
			"transYn": "N",
			"fullSectDist": "454",
			"trnstnid": "121000139"
		},
		{
			"arsId": "56039",
			"beginTm": "05:13",
			"busRouteAbrv": "540",
			"busRouteId": "100100083",
			"busRouteNm": "540",
			"direction": "서울성모병원",
			"gpsX": "126.9771942761",
			"gpsY": "37.4000884223",
			"lastTm": "00:32",
			"posX": "197980.9689925909",
			"posY": "433422.7032720018",
			"routeType": "3",
			"sectSpd": "11",
			"section": "209900193",
			"seq": "24",
			"station": "209000142",
			"stationNm": "인덕원역4호선",
			"stationNo": "56039",
			"transYn": "N",
			"fullSectDist": "206",
			"trnstnid": "121000139"
		},
		{
			"arsId": "21082",
			"beginTm": "05:13",
			"busRouteAbrv": "540",
			"busRouteId": "100100083",
			"busRouteNm": "540",
			"direction": "서울성모병원",
			"gpsX": "126.9798463193",
			"gpsY": "37.4082308325",
			"lastTm": "00:33",
			"posX": "198215.95213130713",
			"posY": "434326.2404580042",
			"routeType": "3",
			"sectSpd": "13",
			"section": "209600126",
			"seq": "25",
			"station": "220000092",
			"stationNm": "린파밀리에",
			"stationNo": "21082",
			"transYn": "N",
			"fullSectDist": "978",
			"trnstnid": "121000139"
		},
		{
			"arsId": "37013",
			"beginTm": "05:14",
			"busRouteAbrv": "540",
			"busRouteId": "100100083",
			"busRouteNm": "540",
			"direction": "서울성모병원",
			"gpsX": "126.982253706",
			"gpsY": "37.4132660469",
			"lastTm": "00:35",
			"posX": "198429.164412782",
			"posY": "434884.9729391099",
			"routeType": "3",
			"sectSpd": "3",
			"section": "220600095",
			"seq": "26",
			"station": "220000028",
			"stationNm": "과천푸르지오라비엔오",
			"stationNo": "37013",
			"transYn": "N",
			"fullSectDist": "93",
			"trnstnid": "121000139"
		},
		{
			"arsId": "37008",
			"beginTm": "05:16",
			"busRouteAbrv": "540",
			"busRouteId": "100100083",
			"busRouteNm": "540",
			"direction": "서울성모병원",
			"gpsX": "126.9843388446",
			"gpsY": "37.4150734348",
			"lastTm": "00:37",
			"posX": "198613.7663964626",
			"posY": "435085.5125001259",
			"routeType": "3",
			"sectSpd": "44",
			"section": "220900063",
			"seq": "27",
			"station": "220000027",
			"stationNm": "찬우물",
			"stationNo": "37008",
			"transYn": "N",
			"fullSectDist": "802",
			"trnstnid": "121000139"
		},
		{
			"arsId": "37037",
			"beginTm": "05:17",
			"busRouteAbrv": "540",
			"busRouteId": "100100083",
			"busRouteNm": "540",
			"direction": "서울성모병원",
			"gpsX": "126.9886203805",
			"gpsY": "37.4189811192",
			"lastTm": "00:38",
			"posX": "198992.79517276728",
			"posY": "435519.10798468627",
			"routeType": "3",
			"sectSpd": "17",
			"section": "220900064",
			"seq": "28",
			"station": "220000031",
			"stationNm": "정보과학도서관",
			"stationNo": "37037",
			"transYn": "N",
			"fullSectDist": "587",
			"trnstnid": "121000139"
		},
		{
			"arsId": "37010",
			"beginTm": "05:19",
			"busRouteAbrv": "540",
			"busRouteId": "100100083",
			"busRouteNm": "540",
			"direction": "서울성모병원",
			"gpsX": "126.9890786881",
			"gpsY": "37.4216222419",
			"lastTm": "00:39",
			"posX": "199033.39371445635",
			"posY": "435812.1982539417",
			"routeType": "3",
			"sectSpd": "16",
			"section": "220900065",
			"seq": "29",
			"station": "220000026",
			"stationNm": "과천위버필드.래미안슈르",
			"stationNo": "37010",
			"transYn": "N",
			"fullSectDist": "305",
			"trnstnid": "121000139"
		},
		{
			"arsId": "37018",
			"beginTm": "05:19",
			"busRouteAbrv": "540",
			"busRouteId": "100100083",
			"busRouteNm": "540",
			"direction": "서울성모병원",
			"gpsX": "126.9903168771",
			"gpsY": "37.4263973313",
			"lastTm": "00:40",
			"posX": "199143.03582316788",
			"posY": "436342.0957837864",
			"routeType": "3",
			"sectSpd": "16",
			"section": "220900066",
			"seq": "30",
			"station": "220000025",
			"stationNm": "정부과천청사역2번출구",
			"stationNo": "37018",
			"transYn": "N",
			"fullSectDist": "556",
			"trnstnid": "121000139"
		},
		{
			"arsId": "37017",
			"beginTm": "05:21",
			"busRouteAbrv": "540",
			"busRouteId": "100100083",
			"busRouteNm": "540",
			"direction": "서울성모병원",
			"gpsX": "126.9922696122",
			"gpsY": "37.4286475839",
			"lastTm": "00:41",
			"posX": "199315.874930006",
			"posY": "436591.7989062569",
			"routeType": "3",
			"sectSpd": "12",
			"section": "220900067",
			"seq": "31",
			"station": "220000024",
			"stationNm": "과천중앙공원.KT과천지사",
			"stationNo": "37017",
			"transYn": "N",
			"fullSectDist": "309",
			"trnstnid": "121000139"
		},
		{
			"arsId": "37016",
			"beginTm": "05:23",
			"busRouteAbrv": "540",
			"busRouteId": "100100083",
			"busRouteNm": "540",
			"direction": "서울성모병원",
			"gpsX": "126.9947101438",
			"gpsY": "37.431418629",
			"lastTm": "00:43",
			"posX": "199531.87473427734",
			"posY": "436899.297527086",
			"routeType": "3",
			"sectSpd": "19",
			"section": "220900068",
			"seq": "32",
			"station": "220000023",
			"stationNm": "경기과천교육도서관.과천역6출구",
			"stationNo": "37016",
			"transYn": "N",
			"fullSectDist": "374",
			"trnstnid": "121000139"
		},
		{
			"arsId": "37019",
			"beginTm": "05:24",
			"busRouteAbrv": "540",
			"busRouteId": "100100083",
			"busRouteNm": "540",
			"direction": "서울성모병원",
			"gpsX": "126.9967059464",
			"gpsY": "37.4356564374",
			"lastTm": "00:43",
			"posX": "199708.5095096218",
			"posY": "437369.5756664397",
			"routeType": "3",
			"sectSpd": "17",
			"section": "220900069",
			"seq": "33",
			"station": "220000022",
			"stationNm": "8.9단지",
			"stationNo": "37019",
			"transYn": "N",
			"fullSectDist": "546",
			"trnstnid": "121000139"
		},
		{
			"arsId": "37005",
			"beginTm": "05:27",
			"busRouteAbrv": "540",
			"busRouteId": "100100083",
			"busRouteNm": "540",
			"direction": "서울성모병원",
			"gpsX": "126.9946011987",
			"gpsY": "37.4388715416",
			"lastTm": "00:44",
			"posX": "199522.28102277635",
			"posY": "437726.377173868",
			"routeType": "3",
			"sectSpd": "17",
			"section": "220900070",
			"seq": "34",
			"station": "220000021",
			"stationNm": "관문체육공원.과천성당",
			"stationNo": "37005",
			"transYn": "N",
			"fullSectDist": "404",
			"trnstnid": "121000139"
		},
		{
			"arsId": "37034",
			"beginTm": "05:28",
			"busRouteAbrv": "540",
			"busRouteId": "100100083",
			"busRouteNm": "540",
			"direction": "서울성모병원",
			"gpsX": "126.9942024148",
			"gpsY": "37.4495250787",
			"lastTm": "00:46",
			"posX": "199487.0669180742",
			"posY": "438908.6461019139",
			"routeType": "3",
			"sectSpd": "25",
			"section": "220900071",
			"seq": "35",
			"station": "220000020",
			"stationNm": "과천동주민센터",
			"stationNo": "37034",
			"transYn": "N",
			"fullSectDist": "1230",
			"trnstnid": "121000139"
		},
		{
			"arsId": "37029",
			"beginTm": "05:31",
			"busRouteAbrv": "540",
			"busRouteId": "100100083",
			"busRouteNm": "540",
			"direction": "서울성모병원",
			"gpsX": "126.9889615763",
			"gpsY": "37.4579204403",
			"lastTm": "00:49",
			"posX": "199023.50036056916",
			"posY": "439840.3568381318",
			"routeType": "3",
			"sectSpd": "32",
			"section": "220900072",
			"seq": "36",
			"station": "220000001",
			"stationNm": "남태령고개",
			"stationNo": "37029",
			"transYn": "N",
			"fullSectDist": "1051",
			"trnstnid": "121000139"
		},
		{
			"arsId": "22026",
			"beginTm": "05:33",
			"busRouteAbrv": "540",
			"busRouteId": "100100083",
			"busRouteNm": "540",
			"direction": "서울성모병원",
			"gpsX": "126.9880882012",
			"gpsY": "37.4656951829",
			"lastTm": "00:50",
			"posX": "198946.3474848161",
			"posY": "440703.16398771387",
			"routeType": "3",
			"sectSpd": "43",
			"section": "121607532",
			"seq": "37",
			"station": "120000671",
			"stationNm": "남태령역",
			"stationNo": "22026",
			"transYn": "N",
			"fullSectDist": "912",
			"trnstnid": "121000139"
		},
		{
			"arsId": "22028",
			"beginTm": "05:34",
			"busRouteAbrv": "540",
			"busRouteId": "100100083",
			"busRouteNm": "540",
			"direction": "서울성모병원",
			"gpsX": "126.9819451802",
			"gpsY": "37.4743280355",
			"lastTm": "00:51",
			"posX": "198403.15312824197",
			"posY": "441661.27777923224",
			"routeType": "3",
			"sectSpd": "19",
			"section": "120603111",
			"seq": "38",
			"station": "121001315",
			"stationNm": "사당역",
			"stationNo": "22028",
			"transYn": "N",
			"fullSectDist": "1124",
			"trnstnid": "121000139"
		},
		{
			"arsId": "22027",
			"beginTm": "05:37",
			"busRouteAbrv": "540",
			"busRouteId": "100100083",
			"busRouteNm": "540",
			"direction": "서울성모병원",
			"gpsX": "126.9820742447",
			"gpsY": "37.4823316953",
			"lastTm": "00:53",
			"posX": "198414.73724147407",
			"posY": "442549.4797849343",
			"routeType": "3",
			"sectSpd": "59",
			"section": "121608326",
			"seq": "39",
			"station": "121000533",
			"stationNm": "이수역",
			"stationNo": "22027",
			"transYn": "N",
			"fullSectDist": "896",
			"trnstnid": "121000139"
		},
		{
			"arsId": "22029",
			"beginTm": "05:39",
			"busRouteAbrv": "540",
			"busRouteId": "100100083",
			"busRouteNm": "540",
			"direction": "서울성모병원",
			"gpsX": "126.9823285688",
			"gpsY": "37.4875329115",
			"lastTm": "00:56",
			"posX": "198437.33671272665",
			"posY": "443126.67987197964",
			"routeType": "3",
			"sectSpd": "72",
			"section": "121608332",
			"seq": "40",
			"station": "121000532",
			"stationNm": "총신대입구역.남성시장입구앞",
			"stationNo": "22029",
			"transYn": "N",
			"fullSectDist": "578",
			"trnstnid": "121000139"
		},
		{
			"arsId": "22031",
			"beginTm": "05:41",
			"busRouteAbrv": "540",
			"busRouteId": "100100083",
			"busRouteNm": "540",
			"direction": "서울성모병원",
			"gpsX": "126.9827417832",
			"gpsY": "37.4904372318",
			"lastTm": "00:59",
			"posX": "198473.93584938865",
			"posY": "443448.9799082121",
			"routeType": "3",
			"sectSpd": "46",
			"section": "121608334",
			"seq": "41",
			"station": "121000531",
			"stationNm": "경문고등학교",
			"stationNo": "22031",
			"transYn": "N",
			"fullSectDist": "325",
			"trnstnid": "121000139"
		},
		{
			"arsId": "22033",
			"beginTm": "05:42",
			"busRouteAbrv": "540",
			"busRouteId": "100100083",
			"busRouteNm": "540",
			"direction": "서울성모병원",
			"gpsX": "126.9828101212",
			"gpsY": "37.4932522904",
			"lastTm": "01:00",
			"posX": "198480.03570990052",
			"posY": "443761.3799553127",
			"routeType": "3",
			"sectSpd": "38",
			"section": "121600056",
			"seq": "42",
			"station": "121000530",
			"stationNm": "정금마을",
			"stationNo": "22033",
			"transYn": "N",
			"fullSectDist": "313",
			"trnstnid": "121000139"
		},
		{
			"arsId": "22225",
			"beginTm": "05:43",
			"busRouteAbrv": "540",
			"busRouteId": "100100083",
			"busRouteNm": "540",
			"direction": "서울성모병원",
			"gpsX": "126.983319414",
			"gpsY": "37.4966197869",
			"lastTm": "01:02",
			"posX": "198525.1346485341",
			"posY": "444135.0800022809",
			"routeType": "3",
			"sectSpd": "17",
			"section": "121604084",
			"seq": "43",
			"station": "121000149",
			"stationNm": "이수교",
			"stationNo": "22225",
			"transYn": "N",
			"fullSectDist": "404",
			"trnstnid": "121000139"
		},
		{
			"arsId": "22024",
			"beginTm": "05:44",
			"busRouteAbrv": "540",
			"busRouteId": "100100083",
			"busRouteNm": "540",
			"direction": "서울성모병원",
			"gpsX": "126.9888988467",
			"gpsY": "37.5016386844",
			"lastTm": "01:02",
			"posX": "199018.52305957873",
			"posY": "444691.98007539706",
			"routeType": "3",
			"sectSpd": "36",
			"section": "121603090",
			"seq": "44",
			"station": "121000024",
			"stationNm": "구반포역.세화고등학교",
			"stationNo": "22024",
			"transYn": "N",
			"fullSectDist": "840",
			"trnstnid": "121000139"
		},
		{
			"arsId": "22022",
			"beginTm": "05:47",
			"busRouteAbrv": "540",
			"busRouteId": "100100083",
			"busRouteNm": "540",
			"direction": "서울성모병원",
			"gpsX": "126.9944510234",
			"gpsY": "37.5029429707",
			"lastTm": "01:05",
			"posX": "199509.41152857104",
			"posY": "444836.6800918444",
			"routeType": "3",
			"sectSpd": "11",
			"section": "121603091",
			"seq": "45",
			"station": "121000022",
			"stationNm": "신반포역.세화여중고",
			"stationNo": "22022",
			"transYn": "N",
			"fullSectDist": "246",
			"trnstnid": "121000139"
		},
		{
			"arsId": "22020",
			"beginTm": "05:48",
			"busRouteAbrv": "540",
			"busRouteId": "100100083",
			"busRouteNm": "540",
			"direction": "서울성모병원",
			"gpsX": "127.003792583",
			"gpsY": "37.5057382586",
			"lastTm": "01:06",
			"posX": "200335.29211953797",
			"posY": "445146.8801366212",
			"routeType": "3",
			"sectSpd": "40",
			"section": "121608080",
			"seq": "46",
			"station": "121000020",
			"stationNm": "고속터미널",
			"stationNo": "22020",
			"transYn": "N",
			"fullSectDist": "1638",
			"trnstnid": "121000139"
		},
		{
			"arsId": "22215",
			"beginTm": "05:49",
			"busRouteAbrv": "540",
			"busRouteId": "100100083",
			"busRouteNm": "540",
			"direction": "서울성모병원",
			"gpsX": "127.005647362",
			"gpsY": "37.5027203938",
			"lastTm": "01:08",
			"posX": "200499.2882680487",
			"posY": "444811.9800901762",
			"routeType": "3",
			"sectSpd": "82",
			"section": "121608603",
			"seq": "47",
			"station": "121000139",
			"stationNm": "서울성모병원",
			"stationNo": "22215",
			"transYn": "Y",
			"fullSectDist": "1661",
			"trnstnid": "121000139"
		},
		{
			"arsId": "22019",
			"beginTm": "05:54",
			"busRouteAbrv": "540",
			"busRouteId": "100100083",
			"busRouteNm": "540",
			"direction": "군포공영차고지",
			"gpsX": "127.0052834138",
			"gpsY": "37.5062923789",
			"lastTm": "01:12",
			"posX": "200467.08903079625",
			"posY": "445208.3801442161",
			"routeType": "3",
			"sectSpd": "43",
			"section": "121608051",
			"seq": "48",
			"station": "121000019",
			"stationNm": "고속터미널",
			"stationNo": "22019",
			"transYn": "N",
			"fullSectDist": "1152",
			"trnstnid": "121000139"
		},
		{
			"arsId": "22021",
			"beginTm": "06:07",
			"busRouteAbrv": "540",
			"busRouteId": "100100083",
			"busRouteNm": "540",
			"direction": "군포공영차고지",
			"gpsX": "126.9958263651",
			"gpsY": "37.5034152049",
			"lastTm": "01:21",
			"posX": "199631.00866763262",
			"posY": "444889.0801053378",
			"routeType": "3",
			"sectSpd": "33",
			"section": "121608164",
			"seq": "49",
			"station": "121000021",
			"stationNm": "신반포역.세화여중고",
			"stationNo": "22021",
			"transYn": "N",
			"fullSectDist": "894",
			"trnstnid": "121000139"
		},
		{
			"arsId": "22023",
			"beginTm": "06:10",
			"busRouteAbrv": "540",
			"busRouteId": "100100083",
			"busRouteNm": "540",
			"direction": "군포공영차고지",
			"gpsX": "126.9900264523",
			"gpsY": "37.5019451598",
			"lastTm": "01:23",
			"posX": "199118.22071075984",
			"posY": "444725.9800805808",
			"routeType": "3",
			"sectSpd": "17",
			"section": "121600027",
			"seq": "50",
			"station": "121000023",
			"stationNm": "구반포역.세화고등학교",
			"stationNo": "22023",
			"transYn": "N",
			"fullSectDist": "542",
			"trnstnid": "121000139"
		},
		{
			"arsId": "20015",
			"beginTm": "06:11",
			"busRouteAbrv": "540",
			"busRouteId": "100100083",
			"busRouteNm": "540",
			"direction": "군포공영차고지",
			"gpsX": "126.983311749",
			"gpsY": "37.4975550541",
			"lastTm": "01:24",
			"posX": "198524.47532646806",
			"posY": "444238.87150009116",
			"routeType": "3",
			"sectSpd": "40",
			"section": "121608340",
			"seq": "51",
			"station": "119000289",
			"stationNm": "갯마을앞",
			"stationNo": "20015",
			"transYn": "N",
			"fullSectDist": "820",
			"trnstnid": "121000139"
		},
		{
			"arsId": "20016",
			"beginTm": "06:13",
			"busRouteAbrv": "540",
			"busRouteId": "100100083",
			"busRouteNm": "540",
			"direction": "군포공영차고지",
			"gpsX": "126.9826144422",
			"gpsY": "37.4942338943",
			"lastTm": "01:27",
			"posX": "198462.753491536",
			"posY": "443870.31666931044",
			"routeType": "3",
			"sectSpd": "21",
			"section": "119900023",
			"seq": "52",
			"station": "119000288",
			"stationNm": "정금마을.방배경찰서",
			"stationNo": "20016",
			"transYn": "N",
			"fullSectDist": "381",
			"trnstnid": "121000139"
		},
		{
			"arsId": "20017",
			"beginTm": "06:14",
			"busRouteAbrv": "540",
			"busRouteId": "100100083",
			"busRouteNm": "540",
			"direction": "군포공영차고지",
			"gpsX": "126.9825668807",
			"gpsY": "37.4914511077",
			"lastTm": "01:28",
			"posX": "198458.4908682638",
			"posY": "443561.49762762757",
			"routeType": "3",
			"sectSpd": "16",
			"section": "119600026",
			"seq": "53",
			"station": "119000287",
			"stationNm": "경문고교.배나무골앞",
			"stationNo": "20017",
			"transYn": "N",
			"fullSectDist": "316",
			"trnstnid": "121000139"
		},
		{
			"arsId": "20018",
			"beginTm": "06:15",
			"busRouteAbrv": "540",
			"busRouteId": "100100083",
			"busRouteNm": "540",
			"direction": "군포공영차고지",
			"gpsX": "126.9822243706",
			"gpsY": "37.4882168341",
			"lastTm": "01:30",
			"posX": "198428.136922661",
			"posY": "443202.5798721984",
			"routeType": "3",
			"sectSpd": "64",
			"section": "121608341",
			"seq": "54",
			"station": "119000286",
			"stationNm": "총신대입구역.남성시장입구앞",
			"stationNo": "20018",
			"transYn": "N",
			"fullSectDist": "373",
			"trnstnid": "121000139"
		},
		{
			"arsId": "20019",
			"beginTm": "06:16",
			"busRouteAbrv": "540",
			"busRouteId": "100100083",
			"busRouteNm": "540",
			"direction": "군포공영차고지",
			"gpsX": "126.9819451238",
			"gpsY": "37.4832273743",
			"lastTm": "01:30",
			"posX": "198403.33750527637",
			"posY": "442648.87979923235",
			"routeType": "3",
			"sectSpd": "58",
			"section": "121608346",
			"seq": "55",
			"station": "119000285",
			"stationNm": "사당동우체국앞",
			"stationNo": "20019",
			"transYn": "N",
			"fullSectDist": "562",
			"trnstnid": "121000139"
		},
		{
			"arsId": "20020",
			"beginTm": "06:17",
			"busRouteAbrv": "540",
			"busRouteId": "100100083",
			"busRouteNm": "540",
			"direction": "군포공영차고지",
			"gpsX": "126.9818145731",
			"gpsY": "37.4806790282",
			"lastTm": "01:33",
			"posX": "198391.73778086723",
			"posY": "442366.0797632518",
			"routeType": "3",
			"sectSpd": "114",
			"section": "121608347",
			"seq": "56",
			"station": "119000284",
			"stationNm": "방배노인종합복지관",
			"stationNo": "20020",
			"transYn": "N",
			"fullSectDist": "285",
			"trnstnid": "121000139"
		},
		{
			"arsId": "21028",
			"beginTm": "06:17",
			"busRouteAbrv": "540",
			"busRouteId": "100100083",
			"busRouteNm": "540",
			"direction": "군포공영차고지",
			"gpsX": "126.9816636465",
			"gpsY": "37.4751799938",
			"lastTm": "01:33",
			"posX": "198378.27147121425",
			"posY": "441755.8283968335",
			"routeType": "3",
			"sectSpd": "21",
			"section": "120602669",
			"seq": "57",
			"station": "121001314",
			"stationNm": "사당역",
			"stationNo": "21028",
			"transYn": "N",
			"fullSectDist": "620",
			"trnstnid": "121000139"
		},
		{
			"arsId": "21027",
			"beginTm": "06:20",
			"busRouteAbrv": "540",
			"busRouteId": "100100083",
			"busRouteNm": "540",
			"direction": "군포공영차고지",
			"gpsX": "126.9831812603",
			"gpsY": "37.4716652916",
			"lastTm": "01:36",
			"posX": "198512.4246616964",
			"posY": "441365.7604520102",
			"routeType": "3",
			"sectSpd": "36",
			"section": "120602671",
			"seq": "58",
			"station": "120000672",
			"stationNm": "사당자동차학원",
			"stationNo": "21027",
			"transYn": "N",
			"fullSectDist": "440",
			"trnstnid": "121000139"
		},
		{
			"arsId": "21163",
			"beginTm": "06:21",
			"busRouteAbrv": "540",
			"busRouteId": "100100083",
			"busRouteNm": "540",
			"direction": "군포공영차고지",
			"gpsX": "126.987784",
			"gpsY": "37.46557",
			"lastTm": "01:38",
			"posX": "198919.43771005614",
			"posY": "440689.2753222827",
			"routeType": "3",
			"sectSpd": "26",
			"section": "120602454",
			"seq": "59",
			"station": "120000061",
			"stationNm": "남태령역",
			"stationNo": "21163",
			"transYn": "N",
			"fullSectDist": "800",
			"trnstnid": "121000139"
		},
		{
			"arsId": "37028",
			"beginTm": "06:23",
			"busRouteAbrv": "540",
			"busRouteId": "100100083",
			"busRouteNm": "540",
			"direction": "군포공영차고지",
			"gpsX": "126.9885668625",
			"gpsY": "37.4576877129",
			"lastTm": "01:40",
			"posX": "198988.57938871556",
			"posY": "439814.53422623454",
			"routeType": "3",
			"sectSpd": "31",
			"section": "121601000",
			"seq": "60",
			"station": "220000002",
			"stationNm": "남태령고개",
			"stationNo": "37028",
			"transYn": "N",
			"fullSectDist": "923",
			"trnstnid": "121000139"
		},
		{
			"arsId": "37033",
			"beginTm": "06:24",
			"busRouteAbrv": "540",
			"busRouteId": "100100083",
			"busRouteNm": "540",
			"direction": "군포공영차고지",
			"gpsX": "126.994122992",
			"gpsY": "37.4486082327",
			"lastTm": "01:42",
			"posX": "199480.0337530443",
			"posY": "438806.90028166166",
			"routeType": "3",
			"sectSpd": "46",
			"section": "220900074",
			"seq": "61",
			"station": "220000009",
			"stationNm": "과천동주민센터",
			"stationNo": "37033",
			"transYn": "N",
			"fullSectDist": "1134",
			"trnstnid": "121000139"
		},
		{
			"arsId": "37001",
			"beginTm": "06:26",
			"busRouteAbrv": "540",
			"busRouteId": "100100083",
			"busRouteNm": "540",
			"direction": "군포공영차고지",
			"gpsX": "126.9943474218",
			"gpsY": "37.4387282522",
			"lastTm": "01:43",
			"posX": "199499.82433594967",
			"posY": "437710.47709082766",
			"routeType": "3",
			"sectSpd": "26",
			"section": "220900075",
			"seq": "62",
			"station": "220000008",
			"stationNm": "관문체육공원.과천성당",
			"stationNo": "37001",
			"transYn": "N",
			"fullSectDist": "1157",
			"trnstnid": "121000139"
		},
		{
			"arsId": "37003",
			"beginTm": "06:28",
			"busRouteAbrv": "540",
			"busRouteId": "100100083",
			"busRouteNm": "540",
			"direction": "군포공영차고지",
			"gpsX": "126.9965270158",
			"gpsY": "37.4352773674",
			"lastTm": "01:46",
			"posX": "199692.67440778168",
			"posY": "437327.50933987275",
			"routeType": "3",
			"sectSpd": "13",
			"section": "220900076",
			"seq": "63",
			"station": "220000007",
			"stationNm": "10단지",
			"stationNo": "37003",
			"transYn": "N",
			"fullSectDist": "431",
			"trnstnid": "121000139"
		},
		{
			"arsId": "37004",
			"beginTm": "06:31",
			"busRouteAbrv": "540",
			"busRouteId": "100100083",
			"busRouteNm": "540",
			"direction": "군포공영차고지",
			"gpsX": "126.9946117471",
			"gpsY": "37.4317976183",
			"lastTm": "01:48",
			"posX": "199523.16953279788",
			"posY": "436941.3559322022",
			"routeType": "3",
			"sectSpd": "23",
			"section": "220900077",
			"seq": "64",
			"station": "220000006",
			"stationNm": "경기과천교육도서관.과천역7출구",
			"stationNo": "37004",
			"transYn": "N",
			"fullSectDist": "479",
			"trnstnid": "121000139"
		},
		{
			"arsId": "37002",
			"beginTm": "06:32",
			"busRouteAbrv": "540",
			"busRouteId": "100100083",
			"busRouteNm": "540",
			"direction": "군포공영차고지",
			"gpsX": "126.9917821415",
			"gpsY": "37.4286430635",
			"lastTm": "01:49",
			"posX": "199272.7346278604",
			"posY": "436591.3009092817",
			"routeType": "3",
			"sectSpd": "23",
			"section": "220900078",
			"seq": "65",
			"station": "220000005",
			"stationNm": "정부과천청사역11번출구.KT과천 ",
			"stationNo": "37002",
			"transYn": "N",
			"fullSectDist": "420",
			"trnstnid": "121000139"
		},
		{
			"arsId": "37006",
			"beginTm": "06:33",
			"busRouteAbrv": "540",
			"busRouteId": "100100083",
			"busRouteNm": "540",
			"direction": "군포공영차고지",
			"gpsX": "126.9899513071",
			"gpsY": "37.4265735264",
			"lastTm": "01:50",
			"posX": "199110.68466775588",
			"posY": "436361.6522059692",
			"routeType": "3",
			"sectSpd": "14",
			"section": "220600093",
			"seq": "66",
			"station": "220000004",
			"stationNm": "정부과천청사역3번출구",
			"stationNo": "37006",
			"transYn": "N",
			"fullSectDist": "299",
			"trnstnid": "121000139"
		},
		{
			"arsId": "37009",
			"beginTm": "06:33",
			"busRouteAbrv": "540",
			"busRouteId": "100100083",
			"busRouteNm": "540",
			"direction": "군포공영차고지",
			"gpsX": "126.9887391201",
			"gpsY": "37.4216492367",
			"lastTm": "01:51",
			"posX": "199003.34012202176",
			"posY": "435815.1975018056",
			"routeType": "3",
			"sectSpd": "11",
			"section": "220900080",
			"seq": "67",
			"station": "220000003",
			"stationNm": "수자원공사.센트레빌아스테리움",
			"stationNo": "37009",
			"transYn": "N",
			"fullSectDist": "563",
			"trnstnid": "121000139"
		},
		{
			"arsId": "37012",
			"beginTm": "06:35",
			"busRouteAbrv": "540",
			"busRouteId": "100100083",
			"busRouteNm": "540",
			"direction": "군포공영차고지",
			"gpsX": "126.9839862823",
			"gpsY": "37.4154482604",
			"lastTm": "01:53",
			"posX": "198582.56671344105",
			"posY": "435127.11347658",
			"routeType": "3",
			"sectSpd": "17",
			"section": "220900081",
			"seq": "68",
			"station": "220000030",
			"stationNm": "찬우물",
			"stationNo": "37012",
			"transYn": "N",
			"fullSectDist": "861",
			"trnstnid": "121000139"
		},
		{
			"arsId": "37014",
			"beginTm": "06:38",
			"busRouteAbrv": "540",
			"busRouteId": "100100083",
			"busRouteNm": "540",
			"direction": "군포공영차고지",
			"gpsX": "126.9817530385",
			"gpsY": "37.4134879146",
			"lastTm": "01:55",
			"posX": "198384.85196150572",
			"posY": "434909.60283961473",
			"routeType": "3",
			"sectSpd": "30",
			"section": "220900082",
			"seq": "69",
			"station": "220000029",
			"stationNm": "과천지식정보타운",
			"stationNo": "37014",
			"transYn": "N",
			"fullSectDist": "812",
			"trnstnid": "121000139"
		},
		{
			"arsId": "21072",
			"beginTm": "06:39",
			"busRouteAbrv": "540",
			"busRouteId": "100100083",
			"busRouteNm": "540",
			"direction": "군포공영차고지",
			"gpsX": "126.9792865815",
			"gpsY": "37.4081971608",
			"lastTm": "01:55",
			"posX": "198166.40209652443",
			"posY": "434322.5145285097",
			"routeType": "3",
			"sectSpd": "2",
			"section": "220600099",
			"seq": "70",
			"station": "220000082",
			"stationNm": "린파밀리에",
			"stationNo": "21072",
			"transYn": "N",
			"fullSectDist": "113",
			"trnstnid": "121000139"
		},
		{
			"arsId": "56044",
			"beginTm": "06:40",
			"busRouteAbrv": "540",
			"busRouteId": "100100083",
			"busRouteNm": "540",
			"direction": "군포공영차고지",
			"gpsX": "126.9764486035",
			"gpsY": "37.4006920106",
			"lastTm": "01:59",
			"posX": "197914.9700030015",
			"posY": "433489.70167431096",
			"routeType": "3",
			"sectSpd": "23",
			"section": "220600100",
			"seq": "71",
			"station": "209000031",
			"stationNm": "인덕원사거리.인덕원역",
			"stationNo": "56044",
			"transYn": "N",
			"fullSectDist": "903",
			"trnstnid": "121000139"
		},
		{
			"arsId": "56054",
			"beginTm": "06:43",
			"busRouteAbrv": "540",
			"busRouteId": "100100083",
			"busRouteNm": "540",
			"direction": "군포공영차고지",
			"gpsX": "126.975491683",
			"gpsY": "37.3951862775",
			"lastTm": "02:00",
			"posX": "197830.0940852829",
			"posY": "432878.73417134583",
			"routeType": "3",
			"sectSpd": "10",
			"section": "209900195",
			"seq": "72",
			"station": "209000030",
			"stationNm": "평촌동행정복지센터.인덕원대우 ",
			"stationNo": "56054",
			"transYn": "N",
			"fullSectDist": "642",
			"trnstnid": "121000139"
		},
		{
			"arsId": "56041",
			"beginTm": "06:45",
			"busRouteAbrv": "540",
			"busRouteId": "100100083",
			"busRouteNm": "540",
			"direction": "군포공영차고지",
			"gpsX": "126.9740212569",
			"gpsY": "37.3918268494",
			"lastTm": "02:02",
			"posX": "197699.80352901222",
			"posY": "432505.96263691084",
			"routeType": "3",
			"sectSpd": "51",
			"section": "209900196",
			"seq": "73",
			"station": "209000029",
			"stationNm": "오뚜기식품.두산벤처다임",
			"stationNo": "56041",
			"transYn": "N",
			"fullSectDist": "403",
			"trnstnid": "121000139"
		},
		{
			"arsId": "56056",
			"beginTm": "06:45",
			"busRouteAbrv": "540",
			"busRouteId": "100100083",
			"busRouteNm": "540",
			"direction": "군포공영차고지",
			"gpsX": "126.9724462939",
			"gpsY": "37.3870308582",
			"lastTm": "02:02",
			"posX": "197560.19854169394",
			"posY": "431973.77623938164",
			"routeType": "3",
			"sectSpd": "12",
			"section": "209900197",
			"seq": "74",
			"station": "209000028",
			"stationNm": "민백마을",
			"stationNo": "56056",
			"transYn": "N",
			"fullSectDist": "555",
			"trnstnid": "121000139"
		},
		{
			"arsId": "56058",
			"beginTm": "06:49",
			"busRouteAbrv": "540",
			"busRouteId": "100100083",
			"busRouteNm": "540",
			"direction": "군포공영차고지",
			"gpsX": "126.9720963",
			"gpsY": "37.3830314297",
			"lastTm": "02:05",
			"posX": "197529.07634546887",
			"posY": "431529.95674142987",
			"routeType": "3",
			"sectSpd": "13",
			"section": "209900198",
			"seq": "75",
			"station": "209000027",
			"stationNm": "농수산물시장.포일단지입구",
			"stationNo": "56058",
			"transYn": "N",
			"fullSectDist": "447",
			"trnstnid": "121000139"
		},
		{
			"arsId": "56073",
			"beginTm": "06:51",
			"busRouteAbrv": "540",
			"busRouteId": "100100083",
			"busRouteNm": "540",
			"direction": "군포공영차고지",
			"gpsX": "126.9702791792",
			"gpsY": "37.3789917618",
			"lastTm": "02:06",
			"posX": "197368.02579047767",
			"posY": "431081.7120795897",
			"routeType": "3",
			"sectSpd": "11",
			"section": "209900199",
			"seq": "76",
			"station": "209000014",
			"stationNm": "안양남초등학교",
			"stationNo": "56073",
			"transYn": "N",
			"fullSectDist": "494",
			"trnstnid": "121000139"
		},
		{
			"arsId": "60015",
			"beginTm": "06:54",
			"busRouteAbrv": "540",
			"busRouteId": "100100083",
			"busRouteNm": "540",
			"direction": "군포공영차고지",
			"gpsX": "126.9671984313",
			"gpsY": "37.3747556719",
			"lastTm": "02:07",
			"posX": "197095.04191159527",
			"posY": "430611.7114569326",
			"routeType": "3",
			"sectSpd": "13",
			"section": "209900200",
			"seq": "77",
			"station": "209000013",
			"stationNm": "샘마을.대안중학교",
			"stationNo": "60015",
			"transYn": "N",
			"fullSectDist": "550",
			"trnstnid": "121000139"
		},
		{
			"arsId": "56074",
			"beginTm": "06:55",
			"busRouteAbrv": "540",
			"busRouteId": "100100083",
			"busRouteNm": "540",
			"direction": "군포공영차고지",
			"gpsX": "126.9635249261",
			"gpsY": "37.3724671434",
			"lastTm": "02:08",
			"posX": "196769.61240880238",
			"posY": "430357.86644315487",
			"routeType": "3",
			"sectSpd": "11",
			"section": "209900201",
			"seq": "78",
			"station": "209000012",
			"stationNm": "덕고개사거리",
			"stationNo": "56074",
			"transYn": "N",
			"fullSectDist": "435",
			"trnstnid": "121000139"
		},
		{
			"arsId": "56601",
			"beginTm": "06:56",
			"busRouteAbrv": "540",
			"busRouteId": "100100083",
			"busRouteNm": "540",
			"direction": "군포공영차고지",
			"gpsX": "126.9621189078",
			"gpsY": "37.3718344778",
			"lastTm": "02:10",
			"posX": "196645.06127067294",
			"posY": "430287.7068357868",
			"routeType": "3",
			"sectSpd": "16",
			"section": "209900202",
			"seq": "79",
			"station": "209000080",
			"stationNm": "호계소방파출소",
			"stationNo": "56601",
			"transYn": "N",
			"fullSectDist": "145",
			"trnstnid": "121000139"
		},
		{
			"arsId": "56602",
			"beginTm": "06:56",
			"busRouteAbrv": "540",
			"busRouteId": "100100083",
			"busRouteNm": "540",
			"direction": "군포공영차고지",
			"gpsX": "126.9598160865",
			"gpsY": "37.3709325734",
			"lastTm": "02:10",
			"posX": "196441.0692980209",
			"posY": "430187.70435473137",
			"routeType": "3",
			"sectSpd": "17",
			"section": "209600024",
			"seq": "80",
			"station": "209000011",
			"stationNm": "호계사거리",
			"stationNo": "56602",
			"transYn": "N",
			"fullSectDist": "233",
			"trnstnid": "121000139"
		},
		{
			"arsId": "56079",
			"beginTm": "06:57",
			"busRouteAbrv": "540",
			"busRouteId": "100100083",
			"busRouteNm": "540",
			"direction": "군포공영차고지",
			"gpsX": "126.9559214834",
			"gpsY": "37.369822765",
			"lastTm": "02:11",
			"posX": "196096.0821377541",
			"posY": "430064.6998296622",
			"routeType": "3",
			"sectSpd": "8",
			"section": "209600025",
			"seq": "81",
			"station": "209000010",
			"stationNm": "평촌어바인퍼스트아파트.홈플러 ",
			"stationNo": "56079",
			"transYn": "N",
			"fullSectDist": "367",
			"trnstnid": "121000139"
		},
		{
			"arsId": "56077",
			"beginTm": "06:59",
			"busRouteAbrv": "540",
			"busRouteId": "100100083",
			"busRouteNm": "540",
			"direction": "군포공영차고지",
			"gpsX": "126.9506164483",
			"gpsY": "37.3676128689",
			"lastTm": "02:14",
			"posX": "195626.1008598788",
			"posY": "429819.6942714541",
			"routeType": "3",
			"sectSpd": "41",
			"section": "209900295",
			"seq": "82",
			"station": "209000143",
			"stationNm": "삼신아파트",
			"stationNo": "56077",
			"transYn": "N",
			"fullSectDist": "536",
			"trnstnid": "121000139"
		},
		{
			"arsId": "40087",
			"beginTm": "07:00",
			"busRouteAbrv": "540",
			"busRouteId": "100100083",
			"busRouteNm": "540",
			"direction": "군포공영차고지",
			"gpsX": "126.9427549193",
			"gpsY": "37.3633747921",
			"lastTm": "02:15",
			"posX": "194929.5203189556",
			"posY": "429349.77688647667",
			"routeType": "3",
			"sectSpd": "19",
			"section": "209600027",
			"seq": "83",
			"station": "225000250",
			"stationNm": "산본주유소",
			"stationNo": "40087",
			"transYn": "N",
			"fullSectDist": "848",
			"trnstnid": "121000139"
		},
		{
			"arsId": "40089",
			"beginTm": "07:01",
			"busRouteAbrv": "540",
			"busRouteId": "100100083",
			"busRouteNm": "540",
			"direction": "군포공영차고지",
			"gpsX": "126.9404648986",
			"gpsY": "37.3621523973",
			"lastTm": "02:16",
			"posX": "194726.5963089272",
			"posY": "429214.25000292575",
			"routeType": "3",
			"sectSpd": "7",
			"section": "225600013",
			"seq": "84",
			"station": "225000151",
			"stationNm": "신환아파트",
			"stationNo": "40089",
			"transYn": "N",
			"fullSectDist": "245",
			"trnstnid": "121000139"
		},
		{
			"arsId": "40622",
			"beginTm": "07:01",
			"busRouteAbrv": "540",
			"busRouteId": "100100083",
			"busRouteNm": "540",
			"direction": "군포공영차고지",
			"gpsX": "126.93820569",
			"gpsY": "37.3609365778",
			"lastTm": "02:18",
			"posX": "194526.3954648337",
			"posY": "429079.4559555296",
			"routeType": "3",
			"sectSpd": "20",
			"section": "225900183",
			"seq": "85",
			"station": "225000210",
			"stationNm": "느티울공원입구",
			"stationNo": "40622",
			"transYn": "N",
			"fullSectDist": "242",
			"trnstnid": "121000139"
		},
		{
			"arsId": "40103",
			"beginTm": "07:02",
			"busRouteAbrv": "540",
			"busRouteId": "100100083",
			"busRouteNm": "540",
			"direction": "군포공영차고지",
			"gpsX": "126.93673215",
			"gpsY": "37.3601440404",
			"lastTm": "02:18",
			"posX": "194395.81357275625",
			"posY": "428991.59249310754",
			"routeType": "3",
			"sectSpd": "11",
			"section": "225900184",
			"seq": "86",
			"station": "225000053",
			"stationNm": "군포경찰서",
			"stationNo": "40103",
			"transYn": "N",
			"fullSectDist": "159",
			"trnstnid": "121000139"
		},
		{
			"arsId": "40101",
			"beginTm": "07:02",
			"busRouteAbrv": "540",
			"busRouteId": "100100083",
			"busRouteNm": "540",
			"direction": "군포공영차고지",
			"gpsX": "126.9359259374",
			"gpsY": "37.3569634534",
			"lastTm": "02:19",
			"posX": "194324.16075076794",
			"posY": "428638.68288006214",
			"routeType": "3",
			"sectSpd": "9",
			"section": "225600016",
			"seq": "87",
			"station": "225000149",
			"stationNm": "충무주공아파트",
			"stationNo": "40101",
			"transYn": "N",
			"fullSectDist": "532",
			"trnstnid": "121000139"
		},
		{
			"arsId": "40104",
			"beginTm": "07:06",
			"busRouteAbrv": "540",
			"busRouteId": "100100083",
			"busRouteNm": "540",
			"direction": "군포공영차고지",
			"gpsX": "126.9353766915",
			"gpsY": "37.3550315655",
			"lastTm": "02:22",
			"posX": "194275.36046077253",
			"posY": "428424.3296499308",
			"routeType": "3",
			"sectSpd": "20",
			"section": "225600017",
			"seq": "88",
			"station": "225000148",
			"stationNm": "시민체육광장",
			"stationNo": "40104",
			"transYn": "N",
			"fullSectDist": "282",
			"trnstnid": "121000139"
		},
		{
			"arsId": "40121",
			"beginTm": "07:07",
			"busRouteAbrv": "540",
			"busRouteId": "100100083",
			"busRouteNm": "540",
			"direction": "군포공영차고지",
			"gpsX": "126.9327261219",
			"gpsY": "37.3531893549",
			"lastTm": "02:23",
			"posX": "194040.41474777972",
			"posY": "428220.0590188564",
			"routeType": "3",
			"sectSpd": "16",
			"section": "225600018",
			"seq": "89",
			"station": "225000147",
			"stationNm": "3단지.율곡아파트",
			"stationNo": "40121",
			"transYn": "N",
			"fullSectDist": "314",
			"trnstnid": "121000139"
		},
		{
			"arsId": "40108",
			"beginTm": "07:08",
			"busRouteAbrv": "540",
			"busRouteId": "100100083",
			"busRouteNm": "540",
			"direction": "군포공영차고지",
			"gpsX": "126.9299899908",
			"gpsY": "37.3516924621",
			"lastTm": "02:24",
			"posX": "193797.9061547933",
			"posY": "428054.1213955907",
			"routeType": "3",
			"sectSpd": "12",
			"section": "225900188",
			"seq": "90",
			"station": "225000146",
			"stationNm": "흥진고등학교",
			"stationNo": "40108",
			"transYn": "N",
			"fullSectDist": "295",
			"trnstnid": "121000139"
		},
		{
			"arsId": "40110",
			"beginTm": "07:10",
			"busRouteAbrv": "540",
			"busRouteId": "100100083",
			"busRouteNm": "540",
			"direction": "군포공영차고지",
			"gpsX": "126.925995502",
			"gpsY": "37.3511132917",
			"lastTm": "02:25",
			"posX": "193443.98927328404",
			"posY": "427990.11928636534",
			"routeType": "3",
			"sectSpd": "13",
			"section": "225600020",
			"seq": "91",
			"station": "225000144",
			"stationNm": "5단지아파트입구",
			"stationNo": "40110",
			"transYn": "N",
			"fullSectDist": "716",
			"trnstnid": "121000139"
		},
		{
			"arsId": "40119",
			"beginTm": "07:13",
			"busRouteAbrv": "540",
			"busRouteId": "100100083",
			"busRouteNm": "540",
			"direction": "군포공영차고지",
			"gpsX": "126.9256378539",
			"gpsY": "37.3499285858",
			"lastTm": "02:27",
			"posX": "193412.20193261022",
			"posY": "427858.67454038747",
			"routeType": "3",
			"sectSpd": "21",
			"section": "225900191",
			"seq": "92",
			"station": "225000143",
			"stationNm": "수리산역.5단지",
			"stationNo": "40119",
			"transYn": "N",
			"fullSectDist": "136",
			"trnstnid": "121000139"
		},
		{
			"arsId": "40028",
			"beginTm": "07:13",
			"busRouteAbrv": "540",
			"busRouteId": "100100083",
			"busRouteNm": "540",
			"direction": "군포공영차고지",
			"gpsX": "126.9261566125",
			"gpsY": "37.3337832082",
			"lastTm": "02:27",
			"posX": "193456.75846347722",
			"posY": "426066.95011823066",
			"routeType": "3",
			"sectSpd": "12",
			"section": "225900192",
			"seq": "93",
			"station": "225000006",
			"stationNm": "군포보건소",
			"stationNo": "40028",
			"transYn": "N",
			"fullSectDist": "1824",
			"trnstnid": "121000139"
		},
		{
			"arsId": "40615",
			"beginTm": "07:16",
			"busRouteAbrv": "540",
			"busRouteId": "100100083",
			"busRouteNm": "540",
			"direction": "군포공영차고지",
			"gpsX": "126.9275395401",
			"gpsY": "37.3312552562",
			"lastTm": "02:31",
			"posX": "193579.08414365162",
			"posY": "425786.3232404771",
			"routeType": "3",
			"sectSpd": "6",
			"section": "225900193",
			"seq": "94",
			"station": "225000181",
			"stationNm": "군포공영차고지",
			"stationNo": "40615",
			"transYn": "N",
			"fullSectDist": "308",
			"trnstnid": "121000139"
		}
	]
}