{
	"count": 58,
	"result": [
		{
			"arsId": "35331",
			"beginTm": "04:30",
			"busRouteAbrv": "7715",
			"busRouteId": "100100462",
			"busRouteNm": "7715",
			"direction": "연신내역",
			"gpsX": "126.8836969989",
			"gpsY": "37.5917744019",
			"lastTm": "23:30",
			"posX": "189729.7727087939",
			"posY": "454701.1857221406",
			"routeType": "4",
			"sectSpd": "2",
			"section": "111603814",
			"seq": "1",
			"station": "111000907",
			"stationNm": "은평공영차고지",
			"stationNo": "35331",
			"transYn": "N",
			"fullSectDist": "11",
			"trnstnid": "111000032"
		},
		{
			"arsId": "12315",
			"beginTm": "04:29",
			"busRouteAbrv": "7715",
			"busRouteId": "100100462",
			"busRouteNm": "7715",
			"direction": "연신내역",
			"gpsX": "126.8834469451",
			"gpsY": "37.589961128",
			"lastTm": "23:30",
			"posX": "189707.44178681896",
			"posY": "454499.9815294468",
			"routeType": "4",
			"sectSpd": "7",
			"section": "111600693",
			"seq": "2",
			"station": "111000225",
			"stationNm": "덕은교.은평차고지앞",
			"stationNo": "12315",
			"transYn": "N",
			"fullSectDist": "230",
			"trnstnid": "111000032"
		},
		{
			"arsId": "14112",
			"beginTm": "04:30",
			"busRouteAbrv": "7715",
			"busRouteId": "100100462",
			"busRouteNm": "7715",
			"direction": "연신내역",
			"gpsX": "126.884787",
			"gpsY": "37.585598",
			"lastTm": "23:31",
			"posX": "189825.1853681312",
			"posY": "454015.6292510638",
			"routeType": "4",
			"sectSpd": "15",
			"section": "111600275",
			"seq": "3",
			"station": "113000022",
			"stationNm": "DMC첨단산업센터",
			"stationNo": "14112",
			"transYn": "N",
			"fullSectDist": "731",
			"trnstnid": "111000032"
		},
		{
			"arsId": "14291",
			"beginTm": "04:32",
			"busRouteAbrv": "7715",
			"busRouteId": "100100462",
			"busRouteNm": "7715",
			"direction": "연신내역",
			"gpsX": "126.8840462067",
			"gpsY": "37.5817798292",
			"lastTm": "23:32",
			"posX": "189759.24057216986",
			"posY": "453591.98140510917",
			"routeType": "4",
			"sectSpd": "43",
			"section": "113604868",
			"seq": "4",
			"station": "113000197",
			"stationNm": "상암고등학교",
			"stationNo": "14291",
			"transYn": "N",
			"fullSectDist": "598",
			"trnstnid": "111000032"
		},
		{
			"arsId": "14289",
			"beginTm": "04:34",
			"busRouteAbrv": "7715",
			"busRouteId": "100100462",
			"busRouteNm": "7715",
			"direction": "연신내역",
			"gpsX": "126.8865178403",
			"gpsY": "37.5803332786",
			"lastTm": "23:35",
			"posX": "189977.33544468525",
			"posY": "453431.18137627095",
			"routeType": "4",
			"sectSpd": "96",
			"section": "113604870",
			"seq": "5",
			"station": "113000195",
			"stationNm": "월드컵파크5단지",
			"stationNo": "14289",
			"transYn": "N",
			"fullSectDist": "274",
			"trnstnid": "111000032"
		},
		{
			"arsId": "14287",
			"beginTm": "04:35",
			"busRouteAbrv": "7715",
			"busRouteId": "100100462",
			"busRouteNm": "7715",
			"direction": "연신내역",
			"gpsX": "126.8912875667",
			"gpsY": "37.5774605863",
			"lastTm": "23:35",
			"posX": "190398.22555717506",
			"posY": "453111.8813197394",
			"routeType": "4",
			"sectSpd": "61",
			"section": "113600079",
			"seq": "6",
			"station": "113000193",
			"stationNm": "상암DMC홍보관.YTN",
			"stationNo": "14287",
			"transYn": "N",
			"fullSectDist": "536",
			"trnstnid": "111000032"
		},
		{
			"arsId": "14118",
			"beginTm": "04:36",
			"busRouteAbrv": "7715",
			"busRouteId": "100100462",
			"busRouteNm": "7715",
			"direction": "연신내역",
			"gpsX": "126.8902909609",
			"gpsY": "37.5753384971",
			"lastTm": "23:38",
			"posX": "190309.9276298861",
			"posY": "452876.4812905402",
			"routeType": "4",
			"sectSpd": "27",
			"section": "113604901",
			"seq": "7",
			"station": "113000028",
			"stationNm": "월드컵파크2단지.에스플렉스센터",
			"stationNo": "14118",
			"transYn": "N",
			"fullSectDist": "377",
			"trnstnid": "111000032"
		},
		{
			"arsId": "14108",
			"beginTm": "04:37",
			"busRouteAbrv": "7715",
			"busRouteId": "100100462",
			"busRouteNm": "7715",
			"direction": "연신내역",
			"gpsX": "126.8881293588",
			"gpsY": "37.572526867",
			"lastTm": "23:40",
			"posX": "190118.63212984675",
			"posY": "452564.681257769",
			"routeType": "4",
			"sectSpd": "45",
			"section": "113600726",
			"seq": "8",
			"station": "113000018",
			"stationNm": "월드컵파크3단지.난지천공원",
			"stationNo": "14108",
			"transYn": "N",
			"fullSectDist": "373",
			"trnstnid": "111000032"
		},
		{
			"arsId": "14105",
			"beginTm": "04:39",
			"busRouteAbrv": "7715",
			"busRouteId": "100100462",
			"busRouteNm": "7715",
			"direction": "연신내역",
			"gpsX": "126.895467768",
			"gpsY": "37.569236499",
			"lastTm": "23:41",
			"posX": "190766.4169088122",
			"posY": "452198.78119405545",
			"routeType": "4",
			"sectSpd": "81",
			"section": "113605009",
			"seq": "9",
			"station": "113000015",
			"stationNm": "월드컵경기장서측.문화비축기지",
			"stationNo": "14105",
			"transYn": "N",
			"fullSectDist": "981",
			"trnstnid": "111000032"
		},
		{
			"arsId": "13266",
			"beginTm": "04:42",
			"busRouteAbrv": "7715",
			"busRouteId": "100100462",
			"busRouteNm": "7715",
			"direction": "연신내역",
			"gpsX": "126.904897487",
			"gpsY": "37.57841037",
			"lastTm": "23:43",
			"posX": "191600.3973188219",
			"posY": "453215.98131001275",
			"routeType": "4",
			"sectSpd": "31",
			"section": "112601249",
			"seq": "10",
			"station": "112000183",
			"stationNm": "증산교앞",
			"stationNo": "13266",
			"transYn": "N",
			"fullSectDist": "1864",
			"trnstnid": "111000032"
		},
		{
			"arsId": "12310",
			"beginTm": "04:45",
			"busRouteAbrv": "7715",
			"busRouteId": "100100462",
			"busRouteNm": "7715",
			"direction": "연신내역",
			"gpsX": "126.900601",
			"gpsY": "37.579265",
			"lastTm": "23:48",
			"posX": "191221.02511802033",
			"posY": "453311.218114248",
			"routeType": "4",
			"sectSpd": "24",
			"section": "111603887",
			"seq": "11",
			"station": "111000220",
			"stationNm": "디지털미디어시티역",
			"stationNo": "12310",
			"transYn": "N",
			"fullSectDist": "603",
			"trnstnid": "111000032"
		},
		{
			"arsId": "12311",
			"beginTm": "04:47",
			"busRouteAbrv": "7715",
			"busRouteId": "100100462",
			"busRouteNm": "7715",
			"direction": "연신내역",
			"gpsX": "126.8964670719",
			"gpsY": "37.5817228933",
			"lastTm": "23:49",
			"posX": "190856.21480025983",
			"posY": "453584.38137236144",
			"routeType": "4",
			"sectSpd": "29",
			"section": "111600993",
			"seq": "12",
			"station": "111000221",
			"stationNm": "수색역",
			"stationNo": "12311",
			"transYn": "N",
			"fullSectDist": "485",
			"trnstnid": "111000032"
		},
		{
			"arsId": "12320",
			"beginTm": "04:49",
			"busRouteAbrv": "7715",
			"busRouteId": "100100462",
			"busRouteNm": "7715",
			"direction": "연신내역",
			"gpsX": "126.8976450323",
			"gpsY": "37.5838964478",
			"lastTm": "23:51",
			"posX": "190960.51234907378",
			"posY": "453825.481411139",
			"routeType": "4",
			"sectSpd": "23",
			"section": "111600699",
			"seq": "13",
			"station": "111000230",
			"stationNm": "수색초등학교",
			"stationNo": "12320",
			"transYn": "N",
			"fullSectDist": "383",
			"trnstnid": "111000032"
		},
		{
			"arsId": "12321",
			"beginTm": "04:51",
			"busRouteAbrv": "7715",
			"busRouteId": "100100462",
			"busRouteNm": "7715",
			"direction": "연신내역",
			"gpsX": "126.9002070161",
			"gpsY": "37.585871126",
			"lastTm": "23:53",
			"posX": "191187.0070345211",
			"posY": "454044.381429703",
			"routeType": "4",
			"sectSpd": "17",
			"section": "111600700",
			"seq": "14",
			"station": "111000231",
			"stationNm": "수색대림아파트",
			"stationNo": "12321",
			"transYn": "N",
			"fullSectDist": "321",
			"trnstnid": "111000032"
		},
		{
			"arsId": "12335",
			"beginTm": "04:51",
			"busRouteAbrv": "7715",
			"busRouteId": "100100462",
			"busRouteNm": "7715",
			"direction": "연신내역",
			"gpsX": "126.9063076485",
			"gpsY": "37.5918510235",
			"lastTm": "23:54",
			"posX": "191726.4327680623",
			"posY": "454707.45685986336",
			"routeType": "4",
			"sectSpd": "20",
			"section": "111603921",
			"seq": "15",
			"station": "111000245",
			"stationNm": "숭실고입구",
			"stationNo": "12335",
			"transYn": "N",
			"fullSectDist": "846",
			"trnstnid": "111000032"
		},
		{
			"arsId": "12336",
			"beginTm": "04:54",
			"busRouteAbrv": "7715",
			"busRouteId": "100100462",
			"busRouteNm": "7715",
			"direction": "연신내역",
			"gpsX": "126.9080859282",
			"gpsY": "37.5939287509",
			"lastTm": "23:57",
			"posX": "191883.69066868685",
			"posY": "454937.8815328656",
			"routeType": "4",
			"sectSpd": "28",
			"section": "111603923",
			"seq": "16",
			"station": "111000246",
			"stationNm": "현대아파트앞",
			"stationNo": "12336",
			"transYn": "N",
			"fullSectDist": "293",
			"trnstnid": "111000032"
		},
		{
			"arsId": "12338",
			"beginTm": "04:55",
			"busRouteAbrv": "7715",
			"busRouteId": "100100462",
			"busRouteNm": "7715",
			"direction": "연신내역",
			"gpsX": "126.9089727568",
			"gpsY": "37.5956793509",
			"lastTm": "23:59",
			"posX": "191962.18881895483",
			"posY": "455132.08156072814",
			"routeType": "4",
			"sectSpd": "13",
			"section": "111600965",
			"seq": "17",
			"station": "111000248",
			"stationNm": "신사사거리",
			"stationNo": "12338",
			"transYn": "N",
			"fullSectDist": "211",
			"trnstnid": "111000032"
		},
		{
			"arsId": "12210",
			"beginTm": "04:56",
			"busRouteAbrv": "7715",
			"busRouteId": "100100462",
			"busRouteNm": "7715",
			"direction": "연신내역",
			"gpsX": "126.910253684",
			"gpsY": "37.5984133304",
			"lastTm": "23:59",
			"posX": "192075.58615934232",
			"posY": "455435.38159606094",
			"routeType": "4",
			"sectSpd": "59",
			"section": "111602236",
			"seq": "18",
			"station": "111000122",
			"stationNm": "신사동고개.은평지역자활센터",
			"stationNo": "12210",
			"transYn": "N",
			"fullSectDist": "325",
			"trnstnid": "111000032"
		},
		{
			"arsId": "12211",
			"beginTm": "04:58",
			"busRouteAbrv": "7715",
			"busRouteId": "100100462",
			"busRouteNm": "7715",
			"direction": "연신내역",
			"gpsX": "126.9103848244",
			"gpsY": "37.6014374785",
			"lastTm": "00:01",
			"posX": "192087.48587288408",
			"posY": "455770.9816417005",
			"routeType": "4",
			"sectSpd": "27",
			"section": "111603675",
			"seq": "19",
			"station": "111000123",
			"stationNm": "서울기독대학교입구",
			"stationNo": "12211",
			"transYn": "N",
			"fullSectDist": "336",
			"trnstnid": "111000032"
		},
		{
			"arsId": "12388",
			"beginTm": "05:00",
			"busRouteAbrv": "7715",
			"busRouteId": "100100462",
			"busRouteNm": "7715",
			"direction": "연신내역",
			"gpsX": "126.910563",
			"gpsY": "37.605176",
			"lastTm": "00:02",
			"posX": "192103.61296328608",
			"posY": "456185.8570525013",
			"routeType": "4",
			"sectSpd": "43",
			"section": "111603101",
			"seq": "20",
			"station": "111000298",
			"stationNm": "시립서북병원",
			"stationNo": "12388",
			"transYn": "N",
			"fullSectDist": "492",
			"trnstnid": "111000032"
		},
		{
			"arsId": "12393",
			"beginTm": "05:01",
			"busRouteAbrv": "7715",
			"busRouteId": "100100462",
			"busRouteNm": "7715",
			"direction": "연신내역",
			"gpsX": "126.9116689487",
			"gpsY": "37.6054257548",
			"lastTm": "00:03",
			"posX": "192201.28319920416",
			"posY": "456213.4817000786",
			"routeType": "4",
			"sectSpd": "16",
			"section": "111603102",
			"seq": "21",
			"station": "111000302",
			"stationNm": "역촌동성당",
			"stationNo": "12393",
			"transYn": "N",
			"fullSectDist": "112",
			"trnstnid": "111000032"
		},
		{
			"arsId": "12180",
			"beginTm": "05:02",
			"busRouteAbrv": "7715",
			"busRouteId": "100100462",
			"busRouteNm": "7715",
			"direction": "연신내역",
			"gpsX": "126.9155586421",
			"gpsY": "37.6061494708",
			"lastTm": "00:04",
			"posX": "192544.7751310669",
			"posY": "456293.48169887485",
			"routeType": "4",
			"sectSpd": "20",
			"section": "111600559",
			"seq": "22",
			"station": "111000092",
			"stationNm": "역말사거리",
			"stationNo": "12180",
			"transYn": "N",
			"fullSectDist": "361",
			"trnstnid": "111000032"
		},
		{
			"arsId": "12181",
			"beginTm": "05:04",
			"busRouteAbrv": "7715",
			"busRouteId": "100100462",
			"busRouteNm": "7715",
			"direction": "연신내역",
			"gpsX": "126.9169033629",
			"gpsY": "37.6099512058",
			"lastTm": "00:05",
			"posX": "192663.87233851315",
			"posY": "456715.28175888443",
			"routeType": "4",
			"sectSpd": "49",
			"section": "111603551",
			"seq": "23",
			"station": "111000093",
			"stationNm": "구산역2번출구.예일여고",
			"stationNo": "12181",
			"transYn": "N",
			"fullSectDist": "462",
			"trnstnid": "111000032"
		},
		{
			"arsId": "12182",
			"beginTm": "05:06",
			"busRouteAbrv": "7715",
			"busRouteId": "100100462",
			"busRouteNm": "7715",
			"direction": "연신내역",
			"gpsX": "126.91753691",
			"gpsY": "37.6116583062",
			"lastTm": "00:06",
			"posX": "192719.9710146331",
			"posY": "456904.68178713135",
			"routeType": "4",
			"sectSpd": "21",
			"section": "111600561",
			"seq": "24",
			"station": "111000094",
			"stationNm": "구산역1번출구",
			"stationNo": "12182",
			"transYn": "N",
			"fullSectDist": "200",
			"trnstnid": "111000032"
		},
		{
			"arsId": "12183",
			"beginTm": "05:07",
			"busRouteAbrv": "7715",
			"busRouteId": "100100462",
			"busRouteNm": "7715",
			"direction": "연신내역",
			"gpsX": "126.9179363667",
			"gpsY": "37.6140725919",
			"lastTm": "00:08",
			"posX": "192755.47018402253",
			"posY": "457172.5818191869",
			"routeType": "4",
			"sectSpd": "55",
			"section": "111603553",
			"seq": "25",
			"station": "111000095",
			"stationNm": "대조동주민센터",
			"stationNo": "12183",
			"transYn": "N",
			"fullSectDist": "274",
			"trnstnid": "111000032"
		},
		{
			"arsId": "12184",
			"beginTm": "05:07",
			"busRouteAbrv": "7715",
			"busRouteId": "100100462",
			"busRouteNm": "7715",
			"direction": "연신내역",
			"gpsX": "126.9199962033",
			"gpsY": "37.6178207167",
			"lastTm": "00:09",
			"posX": "192937.66590781757",
			"posY": "457588.3818730707",
			"routeType": "4",
			"sectSpd": "62",
			"section": "111603556",
			"seq": "26",
			"station": "111000096",
			"stationNm": "연신내역.로데오거리",
			"stationNo": "12184",
			"transYn": "N",
			"fullSectDist": "468",
			"trnstnid": "111000032"
		},
		{
			"arsId": "12119",
			"beginTm": "05:09",
			"busRouteAbrv": "7715",
			"busRouteId": "100100462",
			"busRouteNm": "7715",
			"direction": "연신내역",
			"gpsX": "126.92256",
			"gpsY": "37.617346",
			"lastTm": "00:10",
			"posX": "193163.94159980613",
			"posY": "457535.50924700266",
			"routeType": "4",
			"sectSpd": "18",
			"section": "111600370",
			"seq": "27",
			"station": "111000031",
			"stationNm": "연신내역",
			"stationNo": "12119",
			"transYn": "N",
			"fullSectDist": "338",
			"trnstnid": "111000032"
		},
		{
			"arsId": "12120",
			"beginTm": "05:11",
			"busRouteAbrv": "7715",
			"busRouteId": "100100462",
			"busRouteNm": "7715",
			"direction": "연신내역",
			"gpsX": "126.9240648193",
			"gpsY": "37.6159770824",
			"lastTm": "00:11",
			"posX": "193296.65747142513",
			"posY": "457383.4818364526",
			"routeType": "4",
			"sectSpd": "14",
			"section": "111600807",
			"seq": "28",
			"station": "111000032",
			"stationNm": "동명여고",
			"stationNo": "12120",
			"transYn": "Y",
			"fullSectDist": "231",
			"trnstnid": "111000032"
		},
		{
			"arsId": "12340",
			"beginTm": "05:12",
			"busRouteAbrv": "7715",
			"busRouteId": "100100462",
			"busRouteNm": "7715",
			"direction": "은평차고지",
			"gpsX": "126.9243200422",
			"gpsY": "37.613396539",
			"lastTm": "00:12",
			"posX": "193318.95694669243",
			"posY": "457097.0817989642",
			"routeType": "4",
			"sectSpd": "26",
			"section": "111601281",
			"seq": "29",
			"station": "111000250",
			"stationNm": "동명여고후문",
			"stationNo": "12340",
			"transYn": "N",
			"fullSectDist": "441",
			"trnstnid": "111000032"
		},
		{
			"arsId": "12341",
			"beginTm": "05:14",
			"busRouteAbrv": "7715",
			"busRouteId": "100100462",
			"busRouteNm": "7715",
			"direction": "은평차고지",
			"gpsX": "126.922048761",
			"gpsY": "37.6113775306",
			"lastTm": "00:13",
			"posX": "193118.2616662356",
			"posY": "456873.18177017616",
			"routeType": "4",
			"sectSpd": "19",
			"section": "111600972",
			"seq": "30",
			"station": "111000251",
			"stationNm": "동명탕앞",
			"stationNo": "12341",
			"transYn": "N",
			"fullSectDist": "300",
			"trnstnid": "111000032"
		},
		{
			"arsId": "12406",
			"beginTm": "05:15",
			"busRouteAbrv": "7715",
			"busRouteId": "100100462",
			"busRouteNm": "7715",
			"direction": "은평차고지",
			"gpsX": "126.9208187439",
			"gpsY": "37.6091519314",
			"lastTm": "00:14",
			"posX": "193009.46421971684",
			"posY": "456626.28174561495",
			"routeType": "4",
			"sectSpd": "32",
			"section": "111603942",
			"seq": "31",
			"station": "111000312",
			"stationNm": "호림아파트앞",
			"stationNo": "12406",
			"transYn": "N",
			"fullSectDist": "278",
			"trnstnid": "111000032"
		},
		{
			"arsId": "12206",
			"beginTm": "05:15",
			"busRouteAbrv": "7715",
			"busRouteId": "100100462",
			"busRouteNm": "7715",
			"direction": "은평차고지",
			"gpsX": "126.916776",
			"gpsY": "37.610497",
			"lastTm": "00:15",
			"posX": "192652.68188796876",
			"posY": "456775.8624643525",
			"routeType": "4",
			"sectSpd": "33",
			"section": "111600534",
			"seq": "32",
			"station": "111000118",
			"stationNm": "구산역3번출구.예일여고",
			"stationNo": "12206",
			"transYn": "N",
			"fullSectDist": "502",
			"trnstnid": "111000032"
		},
		{
			"arsId": "12207",
			"beginTm": "05:18",
			"busRouteAbrv": "7715",
			"busRouteId": "100100462",
			"busRouteNm": "7715",
			"direction": "은평차고지",
			"gpsX": "126.9151429014",
			"gpsY": "37.6062104465",
			"lastTm": "00:17",
			"posX": "192508.0759988912",
			"posY": "456300.2817024812",
			"routeType": "4",
			"sectSpd": "50",
			"section": "111603588",
			"seq": "33",
			"station": "111000119",
			"stationNm": "역말사거리",
			"stationNo": "12207",
			"transYn": "N",
			"fullSectDist": "546",
			"trnstnid": "111000032"
		},
		{
			"arsId": "12394",
			"beginTm": "05:19",
			"busRouteAbrv": "7715",
			"busRouteId": "100100462",
			"busRouteNm": "7715",
			"direction": "은평차고지",
			"gpsX": "126.9125361624",
			"gpsY": "37.6057372754",
			"lastTm": "00:18",
			"posX": "192277.88140582695",
			"posY": "456247.9817005163",
			"routeType": "4",
			"sectSpd": "38",
			"section": "111603944",
			"seq": "34",
			"station": "111000303",
			"stationNm": "역촌동성당",
			"stationNo": "12394",
			"transYn": "N",
			"fullSectDist": "292",
			"trnstnid": "111000032"
		},
		{
			"arsId": "12367",
			"beginTm": "05:21",
			"busRouteAbrv": "7715",
			"busRouteId": "100100462",
			"busRouteNm": "7715",
			"direction": "은평차고지",
			"gpsX": "126.9103118348",
			"gpsY": "37.6046894448",
			"lastTm": "00:20",
			"posX": "192081.38602052114",
			"posY": "456131.8816872337",
			"routeType": "4",
			"sectSpd": "29",
			"section": "111601286",
			"seq": "35",
			"station": "111000277",
			"stationNm": "시립서북병원",
			"stationNo": "12367",
			"transYn": "N",
			"fullSectDist": "272",
			"trnstnid": "111000032"
		},
		{
			"arsId": "12218",
			"beginTm": "05:22",
			"busRouteAbrv": "7715",
			"busRouteId": "100100462",
			"busRouteNm": "7715",
			"direction": "은평차고지",
			"gpsX": "126.9102266857",
			"gpsY": "37.6020320757",
			"lastTm": "00:21",
			"posX": "192073.58620251954",
			"posY": "455836.98165580723",
			"routeType": "4",
			"sectSpd": "40",
			"section": "111603645",
			"seq": "36",
			"station": "111000130",
			"stationNm": "서울기독대학교입구",
			"stationNo": "12218",
			"transYn": "N",
			"fullSectDist": "303",
			"trnstnid": "111000032"
		},
		{
			"arsId": "12219",
			"beginTm": "05:23",
			"busRouteAbrv": "7715",
			"busRouteId": "100100462",
			"busRouteNm": "7715",
			"direction": "은평차고지",
			"gpsX": "126.9101252157",
			"gpsY": "37.5997666658",
			"lastTm": "00:22",
			"posX": "192064.38641537234",
			"posY": "455585.5816247505",
			"routeType": "4",
			"sectSpd": "13",
			"section": "111600401",
			"seq": "37",
			"station": "111000131",
			"stationNm": "우남교통",
			"stationNo": "12219",
			"transYn": "N",
			"fullSectDist": "246",
			"trnstnid": "111000032"
		},
		{
			"arsId": "12368",
			"beginTm": "05:25",
			"busRouteAbrv": "7715",
			"busRouteId": "100100462",
			"busRouteNm": "7715",
			"direction": "은평차고지",
			"gpsX": "126.9099169775",
			"gpsY": "37.5977669942",
			"lastTm": "00:23",
			"posX": "192045.7868588993",
			"posY": "455363.6815847084",
			"routeType": "4",
			"sectSpd": "47",
			"section": "111600484",
			"seq": "38",
			"station": "111000278",
			"stationNm": "신사동고개",
			"stationNo": "12368",
			"transYn": "N",
			"fullSectDist": "228",
			"trnstnid": "111000032"
		},
		{
			"arsId": "12339",
			"beginTm": "05:26",
			"busRouteAbrv": "7715",
			"busRouteId": "100100462",
			"busRouteNm": "7715",
			"direction": "은평차고지",
			"gpsX": "126.9088141552",
			"gpsY": "37.595726085",
			"lastTm": "00:24",
			"posX": "191948.1891464609",
			"posY": "455137.2815567069",
			"routeType": "4",
			"sectSpd": "68",
			"section": "111601003",
			"seq": "39",
			"station": "111000249",
			"stationNm": "신사사거리",
			"stationNo": "12339",
			"transYn": "N",
			"fullSectDist": "249",
			"trnstnid": "111000032"
		},
		{
			"arsId": "12337",
			"beginTm": "05:26",
			"busRouteAbrv": "7715",
			"busRouteId": "100100462",
			"busRouteNm": "7715",
			"direction": "은평차고지",
			"gpsX": "126.9079046488",
			"gpsY": "37.5940015978",
			"lastTm": "00:26",
			"posX": "191867.69103636523",
			"posY": "454945.981542028",
			"routeType": "4",
			"sectSpd": "9",
			"section": "111600980",
			"seq": "40",
			"station": "111000247",
			"stationNm": "현대아파트앞",
			"stationNo": "12337",
			"transYn": "N",
			"fullSectDist": "209",
			"trnstnid": "111000032"
		},
		{
			"arsId": "12322",
			"beginTm": "05:27",
			"busRouteAbrv": "7715",
			"busRouteId": "100100462",
			"busRouteNm": "7715",
			"direction": "은평차고지",
			"gpsX": "126.905834169",
			"gpsY": "37.5916129815",
			"lastTm": "00:27",
			"posX": "191684.5953409027",
			"posY": "454681.08150519384",
			"routeType": "4",
			"sectSpd": "52",
			"section": "111603927",
			"seq": "41",
			"station": "111000232",
			"stationNm": "은평터널앞",
			"stationNo": "12322",
			"transYn": "N",
			"fullSectDist": "329",
			"trnstnid": "111000032"
		},
		{
			"arsId": "12323",
			"beginTm": "05:28",
			"busRouteAbrv": "7715",
			"busRouteId": "100100462",
			"busRouteNm": "7715",
			"direction": "은평차고지",
			"gpsX": "126.9002689854",
			"gpsY": "37.5861018572",
			"lastTm": "00:28",
			"posX": "191192.50690167907",
			"posY": "454069.981432226",
			"routeType": "4",
			"sectSpd": "19",
			"section": "111603857",
			"seq": "42",
			"station": "111000233",
			"stationNm": "수색대림아파트",
			"stationNo": "12323",
			"transYn": "N",
			"fullSectDist": "786",
			"trnstnid": "111000032"
		},
		{
			"arsId": "12324",
			"beginTm": "05:30",
			"busRouteAbrv": "7715",
			"busRouteId": "100100462",
			"busRouteNm": "7715",
			"direction": "은평차고지",
			"gpsX": "126.897867645",
			"gpsY": "37.5844411022",
			"lastTm": "00:30",
			"posX": "190980.2381313925",
			"posY": "453885.9040085636",
			"routeType": "4",
			"sectSpd": "6",
			"section": "111600721",
			"seq": "43",
			"station": "111000234",
			"stationNm": "수색초등학교",
			"stationNo": "12324",
			"transYn": "N",
			"fullSectDist": "326",
			"trnstnid": "111000032"
		},
		{
			"arsId": "12318",
			"beginTm": "05:31",
			"busRouteAbrv": "7715",
			"busRouteId": "100100462",
			"busRouteNm": "7715",
			"direction": "은평차고지",
			"gpsX": "126.8972983814",
			"gpsY": "37.5807252119",
			"lastTm": "00:31",
			"posX": "190929.51308243404",
			"posY": "453473.58136214875",
			"routeType": "4",
			"sectSpd": "22",
			"section": "111601289",
			"seq": "44",
			"station": "111000228",
			"stationNm": "수색역",
			"stationNo": "12318",
			"transYn": "N",
			"fullSectDist": "570",
			"trnstnid": "111000032"
		},
		{
			"arsId": "12319",
			"beginTm": "05:34",
			"busRouteAbrv": "7715",
			"busRouteId": "100100462",
			"busRouteNm": "7715",
			"direction": "은평차고지",
			"gpsX": "126.9012938809",
			"gpsY": "37.5782704462",
			"lastTm": "00:33",
			"posX": "191282.10479779152",
			"posY": "453200.7813129169",
			"routeType": "4",
			"sectSpd": "44",
			"section": "111601291",
			"seq": "45",
			"station": "111000229",
			"stationNm": "디지털미디어시티역",
			"stationNo": "12319",
			"transYn": "N",
			"fullSectDist": "453",
			"trnstnid": "111000032"
		},
		{
			"arsId": "13212",
			"beginTm": "05:35",
			"busRouteAbrv": "7715",
			"busRouteId": "100100462",
			"busRouteNm": "7715",
			"direction": "은평차고지",
			"gpsX": "126.9048028539",
			"gpsY": "37.5780399456",
			"lastTm": "00:33",
			"posX": "191591.9975190478",
			"posY": "453174.8813085635",
			"routeType": "4",
			"sectSpd": "32",
			"section": "112600842",
			"seq": "46",
			"station": "112000129",
			"stationNm": "증산교앞",
			"stationNo": "13212",
			"transYn": "N",
			"fullSectDist": "452",
			"trnstnid": "111000032"
		},
		{
			"arsId": "14106",
			"beginTm": "05:36",
			"busRouteAbrv": "7715",
			"busRouteId": "100100462",
			"busRouteNm": "7715",
			"direction": "은평차고지",
			"gpsX": "126.8949636335",
			"gpsY": "37.5694982692",
			"lastTm": "00:34",
			"posX": "190721.91795685678",
			"posY": "452227.88119364623",
			"routeType": "4",
			"sectSpd": "49",
			"section": "113605022",
			"seq": "47",
			"station": "113000016",
			"stationNm": "월드컵경기장서측.문화비축기지",
			"stationNo": "14106",
			"transYn": "N",
			"fullSectDist": "1903",
			"trnstnid": "111000032"
		},
		{
			"arsId": "14115",
			"beginTm": "05:41",
			"busRouteAbrv": "7715",
			"busRouteId": "100100462",
			"busRouteNm": "7715",
			"direction": "은평차고지",
			"gpsX": "126.892748",
			"gpsY": "37.568523",
			"lastTm": "00:38",
			"posX": "190526.0828239533",
			"posY": "452119.8702910347",
			"routeType": "4",
			"sectSpd": "24",
			"section": "113604970",
			"seq": "48",
			"station": "113000025",
			"stationNm": "월드컵공원입구.문화비축기지입구",
			"stationNo": "14115",
			"transYn": "N",
			"fullSectDist": "305",
			"trnstnid": "111000032"
		},
		{
			"arsId": "14292",
			"beginTm": "05:42",
			"busRouteAbrv": "7715",
			"busRouteId": "100100462",
			"busRouteNm": "7715",
			"direction": "은평차고지",
			"gpsX": "126.889762",
			"gpsY": "37.571242",
			"lastTm": "00:40",
			"posX": "190262.67366509125",
			"posY": "452421.9206943712",
			"routeType": "4",
			"sectSpd": "35",
			"section": "113602066",
			"seq": "49",
			"station": "113000198",
			"stationNm": "월드컵파크3단지후문",
			"stationNo": "14292",
			"transYn": "N",
			"fullSectDist": "403",
			"trnstnid": "111000032"
		},
		{
			"arsId": "14116",
			"beginTm": "05:42",
			"busRouteAbrv": "7715",
			"busRouteId": "100100462",
			"busRouteNm": "7715",
			"direction": "은평차고지",
			"gpsX": "126.889228",
			"gpsY": "37.573822",
			"lastTm": "00:41",
			"posX": "190215.84295575487",
			"posY": "452708.2957323636",
			"routeType": "4",
			"sectSpd": "33",
			"section": "113600767",
			"seq": "50",
			"station": "113000026",
			"stationNm": "월드컵파크3단지정문",
			"stationNo": "14116",
			"transYn": "N",
			"fullSectDist": "377",
			"trnstnid": "111000032"
		},
		{
			"arsId": "14117",
			"beginTm": "05:43",
			"busRouteAbrv": "7715",
			"busRouteId": "100100462",
			"busRouteNm": "7715",
			"direction": "은평차고지",
			"gpsX": "126.890647",
			"gpsY": "37.575267",
			"lastTm": "00:42",
			"posX": "190341.36562823952",
			"posY": "452868.5101239099",
			"routeType": "4",
			"sectSpd": "110",
			"section": "113600709",
			"seq": "51",
			"station": "113000027",
			"stationNm": "월드컵파크2단지.에스플렉스센터",
			"stationNo": "14117",
			"transYn": "N",
			"fullSectDist": "204",
			"trnstnid": "111000032"
		},
		{
			"arsId": "14286",
			"beginTm": "05:44",
			"busRouteAbrv": "7715",
			"busRouteId": "100100462",
			"busRouteNm": "7715",
			"direction": "은평차고지",
			"gpsX": "126.891323",
			"gpsY": "37.577985",
			"lastTm": "00:43",
			"posX": "190401.42244248904",
			"posY": "453170.0753863901",
			"routeType": "4",
			"sectSpd": "35",
			"section": "113600064",
			"seq": "52",
			"station": "113000192",
			"stationNm": "상암DMC홍보관.YTN",
			"stationNo": "14286",
			"transYn": "N",
			"fullSectDist": "392",
			"trnstnid": "111000032"
		},
		{
			"arsId": "14307",
			"beginTm": "05:45",
			"busRouteAbrv": "7715",
			"busRouteId": "100100462",
			"busRouteNm": "7715",
			"direction": "은평차고지",
			"gpsX": "126.889637",
			"gpsY": "37.578988",
			"lastTm": "00:46",
			"posX": "190252.64214271674",
			"posY": "453281.5585905714",
			"routeType": "4",
			"sectSpd": "38",
			"section": "113600711",
			"seq": "53",
			"station": "113000204",
			"stationNm": "누리꿈스퀘어.MBC",
			"stationNo": "14307",
			"transYn": "N",
			"fullSectDist": "187",
			"trnstnid": "111000032"
		},
		{
			"arsId": "14288",
			"beginTm": "05:45",
			"busRouteAbrv": "7715",
			"busRouteId": "100100462",
			"busRouteNm": "7715",
			"direction": "은평차고지",
			"gpsX": "126.886335",
			"gpsY": "37.580921",
			"lastTm": "00:46",
			"posX": "189961.2660274787",
			"posY": "453496.424298231",
			"routeType": "4",
			"sectSpd": "53",
			"section": "113604856",
			"seq": "54",
			"station": "113000194",
			"stationNm": "월드컵파크5단지.상암중고등학교입구",
			"stationNo": "14288",
			"transYn": "N",
			"fullSectDist": "364",
			"trnstnid": "111000032"
		},
		{
			"arsId": "14290",
			"beginTm": "05:46",
			"busRouteAbrv": "7715",
			"busRouteId": "100100462",
			"busRouteNm": "7715",
			"direction": "은평차고지",
			"gpsX": "126.8826124496",
			"gpsY": "37.5834310105",
			"lastTm": "00:47",
			"posX": "189632.8435368824",
			"posY": "453775.381435893",
			"routeType": "4",
			"sectSpd": "43",
			"section": "113604943",
			"seq": "55",
			"station": "113000196",
			"stationNm": "구룡근린공원",
			"stationNo": "14290",
			"transYn": "N",
			"fullSectDist": "493",
			"trnstnid": "111000032"
		},
		{
			"arsId": "14111",
			"beginTm": "05:48",
			"busRouteAbrv": "7715",
			"busRouteId": "100100462",
			"busRouteNm": "7715",
			"direction": "은평차고지",
			"gpsX": "126.8853565719",
			"gpsY": "37.5852421937",
			"lastTm": "00:49",
			"posX": "189875.43784140437",
			"posY": "453976.08145670453",
			"routeType": "4",
			"sectSpd": "67",
			"section": "113600770",
			"seq": "56",
			"station": "113000021",
			"stationNm": "DMC첨단산업센터",
			"stationNo": "14111",
			"transYn": "N",
			"fullSectDist": "331",
			"trnstnid": "111000032"
		},
		{
			"arsId": "12314",
			"beginTm": "05:49",
			"busRouteAbrv": "7715",
			"busRouteId": "100100462",
			"busRouteNm": "7715",
			"direction": "은평차고지",
			"gpsX": "126.8856592313",
			"gpsY": "37.5885944751",
			"lastTm": "00:50",
			"posX": "189902.61962237235",
			"posY": "454348.07451031404",
			"routeType": "4",
			"sectSpd": "44",
			"section": "111600762",
			"seq": "57",
			"station": "111000224",
			"stationNm": "덕은교.은평차고지앞",
			"stationNo": "12314",
			"transYn": "N",
			"fullSectDist": "471",
			"trnstnid": "111000032"
		},
		{
			"arsId": "12409",
			"beginTm": "05:52",
			"busRouteAbrv": "7715",
			"busRouteId": "100100462",
			"busRouteNm": "7715",
			"direction": "은평차고지",
			"gpsX": "126.8843223302",
			"gpsY": "37.5913857087",
			"lastTm": "00:51",
			"posX": "189784.9399683991",
			"posY": "454657.9815456397",
			"routeType": "4",
			"sectSpd": "19",
			"section": "111603825",
			"seq": "58",
			"station": "111000315",
			"stationNm": "은평권역공영차고지",
			"stationNo": "12409",
			"transYn": "N",
			"fullSectDist": "565",
			"trnstnid": "111000032"
		}
	]
}