{
	"count": 88,
	"result": [
		{
			"arsId": "09150",
			"beginTm": "04:13",
			"busRouteAbrv": "1218",
			"busRouteId": "100100177",
			"busRouteNm": "1218",
			"direction": "답십리",
			"gpsX": "127.0320158492",
			"gpsY": "37.6353812772",
			"lastTm": "22:50",
			"posX": "202825.53362062096",
			"posY": "459534.6820735396",
			"routeType": "4",
			"sectSpd": "0",
			"section": "0",
			"seq": "1",
			"station": "108000062",
			"stationNm": "북부시장입구",
			"stationNo": "09150",
			"transYn": "N",
			"fullSectDist": "0",
			"trnstnid": "105000114"
		},
		{
			"arsId": "09148",
			"beginTm": "04:13",
			"busRouteAbrv": "1218",
			"busRouteId": "100100177",
			"busRouteNm": "1218",
			"direction": "답십리",
			"gpsX": "127.0286868166",
			"gpsY": "37.6351433469",
			"lastTm": "22:50",
			"posX": "202531.7405299954",
			"posY": "459508.1820783783",
			"routeType": "4",
			"sectSpd": "14",
			"section": "108600383",
			"seq": "2",
			"station": "108000060",
			"stationNm": "강북경찰서입구",
			"stationNo": "09148",
			"transYn": "N",
			"fullSectDist": "294",
			"trnstnid": "105000114"
		},
		{
			"arsId": "09205",
			"beginTm": "04:14",
			"busRouteAbrv": "1218",
			"busRouteId": "100100177",
			"busRouteNm": "1218",
			"direction": "답십리",
			"gpsX": "127.0231692841",
			"gpsY": "37.6367337539",
			"lastTm": "22:51",
			"posX": "202044.74989023578",
			"posY": "459684.54725893075",
			"routeType": "4",
			"sectSpd": "69",
			"section": "108602565",
			"seq": "3",
			"station": "108000117",
			"stationNm": "대한병원",
			"stationNo": "09205",
			"transYn": "N",
			"fullSectDist": "700",
			"trnstnid": "105000114"
		},
		{
			"arsId": "09203",
			"beginTm": "04:17",
			"busRouteAbrv": "1218",
			"busRouteId": "100100177",
			"busRouteNm": "1218",
			"direction": "답십리",
			"gpsX": "127.0227228438",
			"gpsY": "37.6403601066",
			"lastTm": "22:55",
			"posX": "202005.25289694592",
			"posY": "460086.982144875",
			"routeType": "4",
			"sectSpd": "34",
			"section": "108602567",
			"seq": "4",
			"station": "108000115",
			"stationNm": "수유중앙시장",
			"stationNo": "09203",
			"transYn": "N",
			"fullSectDist": "405",
			"trnstnid": "105000114"
		},
		{
			"arsId": "09129",
			"beginTm": "04:18",
			"busRouteAbrv": "1218",
			"busRouteId": "100100177",
			"busRouteNm": "1218",
			"direction": "답십리",
			"gpsX": "127.0218370508",
			"gpsY": "37.6437637754",
			"lastTm": "22:56",
			"posX": "201926.99522302512",
			"posY": "460464.6953653372",
			"routeType": "4",
			"sectSpd": "128",
			"section": "108600477",
			"seq": "5",
			"station": "108000041",
			"stationNm": "광산사거리",
			"stationNo": "09129",
			"transYn": "N",
			"fullSectDist": "388",
			"trnstnid": "105000114"
		},
		{
			"arsId": "09127",
			"beginTm": "04:19",
			"busRouteAbrv": "1218",
			"busRouteId": "100100177",
			"busRouteNm": "1218",
			"direction": "답십리",
			"gpsX": "127.020202",
			"gpsY": "37.644893",
			"lastTm": "22:57",
			"posX": "201782.68432327986",
			"posY": "460589.98198275873",
			"routeType": "4",
			"sectSpd": "34",
			"section": "108602295",
			"seq": "6",
			"station": "108000039",
			"stationNm": "수유2동주민센터우이시장",
			"stationNo": "09127",
			"transYn": "N",
			"fullSectDist": "192",
			"trnstnid": "105000114"
		},
		{
			"arsId": "09124",
			"beginTm": "04:20",
			"busRouteAbrv": "1218",
			"busRouteId": "100100177",
			"busRouteNm": "1218",
			"direction": "답십리",
			"gpsX": "127.01746",
			"gpsY": "37.646853",
			"lastTm": "22:57",
			"posX": "201540.68163248137",
			"posY": "460807.4501017565",
			"routeType": "4",
			"sectSpd": "25",
			"section": "108602297",
			"seq": "7",
			"station": "108000036",
			"stationNm": "북부성모의원",
			"stationNo": "09124",
			"transYn": "N",
			"fullSectDist": "326",
			"trnstnid": "105000114"
		},
		{
			"arsId": "09120",
			"beginTm": "04:21",
			"busRouteAbrv": "1218",
			"busRouteId": "100100177",
			"busRouteNm": "1218",
			"direction": "답십리",
			"gpsX": "127.0155272484",
			"gpsY": "37.6450333774",
			"lastTm": "22:58",
			"posX": "201370.16781272084",
			"posY": "460605.48221283173",
			"routeType": "4",
			"sectSpd": "34",
			"section": "108601759",
			"seq": "8",
			"station": "108000032",
			"stationNm": "인수동장미원",
			"stationNo": "09120",
			"transYn": "N",
			"fullSectDist": "706",
			"trnstnid": "105000114"
		},
		{
			"arsId": "09122",
			"beginTm": "04:23",
			"busRouteAbrv": "1218",
			"busRouteId": "100100177",
			"busRouteNm": "1218",
			"direction": "답십리",
			"gpsX": "127.0165777635",
			"gpsY": "37.6418977929",
			"lastTm": "23:01",
			"posX": "201462.92969631552",
			"posY": "460257.5176259512",
			"routeType": "4",
			"sectSpd": "38",
			"section": "108602436",
			"seq": "9",
			"station": "108000034",
			"stationNm": "가오리역",
			"stationNo": "09122",
			"transYn": "N",
			"fullSectDist": "375",
			"trnstnid": "105000114"
		},
		{
			"arsId": "09134",
			"beginTm": "04:24",
			"busRouteAbrv": "1218",
			"busRouteId": "100100177",
			"busRouteNm": "1218",
			"direction": "답십리",
			"gpsX": "127.0171140536",
			"gpsY": "37.6365089299",
			"lastTm": "23:02",
			"posX": "201510.36451546111",
			"posY": "459659.48208560375",
			"routeType": "4",
			"sectSpd": "41",
			"section": "108600408",
			"seq": "10",
			"station": "108000046",
			"stationNm": "우이초등학교",
			"stationNo": "09134",
			"transYn": "N",
			"fullSectDist": "604",
			"trnstnid": "105000114"
		},
		{
			"arsId": "09143",
			"beginTm": "04:28",
			"busRouteAbrv": "1218",
			"busRouteId": "100100177",
			"busRouteNm": "1218",
			"direction": "답십리",
			"gpsX": "127.0189887124",
			"gpsY": "37.6341901591",
			"lastTm": "23:05",
			"posX": "201675.86063295556",
			"posY": "459402.1820529201",
			"routeType": "4",
			"sectSpd": "39",
			"section": "108600534",
			"seq": "11",
			"station": "108000055",
			"stationNm": "강북노인종합복지관",
			"stationNo": "09143",
			"transYn": "N",
			"fullSectDist": "384",
			"trnstnid": "105000114"
		},
		{
			"arsId": "09145",
			"beginTm": "04:29",
			"busRouteAbrv": "1218",
			"busRouteId": "100100177",
			"busRouteNm": "1218",
			"direction": "답십리",
			"gpsX": "127.0212163361",
			"gpsY": "37.6343871166",
			"lastTm": "23:07",
			"posX": "201872.4560090652",
			"posY": "459424.08205979504",
			"routeType": "4",
			"sectSpd": "38",
			"section": "108602501",
			"seq": "12",
			"station": "108000057",
			"stationNm": "신일병원",
			"stationNo": "09145",
			"transYn": "N",
			"fullSectDist": "201",
			"trnstnid": "105000114"
		},
		{
			"arsId": "09004",
			"beginTm": "04:30",
			"busRouteAbrv": "1218",
			"busRouteId": "100100177",
			"busRouteNm": "1218",
			"direction": "답십리",
			"gpsX": "127.0252317763",
			"gpsY": "37.6374887513",
			"lastTm": "23:07",
			"posX": "202226.74768875734",
			"posY": "459768.3821116863",
			"routeType": "4",
			"sectSpd": "31",
			"section": "108602310",
			"seq": "13",
			"station": "108000004",
			"stationNm": "수유역.강북구청",
			"stationNo": "09004",
			"transYn": "N",
			"fullSectDist": "555",
			"trnstnid": "105000114"
		},
		{
			"arsId": "09248",
			"beginTm": "04:33",
			"busRouteAbrv": "1218",
			"busRouteId": "100100177",
			"busRouteNm": "1218",
			"direction": "답십리",
			"gpsX": "127.026899",
			"gpsY": "37.638953",
			"lastTm": "23:09",
			"posX": "202373.83646378445",
			"posY": "459930.9220288857",
			"routeType": "4",
			"sectSpd": "26",
			"section": "108601361",
			"seq": "14",
			"station": "108000160",
			"stationNm": "수유역.노스페이스문화센터",
			"stationNo": "09248",
			"transYn": "N",
			"fullSectDist": "220",
			"trnstnid": "105000114"
		},
		{
			"arsId": "09207",
			"beginTm": "04:33",
			"busRouteAbrv": "1218",
			"busRouteId": "100100177",
			"busRouteNm": "1218",
			"direction": "답십리",
			"gpsX": "127.028315436",
			"gpsY": "37.6388225533",
			"lastTm": "23:11",
			"posX": "202498.8412973853",
			"posY": "459916.48212591605",
			"routeType": "4",
			"sectSpd": "49",
			"section": "108602273",
			"seq": "15",
			"station": "108000119",
			"stationNm": "강북구청사거리",
			"stationNo": "09207",
			"transYn": "N",
			"fullSectDist": "212",
			"trnstnid": "105000114"
		},
		{
			"arsId": "09209",
			"beginTm": "04:34",
			"busRouteAbrv": "1218",
			"busRouteId": "100100177",
			"busRouteNm": "1218",
			"direction": "답십리",
			"gpsX": "127.0313717256",
			"gpsY": "37.6367835337",
			"lastTm": "23:11",
			"posX": "202768.6349641457",
			"posY": "459690.2821035404",
			"routeType": "4",
			"sectSpd": "40",
			"section": "108602275",
			"seq": "16",
			"station": "108000121",
			"stationNm": "수송초등학교",
			"stationNo": "09209",
			"transYn": "N",
			"fullSectDist": "353",
			"trnstnid": "105000114"
		},
		{
			"arsId": "09154",
			"beginTm": "04:35",
			"busRouteAbrv": "1218",
			"busRouteId": "100100177",
			"busRouteNm": "1218",
			"direction": "답십리",
			"gpsX": "127.0361604414",
			"gpsY": "37.6342350364",
			"lastTm": "23:13",
			"posX": "203191.3603849872",
			"posY": "459407.60779290274",
			"routeType": "4",
			"sectSpd": "55",
			"section": "108602344",
			"seq": "17",
			"station": "108000066",
			"stationNm": "북부수도사업소",
			"stationNo": "09154",
			"transYn": "N",
			"fullSectDist": "513",
			"trnstnid": "105000114"
		},
		{
			"arsId": "09176",
			"beginTm": "04:37",
			"busRouteAbrv": "1218",
			"busRouteId": "100100177",
			"busRouteNm": "1218",
			"direction": "답십리",
			"gpsX": "127.0391909431",
			"gpsY": "37.6321072503",
			"lastTm": "23:14",
			"posX": "203458.91767856322",
			"posY": "459171.5784409875",
			"routeType": "4",
			"sectSpd": "67",
			"section": "108602351",
			"seq": "18",
			"station": "108000088",
			"stationNm": "강북보건소",
			"stationNo": "09176",
			"transYn": "N",
			"fullSectDist": "393",
			"trnstnid": "105000114"
		},
		{
			"arsId": "09180",
			"beginTm": "04:39",
			"busRouteAbrv": "1218",
			"busRouteId": "100100177",
			"busRouteNm": "1218",
			"direction": "답십리",
			"gpsX": "127.0399848073",
			"gpsY": "37.6313780406",
			"lastTm": "23:15",
			"posX": "203529.01710112466",
			"posY": "459090.6820263667",
			"routeType": "4",
			"sectSpd": "16",
			"section": "108600671",
			"seq": "19",
			"station": "108000092",
			"stationNm": "번동주공4단지",
			"stationNo": "09180",
			"transYn": "N",
			"fullSectDist": "102",
			"trnstnid": "105000114"
		},
		{
			"arsId": "09182",
			"beginTm": "04:39",
			"busRouteAbrv": "1218",
			"busRouteId": "100100177",
			"busRouteNm": "1218",
			"direction": "답십리",
			"gpsX": "127.0434628856",
			"gpsY": "37.6290195783",
			"lastTm": "23:16",
			"posX": "203836.10988088144",
			"posY": "458829.0819955054",
			"routeType": "4",
			"sectSpd": "46",
			"section": "108600673",
			"seq": "20",
			"station": "108000094",
			"stationNm": "번동주공3단지",
			"stationNo": "09182",
			"transYn": "N",
			"fullSectDist": "414",
			"trnstnid": "105000114"
		},
		{
			"arsId": "09184",
			"beginTm": "04:41",
			"busRouteAbrv": "1218",
			"busRouteId": "100100177",
			"busRouteNm": "1218",
			"direction": "답십리",
			"gpsX": "127.048129578",
			"gpsY": "37.6255071471",
			"lastTm": "23:17",
			"posX": "204248.20020677382",
			"posY": "458439.48195064766",
			"routeType": "4",
			"sectSpd": "55",
			"section": "108602493",
			"seq": "21",
			"station": "108000096",
			"stationNm": "번동주공1단지",
			"stationNo": "09184",
			"transYn": "N",
			"fullSectDist": "578",
			"trnstnid": "105000114"
		},
		{
			"arsId": "08185",
			"beginTm": "04:42",
			"busRouteAbrv": "1218",
			"busRouteId": "100100177",
			"busRouteNm": "1218",
			"direction": "답십리",
			"gpsX": "127.0503746013",
			"gpsY": "37.6232183587",
			"lastTm": "23:18",
			"posX": "204446.49554349217",
			"posY": "458185.5819094232",
			"routeType": "4",
			"sectSpd": "151",
			"section": "107603329",
			"seq": "22",
			"station": "107000095",
			"stationNm": "월계2교.참누리아파트",
			"stationNo": "08185",
			"transYn": "N",
			"fullSectDist": "328",
			"trnstnid": "105000114"
		},
		{
			"arsId": "08187",
			"beginTm": "04:43",
			"busRouteAbrv": "1218",
			"busRouteId": "100100177",
			"busRouteNm": "1218",
			"direction": "답십리",
			"gpsX": "127.0528391738",
			"gpsY": "37.6202997326",
			"lastTm": "23:19",
			"posX": "204664.2222725706",
			"posY": "457861.7998147947",
			"routeType": "4",
			"sectSpd": "43",
			"section": "107603332",
			"seq": "23",
			"station": "107000097",
			"stationNm": "광운초교앞",
			"stationNo": "08187",
			"transYn": "N",
			"fullSectDist": "457",
			"trnstnid": "105000114"
		},
		{
			"arsId": "08243",
			"beginTm": "04:44",
			"busRouteAbrv": "1218",
			"busRouteId": "100100177",
			"busRouteNm": "1218",
			"direction": "답십리",
			"gpsX": "127.0546974877",
			"gpsY": "37.6180556213",
			"lastTm": "23:20",
			"posX": "204828.40459471554",
			"posY": "457612.8481169068",
			"routeType": "4",
			"sectSpd": "25",
			"section": "107603716",
			"seq": "24",
			"station": "107000528",
			"stationNm": "남대문중학교",
			"stationNo": "08243",
			"transYn": "N",
			"fullSectDist": "301",
			"trnstnid": "105000114"
		},
		{
			"arsId": "08189",
			"beginTm": "04:46",
			"busRouteAbrv": "1218",
			"busRouteId": "100100177",
			"busRouteNm": "1218",
			"direction": "답십리",
			"gpsX": "127.0570354261",
			"gpsY": "37.6162245325",
			"lastTm": "23:22",
			"posX": "205034.90890903902",
			"posY": "457409.7615188672",
			"routeType": "4",
			"sectSpd": "12",
			"section": "107600987",
			"seq": "25",
			"station": "107000099",
			"stationNm": "장위3동주민센터",
			"stationNo": "08189",
			"transYn": "N",
			"fullSectDist": "303",
			"trnstnid": "105000114"
		},
		{
			"arsId": "08191",
			"beginTm": "04:47",
			"busRouteAbrv": "1218",
			"busRouteId": "100100177",
			"busRouteNm": "1218",
			"direction": "답십리",
			"gpsX": "127.0592242299",
			"gpsY": "37.6141178016",
			"lastTm": "23:23",
			"posX": "205228.27718219883",
			"posY": "457176.08178127697",
			"routeType": "4",
			"sectSpd": "12",
			"section": "107600692",
			"seq": "26",
			"station": "107000101",
			"stationNm": "장삼주유소",
			"stationNo": "08191",
			"transYn": "N",
			"fullSectDist": "303",
			"trnstnid": "105000114"
		},
		{
			"arsId": "08193",
			"beginTm": "04:47",
			"busRouteAbrv": "1218",
			"busRouteId": "100100177",
			"busRouteNm": "1218",
			"direction": "답십리",
			"gpsX": "127.0617328401",
			"gpsY": "37.6116947705",
			"lastTm": "23:24",
			"posX": "205449.91253982834",
			"posY": "456907.32300953753",
			"routeType": "4",
			"sectSpd": "39",
			"section": "107601176",
			"seq": "27",
			"station": "107000103",
			"stationNm": "장위사거리",
			"stationNo": "08193",
			"transYn": "N",
			"fullSectDist": "353",
			"trnstnid": "105000114"
		},
		{
			"arsId": "08195",
			"beginTm": "04:48",
			"busRouteAbrv": "1218",
			"busRouteId": "100100177",
			"busRouteNm": "1218",
			"direction": "답십리",
			"gpsX": "127.0640251528",
			"gpsY": "37.6092611472",
			"lastTm": "23:25",
			"posX": "205652.46721672383",
			"posY": "456637.38172204373",
			"routeType": "4",
			"sectSpd": "39",
			"section": "107601178",
			"seq": "28",
			"station": "107000105",
			"stationNm": "석관중고등학교앞",
			"stationNo": "08195",
			"transYn": "N",
			"fullSectDist": "338",
			"trnstnid": "105000114"
		},
		{
			"arsId": "08197",
			"beginTm": "04:50",
			"busRouteAbrv": "1218",
			"busRouteId": "100100177",
			"busRouteNm": "1218",
			"direction": "답십리",
			"gpsX": "127.0661262457",
			"gpsY": "37.6065852831",
			"lastTm": "23:27",
			"posX": "205838.17159653045",
			"posY": "456340.55037168646",
			"routeType": "4",
			"sectSpd": "104",
			"section": "107601180",
			"seq": "29",
			"station": "107000107",
			"stationNm": "석관동코오롱아파트",
			"stationNo": "08197",
			"transYn": "N",
			"fullSectDist": "357",
			"trnstnid": "105000114"
		},
		{
			"arsId": "06132",
			"beginTm": "04:51",
			"busRouteAbrv": "1218",
			"busRouteId": "100100177",
			"busRouteNm": "1218",
			"direction": "답십리",
			"gpsX": "127.0676192785",
			"gpsY": "37.5981910949",
			"lastTm": "23:29",
			"posX": "205970.65974050623",
			"posY": "455409.0815603072",
			"routeType": "4",
			"sectSpd": "16",
			"section": "105602717",
			"seq": "30",
			"station": "105000048",
			"stationNm": "한천로쌍용아파트앞",
			"stationNo": "06132",
			"transYn": "N",
			"fullSectDist": "957",
			"trnstnid": "105000114"
		},
		{
			"arsId": "06134",
			"beginTm": "04:53",
			"busRouteAbrv": "1218",
			"busRouteId": "100100177",
			"busRouteNm": "1218",
			"direction": "답십리",
			"gpsX": "127.0682139128",
			"gpsY": "37.5945485558",
			"lastTm": "23:31",
			"posX": "206023.45850367084",
			"posY": "455004.88150321087",
			"routeType": "4",
			"sectSpd": "26",
			"section": "105600456",
			"seq": "31",
			"station": "105000050",
			"stationNm": "이문동삼익아파트",
			"stationNo": "06134",
			"transYn": "N",
			"fullSectDist": "409",
			"trnstnid": "105000114"
		},
		{
			"arsId": "06136",
			"beginTm": "04:54",
			"busRouteAbrv": "1218",
			"busRouteId": "100100177",
			"busRouteNm": "1218",
			"direction": "답십리",
			"gpsX": "127.0677525508",
			"gpsY": "37.5877987669",
			"lastTm": "23:32",
			"posX": "205983.25944201066",
			"posY": "454255.78141068947",
			"routeType": "4",
			"sectSpd": "41",
			"section": "105602517",
			"seq": "32",
			"station": "105000052",
			"stationNm": "동일스위트리버아파트.휘봉고교",
			"stationNo": "06136",
			"transYn": "N",
			"fullSectDist": "781",
			"trnstnid": "105000114"
		},
		{
			"arsId": "06140",
			"beginTm": "04:56",
			"busRouteAbrv": "1218",
			"busRouteId": "100100177",
			"busRouteNm": "1218",
			"direction": "답십리",
			"gpsX": "127.0673893111",
			"gpsY": "37.5855552625",
			"lastTm": "23:34",
			"posX": "205951.3601940118",
			"posY": "454006.78137653973",
			"routeType": "4",
			"sectSpd": "13",
			"section": "105601663",
			"seq": "33",
			"station": "105000054",
			"stationNm": "서울준법지원센터.동성빌라",
			"stationNo": "06140",
			"transYn": "N",
			"fullSectDist": "251",
			"trnstnid": "105000114"
		},
		{
			"arsId": "06142",
			"beginTm": "04:57",
			"busRouteAbrv": "1218",
			"busRouteId": "100100177",
			"busRouteNm": "1218",
			"direction": "답십리",
			"gpsX": "127.0682288519",
			"gpsY": "37.5823820434",
			"lastTm": "23:35",
			"posX": "206025.75844626955",
			"posY": "453654.68132865103",
			"routeType": "4",
			"sectSpd": "10",
			"section": "105600906",
			"seq": "34",
			"station": "105000056",
			"stationNm": "휘경여중고휘경주공아파트앞",
			"stationNo": "06142",
			"transYn": "N",
			"fullSectDist": "372",
			"trnstnid": "105000114"
		},
		{
			"arsId": "06322",
			"beginTm": "04:58",
			"busRouteAbrv": "1218",
			"busRouteId": "100100177",
			"busRouteNm": "1218",
			"direction": "답십리",
			"gpsX": "127.0682143786",
			"gpsY": "37.5801698755",
			"lastTm": "23:36",
			"posX": "206024.65847264044",
			"posY": "453409.1812901795",
			"routeType": "4",
			"sectSpd": "4",
			"section": "105600282",
			"seq": "35",
			"station": "105000235",
			"stationNm": "배봉산입구",
			"stationNo": "06322",
			"transYn": "N",
			"fullSectDist": "247",
			"trnstnid": "105000114"
		},
		{
			"arsId": "06145",
			"beginTm": "04:59",
			"busRouteAbrv": "1218",
			"busRouteId": "100100177",
			"busRouteNm": "1218",
			"direction": "답십리",
			"gpsX": "127.06779506",
			"gpsY": "37.5772370675",
			"lastTm": "23:37",
			"posX": "205987.859335069",
			"posY": "453083.6812493559",
			"routeType": "4",
			"sectSpd": "35",
			"section": "105600704",
			"seq": "36",
			"station": "105000059",
			"stationNm": "전곡시장앞",
			"stationNo": "06145",
			"transYn": "N",
			"fullSectDist": "333",
			"trnstnid": "105000114"
		},
		{
			"arsId": "06147",
			"beginTm": "04:59",
			"busRouteAbrv": "1218",
			"busRouteId": "100100177",
			"busRouteNm": "1218",
			"direction": "답십리",
			"gpsX": "127.0669297561",
			"gpsY": "37.5743531691",
			"lastTm": "23:37",
			"posX": "205911.6611255631",
			"posY": "452763.5812033238",
			"routeType": "4",
			"sectSpd": "30",
			"section": "105602639",
			"seq": "37",
			"station": "105000061",
			"stationNm": "답십리촬영소.우성그린아파트",
			"stationNo": "06147",
			"transYn": "N",
			"fullSectDist": "332",
			"trnstnid": "105000114"
		},
		{
			"arsId": "06779",
			"beginTm": "05:00",
			"busRouteAbrv": "1218",
			"busRouteId": "100100177",
			"busRouteNm": "1218",
			"direction": "답십리",
			"gpsX": "127.0651585259",
			"gpsY": "37.5711048243",
			"lastTm": "23:38",
			"posX": "205755.4647937007",
			"posY": "452402.98115382856",
			"routeType": "4",
			"sectSpd": "39",
			"section": "105600534",
			"seq": "38",
			"station": "105000489",
			"stationNm": "동답초교.대림아파트",
			"stationNo": "06779",
			"transYn": "N",
			"fullSectDist": "395",
			"trnstnid": "105000114"
		},
		{
			"arsId": "06150",
			"beginTm": "05:01",
			"busRouteAbrv": "1218",
			"busRouteId": "100100177",
			"busRouteNm": "1218",
			"direction": "답십리",
			"gpsX": "127.0642165936",
			"gpsY": "37.569746494",
			"lastTm": "23:41",
			"posX": "205672.36674596314",
			"posY": "452252.18113293126",
			"routeType": "4",
			"sectSpd": "40",
			"section": "105602719",
			"seq": "39",
			"station": "105000064",
			"stationNm": "동답한신동아아파트",
			"stationNo": "06150",
			"transYn": "N",
			"fullSectDist": "174",
			"trnstnid": "105000114"
		},
		{
			"arsId": "06153",
			"beginTm": "05:01",
			"busRouteAbrv": "1218",
			"busRouteId": "100100177",
			"busRouteNm": "1218",
			"direction": "답십리",
			"gpsX": "127.0614649831",
			"gpsY": "37.5661589085",
			"lastTm": "23:42",
			"posX": "205429.57245117603",
			"posY": "451853.8810783457",
			"routeType": "4",
			"sectSpd": "45",
			"section": "105602722",
			"seq": "40",
			"station": "105000067",
			"stationNm": "동아.위더스빌아파트",
			"stationNo": "06153",
			"transYn": "N",
			"fullSectDist": "467",
			"trnstnid": "105000114"
		},
		{
			"arsId": "06157",
			"beginTm": "05:03",
			"busRouteAbrv": "1218",
			"busRouteId": "100100177",
			"busRouteNm": "1218",
			"direction": "답십리",
			"gpsX": "127.0575178939",
			"gpsY": "37.56353241",
			"lastTm": "23:44",
			"posX": "205081.08063442618",
			"posY": "451562.1810259619",
			"routeType": "4",
			"sectSpd": "40",
			"section": "103602241",
			"seq": "41",
			"station": "105000071",
			"stationNm": "고미술상가",
			"stationNo": "06157",
			"transYn": "N",
			"fullSectDist": "513",
			"trnstnid": "105000114"
		},
		{
			"arsId": "06200",
			"beginTm": "05:06",
			"busRouteAbrv": "1218",
			"busRouteId": "100100177",
			"busRouteNm": "1218",
			"direction": "답십리",
			"gpsX": "127.0552010664",
			"gpsY": "37.5655060079",
			"lastTm": "23:45",
			"posX": "204876.28544567715",
			"posY": "451781.0810537031",
			"routeType": "4",
			"sectSpd": "17",
			"section": "103600584",
			"seq": "42",
			"station": "105000114",
			"stationNm": "답십리역사거리",
			"stationNo": "06200",
			"transYn": "Y",
			"fullSectDist": "371",
			"trnstnid": "105000114"
		},
		{
			"arsId": "06198",
			"beginTm": "05:07",
			"busRouteAbrv": "1218",
			"busRouteId": "100100177",
			"busRouteNm": "1218",
			"direction": "수유역",
			"gpsX": "127.0570312871",
			"gpsY": "37.5676609886",
			"lastTm": "23:46",
			"posX": "205037.81615842547",
			"posY": "452020.3296479727",
			"routeType": "4",
			"sectSpd": "23",
			"section": "105600537",
			"seq": "43",
			"station": "105000112",
			"stationNm": "답십리초등학교.현대시장",
			"stationNo": "06198",
			"transYn": "N",
			"fullSectDist": "398",
			"trnstnid": "105000114"
		},
		{
			"arsId": "06196",
			"beginTm": "05:10",
			"busRouteAbrv": "1218",
			"busRouteId": "100100177",
			"busRouteNm": "1218",
			"direction": "수유역",
			"gpsX": "127.0573999289",
			"gpsY": "37.5705961302",
			"lastTm": "23:48",
			"posX": "205070.18088960845",
			"posY": "452346.0811380092",
			"routeType": "4",
			"sectSpd": "17",
			"section": "105600538",
			"seq": "44",
			"station": "105000110",
			"stationNm": "답십리2동시온교회앞",
			"stationNo": "06196",
			"transYn": "N",
			"fullSectDist": "221",
			"trnstnid": "105000114"
		},
		{
			"arsId": "06225",
			"beginTm": "05:11",
			"busRouteAbrv": "1218",
			"busRouteId": "100100177",
			"busRouteNm": "1218",
			"direction": "수유역",
			"gpsX": "127.0583163121",
			"gpsY": "37.5727267628",
			"lastTm": "23:49",
			"posX": "205150.97899857856",
			"posY": "452582.58117213193",
			"routeType": "4",
			"sectSpd": "35",
			"section": "105600435",
			"seq": "45",
			"station": "105000139",
			"stationNm": "답십리2동두산아파트",
			"stationNo": "06225",
			"transYn": "N",
			"fullSectDist": "336",
			"trnstnid": "105000114"
		},
		{
			"arsId": "06227",
			"beginTm": "05:12",
			"busRouteAbrv": "1218",
			"busRouteId": "100100177",
			"busRouteNm": "1218",
			"direction": "수유역",
			"gpsX": "127.0614069359",
			"gpsY": "37.5726702291",
			"lastTm": "23:51",
			"posX": "205423.97258067544",
			"posY": "452576.48117236374",
			"routeType": "4",
			"sectSpd": "18",
			"section": "105602410",
			"seq": "46",
			"station": "105000141",
			"stationNm": "답십리2동한양아파트앞",
			"stationNo": "06227",
			"transYn": "N",
			"fullSectDist": "274",
			"trnstnid": "105000114"
		},
		{
			"arsId": "06229",
			"beginTm": "05:14",
			"busRouteAbrv": "1218",
			"busRouteId": "100100177",
			"busRouteNm": "1218",
			"direction": "수유역",
			"gpsX": "127.063768",
			"gpsY": "37.572663",
			"lastTm": "23:52",
			"posX": "205632.5220145449",
			"posY": "452575.817822902",
			"routeType": "4",
			"sectSpd": "17",
			"section": "105600437",
			"seq": "47",
			"station": "105000143",
			"stationNm": "동답한신.대림아파트동대문체육관",
			"stationNo": "06229",
			"transYn": "N",
			"fullSectDist": "208",
			"trnstnid": "105000114"
		},
		{
			"arsId": "06148",
			"beginTm": "05:14",
			"busRouteAbrv": "1218",
			"busRouteId": "100100177",
			"busRouteNm": "1218",
			"direction": "수유역",
			"gpsX": "127.0669165487",
			"gpsY": "37.5735106563",
			"lastTm": "23:53",
			"posX": "205910.56115327758",
			"posY": "452670.08119267644",
			"routeType": "4",
			"sectSpd": "32",
			"section": "105600715",
			"seq": "48",
			"station": "105000062",
			"stationNm": "촬영소사거리.우성그린아파트",
			"stationNo": "06148",
			"transYn": "N",
			"fullSectDist": "331",
			"trnstnid": "105000114"
		},
		{
			"arsId": "06146",
			"beginTm": "05:16",
			"busRouteAbrv": "1218",
			"busRouteId": "100100177",
			"busRouteNm": "1218",
			"direction": "수유역",
			"gpsX": "127.0680598141",
			"gpsY": "37.5770431806",
			"lastTm": "23:54",
			"posX": "206011.2587867483",
			"posY": "453062.181240913",
			"routeType": "4",
			"sectSpd": "40",
			"section": "105602624",
			"seq": "49",
			"station": "105000060",
			"stationNm": "전곡시장앞",
			"stationNo": "06146",
			"transYn": "N",
			"fullSectDist": "406",
			"trnstnid": "105000114"
		},
		{
			"arsId": "06144",
			"beginTm": "05:17",
			"busRouteAbrv": "1218",
			"busRouteId": "100100177",
			"busRouteNm": "1218",
			"direction": "수유역",
			"gpsX": "127.0685412036",
			"gpsY": "37.5797461738",
			"lastTm": "23:55",
			"posX": "206053.5577960604",
			"posY": "453362.1812897716",
			"routeType": "4",
			"sectSpd": "31",
			"section": "105600887",
			"seq": "50",
			"station": "105000058",
			"stationNm": "장안동현대아파트앞",
			"stationNo": "06144",
			"transYn": "N",
			"fullSectDist": "311",
			"trnstnid": "105000114"
		},
		{
			"arsId": "06143",
			"beginTm": "05:18",
			"busRouteAbrv": "1218",
			"busRouteId": "100100177",
			"busRouteNm": "1218",
			"direction": "수유역",
			"gpsX": "127.0685434142",
			"gpsY": "37.5821574897",
			"lastTm": "23:56",
			"posX": "206053.55778943255",
			"posY": "453629.7813175805",
			"routeType": "4",
			"sectSpd": "17",
			"section": "105600888",
			"seq": "51",
			"station": "105000057",
			"stationNm": "휘경여중고휘경주공아파트",
			"stationNo": "06143",
			"transYn": "N",
			"fullSectDist": "267",
			"trnstnid": "105000114"
		},
		{
			"arsId": "06141",
			"beginTm": "05:19",
			"busRouteAbrv": "1218",
			"busRouteId": "100100177",
			"busRouteNm": "1218",
			"direction": "수유역",
			"gpsX": "127.0676702359",
			"gpsY": "37.5856794521",
			"lastTm": "23:58",
			"posX": "205976.15961332474",
			"posY": "454020.5813748059",
			"routeType": "4",
			"sectSpd": "44",
			"section": "105600719",
			"seq": "52",
			"station": "105000055",
			"stationNm": "서울준법지원센터.동성빌라",
			"stationNo": "06141",
			"transYn": "N",
			"fullSectDist": "405",
			"trnstnid": "105000114"
		},
		{
			"arsId": "06417",
			"beginTm": "05:21",
			"busRouteAbrv": "1218",
			"busRouteId": "100100177",
			"busRouteNm": "1218",
			"direction": "수유역",
			"gpsX": "127.0676591393",
			"gpsY": "37.5871806733",
			"lastTm": "23:59",
			"posX": "205975.0596371835",
			"posY": "454187.18139994796",
			"routeType": "4",
			"sectSpd": "15",
			"section": "105600131",
			"seq": "53",
			"station": "105000288",
			"stationNm": "동일스위트리버앞.휘봉고교",
			"stationNo": "06417",
			"transYn": "N",
			"fullSectDist": "176",
			"trnstnid": "105000114"
		},
		{
			"arsId": "06137",
			"beginTm": "05:21",
			"busRouteAbrv": "1218",
			"busRouteId": "100100177",
			"busRouteNm": "1218",
			"direction": "수유역",
			"gpsX": "127.068577",
			"gpsY": "37.58842",
			"lastTm": "23:59",
			"posX": "206056.01661052564",
			"posY": "454324.77673029667",
			"routeType": "4",
			"sectSpd": "10",
			"section": "105600302",
			"seq": "54",
			"station": "105000053",
			"stationNm": "휘경유수지견인차고지앞",
			"stationNo": "06137",
			"transYn": "N",
			"fullSectDist": "155",
			"trnstnid": "105000114"
		},
		{
			"arsId": "06135",
			"beginTm": "05:22",
			"busRouteAbrv": "1218",
			"busRouteId": "100100177",
			"busRouteNm": "1218",
			"direction": "수유역",
			"gpsX": "127.0683627707",
			"gpsY": "37.5951035399",
			"lastTm": "00:00",
			"posX": "206036.55819541073",
			"posY": "455066.4815103477",
			"routeType": "4",
			"sectSpd": "57",
			"section": "105600721",
			"seq": "55",
			"station": "105000051",
			"stationNm": "이문동삼익아파트",
			"stationNo": "06135",
			"transYn": "N",
			"fullSectDist": "754",
			"trnstnid": "105000114"
		},
		{
			"arsId": "06133",
			"beginTm": "05:23",
			"busRouteAbrv": "1218",
			"busRouteId": "100100177",
			"busRouteNm": "1218",
			"direction": "수유역",
			"gpsX": "127.0678869789",
			"gpsY": "37.5986649133",
			"lastTm": "00:02",
			"posX": "205994.25919018226",
			"posY": "455461.68157283636",
			"routeType": "4",
			"sectSpd": "48",
			"section": "105602734",
			"seq": "56",
			"station": "105000049",
			"stationNm": "한천로쌍용아파트앞",
			"stationNo": "06133",
			"transYn": "N",
			"fullSectDist": "411",
			"trnstnid": "105000114"
		},
		{
			"arsId": "08198",
			"beginTm": "05:24",
			"busRouteAbrv": "1218",
			"busRouteId": "100100177",
			"busRouteNm": "1218",
			"direction": "수유역",
			"gpsX": "127.0663652319",
			"gpsY": "37.606698968",
			"lastTm": "00:02",
			"posX": "205859.2623583567",
			"posY": "456353.18168873107",
			"routeType": "4",
			"sectSpd": "63",
			"section": "105602742",
			"seq": "57",
			"station": "107000108",
			"stationNm": "석관동코오롱아파트",
			"stationNo": "08198",
			"transYn": "N",
			"fullSectDist": "912",
			"trnstnid": "105000114"
		},
		{
			"arsId": "08196",
			"beginTm": "05:26",
			"busRouteAbrv": "1218",
			"busRouteId": "100100177",
			"busRouteNm": "1218",
			"direction": "수유역",
			"gpsX": "127.064361798",
			"gpsY": "37.6094354736",
			"lastTm": "00:04",
			"posX": "205682.1747132776",
			"posY": "456656.7483048914",
			"routeType": "4",
			"sectSpd": "31",
			"section": "107603691",
			"seq": "58",
			"station": "107000106",
			"stationNm": "석관고등학교",
			"stationNo": "08196",
			"transYn": "N",
			"fullSectDist": "355",
			"trnstnid": "105000114"
		},
		{
			"arsId": "08194",
			"beginTm": "05:28",
			"busRouteAbrv": "1218",
			"busRouteId": "100100177",
			"busRouteNm": "1218",
			"direction": "수유역",
			"gpsX": "127.0618298638",
			"gpsY": "37.6119253322",
			"lastTm": "00:05",
			"posX": "205458.46115673502",
			"posY": "456932.9157561837",
			"routeType": "4",
			"sectSpd": "41",
			"section": "107601185",
			"seq": "59",
			"station": "107000104",
			"stationNm": "장위사거리",
			"stationNo": "08194",
			"transYn": "N",
			"fullSectDist": "356",
			"trnstnid": "105000114"
		},
		{
			"arsId": "08192",
			"beginTm": "05:29",
			"busRouteAbrv": "1218",
			"busRouteId": "100100177",
			"busRouteNm": "1218",
			"direction": "수유역",
			"gpsX": "127.0597361132",
			"gpsY": "37.61397337",
			"lastTm": "00:07",
			"posX": "205273.47611691811",
			"posY": "457160.08178159734",
			"routeType": "4",
			"sectSpd": "43",
			"section": "107601019",
			"seq": "60",
			"station": "107000102",
			"stationNm": "장삼주유소",
			"stationNo": "08192",
			"transYn": "N",
			"fullSectDist": "298",
			"trnstnid": "105000114"
		},
		{
			"arsId": "08190",
			"beginTm": "05:32",
			"busRouteAbrv": "1218",
			"busRouteId": "100100177",
			"busRouteNm": "1218",
			"direction": "수유역",
			"gpsX": "127.0570263836",
			"gpsY": "37.6166153166",
			"lastTm": "00:09",
			"posX": "205034.08431854082",
			"posY": "457453.1292223986",
			"routeType": "4",
			"sectSpd": "17",
			"section": "107600700",
			"seq": "61",
			"station": "107000100",
			"stationNm": "장위3동주민센터",
			"stationNo": "08190",
			"transYn": "N",
			"fullSectDist": "317",
			"trnstnid": "105000114"
		},
		{
			"arsId": "08244",
			"beginTm": "05:33",
			"busRouteAbrv": "1218",
			"busRouteId": "100100177",
			"busRouteNm": "1218",
			"direction": "수유역",
			"gpsX": "127.0553787688",
			"gpsY": "37.6177666792",
			"lastTm": "00:11",
			"posX": "204888.5634060879",
			"posY": "457580.8173396555",
			"routeType": "4",
			"sectSpd": "39",
			"section": "107603718",
			"seq": "62",
			"station": "107000529",
			"stationNm": "남대문중학교",
			"stationNo": "08244",
			"transYn": "N",
			"fullSectDist": "253",
			"trnstnid": "105000114"
		},
		{
			"arsId": "08188",
			"beginTm": "05:34",
			"busRouteAbrv": "1218",
			"busRouteId": "100100177",
			"busRouteNm": "1218",
			"direction": "수유역",
			"gpsX": "127.0529196401",
			"gpsY": "37.6205589219",
			"lastTm": "00:11",
			"posX": "204671.30898076802",
			"posY": "457890.56798017863",
			"routeType": "4",
			"sectSpd": "72",
			"section": "107603370",
			"seq": "63",
			"station": "107000098",
			"stationNm": "광운초교",
			"stationNo": "08188",
			"transYn": "N",
			"fullSectDist": "385",
			"trnstnid": "105000114"
		},
		{
			"arsId": "08186",
			"beginTm": "05:35",
			"busRouteAbrv": "1218",
			"busRouteId": "100100177",
			"busRouteNm": "1218",
			"direction": "수유역",
			"gpsX": "127.050133",
			"gpsY": "37.623825",
			"lastTm": "00:12",
			"posX": "204425.13377170303",
			"posY": "458252.8940209495",
			"routeType": "4",
			"sectSpd": "25",
			"section": "107603373",
			"seq": "64",
			"station": "107000096",
			"stationNm": "월계2교",
			"stationNo": "08186",
			"transYn": "N",
			"fullSectDist": "683",
			"trnstnid": "105000114"
		},
		{
			"arsId": "09185",
			"beginTm": "05:36",
			"busRouteAbrv": "1218",
			"busRouteId": "100100177",
			"busRouteNm": "1218",
			"direction": "수유역",
			"gpsX": "127.047227",
			"gpsY": "37.627015",
			"lastTm": "00:13",
			"posX": "204168.44913868132",
			"posY": "458606.7792874081",
			"routeType": "4",
			"sectSpd": "33",
			"section": "108602496",
			"seq": "65",
			"station": "108000097",
			"stationNm": "번동주공1단지",
			"stationNo": "09185",
			"transYn": "N",
			"fullSectDist": "440",
			"trnstnid": "105000114"
		},
		{
			"arsId": "09183",
			"beginTm": "05:39",
			"busRouteAbrv": "1218",
			"busRouteId": "100100177",
			"busRouteNm": "1218",
			"direction": "수유역",
			"gpsX": "127.044375",
			"gpsY": "37.628652",
			"lastTm": "00:16",
			"posX": "203916.63397818402",
			"posY": "458788.32671816647",
			"routeType": "4",
			"sectSpd": "26",
			"section": "108600504",
			"seq": "66",
			"station": "108000095",
			"stationNm": "번동주공3단지",
			"stationNo": "09183",
			"transYn": "N",
			"fullSectDist": "313",
			"trnstnid": "105000114"
		},
		{
			"arsId": "09181",
			"beginTm": "05:39",
			"busRouteAbrv": "1218",
			"busRouteId": "100100177",
			"busRouteNm": "1218",
			"direction": "수유역",
			"gpsX": "127.04109",
			"gpsY": "37.63111",
			"lastTm": "00:17",
			"posX": "203626.57327806117",
			"posY": "459060.9776526331",
			"routeType": "4",
			"sectSpd": "84",
			"section": "108600679",
			"seq": "67",
			"station": "108000093",
			"stationNm": "초안교",
			"stationNo": "09181",
			"transYn": "N",
			"fullSectDist": "401",
			"trnstnid": "105000114"
		},
		{
			"arsId": "09179",
			"beginTm": "05:41",
			"busRouteAbrv": "1218",
			"busRouteId": "100100177",
			"busRouteNm": "1218",
			"direction": "수유역",
			"gpsX": "127.039233",
			"gpsY": "37.632478",
			"lastTm": "00:18",
			"posX": "203462.61233722477",
			"posY": "459212.7249235795",
			"routeType": "4",
			"sectSpd": "18",
			"section": "108600506",
			"seq": "68",
			"station": "108000091",
			"stationNm": "강북보건소",
			"stationNo": "09179",
			"transYn": "N",
			"fullSectDist": "226",
			"trnstnid": "105000114"
		},
		{
			"arsId": "09199",
			"beginTm": "05:42",
			"busRouteAbrv": "1218",
			"busRouteId": "100100177",
			"busRouteNm": "1218",
			"direction": "수유역",
			"gpsX": "127.0371118268",
			"gpsY": "37.6342894752",
			"lastTm": "00:19",
			"posX": "203275.3230596648",
			"posY": "459413.6820686511",
			"routeType": "4",
			"sectSpd": "30",
			"section": "108600857",
			"seq": "69",
			"station": "108000111",
			"stationNm": "한성운수차고지",
			"stationNo": "09199",
			"transYn": "N",
			"fullSectDist": "283",
			"trnstnid": "105000114"
		},
		{
			"arsId": "09155",
			"beginTm": "05:43",
			"busRouteAbrv": "1218",
			"busRouteId": "100100177",
			"busRouteNm": "1218",
			"direction": "수유역",
			"gpsX": "127.0352743398",
			"gpsY": "37.6349568396",
			"lastTm": "00:19",
			"posX": "203113.1268658554",
			"posY": "459487.6820799825",
			"routeType": "4",
			"sectSpd": "18",
			"section": "108602345",
			"seq": "70",
			"station": "108000067",
			"stationNm": "북부수도사업소",
			"stationNo": "09155",
			"transYn": "N",
			"fullSectDist": "193",
			"trnstnid": "105000114"
		},
		{
			"arsId": "09210",
			"beginTm": "05:44",
			"busRouteAbrv": "1218",
			"busRouteId": "100100177",
			"busRouteNm": "1218",
			"direction": "수유역",
			"gpsX": "127.0316539386",
			"gpsY": "37.6369600703",
			"lastTm": "00:20",
			"posX": "202793.53437364168",
			"posY": "459709.88210080424",
			"routeType": "4",
			"sectSpd": "20",
			"section": "108600511",
			"seq": "71",
			"station": "108000122",
			"stationNm": "수송초등학교",
			"stationNo": "09210",
			"transYn": "N",
			"fullSectDist": "391",
			"trnstnid": "105000114"
		},
		{
			"arsId": "09208",
			"beginTm": "05:45",
			"busRouteAbrv": "1218",
			"busRouteId": "100100177",
			"busRouteNm": "1218",
			"direction": "수유역",
			"gpsX": "127.0285953685",
			"gpsY": "37.6389603513",
			"lastTm": "00:23",
			"posX": "202523.54072029935",
			"posY": "459931.78213367425",
			"routeType": "4",
			"sectSpd": "39",
			"section": "108602348",
			"seq": "72",
			"station": "108000120",
			"stationNm": "강북구청사거리",
			"stationNo": "09208",
			"transYn": "N",
			"fullSectDist": "349",
			"trnstnid": "105000114"
		},
		{
			"arsId": "09272",
			"beginTm": "05:46",
			"busRouteAbrv": "1218",
			"busRouteId": "100100177",
			"busRouteNm": "1218",
			"direction": "수유역",
			"gpsX": "127.0260514034",
			"gpsY": "37.6386311446",
			"lastTm": "00:24",
			"posX": "202299.0459896208",
			"posY": "459895.1821264052",
			"routeType": "4",
			"sectSpd": "34",
			"section": "108600743",
			"seq": "73",
			"station": "108000184",
			"stationNm": "수유역.강북구청",
			"stationNo": "09272",
			"transYn": "N",
			"fullSectDist": "296",
			"trnstnid": "105000114"
		},
		{
			"arsId": "09144",
			"beginTm": "05:49",
			"busRouteAbrv": "1218",
			"busRouteId": "100100177",
			"busRouteNm": "1218",
			"direction": "수유역",
			"gpsX": "127.0225015386",
			"gpsY": "37.6348471179",
			"lastTm": "00:25",
			"posX": "201985.8698154995",
			"posY": "459475.1583659379",
			"routeType": "4",
			"sectSpd": "36",
			"section": "108600539",
			"seq": "74",
			"station": "108000056",
			"stationNm": "신일병원",
			"stationNo": "09144",
			"transYn": "N",
			"fullSectDist": "593",
			"trnstnid": "105000114"
		},
		{
			"arsId": "09142",
			"beginTm": "05:51",
			"busRouteAbrv": "1218",
			"busRouteId": "100100177",
			"busRouteNm": "1218",
			"direction": "수유역",
			"gpsX": "127.0189955726",
			"gpsY": "37.6344334502",
			"lastTm": "00:27",
			"posX": "201676.46061815994",
			"posY": "459429.18205869617",
			"routeType": "4",
			"sectSpd": "12",
			"section": "108600541",
			"seq": "75",
			"station": "108000054",
			"stationNm": "강북노인종합복지관",
			"stationNo": "09142",
			"transYn": "N",
			"fullSectDist": "330",
			"trnstnid": "105000114"
		},
		{
			"arsId": "09135",
			"beginTm": "05:52",
			"busRouteAbrv": "1218",
			"busRouteId": "100100177",
			"busRouteNm": "1218",
			"direction": "수유역",
			"gpsX": "127.017357",
			"gpsY": "37.63681",
			"lastTm": "00:28",
			"posX": "201531.79905407355",
			"posY": "459692.8981002695",
			"routeType": "4",
			"sectSpd": "36",
			"section": "108600431",
			"seq": "76",
			"station": "108000047",
			"stationNm": "우이초등학교",
			"stationNo": "09135",
			"transYn": "N",
			"fullSectDist": "417",
			"trnstnid": "105000114"
		},
		{
			"arsId": "09123",
			"beginTm": "05:53",
			"busRouteAbrv": "1218",
			"busRouteId": "100100177",
			"busRouteNm": "1218",
			"direction": "수유역",
			"gpsX": "127.0168113608",
			"gpsY": "37.6416805827",
			"lastTm": "00:29",
			"posX": "201483.54816152726",
			"posY": "460233.4157784665",
			"routeType": "4",
			"sectSpd": "32",
			"section": "108600434",
			"seq": "77",
			"station": "108000035",
			"stationNm": "가오리역",
			"stationNo": "09123",
			"transYn": "N",
			"fullSectDist": "544",
			"trnstnid": "105000114"
		},
		{
			"arsId": "09121",
			"beginTm": "05:56",
			"busRouteAbrv": "1218",
			"busRouteId": "100100177",
			"busRouteNm": "1218",
			"direction": "수유역",
			"gpsX": "127.0159997041",
			"gpsY": "37.6445998945",
			"lastTm": "00:31",
			"posX": "201411.86682997886",
			"posY": "460557.3822039878",
			"routeType": "4",
			"sectSpd": "45",
			"section": "108602464",
			"seq": "78",
			"station": "108000033",
			"stationNm": "인수동장미원",
			"stationNo": "09121",
			"transYn": "N",
			"fullSectDist": "360",
			"trnstnid": "105000114"
		},
		{
			"arsId": "09125",
			"beginTm": "05:58",
			"busRouteAbrv": "1218",
			"busRouteId": "100100177",
			"busRouteNm": "1218",
			"direction": "수유역",
			"gpsX": "127.0170948735",
			"gpsY": "37.6467578286",
			"lastTm": "00:32",
			"posX": "201508.46455979312",
			"posY": "460796.8822435057",
			"routeType": "4",
			"sectSpd": "34",
			"section": "108600462",
			"seq": "79",
			"station": "108000037",
			"stationNm": "북부성모병원",
			"stationNo": "09125",
			"transYn": "N",
			"fullSectDist": "738",
			"trnstnid": "105000114"
		},
		{
			"arsId": "09126",
			"beginTm": "06:00",
			"busRouteAbrv": "1218",
			"busRouteId": "100100177",
			"busRouteNm": "1218",
			"direction": "수유역",
			"gpsX": "127.019428906",
			"gpsY": "37.6450886664",
			"lastTm": "00:35",
			"posX": "201714.45972052534",
			"posY": "460611.68221615115",
			"routeType": "4",
			"sectSpd": "13",
			"section": "108600463",
			"seq": "80",
			"station": "108000038",
			"stationNm": "수유2동주민센터우이시장",
			"stationNo": "09126",
			"transYn": "N",
			"fullSectDist": "276",
			"trnstnid": "105000114"
		},
		{
			"arsId": "09128",
			"beginTm": "06:00",
			"busRouteAbrv": "1218",
			"busRouteId": "100100177",
			"busRouteNm": "1218",
			"direction": "수유역",
			"gpsX": "127.0218795295",
			"gpsY": "37.6433419431",
			"lastTm": "00:35",
			"posX": "201930.7546446186",
			"posY": "460417.8821928273",
			"routeType": "4",
			"sectSpd": "48",
			"section": "108602281",
			"seq": "81",
			"station": "108000040",
			"stationNm": "광산사거리",
			"stationNo": "09128",
			"transYn": "N",
			"fullSectDist": "295",
			"trnstnid": "105000114"
		},
		{
			"arsId": "09146",
			"beginTm": "06:02",
			"busRouteAbrv": "1218",
			"busRouteId": "100100177",
			"busRouteNm": "1218",
			"direction": "수유역",
			"gpsX": "127.02602",
			"gpsY": "37.640412",
			"lastTm": "00:36",
			"posX": "202296.21981531108",
			"posY": "460092.816745094",
			"routeType": "4",
			"sectSpd": "23",
			"section": "108602284",
			"seq": "82",
			"station": "108000058",
			"stationNm": "강북구청",
			"stationNo": "09146",
			"transYn": "N",
			"fullSectDist": "491",
			"trnstnid": "105000114"
		},
		{
			"arsId": "09013",
			"beginTm": "06:04",
			"busRouteAbrv": "1218",
			"busRouteId": "100100177",
			"busRouteNm": "1218",
			"direction": "수유역",
			"gpsX": "127.0261000734",
			"gpsY": "37.6384770489",
			"lastTm": "00:39",
			"posX": "202303.34589257836",
			"posY": "459878.08212346584",
			"routeType": "4",
			"sectSpd": "28",
			"section": "108601712",
			"seq": "83",
			"station": "108000378",
			"stationNm": "수유(강북구청)역",
			"stationNo": "09013",
			"transYn": "N",
			"fullSectDist": "321",
			"trnstnid": "105000114"
		},
		{
			"arsId": "09003",
			"beginTm": "06:04",
			"busRouteAbrv": "1218",
			"busRouteId": "100100177",
			"busRouteNm": "1218",
			"direction": "수유역",
			"gpsX": "127.0241165419",
			"gpsY": "37.6366590882",
			"lastTm": "00:41",
			"posX": "202128.34999848664",
			"posY": "459676.28209427185",
			"routeType": "4",
			"sectSpd": "30",
			"section": "108600365",
			"seq": "84",
			"station": "108000003",
			"stationNm": "수유역",
			"stationNo": "09003",
			"transYn": "N",
			"fullSectDist": "268",
			"trnstnid": "105000114"
		},
		{
			"arsId": "09266",
			"beginTm": "06:05",
			"busRouteAbrv": "1218",
			"busRouteId": "100100177",
			"busRouteNm": "1218",
			"direction": "수유역",
			"gpsX": "127.0242314521",
			"gpsY": "37.6346136086",
			"lastTm": "00:41",
			"posX": "202138.54975902292",
			"posY": "459449.2820619717",
			"routeType": "4",
			"sectSpd": "45",
			"section": "108602430",
			"seq": "85",
			"station": "108000178",
			"stationNm": "수유사거리",
			"stationNo": "09266",
			"transYn": "N",
			"fullSectDist": "331",
			"trnstnid": "105000114"
		},
		{
			"arsId": "09149",
			"beginTm": "06:08",
			"busRouteAbrv": "1218",
			"busRouteId": "100100177",
			"busRouteNm": "1218",
			"direction": "수유역",
			"gpsX": "127.0293042635",
			"gpsY": "37.6349629787",
			"lastTm": "00:44",
			"posX": "202586.23924753038",
			"posY": "459488.1820693612",
			"routeType": "4",
			"sectSpd": "180",
			"section": "108600393",
			"seq": "86",
			"station": "108000061",
			"stationNm": "강북경찰서입구",
			"stationNo": "09149",
			"transYn": "N",
			"fullSectDist": "468",
			"trnstnid": "105000114"
		},
		{
			"arsId": "09151",
			"beginTm": "06:09",
			"busRouteAbrv": "1218",
			"busRouteId": "100100177",
			"busRouteNm": "1218",
			"direction": "수유역",
			"gpsX": "127.0322808941",
			"gpsY": "37.6351685497",
			"lastTm": "00:46",
			"posX": "202848.93307285337",
			"posY": "459511.0820778515",
			"routeType": "4",
			"sectSpd": "12",
			"section": "108600394",
			"seq": "87",
			"station": "108000063",
			"stationNm": "북부시장입구",
			"stationNo": "09151",
			"transYn": "N",
			"fullSectDist": "249",
			"trnstnid": "105000114"
		},
		{
			"arsId": "09290",
			"beginTm": "06:10",
			"busRouteAbrv": "1218",
			"busRouteId": "100100177",
			"busRouteNm": "1218",
			"direction": "수유역",
			"gpsX": "127.035297",
			"gpsY": "37.634618",
			"lastTm": "00:47",
			"posX": "203115.14088131706",
			"posY": "459450.07919308357",
			"routeType": "4",
			"sectSpd": "27",
			"section": "108601578",
			"seq": "88",
			"station": "108000195",
			"stationNm": "한성운수종점",
			"stationNo": "09290",
			"transYn": "N",
			"fullSectDist": "306",
			"trnstnid": "105000114"
		}
	]
}