{
	"count": 70,
	"result": [
		{
			"arsId": "15301",
			"beginTm": "05:00",
			"busRouteAbrv": "6624",
			"busRouteId": "100100302",
			"busRouteNm": "6624",
			"direction": "이대목동병원",
			"gpsX": "126.8257794501",
			"gpsY": "37.5234552209",
			"lastTm": "23:40",
			"posX": "184601.26173425216",
			"posY": "447127.2807047521",
			"routeType": "4",
			"sectSpd": "0",
			"section": "0",
			"seq": "1",
			"station": "114000197",
			"stationNm": "국립과학수사연구소.고강동종점",
			"stationNo": "15301",
			"transYn": "N",
			"fullSectDist": "0",
			"trnstnid": "114000052"
		},
		{
			"arsId": "15299",
			"beginTm": "05:00",
			"busRouteAbrv": "6624",
			"busRouteId": "100100302",
			"busRouteNm": "6624",
			"direction": "이대목동병원",
			"gpsX": "126.8288364619",
			"gpsY": "37.5239255582",
			"lastTm": "23:40",
			"posX": "184871.55538416226",
			"posY": "447178.9806963536",
			"routeType": "4",
			"sectSpd": "30",
			"section": "114600778",
			"seq": "2",
			"station": "114000195",
			"stationNm": "신안파크아파트후문",
			"stationNo": "15299",
			"transYn": "N",
			"fullSectDist": "280",
			"trnstnid": "114000052"
		},
		{
			"arsId": "15294",
			"beginTm": "05:00",
			"busRouteAbrv": "6624",
			"busRouteId": "100100302",
			"busRouteNm": "6624",
			"direction": "이대목동병원",
			"gpsX": "126.8307797604",
			"gpsY": "37.5241040725",
			"lastTm": "23:40",
			"posX": "185043.35135519417",
			"posY": "447198.4806934572",
			"routeType": "4",
			"sectSpd": "14",
			"section": "114600779",
			"seq": "3",
			"station": "114000191",
			"stationNm": "중부운수앞",
			"stationNo": "15294",
			"transYn": "N",
			"fullSectDist": "175",
			"trnstnid": "114000052"
		},
		{
			"arsId": "15293",
			"beginTm": "05:01",
			"busRouteAbrv": "6624",
			"busRouteId": "100100302",
			"busRouteNm": "6624",
			"direction": "이대목동병원",
			"gpsX": "126.833736602",
			"gpsY": "37.521815878",
			"lastTm": "23:41",
			"posX": "185304.24522360633",
			"posY": "446944.08064444317",
			"routeType": "4",
			"sectSpd": "18",
			"section": "114602842",
			"seq": "4",
			"station": "114000190",
			"stationNm": "신월동우성상가",
			"stationNo": "15293",
			"transYn": "N",
			"fullSectDist": "391",
			"trnstnid": "114000052"
		},
		{
			"arsId": "15292",
			"beginTm": "05:02",
			"busRouteAbrv": "6624",
			"busRouteId": "100100302",
			"busRouteNm": "6624",
			"direction": "이대목동병원",
			"gpsX": "126.835249",
			"gpsY": "37.519969",
			"lastTm": "23:42",
			"posX": "185437.56479984202",
			"posY": "446738.88692589523",
			"routeType": "4",
			"sectSpd": "6",
			"section": "114602844",
			"seq": "5",
			"station": "114000189",
			"stationNm": "신월문화체육센터",
			"stationNo": "15292",
			"transYn": "N",
			"fullSectDist": "246",
			"trnstnid": "114000052"
		},
		{
			"arsId": "15222",
			"beginTm": "05:04",
			"busRouteAbrv": "6624",
			"busRouteId": "100100302",
			"busRouteNm": "6624",
			"direction": "이대목동병원",
			"gpsX": "126.8391118869",
			"gpsY": "37.5211610149",
			"lastTm": "23:43",
			"posX": "185779.23406199203",
			"posY": "446870.580621311",
			"routeType": "4",
			"sectSpd": "43",
			"section": "114600368",
			"seq": "6",
			"station": "114000119",
			"stationNm": "한빛종합사회복지관",
			"stationNo": "15222",
			"transYn": "N",
			"fullSectDist": "421",
			"trnstnid": "114000052"
		},
		{
			"arsId": "15221",
			"beginTm": "05:06",
			"busRouteAbrv": "6624",
			"busRouteId": "100100302",
			"busRouteNm": "6624",
			"direction": "이대목동병원",
			"gpsX": "126.8416877902",
			"gpsY": "37.5217637261",
			"lastTm": "23:44",
			"posX": "186007.02871914284",
			"posY": "446937.0806278209",
			"routeType": "4",
			"sectSpd": "21",
			"section": "114602781",
			"seq": "7",
			"station": "114000118",
			"stationNm": "강서초등학교",
			"stationNo": "15221",
			"transYn": "N",
			"fullSectDist": "242",
			"trnstnid": "114000052"
		},
		{
			"arsId": "15220",
			"beginTm": "05:07",
			"busRouteAbrv": "6624",
			"busRouteId": "100100302",
			"busRouteNm": "6624",
			"direction": "이대목동병원",
			"gpsX": "126.8455539606",
			"gpsY": "37.5226798553",
			"lastTm": "23:45",
			"posX": "186348.92068019346",
			"posY": "447038.18062904896",
			"routeType": "4",
			"sectSpd": "29",
			"section": "114600370",
			"seq": "8",
			"station": "114000117",
			"stationNm": "신월2동주민센터입구",
			"stationNo": "15220",
			"transYn": "N",
			"fullSectDist": "362",
			"trnstnid": "114000052"
		},
		{
			"arsId": "15219",
			"beginTm": "05:08",
			"busRouteAbrv": "6624",
			"busRouteId": "100100302",
			"busRouteNm": "6624",
			"direction": "이대목동병원",
			"gpsX": "126.8499936",
			"gpsY": "37.5237110271",
			"lastTm": "23:47",
			"posX": "186741.5114574579",
			"posY": "447151.9806315657",
			"routeType": "4",
			"sectSpd": "14",
			"section": "114600297",
			"seq": "9",
			"station": "114000116",
			"stationNm": "양강중학교",
			"stationNo": "15219",
			"transYn": "N",
			"fullSectDist": "418",
			"trnstnid": "114000052"
		},
		{
			"arsId": "15250",
			"beginTm": "05:10",
			"busRouteAbrv": "6624",
			"busRouteId": "100100302",
			"busRouteNm": "6624",
			"direction": "이대목동병원",
			"gpsX": "126.8535197055",
			"gpsY": "37.5210121572",
			"lastTm": "23:49",
			"posX": "187052.70415023266",
			"posY": "446851.9805721035",
			"routeType": "4",
			"sectSpd": "92",
			"section": "114602689",
			"seq": "10",
			"station": "114000147",
			"stationNm": "신정네거리역",
			"stationNo": "15250",
			"transYn": "N",
			"fullSectDist": "533",
			"trnstnid": "114000052"
		},
		{
			"arsId": "15119",
			"beginTm": "05:11",
			"busRouteAbrv": "6624",
			"busRouteId": "100100302",
			"busRouteNm": "6624",
			"direction": "이대목동병원",
			"gpsX": "126.856298",
			"gpsY": "37.521363",
			"lastTm": "23:51",
			"posX": "187298.3353663135",
			"posY": "446890.53683005413",
			"routeType": "4",
			"sectSpd": "46",
			"section": "114602691",
			"seq": "11",
			"station": "114000396",
			"stationNm": "경서농협",
			"stationNo": "15119",
			"transYn": "N",
			"fullSectDist": "248",
			"trnstnid": "114000052"
		},
		{
			"arsId": "15247",
			"beginTm": "05:12",
			"busRouteAbrv": "6624",
			"busRouteId": "100100302",
			"busRouteNm": "6624",
			"direction": "이대목동병원",
			"gpsX": "126.859385",
			"gpsY": "37.521705",
			"lastTm": "23:52",
			"posX": "187571.2488404557",
			"posY": "446928.07817408023",
			"routeType": "4",
			"sectSpd": "32",
			"section": "114602693",
			"seq": "12",
			"station": "114000144",
			"stationNm": "우리은행신정동지점",
			"stationNo": "15247",
			"transYn": "N",
			"fullSectDist": "275",
			"trnstnid": "114000052"
		},
		{
			"arsId": "15242",
			"beginTm": "05:13",
			"busRouteAbrv": "6624",
			"busRouteId": "100100302",
			"busRouteNm": "6624",
			"direction": "이대목동병원",
			"gpsX": "126.861673",
			"gpsY": "37.521953",
			"lastTm": "23:53",
			"posX": "187773.52233835583",
			"posY": "446955.300306058",
			"routeType": "4",
			"sectSpd": "39",
			"section": "114602695",
			"seq": "13",
			"station": "114000139",
			"stationNm": "신정1동우체국",
			"stationNo": "15242",
			"transYn": "N",
			"fullSectDist": "203",
			"trnstnid": "114000052"
		},
		{
			"arsId": "15268",
			"beginTm": "05:14",
			"busRouteAbrv": "6624",
			"busRouteId": "100100302",
			"busRouteNm": "6624",
			"direction": "이대목동병원",
			"gpsX": "126.8633685313",
			"gpsY": "37.5221940523",
			"lastTm": "23:54",
			"posX": "187923.42626534862",
			"posY": "446981.8322255877",
			"routeType": "4",
			"sectSpd": "146",
			"section": "114600620",
			"seq": "14",
			"station": "114000165",
			"stationNm": "서울남부지방법원.서울남부지방검찰청",
			"stationNo": "15268",
			"transYn": "N",
			"fullSectDist": "152",
			"trnstnid": "114000052"
		},
		{
			"arsId": "15259",
			"beginTm": "05:15",
			"busRouteAbrv": "6624",
			"busRouteId": "100100302",
			"busRouteNm": "6624",
			"direction": "이대목동병원",
			"gpsX": "126.865547",
			"gpsY": "37.52179",
			"lastTm": "23:54",
			"posX": "188115.912624272",
			"posY": "446936.7148211403",
			"routeType": "4",
			"sectSpd": "92",
			"section": "114602045",
			"seq": "15",
			"station": "114000156",
			"stationNm": "서울남부지방법원.서울남부지방검찰청",
			"stationNo": "15259",
			"transYn": "N",
			"fullSectDist": "255",
			"trnstnid": "114000052"
		},
		{
			"arsId": "15256",
			"beginTm": "05:15",
			"busRouteAbrv": "6624",
			"busRouteId": "100100302",
			"busRouteNm": "6624",
			"direction": "이대목동병원",
			"gpsX": "126.8661628949",
			"gpsY": "37.5181625662",
			"lastTm": "23:55",
			"posX": "188169.77791268553",
			"posY": "446534.08049783576",
			"routeType": "4",
			"sectSpd": "27",
			"section": "114602077",
			"seq": "16",
			"station": "114000153",
			"stationNm": "양천구청.양천보건소",
			"stationNo": "15256",
			"transYn": "N",
			"fullSectDist": "520",
			"trnstnid": "114000052"
		},
		{
			"arsId": "15236",
			"beginTm": "05:17",
			"busRouteAbrv": "6624",
			"busRouteId": "100100302",
			"busRouteNm": "6624",
			"direction": "이대목동병원",
			"gpsX": "126.8623809974",
			"gpsY": "37.5169332443",
			"lastTm": "23:56",
			"posX": "187835.28608160713",
			"posY": "446398.1380763906",
			"routeType": "4",
			"sectSpd": "33",
			"section": "114602311",
			"seq": "17",
			"station": "114000133",
			"stationNm": "양천문화회관.양천일자리센터",
			"stationNo": "15236",
			"transYn": "N",
			"fullSectDist": "348",
			"trnstnid": "114000052"
		},
		{
			"arsId": "15235",
			"beginTm": "05:18",
			"busRouteAbrv": "6624",
			"busRouteId": "100100302",
			"busRouteNm": "6624",
			"direction": "이대목동병원",
			"gpsX": "126.8598928013",
			"gpsY": "37.5160070744",
			"lastTm": "23:57",
			"posX": "187615.1909392689",
			"posY": "446295.6804857454",
			"routeType": "4",
			"sectSpd": "128",
			"section": "114600629",
			"seq": "18",
			"station": "114000132",
			"stationNm": "목동10단지상가",
			"stationNo": "15235",
			"transYn": "N",
			"fullSectDist": "268",
			"trnstnid": "114000052"
		},
		{
			"arsId": "15196",
			"beginTm": "05:19",
			"busRouteAbrv": "6624",
			"busRouteId": "100100302",
			"busRouteNm": "6624",
			"direction": "이대목동병원",
			"gpsX": "126.8603283424",
			"gpsY": "37.5141819623",
			"lastTm": "23:57",
			"posX": "187653.3900352335",
			"posY": "446093.0804595044",
			"routeType": "4",
			"sectSpd": "29",
			"section": "114600631",
			"seq": "19",
			"station": "114000093",
			"stationNm": "목동12단지",
			"stationNo": "15196",
			"transYn": "N",
			"fullSectDist": "361",
			"trnstnid": "114000052"
		},
		{
			"arsId": "15187",
			"beginTm": "05:20",
			"busRouteAbrv": "6624",
			"busRouteId": "100100302",
			"busRouteNm": "6624",
			"direction": "이대목동병원",
			"gpsX": "126.8630943976",
			"gpsY": "37.5134517052",
			"lastTm": "23:58",
			"posX": "187897.78429565975",
			"posY": "446011.6804320016",
			"routeType": "4",
			"sectSpd": "20",
			"section": "114601239",
			"seq": "20",
			"station": "114000084",
			"stationNm": "목동12.13단지사잇길",
			"stationNo": "15187",
			"transYn": "N",
			"fullSectDist": "390",
			"trnstnid": "114000052"
		},
		{
			"arsId": "15209",
			"beginTm": "05:21",
			"busRouteAbrv": "6624",
			"busRouteId": "100100302",
			"busRouteNm": "6624",
			"direction": "이대목동병원",
			"gpsX": "126.8664768457",
			"gpsY": "37.5127554224",
			"lastTm": "00:01",
			"posX": "188196.67727621848",
			"posY": "445933.9804195934",
			"routeType": "4",
			"sectSpd": "18",
			"section": "114603028",
			"seq": "21",
			"station": "114000106",
			"stationNm": "양천구청역",
			"stationNo": "15209",
			"transYn": "N",
			"fullSectDist": "418",
			"trnstnid": "114000052"
		},
		{
			"arsId": "15175",
			"beginTm": "05:24",
			"busRouteAbrv": "6624",
			"busRouteId": "100100302",
			"busRouteNm": "6624",
			"direction": "이대목동병원",
			"gpsX": "126.871798121",
			"gpsY": "37.5146344961",
			"lastTm": "00:02",
			"posX": "188667.35741713984",
			"posY": "446141.8573151268",
			"routeType": "4",
			"sectSpd": "27",
			"section": "114601240",
			"seq": "22",
			"station": "114000072",
			"stationNm": "목동14단지상가",
			"stationNo": "15175",
			"transYn": "N",
			"fullSectDist": "516",
			"trnstnid": "114000052"
		},
		{
			"arsId": "15369",
			"beginTm": "05:26",
			"busRouteAbrv": "6624",
			"busRouteId": "100100302",
			"busRouteNm": "6624",
			"direction": "이대목동병원",
			"gpsX": "126.8720613904",
			"gpsY": "37.5155360896",
			"lastTm": "00:05",
			"posX": "188690.76567117355",
			"posY": "446241.8804412051",
			"routeType": "4",
			"sectSpd": "32",
			"section": "114603051",
			"seq": "23",
			"station": "114000264",
			"stationNm": "목동아파트1434동앞",
			"stationNo": "15369",
			"transYn": "N",
			"fullSectDist": "130",
			"trnstnid": "114000052"
		},
		{
			"arsId": "15174",
			"beginTm": "05:27",
			"busRouteAbrv": "6624",
			"busRouteId": "100100302",
			"busRouteNm": "6624",
			"direction": "이대목동병원",
			"gpsX": "126.870927",
			"gpsY": "37.517471",
			"lastTm": "00:06",
			"posX": "188590.78488469464",
			"posY": "446456.7451359178",
			"routeType": "4",
			"sectSpd": "9",
			"section": "114600224",
			"seq": "24",
			"station": "114000071",
			"stationNm": "신목초등학교입구",
			"stationNo": "15174",
			"transYn": "N",
			"fullSectDist": "174",
			"trnstnid": "114000052"
		},
		{
			"arsId": "15172",
			"beginTm": "05:28",
			"busRouteAbrv": "6624",
			"busRouteId": "100100302",
			"busRouteNm": "6624",
			"direction": "이대목동병원",
			"gpsX": "126.8714242396",
			"gpsY": "37.5189830043",
			"lastTm": "00:07",
			"posX": "188634.9669822869",
			"posY": "446624.4804994501",
			"routeType": "4",
			"sectSpd": "23",
			"section": "114603053",
			"seq": "25",
			"station": "114000069",
			"stationNm": "신정2동주민센터",
			"stationNo": "15172",
			"transYn": "N",
			"fullSectDist": "300",
			"trnstnid": "114000052"
		},
		{
			"arsId": "15171",
			"beginTm": "05:29",
			"busRouteAbrv": "6624",
			"busRouteId": "100100302",
			"busRouteNm": "6624",
			"direction": "이대목동병원",
			"gpsX": "126.8736392011",
			"gpsY": "37.5210696367",
			"lastTm": "00:08",
			"posX": "188831.06237069247",
			"posY": "446855.7805237989",
			"routeType": "4",
			"sectSpd": "33",
			"section": "114601097",
			"seq": "26",
			"station": "114000068",
			"stationNm": "새마을금고",
			"stationNo": "15171",
			"transYn": "N",
			"fullSectDist": "311",
			"trnstnid": "114000052"
		},
		{
			"arsId": "15167",
			"beginTm": "05:31",
			"busRouteAbrv": "6624",
			"busRouteId": "100100302",
			"busRouteNm": "6624",
			"direction": "이대목동병원",
			"gpsX": "126.8734437529",
			"gpsY": "37.5249270305",
			"lastTm": "00:09",
			"posX": "188814.36276744856",
			"posY": "447283.8805809375",
			"routeType": "4",
			"sectSpd": "31",
			"section": "114600385",
			"seq": "27",
			"station": "114000064",
			"stationNm": "목동대학학원",
			"stationNo": "15167",
			"transYn": "N",
			"fullSectDist": "667",
			"trnstnid": "114000052"
		},
		{
			"arsId": "15164",
			"beginTm": "05:33",
			"busRouteAbrv": "6624",
			"busRouteId": "100100302",
			"busRouteNm": "6624",
			"direction": "이대목동병원",
			"gpsX": "126.8732302849",
			"gpsY": "37.5260486688",
			"lastTm": "00:10",
			"posX": "188795.66320971522",
			"posY": "447408.38059331896",
			"routeType": "4",
			"sectSpd": "31",
			"section": "114602132",
			"seq": "28",
			"station": "114000061",
			"stationNm": "목운초등학교.목운중학교",
			"stationNo": "15164",
			"transYn": "N",
			"fullSectDist": "544",
			"trnstnid": "114000052"
		},
		{
			"arsId": "15165",
			"beginTm": "05:34",
			"busRouteAbrv": "6624",
			"busRouteId": "100100302",
			"busRouteNm": "6624",
			"direction": "이대목동병원",
			"gpsX": "126.8765922255",
			"gpsY": "37.5284743808",
			"lastTm": "00:11",
			"posX": "189093.15622215625",
			"posY": "447677.18062697304",
			"routeType": "4",
			"sectSpd": "69",
			"section": "114601044",
			"seq": "29",
			"station": "114000062",
			"stationNm": "목동운동장남문.아이스링크",
			"stationNo": "15165",
			"transYn": "N",
			"fullSectDist": "520",
			"trnstnid": "114000052"
		},
		{
			"arsId": "15151",
			"beginTm": "05:35",
			"busRouteAbrv": "6624",
			"busRouteId": "100100302",
			"busRouteNm": "6624",
			"direction": "이대목동병원",
			"gpsX": "126.8775356136",
			"gpsY": "37.5327708944",
			"lastTm": "00:12",
			"posX": "189177.15424598195",
			"posY": "448153.88069154834",
			"routeType": "4",
			"sectSpd": "39",
			"section": "114601046",
			"seq": "30",
			"station": "114000049",
			"stationNm": "목동5단지C상가.목동운동장북문",
			"stationNo": "15151",
			"transYn": "N",
			"fullSectDist": "488",
			"trnstnid": "114000052"
		},
		{
			"arsId": "15152",
			"beginTm": "05:37",
			"busRouteAbrv": "6624",
			"busRouteId": "100100302",
			"busRouteNm": "6624",
			"direction": "이대목동병원",
			"gpsX": "126.8783257944",
			"gpsY": "37.5346216632",
			"lastTm": "00:14",
			"posX": "189247.25259376565",
			"posY": "448359.180709376",
			"routeType": "4",
			"sectSpd": "51",
			"section": "114601048",
			"seq": "31",
			"station": "114000050",
			"stationNm": "파리공원",
			"stationNo": "15152",
			"transYn": "N",
			"fullSectDist": "228",
			"trnstnid": "114000052"
		},
		{
			"arsId": "15153",
			"beginTm": "05:38",
			"busRouteAbrv": "6624",
			"busRouteId": "100100302",
			"busRouteNm": "6624",
			"direction": "이대목동병원",
			"gpsX": "126.8811993268",
			"gpsY": "37.5356950918",
			"lastTm": "00:14",
			"posX": "189501.34663190108",
			"posY": "448477.98072475987",
			"routeType": "4",
			"sectSpd": "36",
			"section": "114601637",
			"seq": "32",
			"station": "114000051",
			"stationNm": "목동5단지B상가.목5동주민센터",
			"stationNo": "15153",
			"transYn": "N",
			"fullSectDist": "293",
			"trnstnid": "114000052"
		},
		{
			"arsId": "15154",
			"beginTm": "05:39",
			"busRouteAbrv": "6624",
			"busRouteId": "100100302",
			"busRouteNm": "6624",
			"direction": "이대목동병원",
			"gpsX": "126.8842348226",
			"gpsY": "37.5367253565",
			"lastTm": "00:15",
			"posX": "189769.7403196104",
			"posY": "448591.980729891",
			"routeType": "4",
			"sectSpd": "26",
			"section": "114601052",
			"seq": "33",
			"station": "114000052",
			"stationNm": "이대목동병원.목동6단지앞",
			"stationNo": "15154",
			"transYn": "Y",
			"fullSectDist": "294",
			"trnstnid": "114000052"
		},
		{
			"arsId": "15148",
			"beginTm": "05:40",
			"busRouteAbrv": "6624",
			"busRouteId": "100100302",
			"busRouteNm": "6624",
			"direction": "신월동",
			"gpsX": "126.8820591368",
			"gpsY": "37.537958607",
			"lastTm": "00:16",
			"posX": "189577.64483741196",
			"posY": "448729.08075151267",
			"routeType": "4",
			"sectSpd": "15",
			"section": "114602104",
			"seq": "34",
			"station": "114000046",
			"stationNm": "월촌중학교.목동1단지",
			"stationNo": "15148",
			"transYn": "N",
			"fullSectDist": "765",
			"trnstnid": "114000052"
		},
		{
			"arsId": "15147",
			"beginTm": "05:41",
			"busRouteAbrv": "6624",
			"busRouteId": "100100302",
			"busRouteNm": "6624",
			"direction": "신월동",
			"gpsX": "126.8784758339",
			"gpsY": "37.5383884014",
			"lastTm": "00:18",
			"posX": "189261.05227623275",
			"posY": "448777.18076844",
			"routeType": "4",
			"sectSpd": "26",
			"section": "114601243",
			"seq": "35",
			"station": "114000045",
			"stationNm": "목동1.2단지사잇길",
			"stationNo": "15147",
			"transYn": "N",
			"fullSectDist": "407",
			"trnstnid": "114000052"
		},
		{
			"arsId": "15143",
			"beginTm": "05:42",
			"busRouteAbrv": "6624",
			"busRouteId": "100100302",
			"busRouteNm": "6624",
			"direction": "신월동",
			"gpsX": "126.8740528712",
			"gpsY": "37.5390030571",
			"lastTm": "00:19",
			"posX": "188870.2914620444",
			"posY": "448845.90706702974",
			"routeType": "4",
			"sectSpd": "57",
			"section": "114602539",
			"seq": "36",
			"station": "114000434",
			"stationNm": "용왕산",
			"stationNo": "15143",
			"transYn": "N",
			"fullSectDist": "480",
			"trnstnid": "114000052"
		},
		{
			"arsId": "15114",
			"beginTm": "05:44",
			"busRouteAbrv": "6624",
			"busRouteId": "100100302",
			"busRouteNm": "6624",
			"direction": "신월동",
			"gpsX": "126.8722176385",
			"gpsY": "37.5373446339",
			"lastTm": "00:21",
			"posX": "188707.86526915498",
			"posY": "448662.080773429",
			"routeType": "4",
			"sectSpd": "25",
			"section": "114601232",
			"seq": "37",
			"station": "114000014",
			"stationNm": "신목중학교",
			"stationNo": "15114",
			"transYn": "N",
			"fullSectDist": "255",
			"trnstnid": "114000052"
		},
		{
			"arsId": "15115",
			"beginTm": "05:46",
			"busRouteAbrv": "6624",
			"busRouteId": "100100302",
			"busRouteNm": "6624",
			"direction": "신월동",
			"gpsX": "126.8696490758",
			"gpsY": "37.5340257912",
			"lastTm": "00:22",
			"posX": "188480.37060887818",
			"posY": "448294.08073222544",
			"routeType": "4",
			"sectSpd": "40",
			"section": "114603046",
			"seq": "38",
			"station": "114000015",
			"stationNm": "목동스카이아파트.목동3단지",
			"stationNo": "15115",
			"transYn": "N",
			"fullSectDist": "443",
			"trnstnid": "114000052"
		},
		{
			"arsId": "15109",
			"beginTm": "05:47",
			"busRouteAbrv": "6624",
			"busRouteId": "100100302",
			"busRouteNm": "6624",
			"direction": "신월동",
			"gpsX": "126.871851053",
			"gpsY": "37.5326891709",
			"lastTm": "00:24",
			"posX": "188674.7660505843",
			"posY": "448145.48070437275",
			"routeType": "4",
			"sectSpd": "17",
			"section": "114601245",
			"seq": "39",
			"station": "114000009",
			"stationNm": "목동3.4단지사잇길",
			"stationNo": "15109",
			"transYn": "N",
			"fullSectDist": "300",
			"trnstnid": "114000052"
		},
		{
			"arsId": "15108",
			"beginTm": "05:50",
			"busRouteAbrv": "6624",
			"busRouteId": "100100302",
			"busRouteNm": "6624",
			"direction": "신월동",
			"gpsX": "126.8751149732",
			"gpsY": "37.5322979868",
			"lastTm": "00:25",
			"posX": "188963.1592741556",
			"posY": "448101.68068754487",
			"routeType": "4",
			"sectSpd": "18",
			"section": "114601527",
			"seq": "40",
			"station": "114000008",
			"stationNm": "목동4단지상가.목동종합운동장",
			"stationNo": "15108",
			"transYn": "N",
			"fullSectDist": "392",
			"trnstnid": "114000052"
		},
		{
			"arsId": "15161",
			"beginTm": "05:51",
			"busRouteAbrv": "6624",
			"busRouteId": "100100302",
			"busRouteNm": "6624",
			"direction": "신월동",
			"gpsX": "126.8742389868",
			"gpsY": "37.5281093861",
			"lastTm": "00:26",
			"posX": "188885.1215070606",
			"posY": "447636.95054386137",
			"routeType": "4",
			"sectSpd": "72",
			"section": "114601247",
			"seq": "41",
			"station": "114000058",
			"stationNm": "CBS방송국",
			"stationNo": "15161",
			"transYn": "N",
			"fullSectDist": "500",
			"trnstnid": "114000052"
		},
		{
			"arsId": "15162",
			"beginTm": "05:52",
			"busRouteAbrv": "6624",
			"busRouteId": "100100302",
			"busRouteNm": "6624",
			"direction": "신월동",
			"gpsX": "126.873770474",
			"gpsY": "37.5264186976",
			"lastTm": "00:28",
			"posX": "188843.46208056615",
			"posY": "447449.3805991998",
			"routeType": "4",
			"sectSpd": "50",
			"section": "114601249",
			"seq": "42",
			"station": "114000059",
			"stationNm": "목운초등학교.목운중학교",
			"stationNo": "15162",
			"transYn": "N",
			"fullSectDist": "176",
			"trnstnid": "114000052"
		},
		{
			"arsId": "15261",
			"beginTm": "05:53",
			"busRouteAbrv": "6624",
			"busRouteId": "100100302",
			"busRouteNm": "6624",
			"direction": "신월동",
			"gpsX": "126.8753149721",
			"gpsY": "37.5236278346",
			"lastTm": "00:28",
			"posX": "188979.5588895976",
			"posY": "447139.4805572885",
			"routeType": "4",
			"sectSpd": "49",
			"section": "114601088",
			"seq": "43",
			"station": "114000158",
			"stationNm": "오목교역.청학스포츠타운",
			"stationNo": "15261",
			"transYn": "N",
			"fullSectDist": "584",
			"trnstnid": "114000052"
		},
		{
			"arsId": "15262",
			"beginTm": "05:56",
			"busRouteAbrv": "6624",
			"busRouteId": "100100302",
			"busRouteNm": "6624",
			"direction": "신월동",
			"gpsX": "126.873256871",
			"gpsY": "37.5210340842",
			"lastTm": "00:31",
			"posX": "188797.26316561055",
			"posY": "446851.8805239722",
			"routeType": "4",
			"sectSpd": "39",
			"section": "114601090",
			"seq": "44",
			"station": "114000159",
			"stationNm": "현대아이파크아파트",
			"stationNo": "15262",
			"transYn": "N",
			"fullSectDist": "341",
			"trnstnid": "114000052"
		},
		{
			"arsId": "15263",
			"beginTm": "05:57",
			"busRouteAbrv": "6624",
			"busRouteId": "100100302",
			"busRouteNm": "6624",
			"direction": "신월동",
			"gpsX": "126.8708457351",
			"gpsY": "37.5198771646",
			"lastTm": "00:33",
			"posX": "188583.9681817331",
			"posY": "446723.7805175469",
			"routeType": "4",
			"sectSpd": "41",
			"section": "114601092",
			"seq": "45",
			"station": "114000160",
			"stationNm": "목동중학교.서울출입국.외국인청",
			"stationNo": "15263",
			"transYn": "N",
			"fullSectDist": "286",
			"trnstnid": "114000052"
		},
		{
			"arsId": "15188",
			"beginTm": "05:58",
			"busRouteAbrv": "6624",
			"busRouteId": "100100302",
			"busRouteNm": "6624",
			"direction": "신월동",
			"gpsX": "126.8707856913",
			"gpsY": "37.5173017573",
			"lastTm": "00:34",
			"posX": "188578.26831153262",
			"posY": "446437.9804782979",
			"routeType": "4",
			"sectSpd": "36",
			"section": "114603058",
			"seq": "46",
			"station": "114000085",
			"stationNm": "신목초등학교입구",
			"stationNo": "15188",
			"transYn": "N",
			"fullSectDist": "941",
			"trnstnid": "114000052"
		},
		{
			"arsId": "15189",
			"beginTm": "06:02",
			"busRouteAbrv": "6624",
			"busRouteId": "100100302",
			"busRouteNm": "6624",
			"direction": "신월동",
			"gpsX": "126.8721219215",
			"gpsY": "37.5151991439",
			"lastTm": "00:38",
			"posX": "188696.06554377693",
			"posY": "446204.48044227064",
			"routeType": "4",
			"sectSpd": "14",
			"section": "114600799",
			"seq": "47",
			"station": "114000086",
			"stationNm": "목동14단지관리사무소앞",
			"stationNo": "15189",
			"transYn": "N",
			"fullSectDist": "265",
			"trnstnid": "114000052"
		},
		{
			"arsId": "15239",
			"beginTm": "06:03",
			"busRouteAbrv": "6624",
			"busRouteId": "100100302",
			"busRouteNm": "6624",
			"direction": "신월동",
			"gpsX": "126.8680275029",
			"gpsY": "37.5135267044",
			"lastTm": "00:39",
			"posX": "188333.87405203035",
			"posY": "446019.38041924406",
			"routeType": "4",
			"sectSpd": "30",
			"section": "114600820",
			"seq": "48",
			"station": "114000429",
			"stationNm": "목동13단지",
			"stationNo": "15239",
			"transYn": "N",
			"fullSectDist": "453",
			"trnstnid": "114000052"
		},
		{
			"arsId": "15192",
			"beginTm": "06:06",
			"busRouteAbrv": "6624",
			"busRouteId": "100100302",
			"busRouteNm": "6624",
			"direction": "신월동",
			"gpsX": "126.865327879",
			"gpsY": "37.5125666892",
			"lastTm": "00:41",
			"posX": "188095.0796606652",
			"posY": "445913.1804155051",
			"routeType": "4",
			"sectSpd": "19",
			"section": "114603020",
			"seq": "49",
			"station": "114000089",
			"stationNm": "양천구청역",
			"stationNo": "15192",
			"transYn": "N",
			"fullSectDist": "263",
			"trnstnid": "114000052"
		},
		{
			"arsId": "15186",
			"beginTm": "06:06",
			"busRouteAbrv": "6624",
			"busRouteId": "100100302",
			"busRouteNm": "6624",
			"direction": "신월동",
			"gpsX": "126.8635453462",
			"gpsY": "37.5130539408",
			"lastTm": "00:42",
			"posX": "187937.5833638947",
			"posY": "445967.48042473197",
			"routeType": "4",
			"sectSpd": "35",
			"section": "114603062",
			"seq": "50",
			"station": "114000083",
			"stationNm": "목동12.13단지사잇길",
			"stationNo": "15186",
			"transYn": "N",
			"fullSectDist": "258",
			"trnstnid": "114000052"
		},
		{
			"arsId": "15195",
			"beginTm": "06:07",
			"busRouteAbrv": "6624",
			"busRouteId": "100100302",
			"busRouteNm": "6624",
			"direction": "신월동",
			"gpsX": "126.8642387934",
			"gpsY": "37.5155435776",
			"lastTm": "00:43",
			"posX": "187999.28190911742",
			"posY": "446243.6804650249",
			"routeType": "4",
			"sectSpd": "78",
			"section": "114601911",
			"seq": "51",
			"station": "114000092",
			"stationNm": "양천구민체육센터.양천일자리센터",
			"stationNo": "15195",
			"transYn": "N",
			"fullSectDist": "419",
			"trnstnid": "114000052"
		},
		{
			"arsId": "15194",
			"beginTm": "06:08",
			"busRouteAbrv": "6624",
			"busRouteId": "100100302",
			"busRouteNm": "6624",
			"direction": "신월동",
			"gpsX": "126.86703",
			"gpsY": "37.516543",
			"lastTm": "00:44",
			"posX": "188246.16967296138",
			"posY": "446354.23954207124",
			"routeType": "4",
			"sectSpd": "27",
			"section": "114600638",
			"seq": "52",
			"station": "114000091",
			"stationNm": "양천구청",
			"stationNo": "15194",
			"transYn": "N",
			"fullSectDist": "270",
			"trnstnid": "114000052"
		},
		{
			"arsId": "15193",
			"beginTm": "06:09",
			"busRouteAbrv": "6624",
			"busRouteId": "100100302",
			"busRouteNm": "6624",
			"direction": "신월동",
			"gpsX": "126.869642",
			"gpsY": "37.517872",
			"lastTm": "00:44",
			"posX": "188477.26083955917",
			"posY": "446501.40294619417",
			"routeType": "4",
			"sectSpd": "15",
			"section": "114601916",
			"seq": "53",
			"station": "114000090",
			"stationNm": "양천공원",
			"stationNo": "15193",
			"transYn": "N",
			"fullSectDist": "280",
			"trnstnid": "114000052"
		},
		{
			"arsId": "15269",
			"beginTm": "06:09",
			"busRouteAbrv": "6624",
			"busRouteId": "100100302",
			"busRouteNm": "6624",
			"direction": "신월동",
			"gpsX": "126.8704645433",
			"gpsY": "37.5191874063",
			"lastTm": "00:45",
			"posX": "188550.1689688142",
			"posY": "446647.28050102666",
			"routeType": "4",
			"sectSpd": "80",
			"section": "114600762",
			"seq": "54",
			"station": "114000166",
			"stationNm": "목동중학교",
			"stationNo": "15269",
			"transYn": "N",
			"fullSectDist": "164",
			"trnstnid": "114000052"
		},
		{
			"arsId": "15257",
			"beginTm": "06:11",
			"busRouteAbrv": "6624",
			"busRouteId": "100100302",
			"busRouteNm": "6624",
			"direction": "신월동",
			"gpsX": "126.8683291544",
			"gpsY": "37.5201834629",
			"lastTm": "00:46",
			"posX": "188361.57340675752",
			"posY": "446758.0805194541",
			"routeType": "4",
			"sectSpd": "25",
			"section": "114600766",
			"seq": "55",
			"station": "114000154",
			"stationNm": "목동8단지.한전",
			"stationNo": "15257",
			"transYn": "N",
			"fullSectDist": "501",
			"trnstnid": "114000052"
		},
		{
			"arsId": "15255",
			"beginTm": "06:13",
			"busRouteAbrv": "6624",
			"busRouteId": "100100302",
			"busRouteNm": "6624",
			"direction": "신월동",
			"gpsX": "126.8671015964",
			"gpsY": "37.519589165",
			"lastTm": "00:47",
			"posX": "188252.97595525288",
			"posY": "446692.2805204848",
			"routeType": "4",
			"sectSpd": "122",
			"section": "114600768",
			"seq": "56",
			"station": "114000152",
			"stationNm": "목동8단지지하도",
			"stationNo": "15255",
			"transYn": "N",
			"fullSectDist": "337",
			"trnstnid": "114000052"
		},
		{
			"arsId": "15279",
			"beginTm": "06:14",
			"busRouteAbrv": "6624",
			"busRouteId": "100100302",
			"busRouteNm": "6624",
			"direction": "신월동",
			"gpsX": "126.8641572011",
			"gpsY": "37.5224864524",
			"lastTm": "00:48",
			"posX": "187993.18205601536",
			"posY": "447014.18056494556",
			"routeType": "4",
			"sectSpd": "38",
			"section": "114602067",
			"seq": "57",
			"station": "114000176",
			"stationNm": "서울남부지방법원.서울남부지방검찰청",
			"stationNo": "15279",
			"transYn": "N",
			"fullSectDist": "457",
			"trnstnid": "114000052"
		},
		{
			"arsId": "15277",
			"beginTm": "06:16",
			"busRouteAbrv": "6624",
			"busRouteId": "100100302",
			"busRouteNm": "6624",
			"direction": "신월동",
			"gpsX": "126.8614154182",
			"gpsY": "37.5221525641",
			"lastTm": "00:50",
			"posX": "187750.78775633688",
			"posY": "446977.4805727503",
			"routeType": "4",
			"sectSpd": "48",
			"section": "114601164",
			"seq": "58",
			"station": "114000174",
			"stationNm": "신정1동우체국",
			"stationNo": "15277",
			"transYn": "N",
			"fullSectDist": "247",
			"trnstnid": "114000052"
		},
		{
			"arsId": "15271",
			"beginTm": "06:17",
			"busRouteAbrv": "6624",
			"busRouteId": "100100302",
			"busRouteNm": "6624",
			"direction": "신월동",
			"gpsX": "126.8585796616",
			"gpsY": "37.5218698622",
			"lastTm": "00:51",
			"posX": "187500.09364183724",
			"posY": "446946.48057090025",
			"routeType": "4",
			"sectSpd": "68",
			"section": "114602709",
			"seq": "59",
			"station": "114000168",
			"stationNm": "우리은행신정동지점",
			"stationNo": "15271",
			"transYn": "N",
			"fullSectDist": "253",
			"trnstnid": "114000052"
		},
		{
			"arsId": "15283",
			"beginTm": "06:18",
			"busRouteAbrv": "6624",
			"busRouteId": "100100302",
			"busRouteNm": "6624",
			"direction": "신월동",
			"gpsX": "126.8550766783",
			"gpsY": "37.5214619239",
			"lastTm": "00:52",
			"posX": "187190.40091277202",
			"posY": "446901.68057795754",
			"routeType": "4",
			"sectSpd": "58",
			"section": "114602711",
			"seq": "60",
			"station": "114000180",
			"stationNm": "신정4동경서농협",
			"stationNo": "15283",
			"transYn": "N",
			"fullSectDist": "316",
			"trnstnid": "114000052"
		},
		{
			"arsId": "15280",
			"beginTm": "06:19",
			"busRouteAbrv": "6624",
			"busRouteId": "100100302",
			"busRouteNm": "6624",
			"direction": "신월동",
			"gpsX": "126.853432075",
			"gpsY": "37.5212769715",
			"lastTm": "00:52",
			"posX": "187045.00433216474",
			"posY": "446881.38057595305",
			"routeType": "4",
			"sectSpd": "46",
			"section": "114602713",
			"seq": "61",
			"station": "114000177",
			"stationNm": "신정네거리역",
			"stationNo": "15280",
			"transYn": "N",
			"fullSectDist": "148",
			"trnstnid": "114000052"
		},
		{
			"arsId": "15311",
			"beginTm": "06:20",
			"busRouteAbrv": "6624",
			"busRouteId": "100100302",
			"busRouteNm": "6624",
			"direction": "신월동",
			"gpsX": "126.8496618667",
			"gpsY": "37.5238313525",
			"lastTm": "00:53",
			"posX": "186712.21215134265",
			"posY": "447165.38063614815",
			"routeType": "4",
			"sectSpd": "42",
			"section": "114600393",
			"seq": "62",
			"station": "114000207",
			"stationNm": "양강중학교",
			"stationNo": "15311",
			"transYn": "N",
			"fullSectDist": "569",
			"trnstnid": "114000052"
		},
		{
			"arsId": "15312",
			"beginTm": "06:23",
			"busRouteAbrv": "6624",
			"busRouteId": "100100302",
			"busRouteNm": "6624",
			"direction": "신월동",
			"gpsX": "126.8460404234",
			"gpsY": "37.5231005832",
			"lastTm": "00:55",
			"posX": "186391.9942931517",
			"posY": "447084.8007174968",
			"routeType": "4",
			"sectSpd": "15",
			"section": "114600314",
			"seq": "63",
			"station": "114000208",
			"stationNm": "신월2동주민센터입구.경창전통시장",
			"stationNo": "15312",
			"transYn": "N",
			"fullSectDist": "316",
			"trnstnid": "114000052"
		},
		{
			"arsId": "15313",
			"beginTm": "06:24",
			"busRouteAbrv": "6624",
			"busRouteId": "100100302",
			"busRouteNm": "6624",
			"direction": "신월동",
			"gpsX": "126.8418886018",
			"gpsY": "37.5220325224",
			"lastTm": "00:56",
			"posX": "186024.82829531634",
			"posY": "446966.88062916324",
			"routeType": "4",
			"sectSpd": "34",
			"section": "114600395",
			"seq": "64",
			"station": "114000209",
			"stationNm": "강서초등학교",
			"stationNo": "15313",
			"transYn": "N",
			"fullSectDist": "397",
			"trnstnid": "114000052"
		},
		{
			"arsId": "15314",
			"beginTm": "06:27",
			"busRouteAbrv": "6624",
			"busRouteId": "100100302",
			"busRouteNm": "6624",
			"direction": "신월동",
			"gpsX": "126.8388739221",
			"gpsY": "37.5213400091",
			"lastTm": "00:59",
			"posX": "185758.23456098806",
			"posY": "446890.48062240425",
			"routeType": "4",
			"sectSpd": "33",
			"section": "114602826",
			"seq": "65",
			"station": "114000210",
			"stationNm": "한빛종합사회복지관",
			"stationNo": "15314",
			"transYn": "N",
			"fullSectDist": "280",
			"trnstnid": "114000052"
		},
		{
			"arsId": "15295",
			"beginTm": "06:29",
			"busRouteAbrv": "6624",
			"busRouteId": "100100302",
			"busRouteNm": "6624",
			"direction": "신월동",
			"gpsX": "126.8363127897",
			"gpsY": "37.5202074111",
			"lastTm": "01:01",
			"posX": "185531.6398837883",
			"posY": "446765.18061629124",
			"routeType": "4",
			"sectSpd": "41",
			"section": "114600397",
			"seq": "66",
			"station": "114000192",
			"stationNm": "신월문화체육센터",
			"stationNo": "15295",
			"transYn": "N",
			"fullSectDist": "264",
			"trnstnid": "114000052"
		},
		{
			"arsId": "15296",
			"beginTm": "06:30",
			"busRouteAbrv": "6624",
			"busRouteId": "100100302",
			"busRouteNm": "6624",
			"direction": "신월동",
			"gpsX": "126.8341060451",
			"gpsY": "37.5215334526",
			"lastTm": "01:02",
			"posX": "185336.84445706868",
			"posY": "446912.6806412833",
			"routeType": "4",
			"sectSpd": "15",
			"section": "114602848",
			"seq": "67",
			"station": "114000193",
			"stationNm": "신월동우성상가",
			"stationNo": "15296",
			"transYn": "N",
			"fullSectDist": "346",
			"trnstnid": "114000052"
		},
		{
			"arsId": "15402",
			"beginTm": "06:31",
			"busRouteAbrv": "6624",
			"busRouteId": "100100302",
			"busRouteNm": "6624",
			"direction": "신월동",
			"gpsX": "126.8307794978",
			"gpsY": "37.5242203138",
			"lastTm": "01:03",
			"posX": "185043.3513518727",
			"posY": "447211.38069954887",
			"routeType": "4",
			"sectSpd": "99",
			"section": "114603065",
			"seq": "68",
			"station": "114000285",
			"stationNm": "중부운수앞",
			"stationNo": "15402",
			"transYn": "N",
			"fullSectDist": "441",
			"trnstnid": "114000052"
		},
		{
			"arsId": "15300",
			"beginTm": "06:33",
			"busRouteAbrv": "6624",
			"busRouteId": "100100302",
			"busRouteNm": "6624",
			"direction": "신월동",
			"gpsX": "126.8287853134",
			"gpsY": "37.5240291103",
			"lastTm": "01:04",
			"posX": "184867.05549108598",
			"posY": "447190.48069452355",
			"routeType": "4",
			"sectSpd": "20",
			"section": "114600807",
			"seq": "69",
			"station": "114000196",
			"stationNm": "신안파크아파트후문",
			"stationNo": "15300",
			"transYn": "N",
			"fullSectDist": "178",
			"trnstnid": "114000052"
		},
		{
			"arsId": "15374",
			"beginTm": ":",
			"busRouteAbrv": "6624",
			"busRouteId": "100100302",
			"busRouteNm": "6624",
			"direction": "신월동",
			"gpsX": "126.825713",
			"gpsY": "37.523548",
			"lastTm": ":",
			"posX": "184595.40751719908",
			"posY": "447137.5878134449",
			"routeType": "4",
			"sectSpd": "14",
			"section": "114600808",
			"seq": "70",
			"station": "114000268",
			"stationNm": "국립과학수사연구소.고강동종점",
			"stationNo": "15374",
			"transYn": "N",
			"fullSectDist": "278",
			"trnstnid": "114000052"
		}
	]
}