{
	"count": 74,
	"result": [
		{
			"arsId": "24261",
			"beginTm": "04:30",
			"busRouteAbrv": "3414",
			"busRouteId": "100100226",
			"busRouteNm": "3414",
			"direction": "고속터미널",
			"gpsX": "127.135317",
			"gpsY": "37.506195",
			"lastTm": "01:00",
			"posX": "211962.94407401732",
			"posY": "445206.16133482195",
			"routeType": "4",
			"sectSpd": "0",
			"section": "0",
			"seq": "1",
			"station": "123000171",
			"stationNm": "송파레미니스후문",
			"stationNo": "24261",
			"transYn": "N",
			"fullSectDist": "0",
			"trnstnid": "121000135"
		},
		{
			"arsId": "24258",
			"beginTm": "04:29",
			"busRouteAbrv": "3414",
			"busRouteId": "100100226",
			"busRouteNm": "3414",
			"direction": "고속터미널",
			"gpsX": "127.1353925625",
			"gpsY": "37.5043505304",
			"lastTm": "23:00",
			"posX": "211969.9188126413",
			"posY": "445001.4803013201",
			"routeType": "4",
			"sectSpd": "113",
			"section": "123604674",
			"seq": "2",
			"station": "123000168",
			"stationNm": "신흥운수입구",
			"stationNo": "24258",
			"transYn": "N",
			"fullSectDist": "263",
			"trnstnid": "121000135"
		},
		{
			"arsId": "24268",
			"beginTm": "04:30",
			"busRouteAbrv": "3414",
			"busRouteId": "100100226",
			"busRouteNm": "3414",
			"direction": "고속터미널",
			"gpsX": "127.1378915552",
			"gpsY": "37.5027436793",
			"lastTm": "23:00",
			"posX": "212191.11360906443",
			"posY": "444823.48028571205",
			"routeType": "4",
			"sectSpd": "53",
			"section": "123601189",
			"seq": "3",
			"station": "123000178",
			"stationNm": "오금동사거리",
			"stationNo": "24268",
			"transYn": "N",
			"fullSectDist": "374",
			"trnstnid": "121000135"
		},
		{
			"arsId": "24266",
			"beginTm": "04:31",
			"busRouteAbrv": "3414",
			"busRouteId": "100100226",
			"busRouteNm": "3414",
			"direction": "고속터미널",
			"gpsX": "127.1358517768",
			"gpsY": "37.4999787589",
			"lastTm": "23:01",
			"posX": "212011.21783532723",
			"posY": "444516.3802304757",
			"routeType": "4",
			"sectSpd": "43",
			"section": "123604789",
			"seq": "4",
			"station": "123000176",
			"stationNm": "송파도서관",
			"stationNo": "24266",
			"transYn": "N",
			"fullSectDist": "362",
			"trnstnid": "121000135"
		},
		{
			"arsId": "24250",
			"beginTm": "04:32",
			"busRouteAbrv": "3414",
			"busRouteId": "100100226",
			"busRouteNm": "3414",
			"direction": "고속터미널",
			"gpsX": "127.1331008245",
			"gpsY": "37.4991573819",
			"lastTm": "23:02",
			"posX": "211768.12354944888",
			"posY": "444424.8802115591",
			"routeType": "4",
			"sectSpd": "48",
			"section": "123600753",
			"seq": "5",
			"station": "123000160",
			"stationNm": "오금공원앞",
			"stationNo": "24250",
			"transYn": "N",
			"fullSectDist": "345",
			"trnstnid": "121000135"
		},
		{
			"arsId": "24338",
			"beginTm": "04:33",
			"busRouteAbrv": "3414",
			"busRouteId": "100100226",
			"busRouteNm": "3414",
			"direction": "고속터미널",
			"gpsX": "127.1287989134",
			"gpsY": "37.5018326648",
			"lastTm": "23:03",
			"posX": "211387.3631514316",
			"posY": "444721.24119375367",
			"routeType": "4",
			"sectSpd": "73",
			"section": "123604122",
			"seq": "6",
			"station": "123000634",
			"stationNm": "오금역2번출구",
			"stationNo": "24338",
			"transYn": "N",
			"fullSectDist": "600",
			"trnstnid": "121000135"
		},
		{
			"arsId": "24263",
			"beginTm": "04:34",
			"busRouteAbrv": "3414",
			"busRouteId": "100100226",
			"busRouteNm": "3414",
			"direction": "고속터미널",
			"gpsX": "127.1310586523",
			"gpsY": "37.5063791494",
			"lastTm": "23:04",
			"posX": "211586.4485094741",
			"posY": "445226.064562805",
			"routeType": "4",
			"sectSpd": "60",
			"section": "123600903",
			"seq": "7",
			"station": "123000173",
			"stationNm": "오금공원사거리",
			"stationNo": "24263",
			"transYn": "N",
			"fullSectDist": "613",
			"trnstnid": "121000135"
		},
		{
			"arsId": "24264",
			"beginTm": "04:35",
			"busRouteAbrv": "3414",
			"busRouteId": "100100226",
			"busRouteNm": "3414",
			"direction": "고속터미널",
			"gpsX": "127.1278340005",
			"gpsY": "37.507927312",
			"lastTm": "23:07",
			"posX": "211301.1345189116",
			"posY": "445397.48033149773",
			"routeType": "4",
			"sectSpd": "52",
			"section": "123604652",
			"seq": "8",
			"station": "123000174",
			"stationNm": "오금동대림아파트",
			"stationNo": "24264",
			"transYn": "N",
			"fullSectDist": "341",
			"trnstnid": "121000135"
		},
		{
			"arsId": "24230",
			"beginTm": "04:37",
			"busRouteAbrv": "3414",
			"busRouteId": "100100226",
			"busRouteNm": "3414",
			"direction": "고속터미널",
			"gpsX": "127.1240112053",
			"gpsY": "37.509558775",
			"lastTm": "23:09",
			"posX": "210962.94246698753",
			"posY": "445578.0803435645",
			"routeType": "4",
			"sectSpd": "45",
			"section": "123600906",
			"seq": "9",
			"station": "123000141",
			"stationNm": "방이동대림코오롱아파트",
			"stationNo": "24230",
			"transYn": "N",
			"fullSectDist": "384",
			"trnstnid": "121000135"
		},
		{
			"arsId": "24228",
			"beginTm": "04:37",
			"busRouteAbrv": "3414",
			"busRouteId": "100100226",
			"busRouteNm": "3414",
			"direction": "고속터미널",
			"gpsX": "127.1216815356",
			"gpsY": "37.5112705855",
			"lastTm": "23:11",
			"posX": "210756.74730718418",
			"posY": "445767.780365088",
			"routeType": "4",
			"sectSpd": "20",
			"section": "123604695",
			"seq": "10",
			"station": "123000139",
			"stationNm": "신구블레스밸리",
			"stationNo": "24228",
			"transYn": "N",
			"fullSectDist": "382",
			"trnstnid": "121000135"
		},
		{
			"arsId": "24218",
			"beginTm": "04:39",
			"busRouteAbrv": "3414",
			"busRouteId": "100100226",
			"busRouteNm": "3414",
			"direction": "고속터미널",
			"gpsX": "127.1194423147",
			"gpsY": "37.5123091363",
			"lastTm": "23:12",
			"posX": "210558.6519654553",
			"posY": "445882.7803725144",
			"routeType": "4",
			"sectSpd": "13",
			"section": "123604698",
			"seq": "11",
			"station": "123000129",
			"stationNm": "방이초등학교",
			"stationNo": "24218",
			"transYn": "N",
			"fullSectDist": "324",
			"trnstnid": "121000135"
		},
		{
			"arsId": "24219",
			"beginTm": "04:41",
			"busRouteAbrv": "3414",
			"busRouteId": "100100226",
			"busRouteNm": "3414",
			"direction": "고속터미널",
			"gpsX": "127.1182049786",
			"gpsY": "37.5102820039",
			"lastTm": "23:14",
			"posX": "210449.55452945977",
			"posY": "445657.680344115",
			"routeType": "4",
			"sectSpd": "18",
			"section": "123600679",
			"seq": "12",
			"station": "123000130",
			"stationNm": "방이시장입구",
			"stationNo": "24219",
			"transYn": "N",
			"fullSectDist": "250",
			"trnstnid": "121000135"
		},
		{
			"arsId": "24391",
			"beginTm": "04:41",
			"busRouteAbrv": "3414",
			"busRouteId": "100100226",
			"busRouteNm": "3414",
			"direction": "고속터미널",
			"gpsX": "127.116198465",
			"gpsY": "37.5082096607",
			"lastTm": "23:14",
			"posX": "210272.45868125118",
			"posY": "445427.48030627565",
			"routeType": "4",
			"sectSpd": "33",
			"section": "123600911",
			"seq": "13",
			"station": "123000300",
			"stationNm": "서울방이동고분군",
			"stationNo": "24391",
			"transYn": "N",
			"fullSectDist": "368",
			"trnstnid": "121000135"
		},
		{
			"arsId": "24220",
			"beginTm": "04:42",
			"busRouteAbrv": "3414",
			"busRouteId": "100100226",
			"busRouteNm": "3414",
			"direction": "고속터미널",
			"gpsX": "127.1139245961",
			"gpsY": "37.5095130652",
			"lastTm": "23:15",
			"posX": "210071.26341112662",
			"posY": "445571.8803248638",
			"routeType": "4",
			"sectSpd": "12",
			"section": "123600681",
			"seq": "14",
			"station": "123000131",
			"stationNm": "방이우체국",
			"stationNo": "24220",
			"transYn": "N",
			"fullSectDist": "238",
			"trnstnid": "121000135"
		},
		{
			"arsId": "24214",
			"beginTm": "04:43",
			"busRouteAbrv": "3414",
			"busRouteId": "100100226",
			"busRouteNm": "3414",
			"direction": "고속터미널",
			"gpsX": "127.1116741986",
			"gpsY": "37.5106794362",
			"lastTm": "23:16",
			"posX": "209872.16808366973",
			"posY": "445701.08033935586",
			"routeType": "4",
			"sectSpd": "68",
			"section": "123603442",
			"seq": "15",
			"station": "123000125",
			"stationNm": "송파나루역",
			"stationNo": "24214",
			"transYn": "N",
			"fullSectDist": "246",
			"trnstnid": "121000135"
		},
		{
			"arsId": "24215",
			"beginTm": "04:45",
			"busRouteAbrv": "3414",
			"busRouteId": "100100226",
			"busRouteNm": "3414",
			"direction": "고속터미널",
			"gpsX": "127.1078272813",
			"gpsY": "37.5131844651",
			"lastTm": "23:17",
			"posX": "209531.77608724576",
			"posY": "445978.68036059383",
			"routeType": "4",
			"sectSpd": "25",
			"section": "123600916",
			"seq": "16",
			"station": "123000126",
			"stationNm": "송파구청.방이맛골",
			"stationNo": "24215",
			"transYn": "N",
			"fullSectDist": "508",
			"trnstnid": "121000135"
		},
		{
			"arsId": "24132",
			"beginTm": "04:46",
			"busRouteAbrv": "3414",
			"busRouteId": "100100226",
			"busRouteNm": "3414",
			"direction": "고속터미널",
			"gpsX": "127.1014595352",
			"gpsY": "37.5139118875",
			"lastTm": "23:19",
			"posX": "208968.7893102599",
			"posY": "446058.7803620547",
			"routeType": "4",
			"sectSpd": "23",
			"section": "123604705",
			"seq": "17",
			"station": "123000043",
			"stationNm": "잠실역8번출구",
			"stationNo": "24132",
			"transYn": "N",
			"fullSectDist": "765",
			"trnstnid": "121000135"
		},
		{
			"arsId": "24138",
			"beginTm": "04:50",
			"busRouteAbrv": "3414",
			"busRouteId": "100100226",
			"busRouteNm": "3414",
			"direction": "고속터미널",
			"gpsX": "127.0979457604",
			"gpsY": "37.5128993133",
			"lastTm": "23:23",
			"posX": "208658.29660615211",
			"posY": "445946.08033735165",
			"routeType": "4",
			"sectSpd": "30",
			"section": "123604509",
			"seq": "18",
			"station": "123000049",
			"stationNm": "잠실역.롯데월드",
			"stationNo": "24138",
			"transYn": "N",
			"fullSectDist": "333",
			"trnstnid": "121000135"
		},
		{
			"arsId": "24139",
			"beginTm": "04:52",
			"busRouteAbrv": "3414",
			"busRouteId": "100100226",
			"busRouteNm": "3414",
			"direction": "고속터미널",
			"gpsX": "127.0939144028",
			"gpsY": "37.5122132454",
			"lastTm": "23:26",
			"posX": "208302.00497448744",
			"posY": "445869.5803201124",
			"routeType": "4",
			"sectSpd": "77",
			"section": "123604511",
			"seq": "19",
			"station": "123000050",
			"stationNm": "잠실5단지",
			"stationNo": "24139",
			"transYn": "N",
			"fullSectDist": "368",
			"trnstnid": "121000135"
		},
		{
			"arsId": "24141",
			"beginTm": "04:53",
			"busRouteAbrv": "3414",
			"busRouteId": "100100226",
			"busRouteNm": "3414",
			"direction": "고속터미널",
			"gpsX": "127.0872805398",
			"gpsY": "37.5117722886",
			"lastTm": "23:27",
			"posX": "207715.61875007118",
			"posY": "445820.08030483034",
			"routeType": "4",
			"sectSpd": "49",
			"section": "123600922",
			"seq": "20",
			"station": "123000052",
			"stationNm": "잠실새내역.잠실2동주민센터",
			"stationNo": "24141",
			"transYn": "N",
			"fullSectDist": "590",
			"trnstnid": "121000135"
		},
		{
			"arsId": "24142",
			"beginTm": "04:54",
			"busRouteAbrv": "3414",
			"busRouteId": "100100226",
			"busRouteNm": "3414",
			"direction": "고속터미널",
			"gpsX": "127.0833904794",
			"gpsY": "37.5118706155",
			"lastTm": "23:29",
			"posX": "207371.7268267185",
			"posY": "445830.680298137",
			"routeType": "4",
			"sectSpd": "30",
			"section": "123604512",
			"seq": "21",
			"station": "123000053",
			"stationNm": "잠실엘스아파트앞",
			"stationNo": "24142",
			"transYn": "N",
			"fullSectDist": "335",
			"trnstnid": "121000135"
		},
		{
			"arsId": "24143",
			"beginTm": "04:57",
			"busRouteAbrv": "3414",
			"busRouteId": "100100226",
			"busRouteNm": "3414",
			"direction": "고속터미널",
			"gpsX": "127.0796916235",
			"gpsY": "37.512009235",
			"lastTm": "23:32",
			"posX": "207044.7345049944",
			"posY": "445845.7802943429",
			"routeType": "4",
			"sectSpd": "43",
			"section": "123604514",
			"seq": "22",
			"station": "123000054",
			"stationNm": "종합운동장사거리",
			"stationNo": "24143",
			"transYn": "N",
			"fullSectDist": "325",
			"trnstnid": "121000135"
		},
		{
			"arsId": "24144",
			"beginTm": "04:58",
			"busRouteAbrv": "3414",
			"busRouteId": "100100226",
			"busRouteNm": "3414",
			"direction": "고속터미널",
			"gpsX": "127.0720732937",
			"gpsY": "37.5111175337",
			"lastTm": "23:32",
			"posX": "206371.35033209657",
			"posY": "445746.2802644223",
			"routeType": "4",
			"sectSpd": "19",
			"section": "123604515",
			"seq": "23",
			"station": "123000055",
			"stationNm": "잠실종합운동장",
			"stationNo": "24144",
			"transYn": "N",
			"fullSectDist": "690",
			"trnstnid": "121000135"
		},
		{
			"arsId": "23196",
			"beginTm": "05:00",
			"busRouteAbrv": "3414",
			"busRouteId": "100100226",
			"busRouteNm": "3414",
			"direction": "고속터미널",
			"gpsX": "127.0657996068",
			"gpsY": "37.5099462683",
			"lastTm": "23:35",
			"posX": "205816.84104411287",
			"posY": "445615.8923290535",
			"routeType": "4",
			"sectSpd": "14",
			"section": "122601473",
			"seq": "24",
			"station": "122000093",
			"stationNm": "강남경찰서면허시험장",
			"stationNo": "23196",
			"transYn": "N",
			"fullSectDist": "580",
			"trnstnid": "121000135"
		},
		{
			"arsId": "23197",
			"beginTm": "05:02",
			"busRouteAbrv": "3414",
			"busRouteId": "100100226",
			"busRouteNm": "3414",
			"direction": "고속터미널",
			"gpsX": "127.0625781691",
			"gpsY": "37.5103516605",
			"lastTm": "23:36",
			"posX": "205532.02837343988",
			"posY": "445660.6866119569",
			"routeType": "4",
			"sectSpd": "22",
			"section": "122606187",
			"seq": "25",
			"station": "122000094",
			"stationNm": "삼성역7번출구",
			"stationNo": "23197",
			"transYn": "N",
			"fullSectDist": "392",
			"trnstnid": "121000135"
		},
		{
			"arsId": "23192",
			"beginTm": "05:03",
			"busRouteAbrv": "3414",
			"busRouteId": "100100226",
			"busRouteNm": "3414",
			"direction": "고속터미널",
			"gpsX": "127.0601628839",
			"gpsY": "37.5151079658",
			"lastTm": "23:37",
			"posX": "205318.1750693809",
			"posY": "446188.3803122458",
			"routeType": "4",
			"sectSpd": "38",
			"section": "122606189",
			"seq": "26",
			"station": "122000089",
			"stationNm": "봉은사역3번출구.삼성1파출소",
			"stationNo": "23192",
			"transYn": "N",
			"fullSectDist": "586",
			"trnstnid": "121000135"
		},
		{
			"arsId": "23172",
			"beginTm": "05:06",
			"busRouteAbrv": "3414",
			"busRouteId": "100100226",
			"busRouteNm": "3414",
			"direction": "고속터미널",
			"gpsX": "127.0565014019",
			"gpsY": "37.5200739332",
			"lastTm": "23:38",
			"posX": "204994.18267987913",
			"posY": "446739.28038656525",
			"routeType": "4",
			"sectSpd": "14",
			"section": "122601479",
			"seq": "27",
			"station": "122000070",
			"stationNm": "청담역.경기고교",
			"stationNo": "23172",
			"transYn": "N",
			"fullSectDist": "664",
			"trnstnid": "121000135"
		},
		{
			"arsId": "23173",
			"beginTm": "05:08",
			"busRouteAbrv": "3414",
			"busRouteId": "100100226",
			"busRouteNm": "3414",
			"direction": "고속터미널",
			"gpsX": "127.0520898501",
			"gpsY": "37.5192911033",
			"lastTm": "23:40",
			"posX": "204604.29183487227",
			"posY": "446652.1803612807",
			"routeType": "4",
			"sectSpd": "10",
			"section": "122606476",
			"seq": "28",
			"station": "122000071",
			"stationNm": "진흥아파트",
			"stationNo": "23173",
			"transYn": "N",
			"fullSectDist": "401",
			"trnstnid": "121000135"
		},
		{
			"arsId": "23176",
			"beginTm": "05:09",
			"busRouteAbrv": "3414",
			"busRouteId": "100100226",
			"busRouteNm": "3414",
			"direction": "고속터미널",
			"gpsX": "127.0471567452",
			"gpsY": "37.5184926885",
			"lastTm": "23:41",
			"posX": "204168.29245193905",
			"posY": "446563.3458580007",
			"routeType": "4",
			"sectSpd": "48",
			"section": "122606384",
			"seq": "29",
			"station": "122000074",
			"stationNm": "강남구청.강남세무서",
			"stationNo": "23176",
			"transYn": "N",
			"fullSectDist": "450",
			"trnstnid": "121000135"
		},
		{
			"arsId": "23177",
			"beginTm": "05:10",
			"busRouteAbrv": "3414",
			"busRouteId": "100100226",
			"busRouteNm": "3414",
			"direction": "고속터미널",
			"gpsX": "127.0428054051",
			"gpsY": "37.5176296005",
			"lastTm": "23:43",
			"posX": "203783.711119511",
			"posY": "446467.3803320192",
			"routeType": "4",
			"sectSpd": "98",
			"section": "122606387",
			"seq": "30",
			"station": "122000075",
			"stationNm": "청담동래미안아파트",
			"stationNo": "23177",
			"transYn": "N",
			"fullSectDist": "401",
			"trnstnid": "121000135"
		},
		{
			"arsId": "23128",
			"beginTm": "05:12",
			"busRouteAbrv": "3414",
			"busRouteId": "100100226",
			"busRouteNm": "3414",
			"direction": "고속터미널",
			"gpsX": "127.0400469962",
			"gpsY": "37.5169817759",
			"lastTm": "23:44",
			"posX": "203539.91683926643",
			"posY": "446395.3803156214",
			"routeType": "4",
			"sectSpd": "44",
			"section": "122601485",
			"seq": "31",
			"station": "122000028",
			"stationNm": "강남구청역",
			"stationNo": "23128",
			"transYn": "N",
			"fullSectDist": "255",
			"trnstnid": "121000135"
		},
		{
			"arsId": "23129",
			"beginTm": "05:14",
			"busRouteAbrv": "3414",
			"busRouteId": "100100226",
			"busRouteNm": "3414",
			"direction": "고속터미널",
			"gpsX": "127.0360665964",
			"gpsY": "37.5157593644",
			"lastTm": "23:44",
			"posX": "203188.12510742602",
			"posY": "446259.58029761026",
			"routeType": "4",
			"sectSpd": "42",
			"section": "122606612",
			"seq": "32",
			"station": "122000029",
			"stationNm": "세관앞",
			"stationNo": "23129",
			"transYn": "N",
			"fullSectDist": "377",
			"trnstnid": "121000135"
		},
		{
			"arsId": "23115",
			"beginTm": "05:15",
			"busRouteAbrv": "3414",
			"busRouteId": "100100226",
			"busRouteNm": "3414",
			"direction": "고속터미널",
			"gpsX": "127.0296697218",
			"gpsY": "37.5138084599",
			"lastTm": "23:45",
			"posX": "202622.7383876052",
			"posY": "446042.88026898913",
			"routeType": "4",
			"sectSpd": "113",
			"section": "122601489",
			"seq": "33",
			"station": "122000015",
			"stationNm": "논현동사거리.학동역",
			"stationNo": "23115",
			"transYn": "N",
			"fullSectDist": "605",
			"trnstnid": "121000135"
		},
		{
			"arsId": "23116",
			"beginTm": "05:17",
			"busRouteAbrv": "3414",
			"busRouteId": "100100226",
			"busRouteNm": "3414",
			"direction": "고속터미널",
			"gpsX": "127.0234688746",
			"gpsY": "37.5118508617",
			"lastTm": "23:47",
			"posX": "202074.65126284162",
			"posY": "445825.4802314243",
			"routeType": "4",
			"sectSpd": "48",
			"section": "122606367",
			"seq": "34",
			"station": "122000016",
			"stationNm": "영동시장",
			"stationNo": "23116",
			"transYn": "N",
			"fullSectDist": "590",
			"trnstnid": "121000135"
		},
		{
			"arsId": "22183",
			"beginTm": "05:18",
			"busRouteAbrv": "3414",
			"busRouteId": "100100226",
			"busRouteNm": "3414",
			"direction": "고속터미널",
			"gpsX": "127.0192203041",
			"gpsY": "37.5106480618",
			"lastTm": "23:48",
			"posX": "201699.10439527468",
			"posY": "445691.913866227",
			"routeType": "4",
			"sectSpd": "36",
			"section": "121608046",
			"seq": "35",
			"station": "121000107",
			"stationNm": "논현역7번출구",
			"stationNo": "22183",
			"transYn": "N",
			"fullSectDist": "412",
			"trnstnid": "121000135"
		},
		{
			"arsId": "22017",
			"beginTm": "05:21",
			"busRouteAbrv": "3414",
			"busRouteId": "100100226",
			"busRouteNm": "3414",
			"direction": "고속터미널",
			"gpsX": "127.0121292217",
			"gpsY": "37.5083418804",
			"lastTm": "23:49",
			"posX": "201072.2748094188",
			"posY": "445435.88017778983",
			"routeType": "4",
			"sectSpd": "32",
			"section": "121608048",
			"seq": "36",
			"station": "121000017",
			"stationNm": "반포역",
			"stationNo": "22017",
			"transYn": "N",
			"fullSectDist": "688",
			"trnstnid": "121000135"
		},
		{
			"arsId": "22211",
			"beginTm": "05:22",
			"busRouteAbrv": "3414",
			"busRouteId": "100100226",
			"busRouteNm": "3414",
			"direction": "고속터미널",
			"gpsX": "127.0093531432",
			"gpsY": "37.5062641926",
			"lastTm": "23:51",
			"posX": "200826.8805744964",
			"posY": "445205.2801416144",
			"routeType": "4",
			"sectSpd": "14",
			"section": "121608285",
			"seq": "37",
			"station": "121000135",
			"stationNm": "고속터미널",
			"stationNo": "22211",
			"transYn": "Y",
			"fullSectDist": "427",
			"trnstnid": "121000135"
		},
		{
			"arsId": "22213",
			"beginTm": "05:24",
			"busRouteAbrv": "3414",
			"busRouteId": "100100226",
			"busRouteNm": "3414",
			"direction": "오금동",
			"gpsX": "127.0065488003",
			"gpsY": "37.5034742256",
			"lastTm": "23:53",
			"posX": "200578.97940393607",
			"posY": "444895.6419031946",
			"routeType": "4",
			"sectSpd": "25",
			"section": "121608972",
			"seq": "38",
			"station": "121000137",
			"stationNm": "센트럴시티",
			"stationNo": "22213",
			"transYn": "N",
			"fullSectDist": "508",
			"trnstnid": "121000135"
		},
		{
			"arsId": "22020",
			"beginTm": "05:26",
			"busRouteAbrv": "3414",
			"busRouteId": "100100226",
			"busRouteNm": "3414",
			"direction": "오금동",
			"gpsX": "127.003792583",
			"gpsY": "37.5057382586",
			"lastTm": "23:54",
			"posX": "200335.29211953797",
			"posY": "445146.8801366212",
			"routeType": "4",
			"sectSpd": "40",
			"section": "121608080",
			"seq": "39",
			"station": "121000020",
			"stationNm": "고속터미널",
			"stationNo": "22020",
			"transYn": "N",
			"fullSectDist": "849",
			"trnstnid": "121000135"
		},
		{
			"arsId": "22018",
			"beginTm": "05:27",
			"busRouteAbrv": "3414",
			"busRouteId": "100100226",
			"busRouteNm": "3414",
			"direction": "오금동",
			"gpsX": "127.0110398687",
			"gpsY": "37.5079040519",
			"lastTm": "23:56",
			"posX": "200975.97706901564",
			"posY": "445387.28016697755",
			"routeType": "4",
			"sectSpd": "41",
			"section": "121608084",
			"seq": "40",
			"station": "121000018",
			"stationNm": "반포역",
			"stationNo": "22018",
			"transYn": "N",
			"fullSectDist": "684",
			"trnstnid": "121000135"
		},
		{
			"arsId": "22190",
			"beginTm": "05:31",
			"busRouteAbrv": "3414",
			"busRouteId": "100100226",
			"busRouteNm": "3414",
			"direction": "오금동",
			"gpsX": "127.0192130073",
			"gpsY": "37.5102908187",
			"lastTm": "23:58",
			"posX": "201698.46744205203",
			"posY": "445652.2685533017",
			"routeType": "4",
			"sectSpd": "17",
			"section": "121608088",
			"seq": "41",
			"station": "121000114",
			"stationNm": "논현역6번출구",
			"stationNo": "22190",
			"transYn": "N",
			"fullSectDist": "813",
			"trnstnid": "121000135"
		},
		{
			"arsId": "23117",
			"beginTm": "05:32",
			"busRouteAbrv": "3414",
			"busRouteId": "100100226",
			"busRouteNm": "3414",
			"direction": "오금동",
			"gpsX": "127.0224777731",
			"gpsY": "37.5112644378",
			"lastTm": "00:01",
			"posX": "201987.0533197255",
			"posY": "445760.3802251327",
			"routeType": "4",
			"sectSpd": "40",
			"section": "121602711",
			"seq": "42",
			"station": "122000017",
			"stationNm": "영동시장",
			"stationNo": "23117",
			"transYn": "N",
			"fullSectDist": "267",
			"trnstnid": "121000135"
		},
		{
			"arsId": "23118",
			"beginTm": "05:33",
			"busRouteAbrv": "3414",
			"busRouteId": "100100226",
			"busRouteNm": "3414",
			"direction": "오금동",
			"gpsX": "127.0301492658",
			"gpsY": "37.5135731512",
			"lastTm": "00:04",
			"posX": "202665.13739510666",
			"posY": "446016.78026213543",
			"routeType": "4",
			"sectSpd": "51",
			"section": "122606376",
			"seq": "43",
			"station": "122000018",
			"stationNm": "논현동사거리.학동역",
			"stationNo": "23118",
			"transYn": "N",
			"fullSectDist": "725",
			"trnstnid": "121000135"
		},
		{
			"arsId": "23134",
			"beginTm": "05:35",
			"busRouteAbrv": "3414",
			"busRouteId": "100100226",
			"busRouteNm": "3414",
			"direction": "오금동",
			"gpsX": "127.0364986185",
			"gpsY": "37.5155204401",
			"lastTm": "00:06",
			"posX": "203226.32420784954",
			"posY": "446233.08029050473",
			"routeType": "4",
			"sectSpd": "56",
			"section": "122601494",
			"seq": "44",
			"station": "122000034",
			"stationNm": "세관앞",
			"stationNo": "23134",
			"transYn": "N",
			"fullSectDist": "602",
			"trnstnid": "121000135"
		},
		{
			"arsId": "23135",
			"beginTm": "05:36",
			"busRouteAbrv": "3414",
			"busRouteId": "100100226",
			"busRouteNm": "3414",
			"direction": "오금동",
			"gpsX": "127.0402617629",
			"gpsY": "37.5166564058",
			"lastTm": "00:07",
			"posX": "203558.91639445646",
			"posY": "446359.2803138755",
			"routeType": "4",
			"sectSpd": "44",
			"section": "122606412",
			"seq": "45",
			"station": "122000035",
			"stationNm": "강남구청역",
			"stationNo": "23135",
			"transYn": "N",
			"fullSectDist": "360",
			"trnstnid": "121000135"
		},
		{
			"arsId": "23205",
			"beginTm": "05:37",
			"busRouteAbrv": "3414",
			"busRouteId": "100100226",
			"busRouteNm": "3414",
			"direction": "오금동",
			"gpsX": "127.0426083399",
			"gpsY": "37.5172385944",
			"lastTm": "00:08",
			"posX": "203766.3115270401",
			"posY": "446423.9803289003",
			"routeType": "4",
			"sectSpd": "48",
			"section": "122606414",
			"seq": "46",
			"station": "122000102",
			"stationNm": "삼성동서광아파트",
			"stationNo": "23205",
			"transYn": "N",
			"fullSectDist": "223",
			"trnstnid": "121000135"
		},
		{
			"arsId": "23206",
			"beginTm": "05:39",
			"busRouteAbrv": "3414",
			"busRouteId": "100100226",
			"busRouteNm": "3414",
			"direction": "오금동",
			"gpsX": "127.0477736533",
			"gpsY": "37.5182012324",
			"lastTm": "00:10",
			"posX": "204222.83879661694",
			"posY": "446531.02887885924",
			"routeType": "4",
			"sectSpd": "70",
			"section": "122607140",
			"seq": "47",
			"station": "122000103",
			"stationNm": "강남구청.강남세무서",
			"stationNo": "23206",
			"transYn": "N",
			"fullSectDist": "468",
			"trnstnid": "121000135"
		},
		{
			"arsId": "23186",
			"beginTm": "05:40",
			"busRouteAbrv": "3414",
			"busRouteId": "100100226",
			"busRouteNm": "3414",
			"direction": "오금동",
			"gpsX": "127.0523509664",
			"gpsY": "37.5189828118",
			"lastTm": "00:11",
			"posX": "204627.39129577027",
			"posY": "446617.98035953287",
			"routeType": "4",
			"sectSpd": "47",
			"section": "122601500",
			"seq": "48",
			"station": "122000083",
			"stationNm": "진흥아파트청담역",
			"stationNo": "23186",
			"transYn": "N",
			"fullSectDist": "414",
			"trnstnid": "121000135"
		},
		{
			"arsId": "23187",
			"beginTm": "05:43",
			"busRouteAbrv": "3414",
			"busRouteId": "100100226",
			"busRouteNm": "3414",
			"direction": "오금동",
			"gpsX": "127.0565441506",
			"gpsY": "37.5197540224",
			"lastTm": "00:12",
			"posX": "204997.98259478458",
			"posY": "446703.7803802863",
			"routeType": "4",
			"sectSpd": "34",
			"section": "122606501",
			"seq": "49",
			"station": "122000084",
			"stationNm": "청담역.경기고교",
			"stationNo": "23187",
			"transYn": "N",
			"fullSectDist": "385",
			"trnstnid": "121000135"
		},
		{
			"arsId": "23189",
			"beginTm": "05:44",
			"busRouteAbrv": "3414",
			"busRouteId": "100100226",
			"busRouteNm": "3414",
			"direction": "오금동",
			"gpsX": "127.0594353837",
			"gpsY": "37.5149677625",
			"lastTm": "00:13",
			"posX": "205253.87658176015",
			"posY": "446172.780313801",
			"routeType": "4",
			"sectSpd": "32",
			"section": "122603632",
			"seq": "50",
			"station": "122000086",
			"stationNm": "봉은사.삼성1파출소앞",
			"stationNo": "23189",
			"transYn": "N",
			"fullSectDist": "660",
			"trnstnid": "121000135"
		},
		{
			"arsId": "23198",
			"beginTm": "05:45",
			"busRouteAbrv": "3414",
			"busRouteId": "100100226",
			"busRouteNm": "3414",
			"direction": "오금동",
			"gpsX": "127.0615406066",
			"gpsY": "37.5111539189",
			"lastTm": "00:14",
			"posX": "205440.24764950576",
			"posY": "445749.65704838047",
			"routeType": "4",
			"sectSpd": "69",
			"section": "122605933",
			"seq": "51",
			"station": "122000095",
			"stationNm": "무역센터",
			"stationNo": "23198",
			"transYn": "N",
			"fullSectDist": "468",
			"trnstnid": "121000135"
		},
		{
			"arsId": "23243",
			"beginTm": "05:47",
			"busRouteAbrv": "3414",
			"busRouteId": "100100226",
			"busRouteNm": "3414",
			"direction": "오금동",
			"gpsX": "127.0671559796",
			"gpsY": "37.5097831979",
			"lastTm": "00:15",
			"posX": "205936.76054119217",
			"posY": "445597.88024331257",
			"routeType": "4",
			"sectSpd": "14",
			"section": "122601430",
			"seq": "52",
			"station": "122000140",
			"stationNm": "강남경찰서.강남운전면허시험장",
			"stationNo": "23243",
			"transYn": "N",
			"fullSectDist": "826",
			"trnstnid": "121000135"
		},
		{
			"arsId": "24154",
			"beginTm": "05:49",
			"busRouteAbrv": "3414",
			"busRouteId": "100100226",
			"busRouteNm": "3414",
			"direction": "오금동",
			"gpsX": "127.0728158016",
			"gpsY": "37.5104187252",
			"lastTm": "00:17",
			"posX": "206437.0487865645",
			"posY": "445668.78025701223",
			"routeType": "4",
			"sectSpd": "37",
			"section": "123603250",
			"seq": "53",
			"station": "123000065",
			"stationNm": "잠실종합운동장",
			"stationNo": "24154",
			"transYn": "N",
			"fullSectDist": "515",
			"trnstnid": "121000135"
		},
		{
			"arsId": "24157",
			"beginTm": "05:50",
			"busRouteAbrv": "3414",
			"busRouteId": "100100226",
			"busRouteNm": "3414",
			"direction": "오금동",
			"gpsX": "127.0795554593",
			"gpsY": "37.5116128425",
			"lastTm": "00:18",
			"posX": "207032.73479024143",
			"posY": "445801.7802881198",
			"routeType": "4",
			"sectSpd": "33",
			"section": "123603251",
			"seq": "54",
			"station": "123000068",
			"stationNm": "종합운동장사거리",
			"stationNo": "24157",
			"transYn": "N",
			"fullSectDist": "646",
			"trnstnid": "121000135"
		},
		{
			"arsId": "24158",
			"beginTm": "05:53",
			"busRouteAbrv": "3414",
			"busRouteId": "100100226",
			"busRouteNm": "3414",
			"direction": "오금동",
			"gpsX": "127.0844951326",
			"gpsY": "37.5114066648",
			"lastTm": "00:21",
			"posX": "207469.4245357473",
			"posY": "445779.2802959895",
			"routeType": "4",
			"sectSpd": "44",
			"section": "123604363",
			"seq": "55",
			"station": "123000069",
			"stationNm": "잠실새내역4번출구",
			"stationNo": "24158",
			"transYn": "N",
			"fullSectDist": "462",
			"trnstnid": "121000135"
		},
		{
			"arsId": "24145",
			"beginTm": "05:54",
			"busRouteAbrv": "3414",
			"busRouteId": "100100226",
			"busRouteNm": "3414",
			"direction": "오금동",
			"gpsX": "127.0912020656",
			"gpsY": "37.5115116112",
			"lastTm": "00:22",
			"posX": "208062.31060105615",
			"posY": "445791.4803096284",
			"routeType": "4",
			"sectSpd": "42",
			"section": "123604517",
			"seq": "56",
			"station": "123000056",
			"stationNm": "잠실트리지움아파트앞",
			"stationNo": "24145",
			"transYn": "N",
			"fullSectDist": "590",
			"trnstnid": "121000135"
		},
		{
			"arsId": "24146",
			"beginTm": "05:57",
			"busRouteAbrv": "3414",
			"busRouteId": "100100226",
			"busRouteNm": "3414",
			"direction": "오금동",
			"gpsX": "127.0981962498",
			"gpsY": "37.51241161",
			"lastTm": "00:25",
			"posX": "208680.4960824304",
			"posY": "445891.98032833496",
			"routeType": "4",
			"sectSpd": "47",
			"section": "123604367",
			"seq": "57",
			"station": "123000057",
			"stationNm": "잠실역.롯데월드",
			"stationNo": "24146",
			"transYn": "N",
			"fullSectDist": "638",
			"trnstnid": "121000135"
		},
		{
			"arsId": "24134",
			"beginTm": "06:00",
			"busRouteAbrv": "3414",
			"busRouteId": "100100226",
			"busRouteNm": "3414",
			"direction": "오금동",
			"gpsX": "127.1030252923",
			"gpsY": "37.5141520082",
			"lastTm": "00:28",
			"posX": "209107.1694923433",
			"posY": "446085.5782736358",
			"routeType": "4",
			"sectSpd": "61",
			"section": "123604711",
			"seq": "58",
			"station": "123000045",
			"stationNm": "잠실역1번.11번출구",
			"stationNo": "24134",
			"transYn": "N",
			"fullSectDist": "477",
			"trnstnid": "121000135"
		},
		{
			"arsId": "24136",
			"beginTm": "06:02",
			"busRouteAbrv": "3414",
			"busRouteId": "100100226",
			"busRouteNm": "3414",
			"direction": "오금동",
			"gpsX": "127.1071612328",
			"gpsY": "37.5143154715",
			"lastTm": "00:31",
			"posX": "209472.75538778421",
			"posY": "446104.1270613512",
			"routeType": "4",
			"sectSpd": "18",
			"section": "123600936",
			"seq": "59",
			"station": "123000047",
			"stationNm": "송파구청.방이맛골",
			"stationNo": "24136",
			"transYn": "N",
			"fullSectDist": "476",
			"trnstnid": "121000135"
		},
		{
			"arsId": "24197",
			"beginTm": "06:03",
			"busRouteAbrv": "3414",
			"busRouteId": "100100226",
			"busRouteNm": "3414",
			"direction": "오금동",
			"gpsX": "127.1107862085",
			"gpsY": "37.5106676569",
			"lastTm": "00:33",
			"posX": "209793.66992905494",
			"posY": "445699.6803323664",
			"routeType": "4",
			"sectSpd": "46",
			"section": "123600772",
			"seq": "60",
			"station": "123000108",
			"stationNm": "방이동사거리",
			"stationNo": "24197",
			"transYn": "N",
			"fullSectDist": "573",
			"trnstnid": "121000135"
		},
		{
			"arsId": "24199",
			"beginTm": "06:05",
			"busRouteAbrv": "3414",
			"busRouteId": "100100226",
			"busRouteNm": "3414",
			"direction": "오금동",
			"gpsX": "127.1127256487",
			"gpsY": "37.509855619",
			"lastTm": "00:34",
			"posX": "209965.2274198568",
			"posY": "445609.7677219282",
			"routeType": "4",
			"sectSpd": "27",
			"section": "123604089",
			"seq": "61",
			"station": "123000632",
			"stationNm": "송파나루역",
			"stationNo": "24199",
			"transYn": "N",
			"fullSectDist": "197",
			"trnstnid": "121000135"
		},
		{
			"arsId": "24202",
			"beginTm": "06:07",
			"busRouteAbrv": "3414",
			"busRouteId": "100100226",
			"busRouteNm": "3414",
			"direction": "오금동",
			"gpsX": "127.1151707999",
			"gpsY": "37.5084245055",
			"lastTm": "00:34",
			"posX": "210181.5793234761",
			"posY": "445451.2111002989",
			"routeType": "4",
			"sectSpd": "20",
			"section": "123604090",
			"seq": "62",
			"station": "123000113",
			"stationNm": "서울방이동고분군",
			"stationNo": "24202",
			"transYn": "N",
			"fullSectDist": "268",
			"trnstnid": "121000135"
		},
		{
			"arsId": "24225",
			"beginTm": "06:08",
			"busRouteAbrv": "3414",
			"busRouteId": "100100226",
			"busRouteNm": "3414",
			"direction": "오금동",
			"gpsX": "127.1179481819",
			"gpsY": "37.5095496657",
			"lastTm": "00:35",
			"posX": "210426.95505716992",
			"posY": "445576.38032677304",
			"routeType": "4",
			"sectSpd": "31",
			"section": "123604721",
			"seq": "63",
			"station": "123000136",
			"stationNm": "방이시장입구",
			"stationNo": "24225",
			"transYn": "N",
			"fullSectDist": "379",
			"trnstnid": "121000135"
		},
		{
			"arsId": "24226",
			"beginTm": "06:11",
			"busRouteAbrv": "3414",
			"busRouteId": "100100226",
			"busRouteNm": "3414",
			"direction": "오금동",
			"gpsX": "127.1192466561",
			"gpsY": "37.5116226956",
			"lastTm": "00:38",
			"posX": "210541.4523631174",
			"posY": "445806.5803702432",
			"routeType": "4",
			"sectSpd": "17",
			"section": "123600943",
			"seq": "64",
			"station": "123000137",
			"stationNm": "방이초등학교",
			"stationNo": "24226",
			"transYn": "N",
			"fullSectDist": "265",
			"trnstnid": "121000135"
		},
		{
			"arsId": "24221",
			"beginTm": "06:12",
			"busRouteAbrv": "3414",
			"busRouteId": "100100226",
			"busRouteNm": "3414",
			"direction": "오금동",
			"gpsX": "127.1215535686",
			"gpsY": "37.5139722157",
			"lastTm": "00:39",
			"posX": "210745.04758672172",
			"posY": "446067.5804053624",
			"routeType": "4",
			"sectSpd": "38",
			"section": "123600945",
			"seq": "65",
			"station": "123000132",
			"stationNm": "올림픽공원남2문",
			"stationNo": "24221",
			"transYn": "N",
			"fullSectDist": "444",
			"trnstnid": "121000135"
		},
		{
			"arsId": "24227",
			"beginTm": "06:13",
			"busRouteAbrv": "3414",
			"busRouteId": "100100226",
			"busRouteNm": "3414",
			"direction": "오금동",
			"gpsX": "127.1216457736",
			"gpsY": "37.5115391502",
			"lastTm": "00:40",
			"posX": "210753.54738404564",
			"posY": "445797.58036317304",
			"routeType": "4",
			"sectSpd": "69",
			"section": "123604725",
			"seq": "66",
			"station": "123000138",
			"stationNm": "신구블레스밸리앞",
			"stationNo": "24227",
			"transYn": "N",
			"fullSectDist": "412",
			"trnstnid": "121000135"
		},
		{
			"arsId": "24229",
			"beginTm": "06:14",
			"busRouteAbrv": "3414",
			"busRouteId": "100100226",
			"busRouteNm": "3414",
			"direction": "오금동",
			"gpsX": "127.1242379509",
			"gpsY": "37.5091863822",
			"lastTm": "00:41",
			"posX": "210983.0419940525",
			"posY": "445536.78034317447",
			"routeType": "4",
			"sectSpd": "64",
			"section": "123604728",
			"seq": "67",
			"station": "123000140",
			"stationNm": "방이동대림코오롱아파트",
			"stationNo": "24229",
			"transYn": "N",
			"fullSectDist": "431",
			"trnstnid": "121000135"
		},
		{
			"arsId": "24265",
			"beginTm": "06:16",
			"busRouteAbrv": "3414",
			"busRouteId": "100100226",
			"busRouteNm": "3414",
			"direction": "오금동",
			"gpsX": "127.1279342268",
			"gpsY": "37.5076667853",
			"lastTm": "00:43",
			"posX": "211310.03431269378",
			"posY": "445368.5803235895",
			"routeType": "4",
			"sectSpd": "37",
			"section": "123600950",
			"seq": "68",
			"station": "123000175",
			"stationNm": "오금동대림아파트",
			"stationNo": "24265",
			"transYn": "N",
			"fullSectDist": "371",
			"trnstnid": "121000135"
		},
		{
			"arsId": "24262",
			"beginTm": "06:17",
			"busRouteAbrv": "3414",
			"busRouteId": "100100226",
			"busRouteNm": "3414",
			"direction": "오금동",
			"gpsX": "127.1310600773",
			"gpsY": "37.506034168",
			"lastTm": "00:45",
			"posX": "211586.62780869825",
			"posY": "445187.7803056324",
			"routeType": "4",
			"sectSpd": "43",
			"section": "123604672",
			"seq": "69",
			"station": "123000172",
			"stationNm": "오금공원사거리",
			"stationNo": "24262",
			"transYn": "N",
			"fullSectDist": "339",
			"trnstnid": "121000135"
		},
		{
			"arsId": "24339",
			"beginTm": "06:18",
			"busRouteAbrv": "3414",
			"busRouteId": "100100226",
			"busRouteNm": "3414",
			"direction": "오금동",
			"gpsX": "127.1287671011",
			"gpsY": "37.5014608021",
			"lastTm": "00:46",
			"posX": "211384.60702575214",
			"posY": "444679.9697835292",
			"routeType": "4",
			"sectSpd": "49",
			"section": "123605468",
			"seq": "70",
			"station": "123000635",
			"stationNm": "오금역3번출구",
			"stationNo": "24339",
			"transYn": "N",
			"fullSectDist": "668",
			"trnstnid": "121000135"
		},
		{
			"arsId": "24267",
			"beginTm": "06:20",
			"busRouteAbrv": "3414",
			"busRouteId": "100100226",
			"busRouteNm": "3414",
			"direction": "오금동",
			"gpsX": "127.1360639933",
			"gpsY": "37.4997505359",
			"lastTm": "00:47",
			"posX": "212030.01739884092",
			"posY": "444491.080232142",
			"routeType": "4",
			"sectSpd": "45",
			"section": "123601202",
			"seq": "71",
			"station": "123000177",
			"stationNm": "우창아파트",
			"stationNo": "24267",
			"transYn": "N",
			"fullSectDist": "805",
			"trnstnid": "121000135"
		},
		{
			"arsId": "24257",
			"beginTm": "06:22",
			"busRouteAbrv": "3414",
			"busRouteId": "100100226",
			"busRouteNm": "3414",
			"direction": "오금동",
			"gpsX": "127.1374117762",
			"gpsY": "37.5038625052",
			"lastTm": "00:49",
			"posX": "212148.51461211222",
			"posY": "444947.58029097924",
			"routeType": "4",
			"sectSpd": "59",
			"section": "123601647",
			"seq": "72",
			"station": "123000167",
			"stationNm": "송파참병원",
			"stationNo": "24257",
			"transYn": "N",
			"fullSectDist": "557",
			"trnstnid": "121000135"
		},
		{
			"arsId": "24281",
			"beginTm": "06:23",
			"busRouteAbrv": "3414",
			"busRouteId": "100100226",
			"busRouteNm": "3414",
			"direction": "오금동",
			"gpsX": "127.1350449386",
			"gpsY": "37.5053573702",
			"lastTm": "00:51",
			"posX": "211939.02538006674",
			"posY": "445113.17052443",
			"routeType": "4",
			"sectSpd": "51",
			"section": "123604729",
			"seq": "73",
			"station": "123000640",
			"stationNm": "인애가요양병원",
			"stationNo": "24281",
			"transYn": "N",
			"fullSectDist": "339",
			"trnstnid": "121000135"
		},
		{
			"arsId": "24260",
			"beginTm": "06:24",
			"busRouteAbrv": "3414",
			"busRouteId": "100100226",
			"busRouteNm": "3414",
			"direction": "오금동",
			"gpsX": "127.1354499522",
			"gpsY": "37.5061531582",
			"lastTm": "00:52",
			"posX": "211974.70464299934",
			"posY": "445201.53483571997",
			"routeType": "4",
			"sectSpd": "16",
			"section": "123604151",
			"seq": "74",
			"station": "123000170",
			"stationNm": "송파레미니스후문",
			"stationNo": "24260",
			"transYn": "N",
			"fullSectDist": "144",
			"trnstnid": "121000135"
		}
	]
}