{
	"count": 29,
	"result": [
		{
			"arsId": "08372",
			"beginTm": "05:00",
			"busRouteAbrv": "1164",
			"busRouteId": "100100171",
			"busRouteNm": "1164",
			"direction": "길음전철역",
			"gpsX": "127.011423",
			"gpsY": "37.61546",
			"lastTm": "23:52",
			"posX": "201008.3969725094",
			"posY": "457323.4474968002",
			"routeType": "4",
			"sectSpd": "0",
			"section": "0",
			"seq": "1",
			"station": "107000274",
			"stationNm": "서경대본관",
			"stationNo": "08372",
			"transYn": "N",
			"fullSectDist": "0",
			"trnstnid": "107000502"
		},
		{
			"arsId": "08800",
			"beginTm": "05:00",
			"busRouteAbrv": "1164",
			"busRouteId": "100100171",
			"busRouteNm": "1164",
			"direction": "길음전철역",
			"gpsX": "127.0130512405",
			"gpsY": "37.6129632328",
			"lastTm": "23:40",
			"posX": "201152.1729376014",
			"posY": "457046.3817342315",
			"routeType": "4",
			"sectSpd": "23",
			"section": "107601118",
			"seq": "2",
			"station": "107000444",
			"stationNm": "서경대정문.대일외고",
			"stationNo": "08800",
			"transYn": "N",
			"fullSectDist": "327",
			"trnstnid": "107000502"
		},
		{
			"arsId": "08250",
			"beginTm": "05:00",
			"busRouteAbrv": "1164",
			"busRouteId": "100100171",
			"busRouteNm": "1164",
			"direction": "길음전철역",
			"gpsX": "127.013387398",
			"gpsY": "37.6115052388",
			"lastTm": "23:40",
			"posX": "201181.872238791",
			"posY": "456884.5817194558",
			"routeType": "4",
			"sectSpd": "16",
			"section": "107601119",
			"seq": "3",
			"station": "107000155",
			"stationNm": "서경로꿈마루도서관앞",
			"stationNo": "08250",
			"transYn": "N",
			"fullSectDist": "175",
			"trnstnid": "107000502"
		},
		{
			"arsId": "08251",
			"beginTm": "05:01",
			"busRouteAbrv": "1164",
			"busRouteId": "100100171",
			"busRouteNm": "1164",
			"direction": "길음전철역",
			"gpsX": "127.0143749082",
			"gpsY": "37.6104382371",
			"lastTm": "23:41",
			"posX": "201269.0701864018",
			"posY": "456766.18169939844",
			"routeType": "4",
			"sectSpd": "14",
			"section": "107601120",
			"seq": "4",
			"station": "107000156",
			"stationNm": "길원초등학교입구",
			"stationNo": "08251",
			"transYn": "N",
			"fullSectDist": "148",
			"trnstnid": "107000502"
		},
		{
			"arsId": "08253",
			"beginTm": "05:01",
			"busRouteAbrv": "1164",
			"busRouteId": "100100171",
			"busRouteNm": "1164",
			"direction": "길음전철역",
			"gpsX": "127.0153997267",
			"gpsY": "37.6091693789",
			"lastTm": "23:41",
			"posX": "201359.56806140923",
			"posY": "456625.38168502087",
			"routeType": "4",
			"sectSpd": "22",
			"section": "107603284",
			"seq": "5",
			"station": "107000158",
			"stationNm": "길음뉴타운11단지롯데캐슬",
			"stationNo": "08253",
			"transYn": "N",
			"fullSectDist": "170",
			"trnstnid": "107000502"
		},
		{
			"arsId": "08381",
			"beginTm": "05:02",
			"busRouteAbrv": "1164",
			"busRouteId": "100100171",
			"busRouteNm": "1164",
			"direction": "길음전철역",
			"gpsX": "127.0157040433",
			"gpsY": "37.6074068143",
			"lastTm": "23:42",
			"posX": "201386.46743399807",
			"posY": "456429.7816583356",
			"routeType": "4",
			"sectSpd": "14",
			"section": "107601122",
			"seq": "6",
			"station": "107000280",
			"stationNm": "길음뉴타운8단지",
			"stationNo": "08381",
			"transYn": "N",
			"fullSectDist": "208",
			"trnstnid": "107000502"
		},
		{
			"arsId": "08255",
			"beginTm": "05:03",
			"busRouteAbrv": "1164",
			"busRouteId": "100100171",
			"busRouteNm": "1164",
			"direction": "길음전철역",
			"gpsX": "127.0149528803",
			"gpsY": "37.606292268",
			"lastTm": "23:42",
			"posX": "201320.16898652568",
			"posY": "456306.08163824724",
			"routeType": "4",
			"sectSpd": "9",
			"section": "107601123",
			"seq": "7",
			"station": "107000160",
			"stationNm": "정릉동아.길음뉴타운데시앙아파트",
			"stationNo": "08255",
			"transYn": "N",
			"fullSectDist": "142",
			"trnstnid": "107000502"
		},
		{
			"arsId": "08257",
			"beginTm": "05:03",
			"busRouteAbrv": "1164",
			"busRouteId": "100100171",
			"busRouteNm": "1164",
			"direction": "길음전철역",
			"gpsX": "127.0145783295",
			"gpsY": "37.6038076998",
			"lastTm": "23:43",
			"posX": "201287.14322920583",
			"posY": "456030.3461773116",
			"routeType": "4",
			"sectSpd": "11",
			"section": "107601124",
			"seq": "8",
			"station": "107000162",
			"stationNm": "숭덕초교",
			"stationNo": "08257",
			"transYn": "N",
			"fullSectDist": "243",
			"trnstnid": "107000502"
		},
		{
			"arsId": "08119",
			"beginTm": "05:04",
			"busRouteAbrv": "1164",
			"busRouteId": "100100171",
			"busRouteNm": "1164",
			"direction": "길음전철역",
			"gpsX": "127.0146827395",
			"gpsY": "37.6033583637",
			"lastTm": "23:44",
			"posX": "201296.36954713098",
			"posY": "455980.48159305286",
			"routeType": "4",
			"sectSpd": "16",
			"section": "107603395",
			"seq": "9",
			"station": "107000029",
			"stationNm": "숭덕초교",
			"stationNo": "08119",
			"transYn": "N",
			"fullSectDist": "392",
			"trnstnid": "107000502"
		},
		{
			"arsId": "08121",
			"beginTm": "05:05",
			"busRouteAbrv": "1164",
			"busRouteId": "100100171",
			"busRouteNm": "1164",
			"direction": "길음전철역",
			"gpsX": "127.0190949626",
			"gpsY": "37.602183616",
			"lastTm": "23:45",
			"posX": "201685.96039835745",
			"posY": "455850.1815770329",
			"routeType": "4",
			"sectSpd": "18",
			"section": "107600415",
			"seq": "10",
			"station": "107000031",
			"stationNm": "정릉길음시장",
			"stationNo": "08121",
			"transYn": "N",
			"fullSectDist": "413",
			"trnstnid": "107000502"
		},
		{
			"arsId": "08245",
			"beginTm": "05:07",
			"busRouteAbrv": "1164",
			"busRouteId": "100100171",
			"busRouteNm": "1164",
			"direction": "길음전철역",
			"gpsX": "127.023597",
			"gpsY": "37.603094",
			"lastTm": "23:47",
			"posX": "202083.43549212892",
			"posY": "455951.3037071973",
			"routeType": "4",
			"sectSpd": "73",
			"section": "107603599",
			"seq": "11",
			"station": "107000150",
			"stationNm": "길음시장",
			"stationNo": "08245",
			"transYn": "N",
			"fullSectDist": "671",
			"trnstnid": "107000502"
		},
		{
			"arsId": "08247",
			"beginTm": "05:08",
			"busRouteAbrv": "1164",
			"busRouteId": "100100171",
			"busRouteNm": "1164",
			"direction": "길음전철역",
			"gpsX": "127.026217435",
			"gpsY": "37.6048476637",
			"lastTm": "23:48",
			"posX": "202314.74562009395",
			"posY": "456145.98161936505",
			"routeType": "4",
			"sectSpd": "66",
			"section": "107600817",
			"seq": "12",
			"station": "107000152",
			"stationNm": "길음역",
			"stationNo": "08247",
			"transYn": "N",
			"fullSectDist": "309",
			"trnstnid": "107000502"
		},
		{
			"arsId": "08327",
			"beginTm": "05:10",
			"busRouteAbrv": "1164",
			"busRouteId": "100100171",
			"busRouteNm": "1164",
			"direction": "길음전철역",
			"gpsX": "127.0293808251",
			"gpsY": "37.6078214049",
			"lastTm": "23:50",
			"posX": "202593.9390654975",
			"posY": "456476.08166860044",
			"routeType": "4",
			"sectSpd": "72",
			"section": "107603481",
			"seq": "13",
			"station": "107000231",
			"stationNm": "성북우체국현대백화점",
			"stationNo": "08327",
			"transYn": "N",
			"fullSectDist": "438",
			"trnstnid": "107000502"
		},
		{
			"arsId": "08101",
			"beginTm": "05:11",
			"busRouteAbrv": "1164",
			"busRouteId": "100100171",
			"busRouteNm": "1164",
			"direction": "길음전철역",
			"gpsX": "127.03204",
			"gpsY": "37.609848",
			"lastTm": "23:51",
			"posX": "202828.6323635704",
			"posY": "456701.0643299115",
			"routeType": "4",
			"sectSpd": "47",
			"section": "108602388",
			"seq": "14",
			"station": "107000011",
			"stationNm": "숭곡초교입구",
			"stationNo": "08101",
			"transYn": "N",
			"fullSectDist": "360",
			"trnstnid": "107000502"
		},
		{
			"arsId": "08401",
			"beginTm": "05:14",
			"busRouteAbrv": "1164",
			"busRouteId": "100100171",
			"busRouteNm": "1164",
			"direction": "길음전철역",
			"gpsX": "127.0328337687",
			"gpsY": "37.609277551",
			"lastTm": "23:53",
			"posX": "202898.73190397528",
			"posY": "456637.78169536125",
			"routeType": "4",
			"sectSpd": "44",
			"section": "107603651",
			"seq": "15",
			"station": "107000501",
			"stationNm": "숭곡초교후문",
			"stationNo": "08401",
			"transYn": "N",
			"fullSectDist": "211",
			"trnstnid": "107000502"
		},
		{
			"arsId": "08402",
			"beginTm": "05:15",
			"busRouteAbrv": "1164",
			"busRouteId": "100100171",
			"busRouteNm": "1164",
			"direction": "길음전철역",
			"gpsX": "127.0345110882",
			"gpsY": "37.6064773977",
			"lastTm": "23:55",
			"posX": "203046.9284227916",
			"posY": "456327.0816542427",
			"routeType": "4",
			"sectSpd": "19",
			"section": "107601132",
			"seq": "16",
			"station": "107000502",
			"stationNm": "월곡아남아파트",
			"stationNo": "08402",
			"transYn": "Y",
			"fullSectDist": "345",
			"trnstnid": "107000502"
		},
		{
			"arsId": "08403",
			"beginTm": "05:16",
			"busRouteAbrv": "1164",
			"busRouteId": "100100171",
			"busRouteNm": "1164",
			"direction": "서경대",
			"gpsX": "127.0360244691",
			"gpsY": "37.6045305985",
			"lastTm": "23:56",
			"posX": "203180.625285304",
			"posY": "456111.0816193279",
			"routeType": "4",
			"sectSpd": "19",
			"section": "107601133",
			"seq": "17",
			"station": "107000500",
			"stationNm": "월곡동신아파트",
			"stationNo": "08403",
			"transYn": "N",
			"fullSectDist": "254",
			"trnstnid": "107000502"
		},
		{
			"arsId": "08129",
			"beginTm": "05:16",
			"busRouteAbrv": "1164",
			"busRouteId": "100100171",
			"busRouteNm": "1164",
			"direction": "서경대",
			"gpsX": "127.035189",
			"gpsY": "37.60294674",
			"lastTm": "23:56",
			"posX": "203106.92701224732",
			"posY": "455935.2816001442",
			"routeType": "4",
			"sectSpd": "11",
			"section": "107603519",
			"seq": "18",
			"station": "107000039",
			"stationNm": "KT월곡지사",
			"stationNo": "08129",
			"transYn": "N",
			"fullSectDist": "550",
			"trnstnid": "107000502"
		},
		{
			"arsId": "08126",
			"beginTm": "05:18",
			"busRouteAbrv": "1164",
			"busRouteId": "100100171",
			"busRouteNm": "1164",
			"direction": "서경대",
			"gpsX": "127.026672639",
			"gpsY": "37.6045637194",
			"lastTm": "23:58",
			"posX": "202354.9446773848",
			"posY": "456114.4816150302",
			"routeType": "4",
			"sectSpd": "25",
			"section": "107603426",
			"seq": "19",
			"station": "107000036",
			"stationNm": "돈암1동주민센터",
			"stationNo": "08126",
			"transYn": "N",
			"fullSectDist": "799",
			"trnstnid": "107000502"
		},
		{
			"arsId": "08336",
			"beginTm": "05:22",
			"busRouteAbrv": "1164",
			"busRouteId": "100100171",
			"busRouteNm": "1164",
			"direction": "서경대",
			"gpsX": "127.0241326098",
			"gpsY": "37.6022163751",
			"lastTm": "00:00",
			"posX": "202130.75079321946",
			"posY": "455853.9194673579",
			"routeType": "4",
			"sectSpd": "38",
			"section": "107603602",
			"seq": "20",
			"station": "107000239",
			"stationNm": "길음역",
			"stationNo": "08336",
			"transYn": "N",
			"fullSectDist": "374",
			"trnstnid": "107000502"
		},
		{
			"arsId": "08400",
			"beginTm": "05:21",
			"busRouteAbrv": "1164",
			"busRouteId": "100100171",
			"busRouteNm": "1164",
			"direction": "서경대",
			"gpsX": "127.0181336142",
			"gpsY": "37.6029875372",
			"lastTm": "00:00",
			"posX": "201601.06238734387",
			"posY": "455939.38158546155",
			"routeType": "4",
			"sectSpd": "19",
			"section": "107603428",
			"seq": "21",
			"station": "107000497",
			"stationNm": "길음뉴타운10단지.라온유아파트",
			"stationNo": "08400",
			"transYn": "N",
			"fullSectDist": "585",
			"trnstnid": "107000502"
		},
		{
			"arsId": "08120",
			"beginTm": "05:22",
			"busRouteAbrv": "1164",
			"busRouteId": "100100171",
			"busRouteNm": "1164",
			"direction": "서경대",
			"gpsX": "127.0151143204",
			"gpsY": "37.603698019",
			"lastTm": "00:02",
			"posX": "201334.4686532729",
			"posY": "456018.18160147686",
			"routeType": "4",
			"sectSpd": "14",
			"section": "107600607",
			"seq": "22",
			"station": "107000030",
			"stationNm": "숭덕초교",
			"stationNo": "08120",
			"transYn": "N",
			"fullSectDist": "285",
			"trnstnid": "107000502"
		},
		{
			"arsId": "08256",
			"beginTm": "05:23",
			"busRouteAbrv": "1164",
			"busRouteId": "100100171",
			"busRouteNm": "1164",
			"direction": "서경대",
			"gpsX": "127.015123",
			"gpsY": "37.60641",
			"lastTm": "00:03",
			"posX": "201335.18651361717",
			"posY": "456319.14960677177",
			"routeType": "4",
			"sectSpd": "14",
			"section": "107603278",
			"seq": "23",
			"station": "107000161",
			"stationNm": "길음뉴타운데시앙.정릉동아아파트",
			"stationNo": "08256",
			"transYn": "N",
			"fullSectDist": "361",
			"trnstnid": "107000502"
		},
		{
			"arsId": "08380",
			"beginTm": "05:25",
			"busRouteAbrv": "1164",
			"busRouteId": "100100171",
			"busRouteNm": "1164",
			"direction": "서경대",
			"gpsX": "127.015877",
			"gpsY": "37.60757",
			"lastTm": "00:04",
			"posX": "201401.7342500177",
			"posY": "456447.8941154205",
			"routeType": "4",
			"sectSpd": "13",
			"section": "107601142",
			"seq": "24",
			"station": "107000281",
			"stationNm": "길음뉴타운8단지",
			"stationNo": "08380",
			"transYn": "N",
			"fullSectDist": "145",
			"trnstnid": "107000502"
		},
		{
			"arsId": "08254",
			"beginTm": "05:25",
			"busRouteAbrv": "1164",
			"busRouteId": "100100171",
			"busRouteNm": "1164",
			"direction": "서경대",
			"gpsX": "127.015477",
			"gpsY": "37.608783",
			"lastTm": "00:04",
			"posX": "201366.3972194863",
			"posY": "456582.50355493324",
			"routeType": "4",
			"sectSpd": "12",
			"section": "107601143",
			"seq": "25",
			"station": "107000159",
			"stationNm": "길음뉴타운11단지롯데캐슬",
			"stationNo": "08254",
			"transYn": "N",
			"fullSectDist": "146",
			"trnstnid": "107000502"
		},
		{
			"arsId": "08252",
			"beginTm": "05:26",
			"busRouteAbrv": "1164",
			"busRouteId": "100100171",
			"busRouteNm": "1164",
			"direction": "서경대",
			"gpsX": "127.014672",
			"gpsY": "37.610337",
			"lastTm": "00:05",
			"posX": "201295.30030786648",
			"posY": "456754.95074338885",
			"routeType": "4",
			"sectSpd": "12",
			"section": "107603280",
			"seq": "26",
			"station": "107000157",
			"stationNm": "길원초등학교입구",
			"stationNo": "08252",
			"transYn": "N",
			"fullSectDist": "197",
			"trnstnid": "107000502"
		},
		{
			"arsId": "08382",
			"beginTm": "05:26",
			"busRouteAbrv": "1164",
			"busRouteId": "100100171",
			"busRouteNm": "1164",
			"direction": "서경대",
			"gpsX": "127.013476",
			"gpsY": "37.611633",
			"lastTm": "00:05",
			"posX": "201189.69220479744",
			"posY": "456898.76142614195",
			"routeType": "4",
			"sectSpd": "20",
			"section": "107601145",
			"seq": "27",
			"station": "107000282",
			"stationNm": "서경로꿈마루도서관앞",
			"stationNo": "08382",
			"transYn": "N",
			"fullSectDist": "179",
			"trnstnid": "107000502"
		},
		{
			"arsId": "08371",
			"beginTm": "05:27",
			"busRouteAbrv": "1164",
			"busRouteId": "100100171",
			"busRouteNm": "1164",
			"direction": "서경대",
			"gpsX": "127.013145",
			"gpsY": "37.612945",
			"lastTm": "00:06",
			"posX": "201160.45037734648",
			"posY": "457044.3594624754",
			"routeType": "4",
			"sectSpd": "13",
			"section": "107601146",
			"seq": "28",
			"station": "107000273",
			"stationNm": "대일외고서경대정문",
			"stationNo": "08371",
			"transYn": "N",
			"fullSectDist": "154",
			"trnstnid": "107000502"
		},
		{
			"arsId": "08373",
			"beginTm": "05:27",
			"busRouteAbrv": "1164",
			"busRouteId": "100100171",
			"busRouteNm": "1164",
			"direction": "서경대",
			"gpsX": "127.011687",
			"gpsY": "37.615626",
			"lastTm": "00:07",
			"posX": "201031.7000104043",
			"posY": "457341.8726026127",
			"routeType": "4",
			"sectSpd": "17",
			"section": "107601147",
			"seq": "29",
			"station": "107000275",
			"stationNm": "서경대본관",
			"stationNo": "08373",
			"transYn": "N",
			"fullSectDist": "354",
			"trnstnid": "107000502"
		}
	]
}