{
	"count": 106,
	"result": [
		{
			"arsId": "49089",
			"beginTm": "04:00",
			"busRouteAbrv": "303",
			"busRouteId": "100100053",
			"busRouteNm": "303",
			"direction": "신설동역",
			"gpsX": "127.1791506668",
			"gpsY": "37.4356066862",
			"lastTm": ":",
			"posX": "215853.0428013781",
			"posY": "437379.1151931919",
			"routeType": "3",
			"sectSpd": "0",
			"section": "0",
			"seq": "1",
			"station": "205000233",
			"stationNm": "상대원차고지",
			"stationNo": "49089",
			"transYn": "N",
			"fullSectDist": "0",
			"trnstnid": "105000008"
		},
		{
			"arsId": "49062",
			"beginTm": "04:00",
			"busRouteAbrv": "303",
			"busRouteId": "100100053",
			"busRouteNm": "303",
			"direction": "신설동역",
			"gpsX": "127.1788491927",
			"gpsY": "37.4346262533",
			"lastTm": "22:20",
			"posX": "215826.57178724636",
			"posY": "437270.26188655477",
			"routeType": "3",
			"sectSpd": "18",
			"section": "205600125",
			"seq": "2",
			"station": "205000134",
			"stationNm": "보통골동양공업사",
			"stationNo": "49062",
			"transYn": "N",
			"fullSectDist": "121",
			"trnstnid": "105000008"
		},
		{
			"arsId": "49059",
			"beginTm": "04:00",
			"busRouteAbrv": "303",
			"busRouteId": "100100053",
			"busRouteNm": "303",
			"direction": "신설동역",
			"gpsX": "127.1763754637",
			"gpsY": "37.4344596381",
			"lastTm": "22:20",
			"posX": "215607.70306402128",
			"posY": "437251.35943778185",
			"routeType": "3",
			"sectSpd": "17",
			"section": "205900228",
			"seq": "3",
			"station": "205000133",
			"stationNm": "스타타워.동방렌탈",
			"stationNo": "49059",
			"transYn": "N",
			"fullSectDist": "322",
			"trnstnid": "105000008"
		},
		{
			"arsId": "49063",
			"beginTm": "04:01",
			"busRouteAbrv": "303",
			"busRouteId": "100100053",
			"busRouteNm": "303",
			"direction": "신설동역",
			"gpsX": "127.1732976903",
			"gpsY": "37.434388437",
			"lastTm": "22:21",
			"posX": "215335.36104426364",
			"posY": "437242.9527804977",
			"routeType": "3",
			"sectSpd": "9",
			"section": "205900229",
			"seq": "4",
			"station": "205000132",
			"stationNm": "공단오거리.공단주유소",
			"stationNo": "49063",
			"transYn": "N",
			"fullSectDist": "338",
			"trnstnid": "105000008"
		},
		{
			"arsId": "49066",
			"beginTm": "04:03",
			"busRouteAbrv": "303",
			"busRouteId": "100100053",
			"busRouteNm": "303",
			"direction": "신설동역",
			"gpsX": "127.171438923",
			"gpsY": "37.4337101424",
			"lastTm": "22:23",
			"posX": "215171.012840104",
			"posY": "437167.3788909111",
			"routeType": "3",
			"sectSpd": "21",
			"section": "205900230",
			"seq": "5",
			"station": "205000131",
			"stationNm": "고려당사거리",
			"stationNo": "49066",
			"transYn": "N",
			"fullSectDist": "181",
			"trnstnid": "105000008"
		},
		{
			"arsId": "49068",
			"beginTm": "04:03",
			"busRouteAbrv": "303",
			"busRouteId": "100100053",
			"busRouteNm": "303",
			"direction": "신설동역",
			"gpsX": "127.1685364118",
			"gpsY": "37.432629095",
			"lastTm": "22:24",
			"posX": "214914.37745360823",
			"posY": "437046.9475030843",
			"routeType": "3",
			"sectSpd": "25",
			"section": "205900231",
			"seq": "6",
			"station": "205000130",
			"stationNm": "공단본부.샤니",
			"stationNo": "49068",
			"transYn": "N",
			"fullSectDist": "283",
			"trnstnid": "105000008"
		},
		{
			"arsId": "49069",
			"beginTm": "04:04",
			"busRouteAbrv": "303",
			"busRouteId": "100100053",
			"busRouteNm": "303",
			"direction": "신설동역",
			"gpsX": "127.1649684355",
			"gpsY": "37.4329679638",
			"lastTm": "22:24",
			"posX": "214598.5686849385",
			"posY": "437083.9945821343",
			"routeType": "3",
			"sectSpd": "7",
			"section": "205900232",
			"seq": "7",
			"station": "205000129",
			"stationNm": "상대원1동행정복지센터",
			"stationNo": "49069",
			"transYn": "N",
			"fullSectDist": "340",
			"trnstnid": "105000008"
		},
		{
			"arsId": "49052",
			"beginTm": "04:04",
			"busRouteAbrv": "303",
			"busRouteId": "100100053",
			"busRouteNm": "303",
			"direction": "신설동역",
			"gpsX": "127.1607299589",
			"gpsY": "37.4334688826",
			"lastTm": "22:27",
			"posX": "214223.3976880922",
			"posY": "437138.9355668244",
			"routeType": "3",
			"sectSpd": "17",
			"section": "205900233",
			"seq": "8",
			"station": "205000128",
			"stationNm": "대원터널앞사거리",
			"stationNo": "49052",
			"transYn": "N",
			"fullSectDist": "381",
			"trnstnid": "105000008"
		},
		{
			"arsId": "49073",
			"beginTm": "04:05",
			"busRouteAbrv": "303",
			"busRouteId": "100100053",
			"busRouteNm": "303",
			"direction": "신설동역",
			"gpsX": "127.1582711826",
			"gpsY": "37.4356888855",
			"lastTm": "22:28",
			"posX": "214005.4005717301",
			"posY": "437384.9300905266",
			"routeType": "3",
			"sectSpd": "13",
			"section": "205900234",
			"seq": "9",
			"station": "205000127",
			"stationNm": "상대원시장",
			"stationNo": "49073",
			"transYn": "N",
			"fullSectDist": "377",
			"trnstnid": "105000008"
		},
		{
			"arsId": "49020",
			"beginTm": "04:06",
			"busRouteAbrv": "303",
			"busRouteId": "100100053",
			"busRouteNm": "303",
			"direction": "신설동역",
			"gpsX": "127.1598628541",
			"gpsY": "37.4402553613",
			"lastTm": "22:29",
			"posX": "214145.3879627511",
			"posY": "437891.9283719412",
			"routeType": "3",
			"sectSpd": "15",
			"section": "205600039",
			"seq": "10",
			"station": "205000126",
			"stationNm": "상대원고개",
			"stationNo": "49020",
			"transYn": "N",
			"fullSectDist": "551",
			"trnstnid": "105000008"
		},
		{
			"arsId": "48005",
			"beginTm": "04:08",
			"busRouteAbrv": "303",
			"busRouteId": "100100053",
			"busRouteNm": "303",
			"direction": "신설동역",
			"gpsX": "127.1553601249",
			"gpsY": "37.4444232285",
			"lastTm": "22:31",
			"posX": "213746.20336818954",
			"posY": "438353.78774599545",
			"routeType": "3",
			"sectSpd": "7",
			"section": "205600040",
			"seq": "11",
			"station": "204000006",
			"stationNm": "단대오거리역.세이브존",
			"stationNo": "48005",
			"transYn": "N",
			"fullSectDist": "795",
			"trnstnid": "105000008"
		},
		{
			"arsId": "48016",
			"beginTm": "04:11",
			"busRouteAbrv": "303",
			"busRouteId": "100100053",
			"busRouteNm": "303",
			"direction": "신설동역",
			"gpsX": "127.150506914",
			"gpsY": "37.4421338847",
			"lastTm": "22:35",
			"posX": "213317.19864725822",
			"posY": "438099.03278773",
			"routeType": "3",
			"sectSpd": "9",
			"section": "204900236",
			"seq": "12",
			"station": "204000005",
			"stationNm": "성남우체국",
			"stationNo": "48016",
			"transYn": "N",
			"fullSectDist": "502",
			"trnstnid": "105000008"
		},
		{
			"arsId": "48017",
			"beginTm": "04:13",
			"busRouteAbrv": "303",
			"busRouteId": "100100053",
			"busRouteNm": "303",
			"direction": "신설동역",
			"gpsX": "127.1462498402",
			"gpsY": "37.4406584427",
			"lastTm": "22:38",
			"posX": "212940.77682089346",
			"posY": "437934.70380691066",
			"routeType": "3",
			"sectSpd": "25",
			"section": "204600395",
			"seq": "13",
			"station": "204000268",
			"stationNm": "신흥역.종합시장",
			"stationNo": "48017",
			"transYn": "N",
			"fullSectDist": "434",
			"trnstnid": "105000008"
		},
		{
			"arsId": "48028",
			"beginTm": "04:14",
			"busRouteAbrv": "303",
			"busRouteId": "100100053",
			"busRouteNm": "303",
			"direction": "신설동역",
			"gpsX": "127.1400981764",
			"gpsY": "37.4434652579",
			"lastTm": "22:39",
			"posX": "212395.98940641969",
			"posY": "438245.3608526024",
			"routeType": "3",
			"sectSpd": "11",
			"section": "204600401",
			"seq": "14",
			"station": "204000119",
			"stationNm": "성남시의료원.신흥1동행정복지센",
			"stationNo": "48028",
			"transYn": "N",
			"fullSectDist": "945",
			"trnstnid": "105000008"
		},
		{
			"arsId": "48656",
			"beginTm": "04:16",
			"busRouteAbrv": "303",
			"busRouteId": "100100053",
			"busRouteNm": "303",
			"direction": "신설동역",
			"gpsX": "127.1374259758",
			"gpsY": "37.4426804732",
			"lastTm": "22:44",
			"posX": "212159.678019428",
			"posY": "438157.9218762405",
			"routeType": "3",
			"sectSpd": "8",
			"section": "204600376",
			"seq": "15",
			"station": "204000096",
			"stationNm": "성남시여성비전센터.성남수정새 ",
			"stationNo": "48656",
			"transYn": "N",
			"fullSectDist": "251",
			"trnstnid": "105000008"
		},
		{
			"arsId": "48031",
			"beginTm": "04:18",
			"busRouteAbrv": "303",
			"busRouteId": "100100053",
			"busRouteNm": "303",
			"direction": "신설동역",
			"gpsX": "127.134083099",
			"gpsY": "37.4416966602",
			"lastTm": "22:46",
			"posX": "211864.04993352565",
			"posY": "438048.3179838862",
			"routeType": "3",
			"sectSpd": "14",
			"section": "204600377",
			"seq": "16",
			"station": "204000100",
			"stationNm": "중앙시장",
			"stationNo": "48031",
			"transYn": "N",
			"fullSectDist": "315",
			"trnstnid": "105000008"
		},
		{
			"arsId": "48024",
			"beginTm": "04:19",
			"busRouteAbrv": "303",
			"busRouteId": "100100053",
			"busRouteNm": "303",
			"direction": "신설동역",
			"gpsX": "127.1298270877",
			"gpsY": "37.4404329956",
			"lastTm": "22:47",
			"posX": "211487.6590876456",
			"posY": "437907.5566306552",
			"routeType": "3",
			"sectSpd": "8",
			"section": "204900201",
			"seq": "17",
			"station": "204000099",
			"stationNm": "통계청.태평역",
			"stationNo": "48024",
			"transYn": "N",
			"fullSectDist": "402",
			"trnstnid": "105000008"
		},
		{
			"arsId": "48021",
			"beginTm": "04:22",
			"busRouteAbrv": "303",
			"busRouteId": "100100053",
			"busRouteNm": "303",
			"direction": "신설동역",
			"gpsX": "127.1276944925",
			"gpsY": "37.4417956117",
			"lastTm": "22:48",
			"posX": "211298.75291996173",
			"posY": "438058.51395688625",
			"routeType": "3",
			"sectSpd": "12",
			"section": "204900303",
			"seq": "18",
			"station": "204000019",
			"stationNm": "성남수정경찰서",
			"stationNo": "48021",
			"transYn": "N",
			"fullSectDist": "426",
			"trnstnid": "105000008"
		},
		{
			"arsId": "48023",
			"beginTm": "04:23",
			"busRouteAbrv": "303",
			"busRouteId": "100100053",
			"busRouteNm": "303",
			"direction": "신설동역",
			"gpsX": "127.1272441296",
			"gpsY": "37.4446829295",
			"lastTm": "22:49",
			"posX": "211258.4709385998",
			"posY": "438378.8777465136",
			"routeType": "3",
			"sectSpd": "12",
			"section": "204900288",
			"seq": "19",
			"station": "204000022",
			"stationNm": "수진리고개.태평고개",
			"stationNo": "48023",
			"transYn": "N",
			"fullSectDist": "343",
			"trnstnid": "105000008"
		},
		{
			"arsId": "48019",
			"beginTm": "04:25",
			"busRouteAbrv": "303",
			"busRouteId": "100100053",
			"busRouteNm": "303",
			"direction": "신설동역",
			"gpsX": "127.1269787346",
			"gpsY": "37.4488954081",
			"lastTm": "22:51",
			"posX": "211234.35902601955",
			"posY": "438846.32265633903",
			"routeType": "3",
			"sectSpd": "24",
			"section": "204900272",
			"seq": "20",
			"station": "204000021",
			"stationNm": "가천대역.가천대학교",
			"stationNo": "48019",
			"transYn": "N",
			"fullSectDist": "491",
			"trnstnid": "105000008"
		},
		{
			"arsId": "48067",
			"beginTm": "04:26",
			"busRouteAbrv": "303",
			"busRouteId": "100100053",
			"busRouteNm": "303",
			"direction": "신설동역",
			"gpsX": "127.126873403",
			"gpsY": "37.453289333",
			"lastTm": "22:52",
			"posX": "211224.38328545346",
			"posY": "439333.9229049934",
			"routeType": "3",
			"sectSpd": "14",
			"section": "204900273",
			"seq": "21",
			"station": "204000020",
			"stationNm": "복우물.웃말입구",
			"stationNo": "48067",
			"transYn": "N",
			"fullSectDist": "475",
			"trnstnid": "105000008"
		},
		{
			"arsId": "05205",
			"beginTm": "04:27",
			"busRouteAbrv": "303",
			"busRouteId": "100100053",
			"busRouteNm": "303",
			"direction": "신설동역",
			"gpsX": "127.1267269507",
			"gpsY": "37.4554685406",
			"lastTm": "22:53",
			"posX": "211211.1014758793",
			"posY": "439575.7416705149",
			"routeType": "3",
			"sectSpd": "16",
			"section": "204600438",
			"seq": "22",
			"station": "204000227",
			"stationNm": "복정파출소.복정캠퍼스맛집거리",
			"stationNo": "05205",
			"transYn": "N",
			"fullSectDist": "246",
			"trnstnid": "105000008"
		},
		{
			"arsId": "48065",
			"beginTm": "04:27",
			"busRouteAbrv": "303",
			"busRouteId": "100100053",
			"busRouteNm": "303",
			"direction": "신설동역",
			"gpsX": "127.1261383338",
			"gpsY": "37.458996938",
			"lastTm": "22:54",
			"posX": "211158.50424754736",
			"posY": "439967.2336745295",
			"routeType": "3",
			"sectSpd": "21",
			"section": "204600439",
			"seq": "23",
			"station": "204000116",
			"stationNm": "동서울대학교",
			"stationNo": "48065",
			"transYn": "N",
			"fullSectDist": "401",
			"trnstnid": "105000008"
		},
		{
			"arsId": "48070",
			"beginTm": "04:28",
			"busRouteAbrv": "303",
			"busRouteId": "100100053",
			"busRouteNm": "303",
			"direction": "신설동역",
			"gpsX": "127.1262653498",
			"gpsY": "37.4617596525",
			"lastTm": "22:55",
			"posX": "211169.32944988608",
			"posY": "440273.839552687",
			"routeType": "3",
			"sectSpd": "12",
			"section": "204900275",
			"seq": "24",
			"station": "204000115",
			"stationNm": "복정초등학교",
			"stationNo": "48070",
			"transYn": "N",
			"fullSectDist": "308",
			"trnstnid": "105000008"
		},
		{
			"arsId": "48058",
			"beginTm": "04:29",
			"busRouteAbrv": "303",
			"busRouteId": "100100053",
			"busRouteNm": "303",
			"direction": "신설동역",
			"gpsX": "127.1266706308",
			"gpsY": "37.4662135678",
			"lastTm": "22:55",
			"posX": "211204.51559982004",
			"posY": "440768.1589554306",
			"routeType": "3",
			"sectSpd": "19",
			"section": "204900276",
			"seq": "25",
			"station": "204000114",
			"stationNm": "복정동행정복지센터",
			"stationNo": "48058",
			"transYn": "N",
			"fullSectDist": "502",
			"trnstnid": "105000008"
		},
		{
			"arsId": "24420",
			"beginTm": "04:31",
			"busRouteAbrv": "303",
			"busRouteId": "100100053",
			"busRouteNm": "303",
			"direction": "신설동역",
			"gpsX": "127.1268694814",
			"gpsY": "37.4692838154",
			"lastTm": "22:56",
			"posX": "211221.64577048435",
			"posY": "441108.90220902534",
			"routeType": "3",
			"sectSpd": "14",
			"section": "204900277",
			"seq": "26",
			"station": "123000329",
			"stationNm": "복정역2번출구",
			"stationNo": "24420",
			"transYn": "N",
			"fullSectDist": "343",
			"trnstnid": "105000008"
		},
		{
			"arsId": "24305",
			"beginTm": "04:32",
			"busRouteAbrv": "303",
			"busRouteId": "100100053",
			"busRouteNm": "303",
			"direction": "신설동역",
			"gpsX": "127.1271368118",
			"gpsY": "37.4723236592",
			"lastTm": "22:57",
			"posX": "211244.83583990554",
			"posY": "441446.27979931375",
			"routeType": "3",
			"sectSpd": "14",
			"section": "123600576",
			"seq": "27",
			"station": "123000215",
			"stationNm": "복정역1번출구",
			"stationNo": "24305",
			"transYn": "N",
			"fullSectDist": "441",
			"trnstnid": "105000008"
		},
		{
			"arsId": "24015",
			"beginTm": "04:34",
			"busRouteAbrv": "303",
			"busRouteId": "100100053",
			"busRouteNm": "303",
			"direction": "신설동역",
			"gpsX": "127.1261237834",
			"gpsY": "37.4790433896",
			"lastTm": "22:57",
			"posX": "211154.23797407097",
			"posY": "442191.87989151524",
			"routeType": "3",
			"sectSpd": "21",
			"section": "123600302",
			"seq": "28",
			"station": "123000015",
			"stationNm": "장지역.가든파이브",
			"stationNo": "24015",
			"transYn": "N",
			"fullSectDist": "764",
			"trnstnid": "105000008"
		},
		{
			"arsId": "24013",
			"beginTm": "04:35",
			"busRouteAbrv": "303",
			"busRouteId": "100100053",
			"busRouteNm": "303",
			"direction": "신설동역",
			"gpsX": "127.124748",
			"gpsY": "37.482125",
			"lastTm": "23:01",
			"posX": "211032.11218584824",
			"posY": "442533.6991081587",
			"routeType": "3",
			"sectSpd": "32",
			"section": "123604575",
			"seq": "29",
			"station": "123000013",
			"stationNm": "문정법조단지.건영아파트",
			"stationNo": "24013",
			"transYn": "N",
			"fullSectDist": "364",
			"trnstnid": "105000008"
		},
		{
			"arsId": "24011",
			"beginTm": "04:37",
			"busRouteAbrv": "303",
			"busRouteId": "100100053",
			"busRouteNm": "303",
			"direction": "신설동역",
			"gpsX": "127.1213627915",
			"gpsY": "37.4883648963",
			"lastTm": "23:02",
			"posX": "210731.84789428875",
			"posY": "443225.7800251711",
			"routeType": "3",
			"sectSpd": "28",
			"section": "123603245",
			"seq": "30",
			"station": "123000011",
			"stationNm": "문정로데오거리입구",
			"stationNo": "24011",
			"transYn": "N",
			"fullSectDist": "762",
			"trnstnid": "105000008"
		},
		{
			"arsId": "24009",
			"beginTm": "04:39",
			"busRouteAbrv": "303",
			"busRouteId": "100100053",
			"busRouteNm": "303",
			"direction": "신설동역",
			"gpsX": "127.1171609467",
			"gpsY": "37.4943822012",
			"lastTm": "23:05",
			"posX": "210359.4566410088",
			"posY": "443893.0800969079",
			"routeType": "3",
			"sectSpd": "28",
			"section": "123604580",
			"seq": "31",
			"station": "123000009",
			"stationNm": "가락시장.가락시장역",
			"stationNo": "24009",
			"transYn": "N",
			"fullSectDist": "769",
			"trnstnid": "105000008"
		},
		{
			"arsId": "24007",
			"beginTm": "04:44",
			"busRouteAbrv": "303",
			"busRouteId": "100100053",
			"busRouteNm": "303",
			"direction": "신설동역",
			"gpsX": "127.1118384337",
			"gpsY": "37.5002084826",
			"lastTm": "23:10",
			"posX": "209888.06771326854",
			"posY": "444539.08017732855",
			"routeType": "3",
			"sectSpd": "42",
			"section": "123604584",
			"seq": "32",
			"station": "123000007",
			"stationNm": "송파역",
			"stationNo": "24007",
			"transYn": "N",
			"fullSectDist": "797",
			"trnstnid": "105000008"
		},
		{
			"arsId": "24005",
			"beginTm": "04:45",
			"busRouteAbrv": "303",
			"busRouteId": "100100053",
			"busRouteNm": "303",
			"direction": "신설동역",
			"gpsX": "127.1089442853",
			"gpsY": "37.5034082968",
			"lastTm": "23:11",
			"posX": "209631.77373569444",
			"posY": "444893.8802224621",
			"routeType": "3",
			"sectSpd": "32",
			"section": "123603249",
			"seq": "33",
			"station": "123000005",
			"stationNm": "석촌역",
			"stationNo": "24005",
			"transYn": "N",
			"fullSectDist": "439",
			"trnstnid": "105000008"
		},
		{
			"arsId": "24003",
			"beginTm": "04:46",
			"busRouteAbrv": "303",
			"busRouteId": "100100053",
			"busRouteNm": "303",
			"direction": "신설동역",
			"gpsX": "127.1058262006",
			"gpsY": "37.5068001738",
			"lastTm": "23:12",
			"posX": "209355.6802171274",
			"posY": "445269.98025746224",
			"routeType": "3",
			"sectSpd": "35",
			"section": "123604481",
			"seq": "34",
			"station": "123000003",
			"stationNm": "석촌호수.한솔병원",
			"stationNo": "24003",
			"transYn": "N",
			"fullSectDist": "469",
			"trnstnid": "105000008"
		},
		{
			"arsId": "24017",
			"beginTm": "04:49",
			"busRouteAbrv": "303",
			"busRouteId": "100100053",
			"busRouteNm": "303",
			"direction": "신설동역",
			"gpsX": "127.100831041",
			"gpsY": "37.512576995",
			"lastTm": "23:15",
			"posX": "208913.3906118144",
			"posY": "445910.58033647947",
			"routeType": "3",
			"sectSpd": "45",
			"section": "123601532",
			"seq": "35",
			"station": "123000579",
			"stationNm": "잠실역.롯데월드몰",
			"stationNo": "24017",
			"transYn": "N",
			"fullSectDist": "780",
			"trnstnid": "105000008"
		},
		{
			"arsId": "24001",
			"beginTm": "04:52",
			"busRouteAbrv": "303",
			"busRouteId": "100100053",
			"busRouteNm": "303",
			"direction": "신설동역",
			"gpsX": "127.0984435627",
			"gpsY": "37.5155364196",
			"lastTm": "23:18",
			"posX": "208701.9955808273",
			"posY": "446238.7803736441",
			"routeType": "3",
			"sectSpd": "41",
			"section": "123604485",
			"seq": "36",
			"station": "123000001",
			"stationNm": "잠실역.잠실대교.남단",
			"stationNo": "24001",
			"transYn": "N",
			"fullSectDist": "397",
			"trnstnid": "105000008"
		},
		{
			"arsId": "24479",
			"beginTm": "04:54",
			"busRouteAbrv": "303",
			"busRouteId": "100100053",
			"busRouteNm": "303",
			"direction": "신설동역",
			"gpsX": "127.0951336442",
			"gpsY": "37.5201071463",
			"lastTm": "23:21",
			"posX": "208408.89975129487",
			"posY": "446745.71822545864",
			"routeType": "3",
			"sectSpd": "66",
			"section": "123601536",
			"seq": "37",
			"station": "123000507",
			"stationNm": "잠실대교전망쉼터",
			"stationNo": "24479",
			"transYn": "N",
			"fullSectDist": "593",
			"trnstnid": "105000008"
		},
		{
			"arsId": "05194",
			"beginTm": "04:55",
			"busRouteAbrv": "303",
			"busRouteId": "100100053",
			"busRouteNm": "303",
			"direction": "신설동역",
			"gpsX": "127.0858514017",
			"gpsY": "37.5321201527",
			"lastTm": "23:22",
			"posX": "207587.22176509316",
			"posY": "448078.08060763543",
			"routeType": "3",
			"sectSpd": "20",
			"section": "104602055",
			"seq": "38",
			"station": "104000101",
			"stationNm": "자양동잠실대교북단",
			"stationNo": "05194",
			"transYn": "N",
			"fullSectDist": "1566",
			"trnstnid": "105000008"
		},
		{
			"arsId": "05192",
			"beginTm": "04:59",
			"busRouteAbrv": "303",
			"busRouteId": "100100053",
			"busRouteNm": "303",
			"direction": "신설동역",
			"gpsX": "127.0844077778",
			"gpsY": "37.5352822425",
			"lastTm": "23:25",
			"posX": "207459.32477025676",
			"posY": "448428.8806499122",
			"routeType": "3",
			"sectSpd": "32",
			"section": "104601609",
			"seq": "39",
			"station": "104000291",
			"stationNm": "동서울우편집중국앞",
			"stationNo": "05192",
			"transYn": "N",
			"fullSectDist": "383",
			"trnstnid": "105000008"
		},
		{
			"arsId": "05148",
			"beginTm": "05:00",
			"busRouteAbrv": "303",
			"busRouteId": "100100053",
			"busRouteNm": "303",
			"direction": "신설동역",
			"gpsX": "127.0835191184",
			"gpsY": "37.538986382",
			"lastTm": "23:26",
			"posX": "207380.4266274221",
			"posY": "448839.8807067061",
			"routeType": "3",
			"sectSpd": "23",
			"section": "104601907",
			"seq": "40",
			"station": "104000055",
			"stationNm": "광진구청",
			"stationNo": "05148",
			"transYn": "N",
			"fullSectDist": "431",
			"trnstnid": "105000008"
		},
		{
			"arsId": "05146",
			"beginTm": "05:01",
			"busRouteAbrv": "303",
			"busRouteId": "100100053",
			"busRouteNm": "303",
			"direction": "신설동역",
			"gpsX": "127.0846474366",
			"gpsY": "37.5430873683",
			"lastTm": "23:30",
			"posX": "207479.72428895257",
			"posY": "449295.0807647221",
			"routeType": "3",
			"sectSpd": "15",
			"section": "104600278",
			"seq": "41",
			"station": "104000053",
			"stationNm": "광진경찰서",
			"stationNo": "05146",
			"transYn": "N",
			"fullSectDist": "479",
			"trnstnid": "105000008"
		},
		{
			"arsId": "05154",
			"beginTm": "05:03",
			"busRouteAbrv": "303",
			"busRouteId": "100100053",
			"busRouteNm": "303",
			"direction": "신설동역",
			"gpsX": "127.0863480831",
			"gpsY": "37.5458173579",
			"lastTm": "23:31",
			"posX": "207629.72076654798",
			"posY": "449598.1808115309",
			"routeType": "3",
			"sectSpd": "35",
			"section": "104600548",
			"seq": "42",
			"station": "104000061",
			"stationNm": "구의사거리",
			"stationNo": "05154",
			"transYn": "N",
			"fullSectDist": "348",
			"trnstnid": "105000008"
		},
		{
			"arsId": "05152",
			"beginTm": "05:04",
			"busRouteAbrv": "303",
			"busRouteId": "100100053",
			"busRouteNm": "303",
			"direction": "신설동역",
			"gpsX": "127.08958588",
			"gpsY": "37.5486416815",
			"lastTm": "23:33",
			"posX": "207915.51405108857",
			"posY": "449911.8808529526",
			"routeType": "3",
			"sectSpd": "16",
			"section": "104600280",
			"seq": "43",
			"station": "104000059",
			"stationNm": "구의2동주민센터입구",
			"stationNo": "05152",
			"transYn": "N",
			"fullSectDist": "425",
			"trnstnid": "105000008"
		},
		{
			"arsId": "05006",
			"beginTm": "05:04",
			"busRouteAbrv": "303",
			"busRouteId": "100100053",
			"busRouteNm": "303",
			"direction": "신설동역",
			"gpsX": "127.0901491873",
			"gpsY": "37.5512084718",
			"lastTm": "23:34",
			"posX": "207965.0128896206",
			"posY": "450196.7808935032",
			"routeType": "3",
			"sectSpd": "52",
			"section": "104600293",
			"seq": "44",
			"station": "104000006",
			"stationNm": "어린이대공원후문아차산역",
			"stationNo": "05006",
			"transYn": "N",
			"fullSectDist": "347",
			"trnstnid": "105000008"
		},
		{
			"arsId": "05005",
			"beginTm": "05:06",
			"busRouteAbrv": "303",
			"busRouteId": "100100053",
			"busRouteNm": "303",
			"direction": "신설동역",
			"gpsX": "127.086550509",
			"gpsY": "37.5544965543",
			"lastTm": "23:35",
			"posX": "207646.7203691081",
			"posY": "450561.3809329178",
			"routeType": "3",
			"sectSpd": "52",
			"section": "104601911",
			"seq": "45",
			"station": "104000005",
			"stationNm": "중곡동입구삼거리",
			"stationNo": "05005",
			"transYn": "N",
			"fullSectDist": "507",
			"trnstnid": "105000008"
		},
		{
			"arsId": "05003",
			"beginTm": "05:08",
			"busRouteAbrv": "303",
			"busRouteId": "100100053",
			"busRouteNm": "303",
			"direction": "신설동역",
			"gpsX": "127.082473132",
			"gpsY": "37.5560989145",
			"lastTm": "23:37",
			"posX": "207286.32882991145",
			"posY": "450738.8809584691",
			"routeType": "3",
			"sectSpd": "20",
			"section": "104900155",
			"seq": "46",
			"station": "104000003",
			"stationNm": "군자역.용마초등학교",
			"stationNo": "05003",
			"transYn": "N",
			"fullSectDist": "401",
			"trnstnid": "105000008"
		},
		{
			"arsId": "05001",
			"beginTm": "05:09",
			"busRouteAbrv": "303",
			"busRouteId": "100100053",
			"busRouteNm": "303",
			"direction": "신설동역",
			"gpsX": "127.0756461481",
			"gpsY": "37.5587409868",
			"lastTm": "23:38",
			"posX": "206682.94300391857",
			"posY": "451031.58097936166",
			"routeType": "3",
			"sectSpd": "56",
			"section": "104601513",
			"seq": "47",
			"station": "104000001",
			"stationNm": "군자교입구",
			"stationNo": "05001",
			"transYn": "N",
			"fullSectDist": "669",
			"trnstnid": "105000008"
		},
		{
			"arsId": "06003",
			"beginTm": "05:10",
			"busRouteAbrv": "303",
			"busRouteId": "100100053",
			"busRouteNm": "303",
			"direction": "신설동역",
			"gpsX": "127.0672869559",
			"gpsY": "37.5611510646",
			"lastTm": "23:40",
			"posX": "205944.26036058716",
			"posY": "451298.4810080272",
			"routeType": "3",
			"sectSpd": "64",
			"section": "103601986",
			"seq": "48",
			"station": "105000003",
			"stationNm": "장한평역",
			"stationNo": "06003",
			"transYn": "N",
			"fullSectDist": "780",
			"trnstnid": "105000008"
		},
		{
			"arsId": "06002",
			"beginTm": "05:11",
			"busRouteAbrv": "303",
			"busRouteId": "100100053",
			"busRouteNm": "303",
			"direction": "신설동역",
			"gpsX": "127.0612838214",
			"gpsY": "37.5619653169",
			"lastTm": "23:42",
			"posX": "205413.87282343852",
			"posY": "451388.48101098463",
			"routeType": "3",
			"sectSpd": "62",
			"section": "103601989",
			"seq": "49",
			"station": "105000002",
			"stationNm": "청년회의소",
			"stationNo": "06002",
			"transYn": "N",
			"fullSectDist": "538",
			"trnstnid": "105000008"
		},
		{
			"arsId": "06001",
			"beginTm": "05:12",
			"busRouteAbrv": "303",
			"busRouteId": "100100053",
			"busRouteNm": "303",
			"direction": "신설동역",
			"gpsX": "127.0550604632",
			"gpsY": "37.5651870868",
			"lastTm": "23:43",
			"posX": "204863.885744569",
			"posY": "451745.68105153786",
			"routeType": "3",
			"sectSpd": "62",
			"section": "103602215",
			"seq": "50",
			"station": "105000001",
			"stationNm": "답십리역사거리",
			"stationNo": "06001",
			"transYn": "N",
			"fullSectDist": "671",
			"trnstnid": "105000008"
		},
		{
			"arsId": "06005",
			"beginTm": "05:14",
			"busRouteAbrv": "303",
			"busRouteId": "100100053",
			"busRouteNm": "303",
			"direction": "신설동역",
			"gpsX": "127.0447281029",
			"gpsY": "37.5717559096",
			"lastTm": "23:45",
			"posX": "203950.8071934474",
			"posY": "452474.18114644056",
			"routeType": "3",
			"sectSpd": "103",
			"section": "103602222",
			"seq": "51",
			"station": "105000005",
			"stationNm": "신답초등학교.청계한신휴플러스",
			"stationNo": "06005",
			"transYn": "N",
			"fullSectDist": "1176",
			"trnstnid": "105000008"
		},
		{
			"arsId": "06006",
			"beginTm": "05:16",
			"busRouteAbrv": "303",
			"busRouteId": "100100053",
			"busRouteNm": "303",
			"direction": "신설동역",
			"gpsX": "127.0383261303",
			"gpsY": "37.5740577469",
			"lastTm": "23:48",
			"posX": "203385.22047422422",
			"posY": "452729.3811675166",
			"routeType": "3",
			"sectSpd": "44",
			"section": "105602376",
			"seq": "52",
			"station": "105000006",
			"stationNm": "동대문구청",
			"stationNo": "06006",
			"transYn": "N",
			"fullSectDist": "621",
			"trnstnid": "105000008"
		},
		{
			"arsId": "06007",
			"beginTm": "05:18",
			"busRouteAbrv": "303",
			"busRouteId": "100100053",
			"busRouteNm": "303",
			"direction": "신설동역",
			"gpsX": "127.0309536211",
			"gpsY": "37.5739292519",
			"lastTm": "23:50",
			"posX": "202734.0357720132",
			"posY": "452714.8811646402",
			"routeType": "3",
			"sectSpd": "40",
			"section": "105602380",
			"seq": "53",
			"station": "105000007",
			"stationNm": "서울시동부병원",
			"stationNo": "06007",
			"transYn": "N",
			"fullSectDist": "651",
			"trnstnid": "105000008"
		},
		{
			"arsId": "06008",
			"beginTm": "05:20",
			"busRouteAbrv": "303",
			"busRouteId": "100100053",
			"busRouteNm": "303",
			"direction": "신설동역",
			"gpsX": "127.0257176822",
			"gpsY": "37.574427911",
			"lastTm": "23:51",
			"posX": "202271.5466389577",
			"posY": "452770.0811666348",
			"routeType": "3",
			"sectSpd": "25",
			"section": "105602386",
			"seq": "54",
			"station": "105000008",
			"stationNm": "신설동역.서울풍물시장",
			"stationNo": "06008",
			"transYn": "Y",
			"fullSectDist": "481",
			"trnstnid": "105000008"
		},
		{
			"arsId": "06102",
			"beginTm": "05:22",
			"busRouteAbrv": "303",
			"busRouteId": "100100053",
			"busRouteNm": "303",
			"direction": "상대원차고지",
			"gpsX": "127.025947005",
			"gpsY": "37.5762453617",
			"lastTm": "23:52",
			"posX": "202291.7461638069",
			"posY": "452971.78119586315",
			"routeType": "3",
			"sectSpd": "28",
			"section": "105602548",
			"seq": "55",
			"station": "105000019",
			"stationNm": "신설동역",
			"stationNo": "06102",
			"transYn": "N",
			"fullSectDist": "434",
			"trnstnid": "105000008"
		},
		{
			"arsId": "06104",
			"beginTm": "05:23",
			"busRouteAbrv": "303",
			"busRouteId": "100100053",
			"busRouteNm": "303",
			"direction": "상대원차고지",
			"gpsX": "127.0294820292",
			"gpsY": "37.5772564569",
			"lastTm": "23:54",
			"posX": "202603.9388318077",
			"posY": "453084.0812086887",
			"routeType": "3",
			"sectSpd": "35",
			"section": "105602808",
			"seq": "56",
			"station": "105000021",
			"stationNm": "용두로타리한국의류시험연구원",
			"stationNo": "06104",
			"transYn": "N",
			"fullSectDist": "334",
			"trnstnid": "105000008"
		},
		{
			"arsId": "06182",
			"beginTm": "05:24",
			"busRouteAbrv": "303",
			"busRouteId": "100100053",
			"busRouteNm": "303",
			"direction": "상대원차고지",
			"gpsX": "127.0304302445",
			"gpsY": "37.5758964701",
			"lastTm": "23:55",
			"posX": "202687.7368588028",
			"posY": "452933.18119605444",
			"routeType": "3",
			"sectSpd": "40",
			"section": "105602544",
			"seq": "57",
			"station": "105000096",
			"stationNm": "서울시동부병원",
			"stationNo": "06182",
			"transYn": "N",
			"fullSectDist": "253",
			"trnstnid": "105000008"
		},
		{
			"arsId": "06162",
			"beginTm": "05:25",
			"busRouteAbrv": "303",
			"busRouteId": "100100053",
			"busRouteNm": "303",
			"direction": "상대원차고지",
			"gpsX": "127.0317924634",
			"gpsY": "37.5737704369",
			"lastTm": "23:56",
			"posX": "202808.1340335159",
			"posY": "452697.28116259305",
			"routeType": "3",
			"sectSpd": "98",
			"section": "105602395",
			"seq": "58",
			"station": "105000076",
			"stationNm": "용두동신동아아파트",
			"stationNo": "06162",
			"transYn": "N",
			"fullSectDist": "325",
			"trnstnid": "105000008"
		},
		{
			"arsId": "06161",
			"beginTm": "05:28",
			"busRouteAbrv": "303",
			"busRouteId": "100100053",
			"busRouteNm": "303",
			"direction": "상대원차고지",
			"gpsX": "127.037268",
			"gpsY": "37.573977",
			"lastTm": "23:57",
			"posX": "203291.762871351",
			"posY": "452720.3825583332",
			"routeType": "3",
			"sectSpd": "40",
			"section": "105602398",
			"seq": "59",
			"station": "105000075",
			"stationNm": "용두역",
			"stationNo": "06161",
			"transYn": "N",
			"fullSectDist": "484",
			"trnstnid": "105000008"
		},
		{
			"arsId": "06017",
			"beginTm": "05:29",
			"busRouteAbrv": "303",
			"busRouteId": "100100053",
			"busRouteNm": "303",
			"direction": "상대원차고지",
			"gpsX": "127.0399889148",
			"gpsY": "37.5734588708",
			"lastTm": "23:58",
			"posX": "203532.11702778036",
			"posY": "452662.98116887873",
			"routeType": "3",
			"sectSpd": "58",
			"section": "105602707",
			"seq": "60",
			"station": "105000017",
			"stationNm": "동대문구청",
			"stationNo": "06017",
			"transYn": "N",
			"fullSectDist": "251",
			"trnstnid": "105000008"
		},
		{
			"arsId": "06004",
			"beginTm": "05:30",
			"busRouteAbrv": "303",
			"busRouteId": "100100053",
			"busRouteNm": "303",
			"direction": "상대원차고지",
			"gpsX": "127.044292",
			"gpsY": "37.571753",
			"lastTm": "23:59",
			"posX": "203912.28662932475",
			"posY": "452473.84000244085",
			"routeType": "3",
			"sectSpd": "54",
			"section": "103601266",
			"seq": "61",
			"station": "105000004",
			"stationNm": "신답초등학교.청계한신휴플러스",
			"stationNo": "06004",
			"transYn": "N",
			"fullSectDist": "428",
			"trnstnid": "105000008"
		},
		{
			"arsId": "04001",
			"beginTm": "05:31",
			"busRouteAbrv": "303",
			"busRouteId": "100100053",
			"busRouteNm": "303",
			"direction": "상대원차고지",
			"gpsX": "127.0543961703",
			"gpsY": "37.5654496127",
			"lastTm": "00:00",
			"posX": "204805.18711859648",
			"posY": "451774.7810579301",
			"routeType": "3",
			"sectSpd": "54",
			"section": "103602214",
			"seq": "62",
			"station": "103000001",
			"stationNm": "답십리역사거리",
			"stationNo": "04001",
			"transYn": "N",
			"fullSectDist": "1143",
			"trnstnid": "105000008"
		},
		{
			"arsId": "04002",
			"beginTm": "05:34",
			"busRouteAbrv": "303",
			"busRouteId": "100100053",
			"busRouteNm": "303",
			"direction": "상대원차고지",
			"gpsX": "127.0604880807",
			"gpsY": "37.5619909579",
			"lastTm": "00:02",
			"posX": "205343.5744721911",
			"posY": "451391.2810159689",
			"routeType": "3",
			"sectSpd": "58",
			"section": "103601997",
			"seq": "63",
			"station": "103000002",
			"stationNm": "청년회의소.서울새활용플라자",
			"stationNo": "04002",
			"transYn": "N",
			"fullSectDist": "675",
			"trnstnid": "105000008"
		},
		{
			"arsId": "04003",
			"beginTm": "05:36",
			"busRouteAbrv": "303",
			"busRouteId": "100100053",
			"busRouteNm": "303",
			"direction": "상대원차고지",
			"gpsX": "127.0661006787",
			"gpsY": "37.5611445259",
			"lastTm": "00:03",
			"posX": "205839.4628270764",
			"posY": "451297.68100240687",
			"routeType": "3",
			"sectSpd": "50",
			"section": "103602003",
			"seq": "64",
			"station": "103000003",
			"stationNm": "장한평역",
			"stationNo": "04003",
			"transYn": "N",
			"fullSectDist": "504",
			"trnstnid": "105000008"
		},
		{
			"arsId": "05002",
			"beginTm": "05:38",
			"busRouteAbrv": "303",
			"busRouteId": "100100053",
			"busRouteNm": "303",
			"direction": "상대원차고지",
			"gpsX": "127.0749002776",
			"gpsY": "37.5587937258",
			"lastTm": "00:05",
			"posX": "206617.04455806746",
			"posY": "451037.3809875995",
			"routeType": "3",
			"sectSpd": "65",
			"section": "104601921",
			"seq": "65",
			"station": "104000002",
			"stationNm": "군자교입구",
			"stationNo": "05002",
			"transYn": "N",
			"fullSectDist": "844",
			"trnstnid": "105000008"
		},
		{
			"arsId": "05004",
			"beginTm": "05:40",
			"busRouteAbrv": "303",
			"busRouteId": "100100053",
			"busRouteNm": "303",
			"direction": "상대원차고지",
			"gpsX": "127.081565514",
			"gpsY": "37.5562229948",
			"lastTm": "00:08",
			"posX": "207206.13071365497",
			"posY": "450752.58095706115",
			"routeType": "3",
			"sectSpd": "46",
			"section": "104600553",
			"seq": "66",
			"station": "104000004",
			"stationNm": "군자역.용마초등학교",
			"stationNo": "05004",
			"transYn": "N",
			"fullSectDist": "653",
			"trnstnid": "105000008"
		},
		{
			"arsId": "05008",
			"beginTm": "05:42",
			"busRouteAbrv": "303",
			"busRouteId": "100100053",
			"busRouteNm": "303",
			"direction": "상대원차고지",
			"gpsX": "127.0848655495",
			"gpsY": "37.554826955",
			"lastTm": "00:09",
			"posX": "207497.82139802948",
			"posY": "450597.9118222259",
			"routeType": "3",
			"sectSpd": "24",
			"section": "104601925",
			"seq": "67",
			"station": "104000299",
			"stationNm": "중곡동입구삼거리",
			"stationNo": "05008",
			"transYn": "N",
			"fullSectDist": "331",
			"trnstnid": "105000008"
		},
		{
			"arsId": "05007",
			"beginTm": "05:43",
			"busRouteAbrv": "303",
			"busRouteId": "100100053",
			"busRouteNm": "303",
			"direction": "상대원차고지",
			"gpsX": "127.0892452052",
			"gpsY": "37.5524229328",
			"lastTm": "00:11",
			"posX": "207885.01477218664",
			"posY": "450331.48091551615",
			"routeType": "3",
			"sectSpd": "85",
			"section": "104600555",
			"seq": "68",
			"station": "104000007",
			"stationNm": "어린이대공원후문아차산역",
			"stationNo": "05007",
			"transYn": "N",
			"fullSectDist": "485",
			"trnstnid": "105000008"
		},
		{
			"arsId": "05151",
			"beginTm": "05:45",
			"busRouteAbrv": "303",
			"busRouteId": "100100053",
			"busRouteNm": "303",
			"direction": "상대원차고지",
			"gpsX": "127.0897846677",
			"gpsY": "37.5492515718",
			"lastTm": "00:12",
			"posX": "207933.0136430716",
			"posY": "449979.5808645794",
			"routeType": "3",
			"sectSpd": "43",
			"section": "104600557",
			"seq": "69",
			"station": "104000058",
			"stationNm": "구의2동주민센터입구",
			"stationNo": "05151",
			"transYn": "N",
			"fullSectDist": "452",
			"trnstnid": "105000008"
		},
		{
			"arsId": "05153",
			"beginTm": "05:47",
			"busRouteAbrv": "303",
			"busRouteId": "100100053",
			"busRouteNm": "303",
			"direction": "상대원차고지",
			"gpsX": "127.0857469566",
			"gpsY": "37.5456510932",
			"lastTm": "00:14",
			"posX": "207576.6220178495",
			"posY": "449579.6808002661",
			"routeType": "3",
			"sectSpd": "15",
			"section": "104600283",
			"seq": "70",
			"station": "104000060",
			"stationNm": "구의사거리",
			"stationNo": "05153",
			"transYn": "N",
			"fullSectDist": "531",
			"trnstnid": "105000008"
		},
		{
			"arsId": "05145",
			"beginTm": "05:49",
			"busRouteAbrv": "303",
			"busRouteId": "100100053",
			"busRouteNm": "303",
			"direction": "상대원차고지",
			"gpsX": "127.0836883111",
			"gpsY": "37.5415336614",
			"lastTm": "00:15",
			"posX": "207395.1262745419",
			"posY": "449122.5807442083",
			"routeType": "3",
			"sectSpd": "23",
			"section": "104600560",
			"seq": "71",
			"station": "104000052",
			"stationNm": "광진경찰서",
			"stationNo": "05145",
			"transYn": "N",
			"fullSectDist": "496",
			"trnstnid": "105000008"
		},
		{
			"arsId": "05175",
			"beginTm": "05:50",
			"busRouteAbrv": "303",
			"busRouteId": "100100053",
			"busRouteNm": "303",
			"direction": "상대원차고지",
			"gpsX": "127.0831530574",
			"gpsY": "37.5384883339",
			"lastTm": "00:16",
			"posX": "207348.12737872353",
			"posY": "448784.58069373807",
			"routeType": "3",
			"sectSpd": "12",
			"section": "104600275",
			"seq": "72",
			"station": "104000082",
			"stationNm": "광진구청",
			"stationNo": "05175",
			"transYn": "N",
			"fullSectDist": "343",
			"trnstnid": "105000008"
		},
		{
			"arsId": "05188",
			"beginTm": "05:51",
			"busRouteAbrv": "303",
			"busRouteId": "100100053",
			"busRouteNm": "303",
			"direction": "상대원차고지",
			"gpsX": "127.0848057104",
			"gpsY": "37.5329553244",
			"lastTm": "00:17",
			"posX": "207494.7239338029",
			"posY": "448170.68061326025",
			"routeType": "3",
			"sectSpd": "10",
			"section": "104601932",
			"seq": "73",
			"station": "104000095",
			"stationNm": "자양동잠실대교북단",
			"stationNo": "05188",
			"transYn": "N",
			"fullSectDist": "640",
			"trnstnid": "105000008"
		},
		{
			"arsId": "24480",
			"beginTm": "05:55",
			"busRouteAbrv": "303",
			"busRouteId": "100100053",
			"busRouteNm": "303",
			"direction": "상대원차고지",
			"gpsX": "127.09479",
			"gpsY": "37.519993",
			"lastTm": "00:21",
			"posX": "208378.53766368947",
			"posY": "446733.02011296665",
			"routeType": "3",
			"sectSpd": "51",
			"section": "123604437",
			"seq": "74",
			"station": "123000508",
			"stationNm": "잠실대교전망쉼터",
			"stationNo": "24480",
			"transYn": "N",
			"fullSectDist": "1683",
			"trnstnid": "105000008"
		},
		{
			"arsId": "24002",
			"beginTm": "05:57",
			"busRouteAbrv": "303",
			"busRouteId": "100100053",
			"busRouteNm": "303",
			"direction": "상대원차고지",
			"gpsX": "127.0995621522",
			"gpsY": "37.513671106",
			"lastTm": "00:24",
			"posX": "208801.09325291438",
			"posY": "446031.88035105774",
			"routeType": "3",
			"sectSpd": "36",
			"section": "123604439",
			"seq": "75",
			"station": "123000002",
			"stationNm": "잠실역.잠실대교.남단",
			"stationNo": "24002",
			"transYn": "N",
			"fullSectDist": "822",
			"trnstnid": "105000008"
		},
		{
			"arsId": "24004",
			"beginTm": "05:59",
			"busRouteAbrv": "303",
			"busRouteId": "100100053",
			"busRouteNm": "303",
			"direction": "상대원차고지",
			"gpsX": "127.1052520216",
			"gpsY": "37.507105259",
			"lastTm": "00:25",
			"posX": "209304.88141523738",
			"posY": "445303.780262053",
			"routeType": "3",
			"sectSpd": "30",
			"section": "123602658",
			"seq": "76",
			"station": "123000004",
			"stationNm": "석촌호수.한솔병원",
			"stationNo": "24004",
			"transYn": "N",
			"fullSectDist": "886",
			"trnstnid": "105000008"
		},
		{
			"arsId": "24006",
			"beginTm": "06:03",
			"busRouteAbrv": "303",
			"busRouteId": "100100053",
			"busRouteNm": "303",
			"direction": "상대원차고지",
			"gpsX": "127.108453771",
			"gpsY": "37.5036628588",
			"lastTm": "00:30",
			"posX": "209588.37475403046",
			"posY": "444922.08022291353",
			"routeType": "3",
			"sectSpd": "39",
			"section": "123604445",
			"seq": "77",
			"station": "123000006",
			"stationNm": "석촌역",
			"stationNo": "24006",
			"transYn": "N",
			"fullSectDist": "476",
			"trnstnid": "105000008"
		},
		{
			"arsId": "24008",
			"beginTm": "06:05",
			"busRouteAbrv": "303",
			"busRouteId": "100100053",
			"busRouteNm": "303",
			"direction": "상대원차고지",
			"gpsX": "127.111232788",
			"gpsY": "37.5005992316",
			"lastTm": "00:32",
			"posX": "209834.46897087834",
			"posY": "444582.38017762825",
			"routeType": "3",
			"sectSpd": "33",
			"section": "123603253",
			"seq": "78",
			"station": "123000008",
			"stationNm": "송파역",
			"stationNo": "24008",
			"transYn": "N",
			"fullSectDist": "421",
			"trnstnid": "105000008"
		},
		{
			"arsId": "24010",
			"beginTm": "06:06",
			"busRouteAbrv": "303",
			"busRouteId": "100100053",
			"busRouteNm": "303",
			"direction": "상대원차고지",
			"gpsX": "127.116483446",
			"gpsY": "37.4949314726",
			"lastTm": "00:35",
			"posX": "210299.47607923375",
			"posY": "443953.96121032676",
			"routeType": "3",
			"sectSpd": "25",
			"section": "123604609",
			"seq": "79",
			"station": "123000010",
			"stationNm": "가락시장.가락시장역",
			"stationNo": "24010",
			"transYn": "N",
			"fullSectDist": "804",
			"trnstnid": "105000008"
		},
		{
			"arsId": "24012",
			"beginTm": "06:08",
			"busRouteAbrv": "303",
			"busRouteId": "100100053",
			"busRouteNm": "303",
			"direction": "상대원차고지",
			"gpsX": "127.1208232798",
			"gpsY": "37.4891398233",
			"lastTm": "00:36",
			"posX": "210684.029656408",
			"posY": "443311.71619502315",
			"routeType": "3",
			"sectSpd": "48",
			"section": "123602567",
			"seq": "80",
			"station": "123000012",
			"stationNm": "문정로데오거리입구",
			"stationNo": "24012",
			"transYn": "N",
			"fullSectDist": "825",
			"trnstnid": "105000008"
		},
		{
			"arsId": "24014",
			"beginTm": "06:10",
			"busRouteAbrv": "303",
			"busRouteId": "100100053",
			"busRouteNm": "303",
			"direction": "상대원차고지",
			"gpsX": "127.123873",
			"gpsY": "37.48309",
			"lastTm": "00:38",
			"posX": "210954.59047561008",
			"posY": "442640.687726486",
			"routeType": "3",
			"sectSpd": "41",
			"section": "123603243",
			"seq": "81",
			"station": "123000014",
			"stationNm": "문정법조단지.건영아파트",
			"stationNo": "24014",
			"transYn": "N",
			"fullSectDist": "717",
			"trnstnid": "105000008"
		},
		{
			"arsId": "24016",
			"beginTm": "06:12",
			"busRouteAbrv": "303",
			"busRouteId": "100100053",
			"busRouteNm": "303",
			"direction": "상대원차고지",
			"gpsX": "127.125472",
			"gpsY": "37.479907",
			"lastTm": "00:40",
			"posX": "211096.46728940844",
			"posY": "442287.64191339957",
			"routeType": "3",
			"sectSpd": "60",
			"section": "123604614",
			"seq": "82",
			"station": "123000016",
			"stationNm": "장지역.가든파이브",
			"stationNo": "24016",
			"transYn": "N",
			"fullSectDist": "482",
			"trnstnid": "105000008"
		},
		{
			"arsId": "24340",
			"beginTm": "06:13",
			"busRouteAbrv": "303",
			"busRouteId": "100100053",
			"busRouteNm": "303",
			"direction": "상대원차고지",
			"gpsX": "127.1263366558",
			"gpsY": "37.4691472156",
			"lastTm": "00:42",
			"posX": "211174.53749198045",
			"posY": "441093.67974299705",
			"routeType": "3",
			"sectSpd": "48",
			"section": "123604973",
			"seq": "83",
			"station": "123000249",
			"stationNm": "장지동",
			"stationNo": "24340",
			"transYn": "N",
			"fullSectDist": "1231",
			"trnstnid": "105000008"
		},
		{
			"arsId": "48068",
			"beginTm": "06:18",
			"busRouteAbrv": "303",
			"busRouteId": "100100053",
			"busRouteNm": "303",
			"direction": "상대원차고지",
			"gpsX": "127.1261279444",
			"gpsY": "37.4660668905",
			"lastTm": "00:47",
			"posX": "211156.5346295122",
			"posY": "440751.81708415085",
			"routeType": "3",
			"sectSpd": "26",
			"section": "123900270",
			"seq": "84",
			"station": "204000113",
			"stationNm": "복정동행정복지센터",
			"stationNo": "48068",
			"transYn": "N",
			"fullSectDist": "347",
			"trnstnid": "105000008"
		},
		{
			"arsId": "48066",
			"beginTm": "06:19",
			"busRouteAbrv": "303",
			"busRouteId": "100100053",
			"busRouteNm": "303",
			"direction": "상대원차고지",
			"gpsX": "127.1256549352",
			"gpsY": "37.4604054079",
			"lastTm": "00:48",
			"posX": "211115.5331214521",
			"posY": "440123.48073338065",
			"routeType": "3",
			"sectSpd": "28",
			"section": "204900278",
			"seq": "85",
			"station": "204000112",
			"stationNm": "동서울대학교",
			"stationNo": "48066",
			"transYn": "N",
			"fullSectDist": "633",
			"trnstnid": "105000008"
		},
		{
			"arsId": "05170",
			"beginTm": "06:20",
			"busRouteAbrv": "303",
			"busRouteId": "100100053",
			"busRouteNm": "303",
			"direction": "상대원차고지",
			"gpsX": "127.1259172951",
			"gpsY": "37.4567072761",
			"lastTm": "00:50",
			"posX": "211139.2902406873",
			"posY": "439713.113569397",
			"routeType": "3",
			"sectSpd": "14",
			"section": "204600440",
			"seq": "86",
			"station": "204000253",
			"stationNm": "복정파출소.복정캠퍼스맛집거리",
			"stationNo": "05170",
			"transYn": "N",
			"fullSectDist": "414",
			"trnstnid": "105000008"
		},
		{
			"arsId": "48059",
			"beginTm": "06:23",
			"busRouteAbrv": "303",
			"busRouteId": "100100053",
			"busRouteNm": "303",
			"direction": "상대원차고지",
			"gpsX": "127.1262931434",
			"gpsY": "37.4540856438",
			"lastTm": "00:51",
			"posX": "211172.9297274059",
			"posY": "439422.2240189812",
			"routeType": "3",
			"sectSpd": "24",
			"section": "204600441",
			"seq": "87",
			"station": "204000111",
			"stationNm": "복우물.웃말입구",
			"stationNo": "48059",
			"transYn": "N",
			"fullSectDist": "307",
			"trnstnid": "105000008"
		},
		{
			"arsId": "48069",
			"beginTm": "06:23",
			"busRouteAbrv": "303",
			"busRouteId": "100100053",
			"busRouteNm": "303",
			"direction": "상대원차고지",
			"gpsX": "127.1264202802",
			"gpsY": "37.4496846343",
			"lastTm": "00:52",
			"posX": "211184.83261388933",
			"posY": "438933.84002992837",
			"routeType": "3",
			"sectSpd": "20",
			"section": "204900280",
			"seq": "88",
			"station": "204000110",
			"stationNm": "가천대역.가천대학교",
			"stationNo": "48069",
			"transYn": "N",
			"fullSectDist": "513",
			"trnstnid": "105000008"
		},
		{
			"arsId": "48020",
			"beginTm": "06:25",
			"busRouteAbrv": "303",
			"busRouteId": "100100053",
			"busRouteNm": "303",
			"direction": "상대원차고지",
			"gpsX": "127.1267572855",
			"gpsY": "37.4441608064",
			"lastTm": "00:53",
			"posX": "211215.47323569097",
			"posY": "438320.87750719814",
			"routeType": "3",
			"sectSpd": "26",
			"section": "204900289",
			"seq": "89",
			"station": "204000023",
			"stationNm": "수진리고개.태평고개",
			"stationNo": "48020",
			"transYn": "N",
			"fullSectDist": "619",
			"trnstnid": "105000008"
		},
		{
			"arsId": "48027",
			"beginTm": "06:26",
			"busRouteAbrv": "303",
			"busRouteId": "100100053",
			"busRouteNm": "303",
			"direction": "상대원차고지",
			"gpsX": "127.1293993709",
			"gpsY": "37.4400268149",
			"lastTm": "00:54",
			"posX": "211449.87473807423",
			"posY": "437862.4290391919",
			"routeType": "3",
			"sectSpd": "10",
			"section": "204900305",
			"seq": "90",
			"station": "204000086",
			"stationNm": "통계청.태평역",
			"stationNo": "48027",
			"transYn": "N",
			"fullSectDist": "647",
			"trnstnid": "105000008"
		},
		{
			"arsId": "48032",
			"beginTm": "06:29",
			"busRouteAbrv": "303",
			"busRouteId": "100100053",
			"busRouteNm": "303",
			"direction": "상대원차고지",
			"gpsX": "127.1342981399",
			"gpsY": "37.4414632738",
			"lastTm": "00:56",
			"posX": "211883.114274996",
			"posY": "438022.44522049837",
			"routeType": "3",
			"sectSpd": "11",
			"section": "204900182",
			"seq": "91",
			"station": "204000085",
			"stationNm": "중앙시장.농협",
			"stationNo": "48032",
			"transYn": "N",
			"fullSectDist": "467",
			"trnstnid": "105000008"
		},
		{
			"arsId": "48011",
			"beginTm": "06:33",
			"busRouteAbrv": "303",
			"busRouteId": "100100053",
			"busRouteNm": "303",
			"direction": "상대원차고지",
			"gpsX": "127.1377138354",
			"gpsY": "37.4424964346",
			"lastTm": "01:00",
			"posX": "212185.1781718991",
			"posY": "438137.5355264372",
			"routeType": "3",
			"sectSpd": "7",
			"section": "204600378",
			"seq": "92",
			"station": "204000263",
			"stationNm": "성남시여성비전센터.삼성생명.한",
			"stationNo": "48011",
			"transYn": "N",
			"fullSectDist": "324",
			"trnstnid": "105000008"
		},
		{
			"arsId": "48030",
			"beginTm": "06:35",
			"busRouteAbrv": "303",
			"busRouteId": "100100053",
			"busRouteNm": "303",
			"direction": "상대원차고지",
			"gpsX": "127.1402736773",
			"gpsY": "37.4432525882",
			"lastTm": "01:01",
			"posX": "212411.55299294737",
			"posY": "438221.7831053054",
			"routeType": "3",
			"sectSpd": "16",
			"section": "204600379",
			"seq": "93",
			"station": "204000105",
			"stationNm": "성남시의료원.신흥1동행정복지센",
			"stationNo": "48030",
			"transYn": "N",
			"fullSectDist": "242",
			"trnstnid": "105000008"
		},
		{
			"arsId": "49021",
			"beginTm": "06:36",
			"busRouteAbrv": "303",
			"busRouteId": "100100053",
			"busRouteNm": "303",
			"direction": "상대원차고지",
			"gpsX": "127.1465983553",
			"gpsY": "37.4403335974",
			"lastTm": "01:03",
			"posX": "212971.67093847593",
			"posY": "437898.7022906486",
			"routeType": "3",
			"sectSpd": "12",
			"section": "204900285",
			"seq": "94",
			"station": "205000001",
			"stationNm": "신흥역.종합시장",
			"stationNo": "49021",
			"transYn": "N",
			"fullSectDist": "950",
			"trnstnid": "105000008"
		},
		{
			"arsId": "49023",
			"beginTm": "06:41",
			"busRouteAbrv": "303",
			"busRouteId": "100100053",
			"busRouteNm": "303",
			"direction": "상대원차고지",
			"gpsX": "127.1508411243",
			"gpsY": "37.4418222582",
			"lastTm": "01:08",
			"posX": "213346.82571534577",
			"posY": "438064.49757369375",
			"routeType": "3",
			"sectSpd": "21",
			"section": "205900203",
			"seq": "95",
			"station": "205000022",
			"stationNm": "성남우체국",
			"stationNo": "49023",
			"transYn": "N",
			"fullSectDist": "451",
			"trnstnid": "105000008"
		},
		{
			"arsId": "48003",
			"beginTm": "06:42",
			"busRouteAbrv": "303",
			"busRouteId": "100100053",
			"busRouteNm": "303",
			"direction": "상대원차고지",
			"gpsX": "127.1557363937",
			"gpsY": "37.4440004348",
			"lastTm": "01:09",
			"posX": "213779.57304633685",
			"posY": "438306.9234963027",
			"routeType": "3",
			"sectSpd": "20",
			"section": "205900204",
			"seq": "96",
			"station": "205000025",
			"stationNm": "단대오거리역.(구)종점",
			"stationNo": "48003",
			"transYn": "N",
			"fullSectDist": "507",
			"trnstnid": "105000008"
		},
		{
			"arsId": "49070",
			"beginTm": "06:43",
			"busRouteAbrv": "303",
			"busRouteId": "100100053",
			"busRouteNm": "303",
			"direction": "상대원차고지",
			"gpsX": "127.1591398976",
			"gpsY": "37.4396161206",
			"lastTm": "01:12",
			"posX": "214081.53724619685",
			"posY": "437820.8809185289",
			"routeType": "3",
			"sectSpd": "9",
			"section": "205600043",
			"seq": "97",
			"station": "205000067",
			"stationNm": "상대원고개",
			"stationNo": "49070",
			"transYn": "N",
			"fullSectDist": "878",
			"trnstnid": "105000008"
		},
		{
			"arsId": "49071",
			"beginTm": "06:48",
			"busRouteAbrv": "303",
			"busRouteId": "100100053",
			"busRouteNm": "303",
			"direction": "상대원차고지",
			"gpsX": "127.1580705357",
			"gpsY": "37.4370137746",
			"lastTm": "01:16",
			"posX": "213987.39875674841",
			"posY": "437531.92864075257",
			"routeType": "3",
			"sectSpd": "15",
			"section": "205600044",
			"seq": "98",
			"station": "205000066",
			"stationNm": "상대원시장",
			"stationNo": "49071",
			"transYn": "N",
			"fullSectDist": "314",
			"trnstnid": "105000008"
		},
		{
			"arsId": "49048",
			"beginTm": "06:49",
			"busRouteAbrv": "303",
			"busRouteId": "100100053",
			"busRouteNm": "303",
			"direction": "상대원차고지",
			"gpsX": "127.1612370305",
			"gpsY": "37.4329760496",
			"lastTm": "01:17",
			"posX": "214268.36331206607",
			"posY": "437084.3205408035",
			"routeType": "3",
			"sectSpd": "5",
			"section": "205600045",
			"seq": "99",
			"station": "205000065",
			"stationNm": "대원사거리",
			"stationNo": "49048",
			"transYn": "N",
			"fullSectDist": "586",
			"trnstnid": "105000008"
		},
		{
			"arsId": "49064",
			"beginTm": "06:53",
			"busRouteAbrv": "303",
			"busRouteId": "100100053",
			"busRouteNm": "303",
			"direction": "상대원차고지",
			"gpsX": "127.164439065",
			"gpsY": "37.432579755",
			"lastTm": "01:20",
			"posX": "214551.79816865418",
			"posY": "437040.83163810195",
			"routeType": "3",
			"sectSpd": "16",
			"section": "205900237",
			"seq": "100",
			"station": "205000064",
			"stationNm": "상대원1동행정복지센터",
			"stationNo": "49064",
			"transYn": "N",
			"fullSectDist": "261",
			"trnstnid": "105000008"
		},
		{
			"arsId": "49065",
			"beginTm": "06:54",
			"busRouteAbrv": "303",
			"busRouteId": "100100053",
			"busRouteNm": "303",
			"direction": "상대원차고지",
			"gpsX": "127.1686490699",
			"gpsY": "37.432475748",
			"lastTm": "01:20",
			"posX": "214924.37741837307",
			"posY": "437029.9478007057",
			"routeType": "3",
			"sectSpd": "12",
			"section": "205900238",
			"seq": "101",
			"station": "205000063",
			"stationNm": "공단본부.샤니",
			"stationNo": "49065",
			"transYn": "N",
			"fullSectDist": "401",
			"trnstnid": "105000008"
		},
		{
			"arsId": "49067",
			"beginTm": "06:55",
			"busRouteAbrv": "303",
			"busRouteId": "100100053",
			"busRouteNm": "303",
			"direction": "상대원차고지",
			"gpsX": "127.1716233953",
			"gpsY": "37.4335618421",
			"lastTm": "01:22",
			"posX": "215187.36718372037",
			"posY": "437150.951112967",
			"routeType": "3",
			"sectSpd": "16",
			"section": "205900239",
			"seq": "102",
			"station": "205000062",
			"stationNm": "고려당사거리",
			"stationNo": "49067",
			"transYn": "N",
			"fullSectDist": "290",
			"trnstnid": "105000008"
		},
		{
			"arsId": "49049",
			"beginTm": "06:56",
			"busRouteAbrv": "303",
			"busRouteId": "100100053",
			"busRouteNm": "303",
			"direction": "상대원차고지",
			"gpsX": "127.1736285674",
			"gpsY": "37.434322864",
			"lastTm": "01:23",
			"posX": "215364.65426136955",
			"posY": "437235.729761363",
			"routeType": "3",
			"sectSpd": "13",
			"section": "205900240",
			"seq": "103",
			"station": "205000061",
			"stationNm": "공단오거리.공단주유소",
			"stationNo": "49049",
			"transYn": "N",
			"fullSectDist": "194",
			"trnstnid": "105000008"
		},
		{
			"arsId": "49060",
			"beginTm": "06:57",
			"busRouteAbrv": "303",
			"busRouteId": "100100053",
			"busRouteNm": "303",
			"direction": "상대원차고지",
			"gpsX": "127.1763357363",
			"gpsY": "37.4343039732",
			"lastTm": "01:24",
			"posX": "215604.21984735856",
			"posY": "437234.07809321303",
			"routeType": "3",
			"sectSpd": "7",
			"section": "205900241",
			"seq": "104",
			"station": "205000060",
			"stationNm": "스타타워.동방렌탈",
			"stationNo": "49060",
			"transYn": "N",
			"fullSectDist": "315",
			"trnstnid": "105000008"
		},
		{
			"arsId": "49061",
			"beginTm": ":",
			"busRouteAbrv": "303",
			"busRouteId": "100100053",
			"busRouteNm": "303",
			"direction": "상대원차고지",
			"gpsX": "127.1790170975",
			"gpsY": "37.4350733937",
			"lastTm": ":",
			"posX": "215841.33564646632",
			"posY": "437319.9110867516",
			"routeType": "3",
			"sectSpd": "6",
			"section": "205900242",
			"seq": "105",
			"station": "205000059",
			"stationNm": "보통골동양공업사",
			"stationNo": "49061",
			"transYn": "N",
			"fullSectDist": "371",
			"trnstnid": "105000008"
		},
		{
			"arsId": "49090",
			"beginTm": ":",
			"busRouteAbrv": "303",
			"busRouteId": "100100053",
			"busRouteNm": "303",
			"direction": "상대원차고지",
			"gpsX": "127.1791803848",
			"gpsY": "37.4354748249",
			"lastTm": ":",
			"posX": "215855.70036757787",
			"posY": "437364.4870036426",
			"routeType": "3",
			"sectSpd": "12",
			"section": "205600126",
			"seq": "106",
			"station": "205000234",
			"stationNm": "상대원차고지",
			"stationNo": "49090",
			"transYn": "N",
			"fullSectDist": "56",
			"trnstnid": "105000008"
		}
	]
}