{
	"count": 116,
	"result": [
		{
			"arsId": "39080",
			"beginTm": "04:00",
			"busRouteAbrv": "201",
			"busRouteId": "100100038",
			"busRouteNm": "201",
			"direction": "서울역환승센터",
			"gpsX": "127.1563936207",
			"gpsY": "37.5936167858",
			"lastTm": "16:35",
			"posX": "213810.1222560053",
			"posY": "454910.7873750124",
			"routeType": "3",
			"sectSpd": "0",
			"section": "0",
			"seq": "1",
			"station": "221000046",
			"stationNm": "구리수택차고지",
			"stationNo": "39080",
			"transYn": "N",
			"fullSectDist": "0",
			"trnstnid": "101000006"
		},
		{
			"arsId": "39051",
			"beginTm": "04:00",
			"busRouteAbrv": "201",
			"busRouteId": "100100038",
			"busRouteNm": "201",
			"direction": "서울역환승센터",
			"gpsX": "127.1538390865",
			"gpsY": "37.593846835",
			"lastTm": "00:00",
			"posX": "213584.5056877454",
			"posY": "454935.9449902219",
			"routeType": "3",
			"sectSpd": "13",
			"section": "221600001",
			"seq": "2",
			"station": "221000050",
			"stationNm": "수택고교.SK신일.우남아파트",
			"stationNo": "39051",
			"transYn": "N",
			"fullSectDist": "240",
			"trnstnid": "101000006"
		},
		{
			"arsId": "39053",
			"beginTm": "04:01",
			"busRouteAbrv": "201",
			"busRouteId": "100100038",
			"busRouteNm": "201",
			"direction": "서울역환승센터",
			"gpsX": "127.1505382003",
			"gpsY": "37.5936966186",
			"lastTm": "00:01",
			"posX": "213293.05294611072",
			"posY": "454918.80209634406",
			"routeType": "3",
			"sectSpd": "9",
			"section": "221900313",
			"seq": "3",
			"station": "221000055",
			"stationNm": "태영데시앙",
			"stationNo": "39053",
			"transYn": "N",
			"fullSectDist": "335",
			"trnstnid": "101000006"
		},
		{
			"arsId": "39066",
			"beginTm": "04:02",
			"busRouteAbrv": "201",
			"busRouteId": "100100038",
			"busRouteNm": "201",
			"direction": "서울역환승센터",
			"gpsX": "127.1497945419",
			"gpsY": "37.5917206133",
			"lastTm": "00:02",
			"posX": "213227.7350097282",
			"posY": "454699.4059597212",
			"routeType": "3",
			"sectSpd": "15",
			"section": "221600035",
			"seq": "4",
			"station": "221000085",
			"stationNm": "구리여중고교",
			"stationNo": "39066",
			"transYn": "N",
			"fullSectDist": "231",
			"trnstnid": "101000006"
		},
		{
			"arsId": "39083",
			"beginTm": "04:02",
			"busRouteAbrv": "201",
			"busRouteId": "100100038",
			"busRouteNm": "201",
			"direction": "서울역환승센터",
			"gpsX": "127.1487452706",
			"gpsY": "37.5888817558",
			"lastTm": "00:02",
			"posX": "213135.57709289624",
			"posY": "454384.2109446358",
			"routeType": "3",
			"sectSpd": "18",
			"section": "221900314",
			"seq": "5",
			"station": "221000084",
			"stationNm": "동명빌라",
			"stationNo": "39083",
			"transYn": "N",
			"fullSectDist": "330",
			"trnstnid": "101000006"
		},
		{
			"arsId": "39081",
			"beginTm": "04:03",
			"busRouteAbrv": "201",
			"busRouteId": "100100038",
			"busRouteNm": "201",
			"direction": "서울역환승센터",
			"gpsX": "127.1479407289",
			"gpsY": "37.5867469555",
			"lastTm": "00:03",
			"posX": "213064.9017568845",
			"posY": "454147.18520491524",
			"routeType": "3",
			"sectSpd": "20",
			"section": "221900315",
			"seq": "6",
			"station": "221000083",
			"stationNm": "벌말삼거리.상록아파트",
			"stationNo": "39081",
			"transYn": "N",
			"fullSectDist": "249",
			"trnstnid": "101000006"
		},
		{
			"arsId": "39086",
			"beginTm": "04:04",
			"busRouteAbrv": "201",
			"busRouteId": "100100038",
			"busRouteNm": "201",
			"direction": "서울역환승센터",
			"gpsX": "127.1440493273",
			"gpsY": "37.5871986195",
			"lastTm": "00:03",
			"posX": "212721.16828937514",
			"posY": "454196.77534263674",
			"routeType": "3",
			"sectSpd": "22",
			"section": "221600203",
			"seq": "7",
			"station": "221000082",
			"stationNm": "삼성.e편한세상아파트",
			"stationNo": "39086",
			"transYn": "N",
			"fullSectDist": "384",
			"trnstnid": "101000006"
		},
		{
			"arsId": "39082",
			"beginTm": "04:04",
			"busRouteAbrv": "201",
			"busRouteId": "100100038",
			"busRouteNm": "201",
			"direction": "서울역환승센터",
			"gpsX": "127.1414891612",
			"gpsY": "37.5876171578",
			"lastTm": "00:04",
			"posX": "212495.0068747339",
			"posY": "454242.8797811009",
			"routeType": "3",
			"sectSpd": "13",
			"section": "221900318",
			"seq": "8",
			"station": "221000182",
			"stationNm": "한일아파트",
			"stationNo": "39082",
			"transYn": "N",
			"fullSectDist": "231",
			"trnstnid": "101000006"
		},
		{
			"arsId": "39056",
			"beginTm": "04:06",
			"busRouteAbrv": "201",
			"busRouteId": "100100038",
			"busRouteNm": "201",
			"direction": "서울역환승센터",
			"gpsX": "127.1391766235",
			"gpsY": "37.5878143834",
			"lastTm": "00:06",
			"posX": "212290.75251576997",
			"posY": "454264.4621589631",
			"routeType": "3",
			"sectSpd": "20",
			"section": "221900319",
			"seq": "9",
			"station": "221000081",
			"stationNm": "한성3차.장자호수공원.구리고교",
			"stationNo": "39056",
			"transYn": "N",
			"fullSectDist": "204",
			"trnstnid": "101000006"
		},
		{
			"arsId": "39057",
			"beginTm": "04:06",
			"busRouteAbrv": "201",
			"busRouteId": "100100038",
			"busRouteNm": "201",
			"direction": "서울역환승센터",
			"gpsX": "127.138091661",
			"gpsY": "37.5887567515",
			"lastTm": "00:06",
			"posX": "212194.7851695981",
			"posY": "454368.90183871146",
			"routeType": "3",
			"sectSpd": "11",
			"section": "221600009",
			"seq": "10",
			"station": "221000102",
			"stationNm": "LG원앙.한성아파트",
			"stationNo": "39057",
			"transYn": "N",
			"fullSectDist": "227",
			"trnstnid": "101000006"
		},
		{
			"arsId": "39063",
			"beginTm": "04:07",
			"busRouteAbrv": "201",
			"busRouteId": "100100038",
			"busRouteNm": "201",
			"direction": "서울역환승센터",
			"gpsX": "127.1380826",
			"gpsY": "37.5905827435",
			"lastTm": "00:07",
			"posX": "212193.68708527385",
			"posY": "454571.5436455868",
			"routeType": "3",
			"sectSpd": "14",
			"section": "221900444",
			"seq": "11",
			"station": "221000057",
			"stationNm": "대림한숲아파트",
			"stationNo": "39063",
			"transYn": "N",
			"fullSectDist": "206",
			"trnstnid": "101000006"
		},
		{
			"arsId": "39077",
			"beginTm": "04:07",
			"busRouteAbrv": "201",
			"busRouteId": "100100038",
			"busRouteNm": "201",
			"direction": "서울역환승센터",
			"gpsX": "127.1401790831",
			"gpsY": "37.5920864234",
			"lastTm": "00:07",
			"posX": "212378.57266043883",
			"posY": "454738.69171221554",
			"routeType": "3",
			"sectSpd": "17",
			"section": "221900445",
			"seq": "12",
			"station": "221000101",
			"stationNm": "행정복지센터.새마을금고",
			"stationNo": "39077",
			"transYn": "N",
			"fullSectDist": "411",
			"trnstnid": "101000006"
		},
		{
			"arsId": "39059",
			"beginTm": "04:09",
			"busRouteAbrv": "201",
			"busRouteId": "100100038",
			"busRouteNm": "201",
			"direction": "서울역환승센터",
			"gpsX": "127.1431961801",
			"gpsY": "37.5915972455",
			"lastTm": "00:08",
			"posX": "212645.08158651282",
			"posY": "454684.80615097284",
			"routeType": "3",
			"sectSpd": "13",
			"section": "221600012",
			"seq": "13",
			"station": "221000100",
			"stationNm": "럭키아파트",
			"stationNo": "39059",
			"transYn": "N",
			"fullSectDist": "276",
			"trnstnid": "101000006"
		},
		{
			"arsId": "39074",
			"beginTm": "04:10",
			"busRouteAbrv": "201",
			"busRouteId": "100100038",
			"busRouteNm": "201",
			"direction": "서울역환승센터",
			"gpsX": "127.1461321883",
			"gpsY": "37.5911337999",
			"lastTm": "00:10",
			"posX": "212904.42888706573",
			"posY": "454633.7736975681",
			"routeType": "3",
			"sectSpd": "16",
			"section": "221600013",
			"seq": "14",
			"station": "221000099",
			"stationNm": "밀알마트.구리사회복지관.신토평",
			"stationNo": "39074",
			"transYn": "N",
			"fullSectDist": "277",
			"trnstnid": "101000006"
		},
		{
			"arsId": "39058",
			"beginTm": "04:11",
			"busRouteAbrv": "201",
			"busRouteId": "100100038",
			"busRouteNm": "201",
			"direction": "서울역환승센터",
			"gpsX": "127.1486154054",
			"gpsY": "37.5907362152",
			"lastTm": "00:11",
			"posX": "213123.78315591312",
			"posY": "454589.99502852047",
			"routeType": "3",
			"sectSpd": "13",
			"section": "221600014",
			"seq": "15",
			"station": "221000098",
			"stationNm": "수평사거리.우림아파트",
			"stationNo": "39058",
			"transYn": "N",
			"fullSectDist": "222",
			"trnstnid": "101000006"
		},
		{
			"arsId": "39064",
			"beginTm": "04:12",
			"busRouteAbrv": "201",
			"busRouteId": "100100038",
			"busRouteNm": "201",
			"direction": "서울역환승센터",
			"gpsX": "127.150379082",
			"gpsY": "37.5924991192",
			"lastTm": "00:12",
			"posX": "213279.2150204484",
			"posY": "454785.8846862037",
			"routeType": "3",
			"sectSpd": "9",
			"section": "221600015",
			"seq": "16",
			"station": "221000073",
			"stationNm": "구리여중고.성광교회",
			"stationNo": "39064",
			"transYn": "N",
			"fullSectDist": "296",
			"trnstnid": "101000006"
		},
		{
			"arsId": "39046",
			"beginTm": "04:12",
			"busRouteAbrv": "201",
			"busRouteId": "100100038",
			"busRouteNm": "201",
			"direction": "서울역환승센터",
			"gpsX": "127.1499402693",
			"gpsY": "37.594602224",
			"lastTm": "00:14",
			"posX": "213240.09304798947",
			"posY": "455019.219029407",
			"routeType": "3",
			"sectSpd": "14",
			"section": "221600016",
			"seq": "17",
			"station": "221000072",
			"stationNm": "검배사거리",
			"stationNo": "39046",
			"transYn": "N",
			"fullSectDist": "283",
			"trnstnid": "101000006"
		},
		{
			"arsId": "39071",
			"beginTm": "04:13",
			"busRouteAbrv": "201",
			"busRouteId": "100100038",
			"busRouteNm": "201",
			"direction": "서울역환승센터",
			"gpsX": "127.1488491117",
			"gpsY": "37.5948363144",
			"lastTm": "00:15",
			"posX": "213143.699928197",
			"posY": "455045.0444193953",
			"routeType": "3",
			"sectSpd": "8",
			"section": "221600017",
			"seq": "18",
			"station": "221000071",
			"stationNm": "수택1동행정복지센터",
			"stationNo": "39071",
			"transYn": "N",
			"fullSectDist": "100",
			"trnstnid": "101000006"
		},
		{
			"arsId": "39040",
			"beginTm": "04:14",
			"busRouteAbrv": "201",
			"busRouteId": "100100038",
			"busRouteNm": "201",
			"direction": "서울역환승센터",
			"gpsX": "127.1471004077",
			"gpsY": "37.5956470321",
			"lastTm": "00:16",
			"posX": "212989.14455214428",
			"posY": "455134.7721766634",
			"routeType": "3",
			"sectSpd": "21",
			"section": "221600018",
			"seq": "19",
			"station": "221000070",
			"stationNm": "수택동농협(구축협)",
			"stationNo": "39040",
			"transYn": "N",
			"fullSectDist": "180",
			"trnstnid": "101000006"
		},
		{
			"arsId": "39048",
			"beginTm": "04:14",
			"busRouteAbrv": "201",
			"busRouteId": "100100038",
			"busRouteNm": "201",
			"direction": "서울역환승센터",
			"gpsX": "127.1450991748",
			"gpsY": "37.5969887093",
			"lastTm": "00:16",
			"posX": "212812.2031053579",
			"posY": "455283.3926651417",
			"routeType": "3",
			"sectSpd": "15",
			"section": "221600019",
			"seq": "20",
			"station": "221000069",
			"stationNm": "남양시장.하이스트빌",
			"stationNo": "39048",
			"transYn": "N",
			"fullSectDist": "229",
			"trnstnid": "101000006"
		},
		{
			"arsId": "39049",
			"beginTm": "04:15",
			"busRouteAbrv": "201",
			"busRouteId": "100100038",
			"busRouteNm": "201",
			"direction": "서울역환승센터",
			"gpsX": "127.1427562254",
			"gpsY": "37.5990618084",
			"lastTm": "00:18",
			"posX": "212604.97169093613",
			"posY": "455513.1421075687",
			"routeType": "3",
			"sectSpd": "11",
			"section": "221600020",
			"seq": "21",
			"station": "221000068",
			"stationNm": "새마을금고.구리시장입구",
			"stationNo": "39049",
			"transYn": "N",
			"fullSectDist": "324",
			"trnstnid": "101000006"
		},
		{
			"arsId": "39038",
			"beginTm": "04:17",
			"busRouteAbrv": "201",
			"busRouteId": "100100038",
			"busRouteNm": "201",
			"direction": "서울역환승센터",
			"gpsX": "127.1387492606",
			"gpsY": "37.6005006183",
			"lastTm": "00:19",
			"posX": "212250.93189853206",
			"posY": "455672.2867850801",
			"routeType": "3",
			"sectSpd": "9",
			"section": "221600021",
			"seq": "22",
			"station": "221000241",
			"stationNm": "돌다리.구리전통시장(중)",
			"stationNo": "39038",
			"transYn": "N",
			"fullSectDist": "482",
			"trnstnid": "101000006"
		},
		{
			"arsId": "39010",
			"beginTm": "04:20",
			"busRouteAbrv": "201",
			"busRouteId": "100100038",
			"busRouteNm": "201",
			"direction": "서울역환승센터",
			"gpsX": "127.1336830952",
			"gpsY": "37.6007076356",
			"lastTm": "00:22",
			"posX": "211803.5794964827",
			"posY": "455694.6120926421",
			"routeType": "3",
			"sectSpd": "17",
			"section": "221600187",
			"seq": "23",
			"station": "221000243",
			"stationNm": "한양대구리병원(중)",
			"stationNo": "39010",
			"transYn": "N",
			"fullSectDist": "446",
			"trnstnid": "101000006"
		},
		{
			"arsId": "39028",
			"beginTm": "04:23",
			"busRouteAbrv": "201",
			"busRouteId": "100100038",
			"busRouteNm": "201",
			"direction": "서울역환승센터",
			"gpsX": "127.1290723728",
			"gpsY": "37.6009043147",
			"lastTm": "00:25",
			"posX": "211396.44452348741",
			"posY": "455715.86940495856",
			"routeType": "3",
			"sectSpd": "9",
			"section": "221900333",
			"seq": "24",
			"station": "221000245",
			"stationNm": "교문사거리(중)",
			"stationNo": "39028",
			"transYn": "N",
			"fullSectDist": "406",
			"trnstnid": "101000006"
		},
		{
			"arsId": "39021",
			"beginTm": "04:26",
			"busRouteAbrv": "201",
			"busRouteId": "100100038",
			"busRouteNm": "201",
			"direction": "서울역환승센터",
			"gpsX": "127.1200750313",
			"gpsY": "37.6006178336",
			"lastTm": "00:26",
			"posX": "210602.06464312493",
			"posY": "455683.0226645153",
			"routeType": "3",
			"sectSpd": "27",
			"section": "221900334",
			"seq": "25",
			"station": "221000247",
			"stationNm": "딸기원(중)",
			"stationNo": "39021",
			"transYn": "N",
			"fullSectDist": "806",
			"trnstnid": "101000006"
		},
		{
			"arsId": "07444",
			"beginTm": "04:28",
			"busRouteAbrv": "201",
			"busRouteId": "100100038",
			"busRouteNm": "201",
			"direction": "서울역환승센터",
			"gpsX": "127.1153104035",
			"gpsY": "37.6018460877",
			"lastTm": "00:28",
			"posX": "210181.20271715877",
			"posY": "455818.8034967389",
			"routeType": "3",
			"sectSpd": "14",
			"section": "106602908",
			"seq": "26",
			"station": "106000483",
			"stationNm": "망우리역사문화공원",
			"stationNo": "07444",
			"transYn": "N",
			"fullSectDist": "465",
			"trnstnid": "101000006"
		},
		{
			"arsId": "07143",
			"beginTm": "04:31",
			"busRouteAbrv": "201",
			"busRouteId": "100100038",
			"busRouteNm": "201",
			"direction": "서울역환승센터",
			"gpsX": "127.1071447935",
			"gpsY": "37.6006722617",
			"lastTm": "00:30",
			"posX": "209460.37775934",
			"posY": "455687.6816697228",
			"routeType": "3",
			"sectSpd": "29",
			"section": "106600191",
			"seq": "27",
			"station": "106000049",
			"stationNm": "망우동고개",
			"stationNo": "07143",
			"transYn": "N",
			"fullSectDist": "763",
			"trnstnid": "101000006"
		},
		{
			"arsId": "07011",
			"beginTm": "04:33",
			"busRouteAbrv": "201",
			"busRouteId": "100100038",
			"busRouteNm": "201",
			"direction": "서울역환승센터",
			"gpsX": "127.1040333871",
			"gpsY": "37.6005297976",
			"lastTm": "00:33",
			"posX": "209185.67274887525",
			"posY": "455671.5625080932",
			"routeType": "3",
			"sectSpd": "17",
			"section": "106600192",
			"seq": "28",
			"station": "106000431",
			"stationNm": "금란교회",
			"stationNo": "07011",
			"transYn": "N",
			"fullSectDist": "278",
			"trnstnid": "101000006"
		},
		{
			"arsId": "07009",
			"beginTm": "04:33",
			"busRouteAbrv": "201",
			"busRouteId": "100100038",
			"busRouteNm": "201",
			"direction": "서울역환승센터",
			"gpsX": "127.0990535274",
			"gpsY": "37.5996290675",
			"lastTm": "00:33",
			"posX": "208746.0792178696",
			"posY": "455571.1266380949",
			"routeType": "3",
			"sectSpd": "35",
			"section": "106600128",
			"seq": "29",
			"station": "106000433",
			"stationNm": "우림시장.망우사거리",
			"stationNo": "07009",
			"transYn": "N",
			"fullSectDist": "452",
			"trnstnid": "101000006"
		},
		{
			"arsId": "07007",
			"beginTm": "04:35",
			"busRouteAbrv": "201",
			"busRouteId": "100100038",
			"busRouteNm": "201",
			"direction": "서울역환승센터",
			"gpsX": "127.095565636",
			"gpsY": "37.5988214602",
			"lastTm": "00:35",
			"posX": "208438.20177076518",
			"posY": "455481.1816194081",
			"routeType": "3",
			"sectSpd": "31",
			"section": "106601940",
			"seq": "30",
			"station": "106000434",
			"stationNm": "망우역.망우지구대",
			"stationNo": "07007",
			"transYn": "N",
			"fullSectDist": "321",
			"trnstnid": "101000006"
		},
		{
			"arsId": "07001",
			"beginTm": "04:37",
			"busRouteAbrv": "201",
			"busRouteId": "100100038",
			"busRouteNm": "201",
			"direction": "서울역환승센터",
			"gpsX": "127.0911385806",
			"gpsY": "37.5978283589",
			"lastTm": "00:37",
			"posX": "208047.41095255804",
			"posY": "455370.581587275",
			"routeType": "3",
			"sectSpd": "32",
			"section": "106602698",
			"seq": "31",
			"station": "106000001",
			"stationNm": "망우역.상봉터미널",
			"stationNo": "07001",
			"transYn": "N",
			"fullSectDist": "407",
			"trnstnid": "101000006"
		},
		{
			"arsId": "07003",
			"beginTm": "04:39",
			"busRouteAbrv": "201",
			"busRouteId": "100100038",
			"busRouteNm": "201",
			"direction": "서울역환승센터",
			"gpsX": "127.0837435605",
			"gpsY": "37.5959590869",
			"lastTm": "00:38",
			"posX": "207394.62574207562",
			"posY": "455162.52737463266",
			"routeType": "3",
			"sectSpd": "40",
			"section": "106600006",
			"seq": "32",
			"station": "106000003",
			"stationNm": "상봉역.중랑우체국",
			"stationNo": "07003",
			"transYn": "N",
			"fullSectDist": "685",
			"trnstnid": "101000006"
		},
		{
			"arsId": "07005",
			"beginTm": "04:41",
			"busRouteAbrv": "201",
			"busRouteId": "100100038",
			"busRouteNm": "201",
			"direction": "서울역환승센터",
			"gpsX": "127.0761664915",
			"gpsY": "37.5939832153",
			"lastTm": "00:40",
			"posX": "206725.74200634833",
			"posY": "454942.6815145011",
			"routeType": "3",
			"sectSpd": "43",
			"section": "106600081",
			"seq": "33",
			"station": "106000005",
			"stationNm": "중랑역.동부시장",
			"stationNo": "07005",
			"transYn": "N",
			"fullSectDist": "702",
			"trnstnid": "101000006"
		},
		{
			"arsId": "06009",
			"beginTm": "04:43",
			"busRouteAbrv": "201",
			"busRouteId": "100100038",
			"busRouteNm": "201",
			"direction": "서울역환승센터",
			"gpsX": "127.0677039967",
			"gpsY": "37.5916996082",
			"lastTm": "00:42",
			"posX": "205978.6595563978",
			"posY": "454688.68146320805",
			"routeType": "3",
			"sectSpd": "34",
			"section": "105600176",
			"seq": "34",
			"station": "105000009",
			"stationNm": "중랑교",
			"stationNo": "06009",
			"transYn": "N",
			"fullSectDist": "778",
			"trnstnid": "101000006"
		},
		{
			"arsId": "06011",
			"beginTm": "04:45",
			"busRouteAbrv": "201",
			"busRouteId": "100100038",
			"busRouteNm": "201",
			"direction": "서울역환승센터",
			"gpsX": "127.0606916391",
			"gpsY": "37.5896516431",
			"lastTm": "00:44",
			"posX": "205359.57409755475",
			"posY": "454460.9814303075",
			"routeType": "3",
			"sectSpd": "26",
			"section": "105600179",
			"seq": "35",
			"station": "105000011",
			"stationNm": "삼육서울병원",
			"stationNo": "06011",
			"transYn": "N",
			"fullSectDist": "659",
			"trnstnid": "101000006"
		},
		{
			"arsId": "06013",
			"beginTm": "04:47",
			"busRouteAbrv": "201",
			"busRouteId": "100100038",
			"busRouteNm": "201",
			"direction": "서울역환승센터",
			"gpsX": "127.056888",
			"gpsY": "37.588707",
			"lastTm": "00:46",
			"posX": "205023.74474574917",
			"posY": "454355.9376765406",
			"routeType": "3",
			"sectSpd": "39",
			"section": "105600181",
			"seq": "36",
			"station": "105000013",
			"stationNm": "시조사삼거리",
			"stationNo": "06013",
			"transYn": "N",
			"fullSectDist": "352",
			"trnstnid": "101000006"
		},
		{
			"arsId": "06321",
			"beginTm": "04:49",
			"busRouteAbrv": "201",
			"busRouteId": "100100038",
			"busRouteNm": "201",
			"direction": "서울역환승센터",
			"gpsX": "127.0546770593",
			"gpsY": "37.588882349",
			"lastTm": "00:47",
			"posX": "204828.48657115008",
			"posY": "454375.28140180884",
			"routeType": "3",
			"sectSpd": "46",
			"section": "105602692",
			"seq": "37",
			"station": "105000234",
			"stationNm": "우산빌딩앞",
			"stationNo": "06321",
			"transYn": "N",
			"fullSectDist": "390",
			"trnstnid": "101000006"
		},
		{
			"arsId": "06271",
			"beginTm": "04:50",
			"busRouteAbrv": "201",
			"busRouteId": "100100038",
			"busRouteNm": "201",
			"direction": "서울역환승센터",
			"gpsX": "127.0528626372",
			"gpsY": "37.5915413875",
			"lastTm": "00:48",
			"posX": "204668.09033686394",
			"posY": "454670.28144053323",
			"routeType": "3",
			"sectSpd": "30",
			"section": "105600351",
			"seq": "38",
			"station": "105000185",
			"stationNm": "경희대입구",
			"stationNo": "06271",
			"transYn": "N",
			"fullSectDist": "487",
			"trnstnid": "101000006"
		},
		{
			"arsId": "06273",
			"beginTm": "04:51",
			"busRouteAbrv": "201",
			"busRouteId": "100100038",
			"busRouteNm": "201",
			"direction": "서울역환승센터",
			"gpsX": "127.0494529972",
			"gpsY": "37.591559986",
			"lastTm": "00:51",
			"posX": "204366.9974121558",
			"posY": "454672.18144630594",
			"routeType": "3",
			"sectSpd": "24",
			"section": "105600353",
			"seq": "39",
			"station": "105000187",
			"stationNm": "서울바이오허브.농촌경제연구원",
			"stationNo": "06273",
			"transYn": "N",
			"fullSectDist": "315",
			"trnstnid": "101000006"
		},
		{
			"arsId": "06274",
			"beginTm": "04:53",
			"busRouteAbrv": "201",
			"busRouteId": "100100038",
			"busRouteNm": "201",
			"direction": "서울역환승센터",
			"gpsX": "127.0460518297",
			"gpsY": "37.5917101133",
			"lastTm": "00:53",
			"posX": "204066.6456568079",
			"posY": "454688.6894065654",
			"routeType": "3",
			"sectSpd": "17",
			"section": "105600354",
			"seq": "40",
			"station": "105000188",
			"stationNm": "한국과학기술원.홍릉초등학교",
			"stationNo": "06274",
			"transYn": "N",
			"fullSectDist": "299",
			"trnstnid": "101000006"
		},
		{
			"arsId": "06278",
			"beginTm": "04:54",
			"busRouteAbrv": "201",
			"busRouteId": "100100038",
			"busRouteNm": "201",
			"direction": "서울역환승센터",
			"gpsX": "127.042380198",
			"gpsY": "37.5898533719",
			"lastTm": "00:54",
			"posX": "203742.51208440695",
			"posY": "454482.4814145835",
			"routeType": "3",
			"sectSpd": "26",
			"section": "105602757",
			"seq": "41",
			"station": "105000192",
			"stationNm": "세종대왕기념관",
			"stationNo": "06278",
			"transYn": "N",
			"fullSectDist": "497",
			"trnstnid": "101000006"
		},
		{
			"arsId": "06280",
			"beginTm": "04:56",
			"busRouteAbrv": "201",
			"busRouteId": "100100038",
			"busRouteNm": "201",
			"direction": "서울역환승센터",
			"gpsX": "127.0431751633",
			"gpsY": "37.5860009275",
			"lastTm": "00:56",
			"posX": "203812.91043128876",
			"posY": "454054.9813568252",
			"routeType": "3",
			"sectSpd": "68",
			"section": "105601623",
			"seq": "42",
			"station": "105000194",
			"stationNm": "영휘원사거리.(구)홍릉사거리",
			"stationNo": "06280",
			"transYn": "N",
			"fullSectDist": "436",
			"trnstnid": "101000006"
		},
		{
			"arsId": "06282",
			"beginTm": "04:57",
			"busRouteAbrv": "201",
			"busRouteId": "100100038",
			"busRouteNm": "201",
			"direction": "서울역환승센터",
			"gpsX": "127.0438781813",
			"gpsY": "37.583817328",
			"lastTm": "00:59",
			"posX": "203875.10896812417",
			"posY": "453812.6813190719",
			"routeType": "3",
			"sectSpd": "17",
			"section": "105900066",
			"seq": "43",
			"station": "105000196",
			"stationNm": "동대문경찰서",
			"stationNo": "06282",
			"transYn": "N",
			"fullSectDist": "249",
			"trnstnid": "101000006"
		},
		{
			"arsId": "06285",
			"beginTm": "04:59",
			"busRouteAbrv": "201",
			"busRouteId": "100100038",
			"busRouteNm": "201",
			"direction": "서울역환승센터",
			"gpsX": "127.0446557984",
			"gpsY": "37.5814859166",
			"lastTm": "01:00",
			"posX": "203943.90734897729",
			"posY": "453553.98128645355",
			"routeType": "3",
			"sectSpd": "26",
			"section": "105601625",
			"seq": "44",
			"station": "105000199",
			"stationNm": "현대코아",
			"stationNo": "06285",
			"transYn": "N",
			"fullSectDist": "269",
			"trnstnid": "101000006"
		},
		{
			"arsId": "06022",
			"beginTm": "04:59",
			"busRouteAbrv": "201",
			"busRouteId": "100100038",
			"busRouteNm": "201",
			"direction": "서울역환승센터",
			"gpsX": "127.0407118444",
			"gpsY": "37.5787822693",
			"lastTm": "01:01",
			"posX": "203595.71553368832",
			"posY": "453253.78124357713",
			"routeType": "3",
			"sectSpd": "46",
			"section": "105602458",
			"seq": "45",
			"station": "105000480",
			"stationNm": "청량리.청과물도매시장",
			"stationNo": "06022",
			"transYn": "N",
			"fullSectDist": "547",
			"trnstnid": "101000006"
		},
		{
			"arsId": "06024",
			"beginTm": "05:02",
			"busRouteAbrv": "201",
			"busRouteId": "100100038",
			"busRouteNm": "201",
			"direction": "서울역환승센터",
			"gpsX": "127.0365057166",
			"gpsY": "37.5782338521",
			"lastTm": "01:04",
			"posX": "203224.2492673382",
			"posY": "453192.7670814595",
			"routeType": "3",
			"sectSpd": "46",
			"section": "105602542",
			"seq": "46",
			"station": "105000481",
			"stationNm": "제기동역.서울약령시",
			"stationNo": "06024",
			"transYn": "N",
			"fullSectDist": "482",
			"trnstnid": "101000006"
		},
		{
			"arsId": "06026",
			"beginTm": "05:04",
			"busRouteAbrv": "201",
			"busRouteId": "100100038",
			"busRouteNm": "201",
			"direction": "서울역환승센터",
			"gpsX": "127.028388299",
			"gpsY": "37.5771458908",
			"lastTm": "01:05",
			"posX": "202507.34109509352",
			"posY": "453071.78120663017",
			"routeType": "3",
			"sectSpd": "53",
			"section": "105602627",
			"seq": "47",
			"station": "105000483",
			"stationNm": "용두동사거리.한국의류시험연구원",
			"stationNo": "06026",
			"transYn": "N",
			"fullSectDist": "654",
			"trnstnid": "101000006"
		},
		{
			"arsId": "06028",
			"beginTm": "05:05",
			"busRouteAbrv": "201",
			"busRouteId": "100100038",
			"busRouteNm": "201",
			"direction": "서울역환승센터",
			"gpsX": "127.0238433051",
			"gpsY": "37.575826798",
			"lastTm": "01:07",
			"posX": "202105.95052436832",
			"posY": "452925.2811903991",
			"routeType": "3",
			"sectSpd": "7",
			"section": "105602632",
			"seq": "48",
			"station": "105000485",
			"stationNm": "신설동역",
			"stationNo": "06028",
			"transYn": "N",
			"fullSectDist": "439",
			"trnstnid": "101000006"
		},
		{
			"arsId": "01044",
			"beginTm": "05:06",
			"busRouteAbrv": "201",
			"busRouteId": "100100038",
			"busRouteNm": "201",
			"direction": "서울역환승센터",
			"gpsX": "127.0196720085",
			"gpsY": "37.5742434484",
			"lastTm": "01:09",
			"posX": "201737.55918234674",
			"posY": "452749.48116265796",
			"routeType": "3",
			"sectSpd": "29",
			"section": "100602805",
			"seq": "49",
			"station": "100000367",
			"stationNm": "동묘앞",
			"stationNo": "01044",
			"transYn": "N",
			"fullSectDist": "407",
			"trnstnid": "101000006"
		},
		{
			"arsId": "01037",
			"beginTm": "05:07",
			"busRouteAbrv": "201",
			"busRouteId": "100100038",
			"busRouteNm": "201",
			"direction": "서울역환승센터",
			"gpsX": "127.0120461121",
			"gpsY": "37.5719529259",
			"lastTm": "01:10",
			"posX": "201064.02321399935",
			"posY": "452495.1732256394",
			"routeType": "3",
			"sectSpd": "28",
			"section": "100602007",
			"seq": "50",
			"station": "100000365",
			"stationNm": "동대문(흥인지문)",
			"stationNo": "01037",
			"transYn": "N",
			"fullSectDist": "719",
			"trnstnid": "101000006"
		},
		{
			"arsId": "01022",
			"beginTm": "05:10",
			"busRouteAbrv": "201",
			"busRouteId": "100100038",
			"busRouteNm": "201",
			"direction": "서울역환승센터",
			"gpsX": "127.0057137364",
			"gpsY": "37.5711272339",
			"lastTm": "01:12",
			"posX": "200504.69522692286",
			"posY": "452403.4879552657",
			"routeType": "3",
			"sectSpd": "43",
			"section": "100602846",
			"seq": "51",
			"station": "100000397",
			"stationNm": "종로6가.동대문종합시장",
			"stationNo": "01022",
			"transYn": "N",
			"fullSectDist": "629",
			"trnstnid": "101000006"
		},
		{
			"arsId": "01020",
			"beginTm": "05:13",
			"busRouteAbrv": "201",
			"busRouteId": "100100038",
			"busRouteNm": "201",
			"direction": "서울역환승센터",
			"gpsX": "126.9993346185",
			"gpsY": "37.5708806279",
			"lastTm": "01:14",
			"posX": "199941.22655461193",
			"posY": "452376.10534976656",
			"routeType": "3",
			"sectSpd": "45",
			"section": "100602443",
			"seq": "52",
			"station": "100000395",
			"stationNm": "종로5가.광장시장",
			"stationNo": "01020",
			"transYn": "N",
			"fullSectDist": "564",
			"trnstnid": "101000006"
		},
		{
			"arsId": "01018",
			"beginTm": "05:14",
			"busRouteAbrv": "201",
			"busRouteId": "100100038",
			"busRouteNm": "201",
			"direction": "서울역환승센터",
			"gpsX": "126.9952838124",
			"gpsY": "37.5706271118",
			"lastTm": "01:16",
			"posX": "199583.41562846923",
			"posY": "452347.9812689284",
			"routeType": "3",
			"sectSpd": "66",
			"section": "100602849",
			"seq": "53",
			"station": "100000393",
			"stationNm": "종로4가.종묘",
			"stationNo": "01018",
			"transYn": "N",
			"fullSectDist": "357",
			"trnstnid": "101000006"
		},
		{
			"arsId": "01016",
			"beginTm": "05:15",
			"busRouteAbrv": "201",
			"busRouteId": "100100038",
			"busRouteNm": "201",
			"direction": "서울역환승센터",
			"gpsX": "126.9899877751",
			"gpsY": "37.5703605443",
			"lastTm": "01:17",
			"posX": "199115.60954706353",
			"posY": "452318.4352062321",
			"routeType": "3",
			"sectSpd": "31",
			"section": "100602421",
			"seq": "54",
			"station": "100000391",
			"stationNm": "종로3가.탑골공원",
			"stationNo": "01016",
			"transYn": "N",
			"fullSectDist": "469",
			"trnstnid": "101000006"
		},
		{
			"arsId": "01014",
			"beginTm": "05:16",
			"busRouteAbrv": "201",
			"busRouteId": "100100038",
			"busRouteNm": "201",
			"direction": "서울역환승센터",
			"gpsX": "126.9862474502",
			"gpsY": "37.5702571998",
			"lastTm": "01:18",
			"posX": "198785.22099851177",
			"posY": "452307.00817494653",
			"routeType": "3",
			"sectSpd": "25",
			"section": "100602423",
			"seq": "55",
			"station": "100000389",
			"stationNm": "종로2가",
			"stationNo": "01014",
			"transYn": "N",
			"fullSectDist": "330",
			"trnstnid": "101000006"
		},
		{
			"arsId": "02246",
			"beginTm": "05:18",
			"busRouteAbrv": "201",
			"busRouteId": "100100038",
			"busRouteNm": "201",
			"direction": "서울역환승센터",
			"gpsX": "126.9824738253",
			"gpsY": "37.567557685",
			"lastTm": "01:20",
			"posX": "198451.83636724565",
			"posY": "452007.48106555874",
			"routeType": "3",
			"sectSpd": "37",
			"section": "101600277",
			"seq": "56",
			"station": "101000141",
			"stationNm": "을지로입구역.광교",
			"stationNo": "02246",
			"transYn": "N",
			"fullSectDist": "587",
			"trnstnid": "101000006"
		},
		{
			"arsId": "02141",
			"beginTm": "05:21",
			"busRouteAbrv": "201",
			"busRouteId": "100100038",
			"busRouteNm": "201",
			"direction": "서울역환승센터",
			"gpsX": "126.9815478394",
			"gpsY": "37.5628907847",
			"lastTm": "01:23",
			"posX": "198369.9382925068",
			"posY": "451489.5809891457",
			"routeType": "3",
			"sectSpd": "63",
			"section": "101600336",
			"seq": "57",
			"station": "101000042",
			"stationNm": "해운센터.롯데영프라자",
			"stationNo": "02141",
			"transYn": "N",
			"fullSectDist": "534",
			"trnstnid": "101000006"
		},
		{
			"arsId": "02127",
			"beginTm": "05:22",
			"busRouteAbrv": "201",
			"busRouteId": "100100038",
			"busRouteNm": "201",
			"direction": "서울역환승센터",
			"gpsX": "126.97792",
			"gpsY": "37.561175",
			"lastTm": "01:23",
			"posX": "198049.41064677207",
			"posY": "451299.2386104381",
			"routeType": "3",
			"sectSpd": "32",
			"section": "101600554",
			"seq": "58",
			"station": "101000032",
			"stationNm": "북창동.남대문시장",
			"stationNo": "02127",
			"transYn": "N",
			"fullSectDist": "423",
			"trnstnid": "101000006"
		},
		{
			"arsId": "02006",
			"beginTm": "05:24",
			"busRouteAbrv": "201",
			"busRouteId": "100100038",
			"busRouteNm": "201",
			"direction": "서울역환승센터",
			"gpsX": "126.9728547738",
			"gpsY": "37.5554794133",
			"lastTm": "01:24",
			"posX": "197601.75634077538",
			"posY": "450667.2808834594",
			"routeType": "3",
			"sectSpd": "28",
			"section": "101604586",
			"seq": "59",
			"station": "101000006",
			"stationNm": "서울역버스환승센터",
			"stationNo": "02006",
			"transYn": "Y",
			"fullSectDist": "1433",
			"trnstnid": "101000006"
		},
		{
			"arsId": "02122",
			"beginTm": "05:28",
			"busRouteAbrv": "201",
			"busRouteId": "100100038",
			"busRouteNm": "201",
			"direction": "수택동차고지",
			"gpsX": "126.9740436876",
			"gpsY": "37.5584195299",
			"lastTm": "01:28",
			"posX": "197706.885354797",
			"posY": "450993.5342799411",
			"routeType": "3",
			"sectSpd": "12",
			"section": "101604498",
			"seq": "60",
			"station": "101000027",
			"stationNm": "숭례문",
			"stationNo": "02122",
			"transYn": "N",
			"fullSectDist": "383",
			"trnstnid": "101000006"
		},
		{
			"arsId": "02219",
			"beginTm": "05:31",
			"busRouteAbrv": "201",
			"busRouteId": "100100038",
			"busRouteNm": "201",
			"direction": "수택동차고지",
			"gpsX": "126.978580386",
			"gpsY": "37.5609394169",
			"lastTm": "01:32",
			"posX": "198107.7444491846",
			"posY": "451273.0809670035",
			"routeType": "3",
			"sectSpd": "37",
			"section": "101604445",
			"seq": "61",
			"station": "101000114",
			"stationNm": "남대문시장앞.이회영활동터",
			"stationNo": "02219",
			"transYn": "N",
			"fullSectDist": "548",
			"trnstnid": "101000006"
		},
		{
			"arsId": "02142",
			"beginTm": "05:32",
			"busRouteAbrv": "201",
			"busRouteId": "100100038",
			"busRouteNm": "201",
			"direction": "수택동차고지",
			"gpsX": "126.982008",
			"gpsY": "37.562885",
			"lastTm": "01:34",
			"posX": "198410.58870350046",
			"posY": "451488.93114278605",
			"routeType": "3",
			"sectSpd": "15",
			"section": "101602310",
			"seq": "62",
			"station": "101000043",
			"stationNm": "롯데영프라자",
			"stationNo": "02142",
			"transYn": "N",
			"fullSectDist": "721",
			"trnstnid": "101000006"
		},
		{
			"arsId": "02139",
			"beginTm": "05:33",
			"busRouteAbrv": "201",
			"busRouteId": "100100038",
			"busRouteNm": "201",
			"direction": "수택동차고지",
			"gpsX": "126.9829289124",
			"gpsY": "37.5675190047",
			"lastTm": "01:36",
			"posX": "198492.03542086759",
			"posY": "452003.1810640185",
			"routeType": "3",
			"sectSpd": "35",
			"section": "101604588",
			"seq": "63",
			"station": "101000040",
			"stationNm": "우리은행종로지점",
			"stationNo": "02139",
			"transYn": "N",
			"fullSectDist": "525",
			"trnstnid": "101000006"
		},
		{
			"arsId": "01013",
			"beginTm": "05:36",
			"busRouteAbrv": "201",
			"busRouteId": "100100038",
			"busRouteNm": "201",
			"direction": "수택동차고지",
			"gpsX": "126.9855426998",
			"gpsY": "37.5701386788",
			"lastTm": "01:37",
			"posX": "198722.9675375287",
			"posY": "452293.8644756656",
			"routeType": "3",
			"sectSpd": "66",
			"section": "100602881",
			"seq": "64",
			"station": "100000388",
			"stationNm": "종로2가",
			"stationNo": "01013",
			"transYn": "N",
			"fullSectDist": "492",
			"trnstnid": "101000006"
		},
		{
			"arsId": "01015",
			"beginTm": "05:37",
			"busRouteAbrv": "201",
			"busRouteId": "100100038",
			"busRouteNm": "201",
			"direction": "수택동차고지",
			"gpsX": "126.9895646721",
			"gpsY": "37.5702449756",
			"lastTm": "01:38",
			"posX": "199078.23498555293",
			"posY": "452305.61386473756",
			"routeType": "3",
			"sectSpd": "44",
			"section": "100602885",
			"seq": "65",
			"station": "100000390",
			"stationNm": "종로3가.탑골공원",
			"stationNo": "01015",
			"transYn": "N",
			"fullSectDist": "358",
			"trnstnid": "101000006"
		},
		{
			"arsId": "01017",
			"beginTm": "05:38",
			"busRouteAbrv": "201",
			"busRouteId": "100100038",
			"busRouteNm": "201",
			"direction": "수택동차고지",
			"gpsX": "126.9947218896",
			"gpsY": "37.5705069968",
			"lastTm": "01:38",
			"posX": "199533.77981926294",
			"posY": "452334.6539678569",
			"routeType": "3",
			"sectSpd": "102",
			"section": "100602887",
			"seq": "66",
			"station": "100000392",
			"stationNm": "종로4가.종묘",
			"stationNo": "01017",
			"transYn": "N",
			"fullSectDist": "457",
			"trnstnid": "101000006"
		},
		{
			"arsId": "01019",
			"beginTm": "05:39",
			"busRouteAbrv": "201",
			"busRouteId": "100100038",
			"busRouteNm": "201",
			"direction": "수택동차고지",
			"gpsX": "126.9988498093",
			"gpsY": "37.570756793",
			"lastTm": "01:40",
			"posX": "199898.40297299463",
			"posY": "452362.36300083343",
			"routeType": "3",
			"sectSpd": "25",
			"section": "100602439",
			"seq": "67",
			"station": "100000394",
			"stationNm": "종로5가.광장시장",
			"stationNo": "01019",
			"transYn": "N",
			"fullSectDist": "366",
			"trnstnid": "101000006"
		},
		{
			"arsId": "01021",
			"beginTm": "05:41",
			"busRouteAbrv": "201",
			"busRouteId": "100100038",
			"busRouteNm": "201",
			"direction": "수택동차고지",
			"gpsX": "127.0047701151",
			"gpsY": "37.5709220832",
			"lastTm": "01:41",
			"posX": "200421.34616609773",
			"posY": "452380.71640000027",
			"routeType": "3",
			"sectSpd": "49",
			"section": "100602447",
			"seq": "68",
			"station": "100000396",
			"stationNm": "종로6가.동대문종합시장",
			"stationNo": "01021",
			"transYn": "N",
			"fullSectDist": "407",
			"trnstnid": "101000006"
		},
		{
			"arsId": "01023",
			"beginTm": "05:43",
			"busRouteAbrv": "201",
			"busRouteId": "100100038",
			"busRouteNm": "201",
			"direction": "수택동차고지",
			"gpsX": "127.0134512388",
			"gpsY": "37.5723023219",
			"lastTm": "01:43",
			"posX": "201188.13135412327",
			"posY": "452533.96481558215",
			"routeType": "3",
			"sectSpd": "27",
			"section": "100602449",
			"seq": "69",
			"station": "100000398",
			"stationNm": "동대문역.흥인지문",
			"stationNo": "01023",
			"transYn": "N",
			"fullSectDist": "907",
			"trnstnid": "101000006"
		},
		{
			"arsId": "01041",
			"beginTm": "05:45",
			"busRouteAbrv": "201",
			"busRouteId": "100100038",
			"busRouteNm": "201",
			"direction": "수택동차고지",
			"gpsX": "127.018408522",
			"gpsY": "37.5737786638",
			"lastTm": "01:45",
			"posX": "201625.969977258",
			"posY": "452697.87835549144",
			"routeType": "3",
			"sectSpd": "41",
			"section": "100603270",
			"seq": "70",
			"station": "100000366",
			"stationNm": "동묘앞",
			"stationNo": "01041",
			"transYn": "N",
			"fullSectDist": "466",
			"trnstnid": "101000006"
		},
		{
			"arsId": "06027",
			"beginTm": "05:48",
			"busRouteAbrv": "201",
			"busRouteId": "100100038",
			"busRouteNm": "201",
			"direction": "수택동차고지",
			"gpsX": "127.0250446359",
			"gpsY": "37.5761500409",
			"lastTm": "01:46",
			"posX": "202212.04803323443",
			"posY": "452961.18119044555",
			"routeType": "3",
			"sectSpd": "58",
			"section": "105602633",
			"seq": "71",
			"station": "105000486",
			"stationNm": "신설동역",
			"stationNo": "06027",
			"transYn": "N",
			"fullSectDist": "643",
			"trnstnid": "101000006"
		},
		{
			"arsId": "06025",
			"beginTm": "05:49",
			"busRouteAbrv": "201",
			"busRouteId": "100100038",
			"busRouteNm": "201",
			"direction": "수택동차고지",
			"gpsX": "127.0299882252",
			"gpsY": "37.5775320632",
			"lastTm": "01:49",
			"posX": "202648.63777771877",
			"posY": "453114.6812135731",
			"routeType": "3",
			"sectSpd": "42",
			"section": "105602552",
			"seq": "72",
			"station": "105000484",
			"stationNm": "용두동사거리",
			"stationNo": "06025",
			"transYn": "N",
			"fullSectDist": "463",
			"trnstnid": "101000006"
		},
		{
			"arsId": "06023",
			"beginTm": "05:50",
			"busRouteAbrv": "201",
			"busRouteId": "100100038",
			"busRouteNm": "201",
			"direction": "수택동차고지",
			"gpsX": "127.0376239965",
			"gpsY": "37.578139014",
			"lastTm": "01:49",
			"posX": "203323.02193866382",
			"posY": "453182.28123341175",
			"routeType": "3",
			"sectSpd": "41",
			"section": "105602559",
			"seq": "73",
			"station": "105000482",
			"stationNm": "제기동역.서울약령시",
			"stationNo": "06023",
			"transYn": "N",
			"fullSectDist": "705",
			"trnstnid": "101000006"
		},
		{
			"arsId": "06418",
			"beginTm": "05:52",
			"busRouteAbrv": "201",
			"busRouteId": "100100038",
			"busRouteNm": "201",
			"direction": "수택동차고지",
			"gpsX": "127.0408714095",
			"gpsY": "37.5786434462",
			"lastTm": "01:51",
			"posX": "203609.81520430747",
			"posY": "453238.3812404233",
			"routeType": "3",
			"sectSpd": "18",
			"section": "105602473",
			"seq": "74",
			"station": "105000289",
			"stationNm": "청량리수산시장",
			"stationNo": "06418",
			"transYn": "N",
			"fullSectDist": "298",
			"trnstnid": "101000006"
		},
		{
			"arsId": "06284",
			"beginTm": "05:53",
			"busRouteAbrv": "201",
			"busRouteId": "100100038",
			"busRouteNm": "201",
			"direction": "수택동차고지",
			"gpsX": "127.0448733855",
			"gpsY": "37.5818120287",
			"lastTm": "01:53",
			"posX": "203963.1069033826",
			"posY": "453590.18128896924",
			"routeType": "3",
			"sectSpd": "37",
			"section": "105602760",
			"seq": "75",
			"station": "105000198",
			"stationNm": "현대코아",
			"stationNo": "06284",
			"transYn": "N",
			"fullSectDist": "605",
			"trnstnid": "101000006"
		},
		{
			"arsId": "06283",
			"beginTm": "05:54",
			"busRouteAbrv": "201",
			"busRouteId": "100100038",
			"busRouteNm": "201",
			"direction": "수택동차고지",
			"gpsX": "127.0442607393",
			"gpsY": "37.5835585724",
			"lastTm": "01:55",
			"posX": "203908.90817407685",
			"posY": "453783.98131555226",
			"routeType": "3",
			"sectSpd": "21",
			"section": "105601626",
			"seq": "76",
			"station": "105000197",
			"stationNm": "동대문경찰서",
			"stationNo": "06283",
			"transYn": "N",
			"fullSectDist": "204",
			"trnstnid": "101000006"
		},
		{
			"arsId": "06281",
			"beginTm": "05:56",
			"busRouteAbrv": "201",
			"busRouteId": "100100038",
			"busRouteNm": "201",
			"direction": "수택동차고지",
			"gpsX": "127.043466176",
			"gpsY": "37.586014337",
			"lastTm": "01:56",
			"posX": "203838.6098287751",
			"posY": "454056.4813523134",
			"routeType": "3",
			"sectSpd": "18",
			"section": "105601627",
			"seq": "77",
			"station": "105000195",
			"stationNm": "영휘원사거리.(구)홍릉사거리",
			"stationNo": "06281",
			"transYn": "N",
			"fullSectDist": "280",
			"trnstnid": "101000006"
		},
		{
			"arsId": "06279",
			"beginTm": "05:57",
			"busRouteAbrv": "201",
			"busRouteId": "100100038",
			"busRouteNm": "201",
			"direction": "수택동차고지",
			"gpsX": "127.0425673859",
			"gpsY": "37.5904615395",
			"lastTm": "01:56",
			"posX": "203759.0116928412",
			"posY": "454549.9814214227",
			"routeType": "3",
			"sectSpd": "38",
			"section": "105600370",
			"seq": "78",
			"station": "105000193",
			"stationNm": "세종대왕기념관",
			"stationNo": "06279",
			"transYn": "N",
			"fullSectDist": "515",
			"trnstnid": "101000006"
		},
		{
			"arsId": "06275",
			"beginTm": "06:00",
			"busRouteAbrv": "201",
			"busRouteId": "100100038",
			"busRouteNm": "201",
			"direction": "수택동차고지",
			"gpsX": "127.0468484458",
			"gpsY": "37.591506082",
			"lastTm": "01:57",
			"posX": "204137.002811674",
			"posY": "454666.08143723616",
			"routeType": "3",
			"sectSpd": "29",
			"section": "105602763",
			"seq": "79",
			"station": "105000189",
			"stationNm": "한국과학기술원.홍릉초등학교",
			"stationNo": "06275",
			"transYn": "N",
			"fullSectDist": "485",
			"trnstnid": "101000006"
		},
		{
			"arsId": "06272",
			"beginTm": "06:01",
			"busRouteAbrv": "201",
			"busRouteId": "100100038",
			"busRouteNm": "201",
			"direction": "수택동차고지",
			"gpsX": "127.0500054703",
			"gpsY": "37.591354305",
			"lastTm": "01:58",
			"posX": "204415.79626943904",
			"posY": "454649.3814396709",
			"routeType": "3",
			"sectSpd": "17",
			"section": "105600373",
			"seq": "80",
			"station": "105000186",
			"stationNm": "서울바이오허브.농촌경제연구원",
			"stationNo": "06272",
			"transYn": "N",
			"fullSectDist": "279",
			"trnstnid": "101000006"
		},
		{
			"arsId": "06270",
			"beginTm": "06:02",
			"busRouteAbrv": "201",
			"busRouteId": "100100038",
			"busRouteNm": "201",
			"direction": "수택동차고지",
			"gpsX": "127.0529190715",
			"gpsY": "37.5912791455",
			"lastTm": "01:58",
			"posX": "204673.09022464874",
			"posY": "454641.1814453099",
			"routeType": "3",
			"sectSpd": "48",
			"section": "105600375",
			"seq": "81",
			"station": "105000184",
			"stationNm": "경희대입구",
			"stationNo": "06270",
			"transYn": "N",
			"fullSectDist": "284",
			"trnstnid": "101000006"
		},
		{
			"arsId": "06012",
			"beginTm": "06:03",
			"busRouteAbrv": "201",
			"busRouteId": "100100038",
			"busRouteNm": "201",
			"direction": "수택동차고지",
			"gpsX": "127.0620677224",
			"gpsY": "37.5899572977",
			"lastTm": "02:00",
			"posX": "205481.0712398855",
			"posY": "454494.98143020505",
			"routeType": "3",
			"sectSpd": "39",
			"section": "105600210",
			"seq": "82",
			"station": "105000012",
			"stationNm": "삼육서울병원",
			"stationNo": "06012",
			"transYn": "N",
			"fullSectDist": "1338",
			"trnstnid": "101000006"
		},
		{
			"arsId": "06010",
			"beginTm": "06:07",
			"busRouteAbrv": "201",
			"busRouteId": "100100038",
			"busRouteNm": "201",
			"direction": "수택동차고지",
			"gpsX": "127.0669234734",
			"gpsY": "37.5913657495",
			"lastTm": "02:04",
			"posX": "205909.7611685012",
			"posY": "454651.5814619246",
			"routeType": "3",
			"sectSpd": "21",
			"section": "105600212",
			"seq": "83",
			"station": "105000010",
			"stationNm": "중랑교",
			"stationNo": "06010",
			"transYn": "N",
			"fullSectDist": "456",
			"trnstnid": "101000006"
		},
		{
			"arsId": "07006",
			"beginTm": "06:09",
			"busRouteAbrv": "201",
			"busRouteId": "100100038",
			"busRouteNm": "201",
			"direction": "수택동차고지",
			"gpsX": "127.0750970737",
			"gpsY": "37.5935865206",
			"lastTm": "02:06",
			"posX": "206631.34422177108",
			"posY": "454898.58150125155",
			"routeType": "3",
			"sectSpd": "45",
			"section": "106602667",
			"seq": "84",
			"station": "106000006",
			"stationNm": "중랑역.동부시장",
			"stationNo": "07006",
			"transYn": "N",
			"fullSectDist": "760",
			"trnstnid": "101000006"
		},
		{
			"arsId": "07004",
			"beginTm": "06:10",
			"busRouteAbrv": "201",
			"busRouteId": "100100038",
			"busRouteNm": "201",
			"direction": "수택동차고지",
			"gpsX": "127.0828597726",
			"gpsY": "37.5956652771",
			"lastTm": "02:08",
			"posX": "207316.61529329032",
			"posY": "455129.8520263098",
			"routeType": "3",
			"sectSpd": "29",
			"section": "106601924",
			"seq": "85",
			"station": "106000004",
			"stationNm": "상봉역.중랑우체국",
			"stationNo": "07004",
			"transYn": "N",
			"fullSectDist": "721",
			"trnstnid": "101000006"
		},
		{
			"arsId": "07002",
			"beginTm": "06:12",
			"busRouteAbrv": "201",
			"busRouteId": "100100038",
			"busRouteNm": "201",
			"direction": "수택동차고지",
			"gpsX": "127.0903499768",
			"gpsY": "37.597507277",
			"lastTm": "02:10",
			"posX": "207977.81259245344",
			"posY": "455334.88158580055",
			"routeType": "3",
			"sectSpd": "47",
			"section": "106602700",
			"seq": "86",
			"station": "106000002",
			"stationNm": "망우역.상봉터미널",
			"stationNo": "07002",
			"transYn": "N",
			"fullSectDist": "694",
			"trnstnid": "101000006"
		},
		{
			"arsId": "07008",
			"beginTm": "06:15",
			"busRouteAbrv": "201",
			"busRouteId": "100100038",
			"busRouteNm": "201",
			"direction": "수택동차고지",
			"gpsX": "127.0948710737",
			"gpsY": "37.5985580019",
			"lastTm": "02:11",
			"posX": "208376.90321604512",
			"posY": "455451.88160936115",
			"routeType": "3",
			"sectSpd": "39",
			"section": "106600142",
			"seq": "87",
			"station": "106000435",
			"stationNm": "망우역.망우지구대",
			"stationNo": "07008",
			"transYn": "N",
			"fullSectDist": "415",
			"trnstnid": "101000006"
		},
		{
			"arsId": "07010",
			"beginTm": "06:17",
			"busRouteAbrv": "201",
			"busRouteId": "100100038",
			"busRouteNm": "201",
			"direction": "수택동차고지",
			"gpsX": "127.0979162708",
			"gpsY": "37.5992996767",
			"lastTm": "02:14",
			"posX": "208645.70153820433",
			"posY": "455534.4664996527",
			"routeType": "3",
			"sectSpd": "42",
			"section": "106600144",
			"seq": "88",
			"station": "106000432",
			"stationNm": "우림시장.망우사거리",
			"stationNo": "07010",
			"transYn": "N",
			"fullSectDist": "283",
			"trnstnid": "101000006"
		},
		{
			"arsId": "07012",
			"beginTm": "06:19",
			"busRouteAbrv": "201",
			"busRouteId": "100100038",
			"busRouteNm": "201",
			"direction": "수택동차고지",
			"gpsX": "127.1033574704",
			"gpsY": "37.6003640418",
			"lastTm": "02:15",
			"posX": "209126.01262315226",
			"posY": "455653.1015077401",
			"routeType": "3",
			"sectSpd": "74",
			"section": "106602706",
			"seq": "89",
			"station": "106000430",
			"stationNm": "금란교회",
			"stationNo": "07012",
			"transYn": "N",
			"fullSectDist": "500",
			"trnstnid": "101000006"
		},
		{
			"arsId": "07014",
			"beginTm": "06:20",
			"busRouteAbrv": "201",
			"busRouteId": "100100038",
			"busRouteNm": "201",
			"direction": "수택동차고지",
			"gpsX": "127.107756",
			"gpsY": "37.600478",
			"lastTm": "02:17",
			"posX": "209514.36915391745",
			"posY": "455666.1848215242",
			"routeType": "3",
			"sectSpd": "15",
			"section": "106600147",
			"seq": "90",
			"station": "106000429",
			"stationNm": "동부제일병원.망우리공원",
			"stationNo": "07014",
			"transYn": "N",
			"fullSectDist": "389",
			"trnstnid": "101000006"
		},
		{
			"arsId": "07443",
			"beginTm": "06:21",
			"busRouteAbrv": "201",
			"busRouteId": "100100038",
			"busRouteNm": "201",
			"direction": "수택동차고지",
			"gpsX": "127.1151280133",
			"gpsY": "37.6014593305",
			"lastTm": "02:19",
			"posX": "210165.1513981324",
			"posY": "455775.8625334692",
			"routeType": "3",
			"sectSpd": "52",
			"section": "106602910",
			"seq": "91",
			"station": "106000482",
			"stationNm": "망우리역사문화공원",
			"stationNo": "07443",
			"transYn": "N",
			"fullSectDist": "710",
			"trnstnid": "101000006"
		},
		{
			"arsId": "39026",
			"beginTm": "06:23",
			"busRouteAbrv": "201",
			"busRouteId": "100100038",
			"busRouteNm": "201",
			"direction": "수택동차고지",
			"gpsX": "127.1197124748",
			"gpsY": "37.6004789229",
			"lastTm": "02:20",
			"posX": "210570.0722381228",
			"posY": "455667.5658840672",
			"routeType": "3",
			"sectSpd": "25",
			"section": "106600150",
			"seq": "92",
			"station": "221000248",
			"stationNm": "딸기원(중)",
			"stationNo": "39026",
			"transYn": "N",
			"fullSectDist": "437",
			"trnstnid": "101000006"
		},
		{
			"arsId": "39025",
			"beginTm": "06:24",
			"busRouteAbrv": "201",
			"busRouteId": "100100038",
			"busRouteNm": "201",
			"direction": "수택동차고지",
			"gpsX": "127.1286163122",
			"gpsY": "37.6008210373",
			"lastTm": "02:22",
			"posX": "211356.18929615826",
			"posY": "455706.57226678403",
			"routeType": "3",
			"sectSpd": "31",
			"section": "221900336",
			"seq": "93",
			"station": "221000246",
			"stationNm": "교문사거리(중)",
			"stationNo": "39025",
			"transYn": "N",
			"fullSectDist": "797",
			"trnstnid": "101000006"
		},
		{
			"arsId": "39029",
			"beginTm": "06:25",
			"busRouteAbrv": "201",
			"busRouteId": "100100038",
			"busRouteNm": "201",
			"direction": "수택동차고지",
			"gpsX": "127.1331886368",
			"gpsY": "37.6006193081",
			"lastTm": "02:23",
			"posX": "211759.9350620011",
			"posY": "455684.74772224016",
			"routeType": "3",
			"sectSpd": "15",
			"section": "221900337",
			"seq": "94",
			"station": "221000244",
			"stationNm": "한양대구리병원.새마을금고(중)",
			"stationNo": "39029",
			"transYn": "N",
			"fullSectDist": "408",
			"trnstnid": "101000006"
		},
		{
			"arsId": "39045",
			"beginTm": "06:26",
			"busRouteAbrv": "201",
			"busRouteId": "100100038",
			"busRouteNm": "201",
			"direction": "수택동차고지",
			"gpsX": "127.1384558843",
			"gpsY": "37.6004117654",
			"lastTm": "02:26",
			"posX": "212225.04262491595",
			"posY": "455662.3879109882",
			"routeType": "3",
			"sectSpd": "12",
			"section": "221900311",
			"seq": "95",
			"station": "221000242",
			"stationNm": "돌다리.구리전통시장(중)",
			"stationNo": "39045",
			"transYn": "N",
			"fullSectDist": "469",
			"trnstnid": "101000006"
		},
		{
			"arsId": "39042",
			"beginTm": "06:27",
			"busRouteAbrv": "201",
			"busRouteId": "100100038",
			"busRouteNm": "201",
			"direction": "수택동차고지",
			"gpsX": "127.1429583655",
			"gpsY": "37.5983837236",
			"lastTm": "02:28",
			"posX": "212622.93466116476",
			"posY": "455437.9173721387",
			"routeType": "3",
			"sectSpd": "16",
			"section": "221600029",
			"seq": "96",
			"station": "221000090",
			"stationNm": "새마을금고.구리시장입구",
			"stationNo": "39042",
			"transYn": "N",
			"fullSectDist": "587",
			"trnstnid": "101000006"
		},
		{
			"arsId": "39050",
			"beginTm": "06:30",
			"busRouteAbrv": "201",
			"busRouteId": "100100038",
			"busRouteNm": "201",
			"direction": "수택동차고지",
			"gpsX": "127.1449928329",
			"gpsY": "37.5967965888",
			"lastTm": "02:30",
			"posX": "212802.84606876827",
			"posY": "455262.0571917114",
			"routeType": "3",
			"sectSpd": "13",
			"section": "221600030",
			"seq": "97",
			"station": "221000089",
			"stationNm": "남양시장",
			"stationNo": "39050",
			"transYn": "N",
			"fullSectDist": "253",
			"trnstnid": "101000006"
		},
		{
			"arsId": "39039",
			"beginTm": "06:30",
			"busRouteAbrv": "201",
			"busRouteId": "100100038",
			"busRouteNm": "201",
			"direction": "수택동차고지",
			"gpsX": "127.1471466952",
			"gpsY": "37.5953565149",
			"lastTm": "02:31",
			"posX": "212993.28231323283",
			"posY": "455102.53783806367",
			"routeType": "3",
			"sectSpd": "17",
			"section": "221600031",
			"seq": "98",
			"station": "221000088",
			"stationNm": "수택동농협(구축협)",
			"stationNo": "39039",
			"transYn": "N",
			"fullSectDist": "252",
			"trnstnid": "101000006"
		},
		{
			"arsId": "39070",
			"beginTm": "06:31",
			"busRouteAbrv": "201",
			"busRouteId": "100100038",
			"busRouteNm": "201",
			"direction": "수택동차고지",
			"gpsX": "127.1487678072",
			"gpsY": "37.5946306488",
			"lastTm": "02:31",
			"posX": "213136.55671539274",
			"posY": "455022.2088849358",
			"routeType": "3",
			"sectSpd": "13",
			"section": "221600032",
			"seq": "99",
			"station": "221000087",
			"stationNm": "수택1동행정복지센터",
			"stationNo": "39070",
			"transYn": "N",
			"fullSectDist": "166",
			"trnstnid": "101000006"
		},
		{
			"arsId": "39047",
			"beginTm": "06:32",
			"busRouteAbrv": "201",
			"busRouteId": "100100038",
			"busRouteNm": "201",
			"direction": "수택동차고지",
			"gpsX": "127.1503296923",
			"gpsY": "37.5943108688",
			"lastTm": "02:32",
			"posX": "213274.53182982028",
			"posY": "454986.9402647447",
			"routeType": "3",
			"sectSpd": "11",
			"section": "221600033",
			"seq": "100",
			"station": "221000086",
			"stationNm": "검배사거리",
			"stationNo": "39047",
			"transYn": "N",
			"fullSectDist": "144",
			"trnstnid": "101000006"
		},
		{
			"arsId": "39053",
			"beginTm": "06:32",
			"busRouteAbrv": "201",
			"busRouteId": "100100038",
			"busRouteNm": "201",
			"direction": "수택동차고지",
			"gpsX": "127.1505382003",
			"gpsY": "37.5936966186",
			"lastTm": "02:32",
			"posX": "213293.05294611072",
			"posY": "454918.80209634406",
			"routeType": "3",
			"sectSpd": "9",
			"section": "221600034",
			"seq": "101",
			"station": "221000055",
			"stationNm": "태영데시앙",
			"stationNo": "39053",
			"transYn": "N",
			"fullSectDist": "105",
			"trnstnid": "101000006"
		},
		{
			"arsId": "39066",
			"beginTm": "06:33",
			"busRouteAbrv": "201",
			"busRouteId": "100100038",
			"busRouteNm": "201",
			"direction": "수택동차고지",
			"gpsX": "127.1497945419",
			"gpsY": "37.5917206133",
			"lastTm": "02:33",
			"posX": "213227.7350097282",
			"posY": "454699.4059597212",
			"routeType": "3",
			"sectSpd": "15",
			"section": "221600035",
			"seq": "102",
			"station": "221000085",
			"stationNm": "구리여중고교",
			"stationNo": "39066",
			"transYn": "N",
			"fullSectDist": "231",
			"trnstnid": "101000006"
		},
		{
			"arsId": "39072",
			"beginTm": "06:33",
			"busRouteAbrv": "201",
			"busRouteId": "100100038",
			"busRouteNm": "201",
			"direction": "수택동차고지",
			"gpsX": "127.1485716903",
			"gpsY": "37.5909074871",
			"lastTm": "02:33",
			"posX": "213119.8927369264",
			"posY": "454608.9961565663",
			"routeType": "3",
			"sectSpd": "15",
			"section": "221600036",
			"seq": "103",
			"station": "221000114",
			"stationNm": "수평사거리.우림아파트",
			"stationNo": "39072",
			"transYn": "N",
			"fullSectDist": "200",
			"trnstnid": "101000006"
		},
		{
			"arsId": "39073",
			"beginTm": "06:34",
			"busRouteAbrv": "201",
			"busRouteId": "100100038",
			"busRouteNm": "201",
			"direction": "수택동차고지",
			"gpsX": "127.1462271549",
			"gpsY": "37.5912801007",
			"lastTm": "02:34",
			"posX": "212912.78978631686",
			"posY": "454650.02276860457",
			"routeType": "3",
			"sectSpd": "19",
			"section": "221600037",
			"seq": "104",
			"station": "221000113",
			"stationNm": "밀알마트.구리사회복지관.신토평",
			"stationNo": "39073",
			"transYn": "N",
			"fullSectDist": "208",
			"trnstnid": "101000006"
		},
		{
			"arsId": "39075",
			"beginTm": "06:35",
			"busRouteAbrv": "201",
			"busRouteId": "100100038",
			"busRouteNm": "201",
			"direction": "수택동차고지",
			"gpsX": "127.142959735",
			"gpsY": "37.5918010943",
			"lastTm": "02:34",
			"posX": "212624.16762031085",
			"posY": "454707.3968666587",
			"routeType": "3",
			"sectSpd": "17",
			"section": "221600038",
			"seq": "105",
			"station": "221000112",
			"stationNm": "럭키아파트",
			"stationNo": "39075",
			"transYn": "N",
			"fullSectDist": "305",
			"trnstnid": "101000006"
		},
		{
			"arsId": "39076",
			"beginTm": "06:36",
			"busRouteAbrv": "201",
			"busRouteId": "100100038",
			"busRouteNm": "201",
			"direction": "수택동차고지",
			"gpsX": "127.1402666455",
			"gpsY": "37.5922288351",
			"lastTm": "02:35",
			"posX": "212386.28129535395",
			"posY": "454754.5076763001",
			"routeType": "3",
			"sectSpd": "16",
			"section": "221600039",
			"seq": "106",
			"station": "221000111",
			"stationNm": "행정복지센터.새마을금고",
			"stationNo": "39076",
			"transYn": "N",
			"fullSectDist": "242",
			"trnstnid": "101000006"
		},
		{
			"arsId": "39079",
			"beginTm": "06:38",
			"busRouteAbrv": "201",
			"busRouteId": "100100038",
			"busRouteNm": "201",
			"direction": "수택동차고지",
			"gpsX": "127.137859433",
			"gpsY": "37.590794872",
			"lastTm": "02:36",
			"posX": "212173.94526975113",
			"posY": "454595.0560699706",
			"routeType": "3",
			"sectSpd": "10",
			"section": "221900440",
			"seq": "107",
			"station": "221000110",
			"stationNm": "대림.하나아파트",
			"stationNo": "39079",
			"transYn": "N",
			"fullSectDist": "390",
			"trnstnid": "101000006"
		},
		{
			"arsId": "39078",
			"beginTm": "06:41",
			"busRouteAbrv": "201",
			"busRouteId": "100100038",
			"busRouteNm": "201",
			"direction": "수택동차고지",
			"gpsX": "127.1378775806",
			"gpsY": "37.588477586",
			"lastTm": "02:37",
			"posX": "212175.9253361325",
			"posY": "454337.89314211253",
			"routeType": "3",
			"sectSpd": "20",
			"section": "221900441",
			"seq": "108",
			"station": "221000109",
			"stationNm": "구리.한양아파트",
			"stationNo": "39078",
			"transYn": "N",
			"fullSectDist": "258",
			"trnstnid": "101000006"
		},
		{
			"arsId": "39060",
			"beginTm": "06:41",
			"busRouteAbrv": "201",
			"busRouteId": "100100038",
			"busRouteNm": "201",
			"direction": "수택동차고지",
			"gpsX": "127.139281574",
			"gpsY": "37.5875570373",
			"lastTm": "02:38",
			"posX": "212300.06309706674",
			"posY": "454235.91642633267",
			"routeType": "3",
			"sectSpd": "7",
			"section": "221600042",
			"seq": "109",
			"station": "221000077",
			"stationNm": "장자호수공원",
			"stationNo": "39060",
			"transYn": "N",
			"fullSectDist": "207",
			"trnstnid": "101000006"
		},
		{
			"arsId": "39087",
			"beginTm": "06:43",
			"busRouteAbrv": "201",
			"busRouteId": "100100038",
			"busRouteNm": "201",
			"direction": "수택동차고지",
			"gpsX": "127.1437674698",
			"gpsY": "37.5869797314",
			"lastTm": "02:38",
			"posX": "212696.31428304658",
			"posY": "454172.44568831706",
			"routeType": "3",
			"sectSpd": "16",
			"section": "221900324",
			"seq": "110",
			"station": "221000076",
			"stationNm": "삼성.e편한세상아파트",
			"stationNo": "39087",
			"transYn": "N",
			"fullSectDist": "407",
			"trnstnid": "101000006"
		},
		{
			"arsId": "39085",
			"beginTm": "06:45",
			"busRouteAbrv": "201",
			"busRouteId": "100100038",
			"busRouteNm": "201",
			"direction": "수택동차고지",
			"gpsX": "127.1483239047",
			"gpsY": "37.5868722412",
			"lastTm": "02:40",
			"posX": "213098.71873919904",
			"posY": "454161.1423858348",
			"routeType": "3",
			"sectSpd": "11",
			"section": "221900331",
			"seq": "111",
			"station": "221000075",
			"stationNm": "벌말삼거리.상록아파트",
			"stationNo": "39085",
			"transYn": "N",
			"fullSectDist": "433",
			"trnstnid": "101000006"
		},
		{
			"arsId": "39054",
			"beginTm": "06:47",
			"busRouteAbrv": "201",
			"busRouteId": "100100038",
			"busRouteNm": "201",
			"direction": "수택동차고지",
			"gpsX": "127.1490998357",
			"gpsY": "37.5889646522",
			"lastTm": "02:42",
			"posX": "213166.87387092676",
			"posY": "454393.46017622855",
			"routeType": "3",
			"sectSpd": "26",
			"section": "221900327",
			"seq": "112",
			"station": "221000074",
			"stationNm": "동명빌라",
			"stationNo": "39054",
			"transYn": "N",
			"fullSectDist": "256",
			"trnstnid": "101000006"
		},
		{
			"arsId": "39064",
			"beginTm": "06:48",
			"busRouteAbrv": "201",
			"busRouteId": "100100038",
			"busRouteNm": "201",
			"direction": "수택동차고지",
			"gpsX": "127.150379082",
			"gpsY": "37.5924991192",
			"lastTm": "02:43",
			"posX": "213279.2150204484",
			"posY": "454785.8846862037",
			"routeType": "3",
			"sectSpd": "15",
			"section": "221900328",
			"seq": "113",
			"station": "221000073",
			"stationNm": "구리여중고.성광교회",
			"stationNo": "39064",
			"transYn": "N",
			"fullSectDist": "430",
			"trnstnid": "101000006"
		},
		{
			"arsId": "39044",
			"beginTm": "06:48",
			"busRouteAbrv": "201",
			"busRouteId": "100100038",
			"busRouteNm": "201",
			"direction": "수택동차고지",
			"gpsX": "127.1542616688",
			"gpsY": "37.5934946338",
			"lastTm": "02:45",
			"posX": "213621.88534174298",
			"posY": "454896.9199563693",
			"routeType": "3",
			"sectSpd": "21",
			"section": "221900329",
			"seq": "114",
			"station": "221000049",
			"stationNm": "수택고교.SK신일.우남아파트",
			"stationNo": "39044",
			"transYn": "N",
			"fullSectDist": "510",
			"trnstnid": "101000006"
		},
		{
			"arsId": "39089",
			"beginTm": ":",
			"busRouteAbrv": "201",
			"busRouteId": "100100038",
			"busRouteNm": "201",
			"direction": "수택동차고지",
			"gpsX": "127.1596969771",
			"gpsY": "37.5932561665",
			"lastTm": ":",
			"posX": "214101.8888158153",
			"posY": "454871.2577850437",
			"routeType": "3",
			"sectSpd": "27",
			"section": "221900437",
			"seq": "115",
			"station": "221000048",
			"stationNm": "환경관리사업소.구리시곤충생태 ",
			"stationNo": "39089",
			"transYn": "N",
			"fullSectDist": "490",
			"trnstnid": "101000006"
		},
		{
			"arsId": "39088",
			"beginTm": ":",
			"busRouteAbrv": "201",
			"busRouteId": "100100038",
			"busRouteNm": "201",
			"direction": "수택동차고지",
			"gpsX": "127.1566119826",
			"gpsY": "37.5935569349",
			"lastTm": ":",
			"posX": "213829.41548989268",
			"posY": "454904.1774313152",
			"routeType": "3",
			"sectSpd": "57",
			"section": "221600049",
			"seq": "116",
			"station": "221000047",
			"stationNm": "구리수택차고지",
			"stationNo": "39088",
			"transYn": "N",
			"fullSectDist": "1400",
			"trnstnid": "101000006"
		}
	]
}