{
	"count": 63,
	"result": [
		{
			"arsId": "24429",
			"beginTm": "04:40",
			"busRouteAbrv": "3416",
			"busRouteId": "100100228",
			"busRouteNm": "3416",
			"direction": "은곡마을입구.리엔파크2단지",
			"gpsX": "127.157278",
			"gpsY": "37.49096",
			"lastTm": "23:30",
			"posX": "213907.27242738634",
			"posY": "443518.47179961763",
			"routeType": "4",
			"sectSpd": "0",
			"section": "0",
			"seq": "1",
			"station": "123000337",
			"stationNm": "남한산성입구",
			"stationNo": "24429",
			"transYn": "N",
			"fullSectDist": "0",
			"trnstnid": "122000675"
		},
		{
			"arsId": "24290",
			"beginTm": "04:39",
			"busRouteAbrv": "3416",
			"busRouteId": "100100228",
			"busRouteNm": "3416",
			"direction": "은곡마을입구.리엔파크2단지",
			"gpsX": "127.156937966",
			"gpsY": "37.4916678934",
			"lastTm": "23:30",
			"posX": "213877.07400675042",
			"posY": "443596.9801649675",
			"routeType": "4",
			"sectSpd": "28",
			"section": "123604637",
			"seq": "2",
			"station": "123000200",
			"stationNm": "송파구립마천청소년센터",
			"stationNo": "24290",
			"transYn": "N",
			"fullSectDist": "168",
			"trnstnid": "122000675"
		},
		{
			"arsId": "24291",
			"beginTm": "04:39",
			"busRouteAbrv": "3416",
			"busRouteId": "100100228",
			"busRouteNm": "3416",
			"direction": "은곡마을입구.리엔파크2단지",
			"gpsX": "127.1558084636",
			"gpsY": "37.4939681019",
			"lastTm": "23:30",
			"posX": "213776.77636409103",
			"posY": "443852.0802030489",
			"routeType": "4",
			"sectSpd": "18",
			"section": "123600642",
			"seq": "3",
			"station": "123000201",
			"stationNm": "송파보훈회관.금호어울림2차",
			"stationNo": "24291",
			"transYn": "N",
			"fullSectDist": "270",
			"trnstnid": "122000675"
		},
		{
			"arsId": "24293",
			"beginTm": "04:40",
			"busRouteAbrv": "3416",
			"busRouteId": "100100228",
			"busRouteNm": "3416",
			"direction": "은곡마을입구.리엔파크2단지",
			"gpsX": "127.1542846505",
			"gpsY": "37.4970428612",
			"lastTm": "23:30",
			"posX": "213641.47953962855",
			"posY": "444193.0802438613",
			"routeType": "4",
			"sectSpd": "17",
			"section": "123600643",
			"seq": "4",
			"station": "123000203",
			"stationNm": "마천동금호어울림1차아파트",
			"stationNo": "24293",
			"transYn": "N",
			"fullSectDist": "391",
			"trnstnid": "122000675"
		},
		{
			"arsId": "24296",
			"beginTm": "04:41",
			"busRouteAbrv": "3416",
			"busRouteId": "100100228",
			"busRouteNm": "3416",
			"direction": "은곡마을입구.리엔파크2단지",
			"gpsX": "127.1519312753",
			"gpsY": "37.4999186245",
			"lastTm": "23:32",
			"posX": "213432.8844437481",
			"posY": "444511.8802759601",
			"routeType": "4",
			"sectSpd": "38",
			"section": "123604640",
			"seq": "5",
			"station": "123000206",
			"stationNm": "남천초교마천동우방아파트앞",
			"stationNo": "24296",
			"transYn": "N",
			"fullSectDist": "456",
			"trnstnid": "122000675"
		},
		{
			"arsId": "24298",
			"beginTm": "04:42",
			"busRouteAbrv": "3416",
			"busRouteId": "100100228",
			"busRouteNm": "3416",
			"direction": "은곡마을입구.리엔파크2단지",
			"gpsX": "127.1498649512",
			"gpsY": "37.5010683664",
			"lastTm": "23:33",
			"posX": "213249.9887377086",
			"posY": "444639.1802859679",
			"routeType": "4",
			"sectSpd": "9",
			"section": "123600645",
			"seq": "6",
			"station": "123000208",
			"stationNm": "청암노인요양원",
			"stationNo": "24298",
			"transYn": "N",
			"fullSectDist": "229",
			"trnstnid": "122000675"
		},
		{
			"arsId": "24299",
			"beginTm": "04:43",
			"busRouteAbrv": "3416",
			"busRouteId": "100100228",
			"busRouteNm": "3416",
			"direction": "은곡마을입구.리엔파크2단지",
			"gpsX": "127.1467148058",
			"gpsY": "37.4986402465",
			"lastTm": "23:34",
			"posX": "212971.8952693523",
			"posY": "444369.2802384035",
			"routeType": "4",
			"sectSpd": "27",
			"section": "123600956",
			"seq": "7",
			"station": "123000209",
			"stationNm": "마천동사거리",
			"stationNo": "24299",
			"transYn": "N",
			"fullSectDist": "485",
			"trnstnid": "122000675"
		},
		{
			"arsId": "24273",
			"beginTm": "04:45",
			"busRouteAbrv": "3416",
			"busRouteId": "100100228",
			"busRouteNm": "3416",
			"direction": "은곡마을입구.리엔파크2단지",
			"gpsX": "127.1447634037",
			"gpsY": "37.4943119554",
			"lastTm": "23:36",
			"posX": "212800.0993056773",
			"posY": "443888.6801682175",
			"routeType": "4",
			"sectSpd": "39",
			"section": "123602805",
			"seq": "8",
			"station": "123000183",
			"stationNm": "거여역2번출구",
			"stationNo": "24273",
			"transYn": "N",
			"fullSectDist": "512",
			"trnstnid": "122000675"
		},
		{
			"arsId": "24270",
			"beginTm": "04:47",
			"busRouteAbrv": "3416",
			"busRouteId": "100100228",
			"busRouteNm": "3416",
			"direction": "은곡마을입구.리엔파크2단지",
			"gpsX": "127.1426661724",
			"gpsY": "37.4940540879",
			"lastTm": "23:38",
			"posX": "212614.70366003778",
			"posY": "443859.780165141",
			"routeType": "4",
			"sectSpd": "41",
			"section": "123604734",
			"seq": "9",
			"station": "123000180",
			"stationNm": "거여역",
			"stationNo": "24270",
			"transYn": "N",
			"fullSectDist": "296",
			"trnstnid": "122000675"
		},
		{
			"arsId": "24350",
			"beginTm": "04:47",
			"busRouteAbrv": "3416",
			"busRouteId": "100100228",
			"busRouteNm": "3416",
			"direction": "은곡마을입구.리엔파크2단지",
			"gpsX": "127.1380346597",
			"gpsY": "37.494463284",
			"lastTm": "23:39",
			"posX": "212205.11328731143",
			"posY": "443904.5801546653",
			"routeType": "4",
			"sectSpd": "36",
			"section": "123601319",
			"seq": "10",
			"station": "123000259",
			"stationNm": "송파배드민턴체육관",
			"stationNo": "24350",
			"transYn": "N",
			"fullSectDist": "522",
			"trnstnid": "122000675"
		},
		{
			"arsId": "24351",
			"beginTm": "04:49",
			"busRouteAbrv": "3416",
			"busRouteId": "100100228",
			"busRouteNm": "3416",
			"direction": "은곡마을입구.리엔파크2단지",
			"gpsX": "127.1357194046",
			"gpsY": "37.4924556056",
			"lastTm": "23:41",
			"posX": "212000.71808436833",
			"posY": "443681.48012194503",
			"routeType": "4",
			"sectSpd": "41",
			"section": "123605017",
			"seq": "11",
			"station": "123000260",
			"stationNm": "문정시영.세영청마루아파트",
			"stationNo": "24351",
			"transYn": "N",
			"fullSectDist": "303",
			"trnstnid": "122000675"
		},
		{
			"arsId": "24354",
			"beginTm": "04:50",
			"busRouteAbrv": "3416",
			"busRouteId": "100100228",
			"busRouteNm": "3416",
			"direction": "은곡마을입구.리엔파크2단지",
			"gpsX": "127.1342992774",
			"gpsY": "37.4930607661",
			"lastTm": "23:43",
			"posX": "211875.0502893839",
			"posY": "443748.45777423354",
			"routeType": "4",
			"sectSpd": "32",
			"section": "123601790",
			"seq": "12",
			"station": "123000263",
			"stationNm": "가락2동프라자아파트",
			"stationNo": "24354",
			"transYn": "N",
			"fullSectDist": "185",
			"trnstnid": "122000675"
		},
		{
			"arsId": "24355",
			"beginTm": "04:51",
			"busRouteAbrv": "3416",
			"busRouteId": "100100228",
			"busRouteNm": "3416",
			"direction": "은곡마을입구.리엔파크2단지",
			"gpsX": "127.1320189478",
			"gpsY": "37.494939634",
			"lastTm": "23:43",
			"posX": "211673.12578156867",
			"posY": "443956.68014949467",
			"routeType": "4",
			"sectSpd": "41",
			"section": "123604465",
			"seq": "13",
			"station": "123000264",
			"stationNm": "극동아파트",
			"stationNo": "24355",
			"transYn": "N",
			"fullSectDist": "290",
			"trnstnid": "122000675"
		},
		{
			"arsId": "24360",
			"beginTm": "04:52",
			"busRouteAbrv": "3416",
			"busRouteId": "100100228",
			"busRouteNm": "3416",
			"direction": "은곡마을입구.리엔파크2단지",
			"gpsX": "127.1288982491",
			"gpsY": "37.4973147822",
			"lastTm": "23:44",
			"posX": "211396.83227256857",
			"posY": "444219.88017501915",
			"routeType": "4",
			"sectSpd": "56",
			"section": "123605046",
			"seq": "14",
			"station": "123000269",
			"stationNm": "가동초등학교",
			"stationNo": "24360",
			"transYn": "N",
			"fullSectDist": "382",
			"trnstnid": "122000675"
		},
		{
			"arsId": "24361",
			"beginTm": "04:53",
			"busRouteAbrv": "3416",
			"busRouteId": "100100228",
			"busRouteNm": "3416",
			"direction": "은곡마을입구.리엔파크2단지",
			"gpsX": "127.1268492824",
			"gpsY": "37.4988632917",
			"lastTm": "23:46",
			"posX": "211215.4365345177",
			"posY": "444391.4801968746",
			"routeType": "4",
			"sectSpd": "20",
			"section": "123602540",
			"seq": "15",
			"station": "123000270",
			"stationNm": "가락2동주민센터",
			"stationNo": "24361",
			"transYn": "N",
			"fullSectDist": "250",
			"trnstnid": "122000675"
		},
		{
			"arsId": "24401",
			"beginTm": "04:53",
			"busRouteAbrv": "3416",
			"busRouteId": "100100228",
			"busRouteNm": "3416",
			"direction": "은곡마을입구.리엔파크2단지",
			"gpsX": "127.1246183408",
			"gpsY": "37.5005345072",
			"lastTm": "23:46",
			"posX": "211017.94117634947",
			"posY": "444576.68020935357",
			"routeType": "4",
			"sectSpd": "42",
			"section": "123602542",
			"seq": "16",
			"station": "123000310",
			"stationNm": "홍이공원",
			"stationNo": "24401",
			"transYn": "N",
			"fullSectDist": "270",
			"trnstnid": "122000675"
		},
		{
			"arsId": "24374",
			"beginTm": "04:55",
			"busRouteAbrv": "3416",
			"busRouteId": "100100228",
			"busRouteNm": "3416",
			"direction": "은곡마을입구.리엔파크2단지",
			"gpsX": "127.1230789173",
			"gpsY": "37.5000188487",
			"lastTm": "23:48",
			"posX": "210881.91016823184",
			"posY": "444519.27578615304",
			"routeType": "4",
			"sectSpd": "20",
			"section": "123605048",
			"seq": "17",
			"station": "123000283",
			"stationNm": "석촌중학교후문",
			"stationNo": "24374",
			"transYn": "N",
			"fullSectDist": "220",
			"trnstnid": "122000675"
		},
		{
			"arsId": "24367",
			"beginTm": "04:56",
			"busRouteAbrv": "3416",
			"busRouteId": "100100228",
			"busRouteNm": "3416",
			"direction": "은곡마을입구.리엔파크2단지",
			"gpsX": "127.1208958419",
			"gpsY": "37.4975395069",
			"lastTm": "23:49",
			"posX": "210689.24889703566",
			"posY": "444243.88016115595",
			"routeType": "4",
			"sectSpd": "8",
			"section": "123605050",
			"seq": "18",
			"station": "123000597",
			"stationNm": "가락대림아파트",
			"stationNo": "24367",
			"transYn": "N",
			"fullSectDist": "368",
			"trnstnid": "122000675"
		},
		{
			"arsId": "24377",
			"beginTm": "04:58",
			"busRouteAbrv": "3416",
			"busRouteId": "100100228",
			"busRouteNm": "3416",
			"direction": "은곡마을입구.리엔파크2단지",
			"gpsX": "127.1223881527",
			"gpsY": "37.4957988422",
			"lastTm": "23:52",
			"posX": "210821.44578659858",
			"posY": "444050.8801319031",
			"routeType": "4",
			"sectSpd": "17",
			"section": "123605013",
			"seq": "19",
			"station": "123000286",
			"stationNm": "경찰병원.KT가락지사",
			"stationNo": "24377",
			"transYn": "N",
			"fullSectDist": "235",
			"trnstnid": "122000675"
		},
		{
			"arsId": "24379",
			"beginTm": "05:00",
			"busRouteAbrv": "3416",
			"busRouteId": "100100228",
			"busRouteNm": "3416",
			"direction": "은곡마을입구.리엔파크2단지",
			"gpsX": "127.1222797601",
			"gpsY": "37.4945211906",
			"lastTm": "23:53",
			"posX": "210812.04600622196",
			"posY": "443909.08011615975",
			"routeType": "4",
			"sectSpd": "33",
			"section": "123600151",
			"seq": "20",
			"station": "123000288",
			"stationNm": "경찰병원.서울동부고용노동지청",
			"stationNo": "24379",
			"transYn": "N",
			"fullSectDist": "227",
			"trnstnid": "122000675"
		},
		{
			"arsId": "24380",
			"beginTm": "05:01",
			"busRouteAbrv": "3416",
			"busRouteId": "100100228",
			"busRouteNm": "3416",
			"direction": "은곡마을입구.리엔파크2단지",
			"gpsX": "127.1198178833",
			"gpsY": "37.4932063003",
			"lastTm": "23:53",
			"posX": "210594.5511161613",
			"posY": "443762.88009077404",
			"routeType": "4",
			"sectSpd": "55",
			"section": "123604925",
			"seq": "21",
			"station": "123000289",
			"stationNm": "가락시장역4번출구.제일오피스텔",
			"stationNo": "24380",
			"transYn": "N",
			"fullSectDist": "264",
			"trnstnid": "122000675"
		},
		{
			"arsId": "24386",
			"beginTm": "05:02",
			"busRouteAbrv": "3416",
			"busRouteId": "100100228",
			"busRouteNm": "3416",
			"direction": "은곡마을입구.리엔파크2단지",
			"gpsX": "127.115874",
			"gpsY": "37.491843",
			"lastTm": "23:55",
			"posX": "210246.01070766547",
			"posY": "443611.15115759196",
			"routeType": "4",
			"sectSpd": "112",
			"section": "123604545",
			"seq": "22",
			"station": "123000295",
			"stationNm": "가락시장.가락몰",
			"stationNo": "24386",
			"transYn": "N",
			"fullSectDist": "387",
			"trnstnid": "122000675"
		},
		{
			"arsId": "24387",
			"beginTm": "05:02",
			"busRouteAbrv": "3416",
			"busRouteId": "100100228",
			"busRouteNm": "3416",
			"direction": "은곡마을입구.리엔파크2단지",
			"gpsX": "127.1124034115",
			"gpsY": "37.490799531",
			"lastTm": "23:56",
			"posX": "209939.26651155573",
			"posY": "443494.9800382033",
			"routeType": "4",
			"sectSpd": "20",
			"section": "123600336",
			"seq": "23",
			"station": "123000296",
			"stationNm": "가락시장남문",
			"stationNo": "24387",
			"transYn": "N",
			"fullSectDist": "326",
			"trnstnid": "122000675"
		},
		{
			"arsId": "23408",
			"beginTm": "05:03",
			"busRouteAbrv": "3416",
			"busRouteId": "100100228",
			"busRouteNm": "3416",
			"direction": "은곡마을입구.리엔파크2단지",
			"gpsX": "127.1019666899",
			"gpsY": "37.4868771167",
			"lastTm": "23:57",
			"posX": "209016.87109141613",
			"posY": "443058.6393537037",
			"routeType": "4",
			"sectSpd": "42",
			"section": "122602999",
			"seq": "24",
			"station": "122000301",
			"stationNm": "수서역",
			"stationNo": "23408",
			"transYn": "N",
			"fullSectDist": "1082",
			"trnstnid": "122000675"
		},
		{
			"arsId": "23426",
			"beginTm": "05:06",
			"busRouteAbrv": "3416",
			"busRouteId": "100100228",
			"busRouteNm": "3416",
			"direction": "은곡마을입구.리엔파크2단지",
			"gpsX": "127.1043990475",
			"gpsY": "37.4826545844",
			"lastTm": "00:01",
			"posX": "209232.48311331245",
			"posY": "442590.2798948949",
			"routeType": "4",
			"sectSpd": "19",
			"section": "122600328",
			"seq": "25",
			"station": "122000319",
			"stationNm": "쟁골마을",
			"stationNo": "23426",
			"transYn": "N",
			"fullSectDist": "528",
			"trnstnid": "122000675"
		},
		{
			"arsId": "23441",
			"beginTm": "05:08",
			"busRouteAbrv": "3416",
			"busRouteId": "100100228",
			"busRouteNm": "3416",
			"direction": "은곡마을입구.리엔파크2단지",
			"gpsX": "127.1055118937",
			"gpsY": "37.478224565",
			"lastTm": "00:03",
			"posX": "209331.44809824505",
			"posY": "442098.76889150636",
			"routeType": "4",
			"sectSpd": "24",
			"section": "122607166",
			"seq": "26",
			"station": "122000744",
			"stationNm": "LH수서아파트",
			"stationNo": "23441",
			"transYn": "N",
			"fullSectDist": "502",
			"trnstnid": "122000675"
		},
		{
			"arsId": "23427",
			"beginTm": "05:10",
			"busRouteAbrv": "3416",
			"busRouteId": "100100228",
			"busRouteNm": "3416",
			"direction": "은곡마을입구.리엔파크2단지",
			"gpsX": "127.1061715911",
			"gpsY": "37.4751251698",
			"lastTm": "00:04",
			"posX": "209390.17940984873",
			"posY": "441754.87979218643",
			"routeType": "4",
			"sectSpd": "10",
			"section": "122606617",
			"seq": "27",
			"station": "122000320",
			"stationNm": "래미안포레아파트",
			"stationNo": "23427",
			"transYn": "N",
			"fullSectDist": "352",
			"trnstnid": "122000675"
		},
		{
			"arsId": "23428",
			"beginTm": "05:10",
			"busRouteAbrv": "3416",
			"busRouteId": "100100228",
			"busRouteNm": "3416",
			"direction": "은곡마을입구.리엔파크2단지",
			"gpsX": "127.106920465",
			"gpsY": "37.4722247345",
			"lastTm": "00:05",
			"posX": "209456.7778493536",
			"posY": "441433.0797416358",
			"routeType": "4",
			"sectSpd": "18",
			"section": "122900320",
			"seq": "28",
			"station": "122000321",
			"stationNm": "방죽마을",
			"stationNo": "23428",
			"transYn": "N",
			"fullSectDist": "341",
			"trnstnid": "122000675"
		},
		{
			"arsId": "23411",
			"beginTm": "05:11",
			"busRouteAbrv": "3416",
			"busRouteId": "100100228",
			"busRouteNm": "3416",
			"direction": "은곡마을입구.리엔파크2단지",
			"gpsX": "127.1078609297",
			"gpsY": "37.4689447525",
			"lastTm": "00:06",
			"posX": "209540.37588317302",
			"posY": "441069.1797057218",
			"routeType": "4",
			"sectSpd": "41",
			"section": "122606619",
			"seq": "29",
			"station": "122000304",
			"stationNm": "세곡문화복지회관",
			"stationNo": "23411",
			"transYn": "N",
			"fullSectDist": "375",
			"trnstnid": "122000675"
		},
		{
			"arsId": "23884",
			"beginTm": "05:12",
			"busRouteAbrv": "3416",
			"busRouteId": "100100228",
			"busRouteNm": "3416",
			"direction": "은곡마을입구.리엔파크2단지",
			"gpsX": "127.1077413737",
			"gpsY": "37.465202563",
			"lastTm": "00:07",
			"posX": "209530.2761180656",
			"posY": "440653.8796420228",
			"routeType": "4",
			"sectSpd": "89",
			"section": "122606621",
			"seq": "30",
			"station": "122900027",
			"stationNm": "대왕파출소",
			"stationNo": "23884",
			"transYn": "N",
			"fullSectDist": "456",
			"trnstnid": "122000675"
		},
		{
			"arsId": "23537",
			"beginTm": "05:13",
			"busRouteAbrv": "3416",
			"busRouteId": "100100228",
			"busRouteNm": "3416",
			"direction": "은곡마을입구.리엔파크2단지",
			"gpsX": "127.102457",
			"gpsY": "37.465026",
			"lastTm": "00:08",
			"posX": "209062.86738859527",
			"posY": "440633.7640908868",
			"routeType": "4",
			"sectSpd": "38",
			"section": "122606438",
			"seq": "31",
			"station": "122000675",
			"stationNm": "은곡마을.강남신동아파밀리에",
			"stationNo": "23537",
			"transYn": "Y",
			"fullSectDist": "654",
			"trnstnid": "122000675"
		},
		{
			"arsId": "23543",
			"beginTm": "05:14",
			"busRouteAbrv": "3416",
			"busRouteId": "100100228",
			"busRouteNm": "3416",
			"direction": "마천동",
			"gpsX": "127.1060868044",
			"gpsY": "37.4647336817",
			"lastTm": "00:09",
			"posX": "209383.97955326218",
			"posY": "440601.6796286069",
			"routeType": "4",
			"sectSpd": "47",
			"section": "122606625",
			"seq": "32",
			"station": "122900070",
			"stationNm": "대왕초등학교",
			"stationNo": "23543",
			"transYn": "N",
			"fullSectDist": "338",
			"trnstnid": "122000675"
		},
		{
			"arsId": "23422",
			"beginTm": "05:15",
			"busRouteAbrv": "3416",
			"busRouteId": "100100228",
			"busRouteNm": "3416",
			"direction": "마천동",
			"gpsX": "127.1086114219",
			"gpsY": "37.4656874635",
			"lastTm": "00:10",
			"posX": "209607.17430960055",
			"posY": "440707.77964897687",
			"routeType": "4",
			"sectSpd": "54",
			"section": "122606628",
			"seq": "33",
			"station": "122000315",
			"stationNm": "세곡동사거리",
			"stationNo": "23422",
			"transYn": "N",
			"fullSectDist": "300",
			"trnstnid": "122000675"
		},
		{
			"arsId": "23405",
			"beginTm": "05:17",
			"busRouteAbrv": "3416",
			"busRouteId": "100100228",
			"busRouteNm": "3416",
			"direction": "마천동",
			"gpsX": "127.1081157396",
			"gpsY": "37.4691406041",
			"lastTm": "00:12",
			"posX": "209562.88905707258",
			"posY": "441090.940106004",
			"routeType": "4",
			"sectSpd": "23",
			"section": "122605337",
			"seq": "34",
			"station": "122000719",
			"stationNm": "세곡문화복지관",
			"stationNo": "23405",
			"transYn": "N",
			"fullSectDist": "393",
			"trnstnid": "122000675"
		},
		{
			"arsId": "23423",
			"beginTm": "05:18",
			"busRouteAbrv": "3416",
			"busRouteId": "100100228",
			"busRouteNm": "3416",
			"direction": "마천동",
			"gpsX": "127.1072569387",
			"gpsY": "37.4723873002",
			"lastTm": "00:13",
			"posX": "209486.5173492837",
			"posY": "441451.154259861",
			"routeType": "4",
			"sectSpd": "42",
			"section": "122606630",
			"seq": "35",
			"station": "122000316",
			"stationNm": "방죽마을",
			"stationNo": "23423",
			"transYn": "N",
			"fullSectDist": "370",
			"trnstnid": "122000675"
		},
		{
			"arsId": "23424",
			"beginTm": "05:19",
			"busRouteAbrv": "3416",
			"busRouteId": "100100228",
			"busRouteNm": "3416",
			"direction": "마천동",
			"gpsX": "127.1067201656",
			"gpsY": "37.4744402381",
			"lastTm": "00:14",
			"posX": "209438.7833730814",
			"posY": "441678.9245180036",
			"routeType": "4",
			"sectSpd": "8",
			"section": "122603006",
			"seq": "36",
			"station": "122000317",
			"stationNm": "래미안포레아파트",
			"stationNo": "23424",
			"transYn": "N",
			"fullSectDist": "233",
			"trnstnid": "122000675"
		},
		{
			"arsId": "23440",
			"beginTm": "05:19",
			"busRouteAbrv": "3416",
			"busRouteId": "100100228",
			"busRouteNm": "3416",
			"direction": "마천동",
			"gpsX": "127.1059893673",
			"gpsY": "37.4773303976",
			"lastTm": "00:14",
			"posX": "209373.78745987843",
			"posY": "441999.5862723775",
			"routeType": "4",
			"sectSpd": "29",
			"section": "122607164",
			"seq": "37",
			"station": "122000743",
			"stationNm": "LH수서아파트",
			"stationNo": "23440",
			"transYn": "N",
			"fullSectDist": "329",
			"trnstnid": "122000675"
		},
		{
			"arsId": "23425",
			"beginTm": "05:21",
			"busRouteAbrv": "3416",
			"busRouteId": "100100228",
			"busRouteNm": "3416",
			"direction": "마천동",
			"gpsX": "127.1051606243",
			"gpsY": "37.4820155276",
			"lastTm": "00:16",
			"posX": "209299.9120464664",
			"posY": "442519.4355937843",
			"routeType": "4",
			"sectSpd": "30",
			"section": "122607165",
			"seq": "38",
			"station": "122000318",
			"stationNm": "쟁골마을",
			"stationNo": "23425",
			"transYn": "N",
			"fullSectDist": "513",
			"trnstnid": "122000675"
		},
		{
			"arsId": "23150",
			"beginTm": "05:21",
			"busRouteAbrv": "3416",
			"busRouteId": "100100228",
			"busRouteNm": "3416",
			"direction": "마천동",
			"gpsX": "127.1044467495",
			"gpsY": "37.485048099",
			"lastTm": "00:17",
			"posX": "209236.4069533889",
			"posY": "442855.9046303476",
			"routeType": "4",
			"sectSpd": "19",
			"section": "122605662",
			"seq": "39",
			"station": "122000718",
			"stationNm": "고속철도수서역",
			"stationNo": "23150",
			"transYn": "N",
			"fullSectDist": "383",
			"trnstnid": "122000675"
		},
		{
			"arsId": "23409",
			"beginTm": "05:22",
			"busRouteAbrv": "3416",
			"busRouteId": "100100228",
			"busRouteNm": "3416",
			"direction": "마천동",
			"gpsX": "127.1024565504",
			"gpsY": "37.4869636034",
			"lastTm": "00:18",
			"posX": "209060.17881424288",
			"posY": "443068.2842408926",
			"routeType": "4",
			"sectSpd": "45",
			"section": "122606461",
			"seq": "40",
			"station": "122000302",
			"stationNm": "수서역5번출구",
			"stationNo": "23409",
			"transYn": "N",
			"fullSectDist": "296",
			"trnstnid": "122000675"
		},
		{
			"arsId": "23410",
			"beginTm": "05:23",
			"busRouteAbrv": "3416",
			"busRouteId": "100100228",
			"busRouteNm": "3416",
			"direction": "마천동",
			"gpsX": "127.1028677279",
			"gpsY": "37.4873984409",
			"lastTm": "00:19",
			"posX": "209096.4863066479",
			"posY": "443116.5799670438",
			"routeType": "4",
			"sectSpd": "54",
			"section": "122606039",
			"seq": "41",
			"station": "122000303",
			"stationNm": "수서역.로즈데일빌딩",
			"stationNo": "23410",
			"transYn": "N",
			"fullSectDist": "162",
			"trnstnid": "122000675"
		},
		{
			"arsId": "24333",
			"beginTm": "05:24",
			"busRouteAbrv": "3416",
			"busRouteId": "100100228",
			"busRouteNm": "3416",
			"direction": "마천동",
			"gpsX": "127.1125408941",
			"gpsY": "37.490476805",
			"lastTm": "00:19",
			"posX": "209951.46622476526",
			"posY": "443459.1800317066",
			"routeType": "4",
			"sectSpd": "58",
			"section": "123604547",
			"seq": "42",
			"station": "123000243",
			"stationNm": "문정2동주민센터.청소년수련관",
			"stationNo": "24333",
			"transYn": "N",
			"fullSectDist": "934",
			"trnstnid": "122000675"
		},
		{
			"arsId": "24334",
			"beginTm": "05:25",
			"busRouteAbrv": "3416",
			"busRouteId": "100100228",
			"busRouteNm": "3416",
			"direction": "마천동",
			"gpsX": "127.114910023",
			"gpsY": "37.4911854953",
			"lastTm": "00:22",
			"posX": "210160.86131071454",
			"posY": "443538.0800488326",
			"routeType": "4",
			"sectSpd": "17",
			"section": "123600340",
			"seq": "43",
			"station": "123000244",
			"stationNm": "훼미리근린공원",
			"stationNo": "24334",
			"transYn": "N",
			"fullSectDist": "221",
			"trnstnid": "122000675"
		},
		{
			"arsId": "24444",
			"beginTm": "05:26",
			"busRouteAbrv": "3416",
			"busRouteId": "100100228",
			"busRouteNm": "3416",
			"direction": "마천동",
			"gpsX": "127.1197481842",
			"gpsY": "37.4927594238",
			"lastTm": "00:22",
			"posX": "210588.45125972715",
			"posY": "443713.28008770663",
			"routeType": "4",
			"sectSpd": "90",
			"section": "123600190",
			"seq": "44",
			"station": "123000352",
			"stationNm": "가락시장역5번출구",
			"stationNo": "24444",
			"transYn": "N",
			"fullSectDist": "463",
			"trnstnid": "122000675"
		},
		{
			"arsId": "24378",
			"beginTm": "05:28",
			"busRouteAbrv": "3416",
			"busRouteId": "100100228",
			"busRouteNm": "3416",
			"direction": "마천동",
			"gpsX": "127.1223707692",
			"gpsY": "37.496234994",
			"lastTm": "00:25",
			"posX": "210819.84582634928",
			"posY": "444099.28014582396",
			"routeType": "4",
			"sectSpd": "108",
			"section": "123604986",
			"seq": "45",
			"station": "123000287",
			"stationNm": "경찰병원.KT가락지사",
			"stationNo": "24378",
			"transYn": "N",
			"fullSectDist": "568",
			"trnstnid": "122000675"
		},
		{
			"arsId": "24368",
			"beginTm": "05:30",
			"busRouteAbrv": "3416",
			"busRouteId": "100100228",
			"busRouteNm": "3416",
			"direction": "마천동",
			"gpsX": "127.1211448282",
			"gpsY": "37.4976455819",
			"lastTm": "00:27",
			"posX": "210711.24837840322",
			"posY": "444255.6801588861",
			"routeType": "4",
			"sectSpd": "51",
			"section": "123605053",
			"seq": "46",
			"station": "123000596",
			"stationNm": "샛별어린이공원입구",
			"stationNo": "24368",
			"transYn": "N",
			"fullSectDist": "192",
			"trnstnid": "122000675"
		},
		{
			"arsId": "24375",
			"beginTm": "05:30",
			"busRouteAbrv": "3416",
			"busRouteId": "100100228",
			"busRouteNm": "3416",
			"direction": "마천동",
			"gpsX": "127.123203452",
			"gpsY": "37.4998583625",
			"lastTm": "00:28",
			"posX": "210892.94410871915",
			"posY": "444501.4801996723",
			"routeType": "4",
			"sectSpd": "31",
			"section": "123605055",
			"seq": "47",
			"station": "123000284",
			"stationNm": "석촌중학교후문",
			"stationNo": "24375",
			"transYn": "N",
			"fullSectDist": "367",
			"trnstnid": "122000675"
		},
		{
			"arsId": "24400",
			"beginTm": "05:31",
			"busRouteAbrv": "3416",
			"busRouteId": "100100228",
			"busRouteNm": "3416",
			"direction": "마천동",
			"gpsX": "127.1247919705",
			"gpsY": "37.5002054217",
			"lastTm": "00:29",
			"posX": "211033.34081255383",
			"posY": "444540.18020853214",
			"routeType": "4",
			"sectSpd": "37",
			"section": "123605057",
			"seq": "48",
			"station": "123000309",
			"stationNm": "홍이공원",
			"stationNo": "24400",
			"transYn": "N",
			"fullSectDist": "265",
			"trnstnid": "122000675"
		},
		{
			"arsId": "24362",
			"beginTm": "05:32",
			"busRouteAbrv": "3416",
			"busRouteId": "100100228",
			"busRouteNm": "3416",
			"direction": "마천동",
			"gpsX": "127.1267122675",
			"gpsY": "37.4987661196",
			"lastTm": "00:30",
			"posX": "211203.3368132184",
			"posY": "444380.68018486956",
			"routeType": "4",
			"sectSpd": "59",
			"section": "123602552",
			"seq": "49",
			"station": "123000271",
			"stationNm": "가락2동주민센터",
			"stationNo": "24362",
			"transYn": "N",
			"fullSectDist": "237",
			"trnstnid": "122000675"
		},
		{
			"arsId": "24359",
			"beginTm": "05:33",
			"busRouteAbrv": "3416",
			"busRouteId": "100100228",
			"busRouteNm": "3416",
			"direction": "마천동",
			"gpsX": "127.128857243",
			"gpsY": "37.4971454197",
			"lastTm": "00:31",
			"posX": "211393.23235437655",
			"posY": "444201.08017641446",
			"routeType": "4",
			"sectSpd": "22",
			"section": "123602553",
			"seq": "50",
			"station": "123000268",
			"stationNm": "가주초등학교",
			"stationNo": "24359",
			"transYn": "N",
			"fullSectDist": "257",
			"trnstnid": "122000675"
		},
		{
			"arsId": "24356",
			"beginTm": "05:34",
			"busRouteAbrv": "3416",
			"busRouteId": "100100228",
			"busRouteNm": "3416",
			"direction": "마천동",
			"gpsX": "127.1313314941",
			"gpsY": "37.4952844366",
			"lastTm": "00:32",
			"posX": "211612.28765431378",
			"posY": "443994.85963770887",
			"routeType": "4",
			"sectSpd": "113",
			"section": "123602555",
			"seq": "51",
			"station": "123000265",
			"stationNm": "가락2동극동아파트",
			"stationNo": "24356",
			"transYn": "N",
			"fullSectDist": "308",
			"trnstnid": "122000675"
		},
		{
			"arsId": "24353",
			"beginTm": "05:36",
			"busRouteAbrv": "3416",
			"busRouteId": "100100228",
			"busRouteNm": "3416",
			"direction": "마천동",
			"gpsX": "127.134289556",
			"gpsY": "37.4928690436",
			"lastTm": "00:33",
			"posX": "211874.22105376705",
			"posY": "443727.1801227224",
			"routeType": "4",
			"sectSpd": "43",
			"section": "123605061",
			"seq": "52",
			"station": "123000262",
			"stationNm": "가락2동프라자아파트",
			"stationNo": "24353",
			"transYn": "N",
			"fullSectDist": "376",
			"trnstnid": "122000675"
		},
		{
			"arsId": "24314",
			"beginTm": "05:37",
			"busRouteAbrv": "3416",
			"busRouteId": "100100228",
			"busRouteNm": "3416",
			"direction": "마천동",
			"gpsX": "127.1359635544",
			"gpsY": "37.492386841",
			"lastTm": "00:34",
			"posX": "212022.31757714704",
			"posY": "443673.8801169535",
			"routeType": "4",
			"sectSpd": "8",
			"section": "123601291",
			"seq": "53",
			"station": "123000224",
			"stationNm": "문정시영.세양청마루아파트",
			"stationNo": "24314",
			"transYn": "N",
			"fullSectDist": "184",
			"trnstnid": "122000675"
		},
		{
			"arsId": "24432",
			"beginTm": "05:39",
			"busRouteAbrv": "3416",
			"busRouteId": "100100228",
			"busRouteNm": "3416",
			"direction": "마천동",
			"gpsX": "127.1380635927",
			"gpsY": "37.494207337",
			"lastTm": "00:35",
			"posX": "212207.71322441008",
			"posY": "443876.180152799",
			"routeType": "4",
			"sectSpd": "60",
			"section": "123604984",
			"seq": "54",
			"station": "123000340",
			"stationNm": "송파배드민턴체육관",
			"stationNo": "24432",
			"transYn": "N",
			"fullSectDist": "282",
			"trnstnid": "122000675"
		},
		{
			"arsId": "24271",
			"beginTm": "05:40",
			"busRouteAbrv": "3416",
			"busRouteId": "100100228",
			"busRouteNm": "3416",
			"direction": "마천동",
			"gpsX": "127.1423502553",
			"gpsY": "37.4938490175",
			"lastTm": "00:35",
			"posX": "212586.80431525936",
			"posY": "443836.9801596557",
			"routeType": "4",
			"sectSpd": "35",
			"section": "123600726",
			"seq": "55",
			"station": "123000181",
			"stationNm": "거여역현대아파트",
			"stationNo": "24271",
			"transYn": "N",
			"fullSectDist": "533",
			"trnstnid": "122000675"
		},
		{
			"arsId": "24284",
			"beginTm": "05:41",
			"busRouteAbrv": "3416",
			"busRouteId": "100100228",
			"busRouteNm": "3416",
			"direction": "마천동",
			"gpsX": "127.1450161944",
			"gpsY": "37.4940341058",
			"lastTm": "00:37",
			"posX": "212822.49878378093",
			"posY": "443857.8801739146",
			"routeType": "4",
			"sectSpd": "33",
			"section": "123602559",
			"seq": "56",
			"station": "123000194",
			"stationNm": "거여역3번출구.현대2차아파트",
			"stationNo": "24284",
			"transYn": "N",
			"fullSectDist": "324",
			"trnstnid": "122000675"
		},
		{
			"arsId": "24300",
			"beginTm": "05:42",
			"busRouteAbrv": "3416",
			"busRouteId": "100100228",
			"busRouteNm": "3416",
			"direction": "마천동",
			"gpsX": "127.1471",
			"gpsY": "37.49872",
			"lastTm": "00:39",
			"posX": "213005.9386788408",
			"posY": "444378.1840590993",
			"routeType": "4",
			"sectSpd": "61",
			"section": "123601574",
			"seq": "57",
			"station": "123000210",
			"stationNm": "마천동사거리",
			"stationNo": "24300",
			"transYn": "N",
			"fullSectDist": "567",
			"trnstnid": "122000675"
		},
		{
			"arsId": "24297",
			"beginTm": "05:45",
			"busRouteAbrv": "3416",
			"busRouteId": "100100228",
			"busRouteNm": "3416",
			"direction": "마천동",
			"gpsX": "127.148553",
			"gpsY": "37.501352",
			"lastTm": "00:41",
			"posX": "213133.9456300757",
			"posY": "444670.4727117247",
			"routeType": "4",
			"sectSpd": "22",
			"section": "123604682",
			"seq": "58",
			"station": "123000207",
			"stationNm": "청암노인요양원",
			"stationNo": "24297",
			"transYn": "N",
			"fullSectDist": "330",
			"trnstnid": "122000675"
		},
		{
			"arsId": "24295",
			"beginTm": "05:46",
			"busRouteAbrv": "3416",
			"busRouteId": "100100228",
			"busRouteNm": "3416",
			"direction": "마천동",
			"gpsX": "127.15151",
			"gpsY": "37.499937",
			"lastTm": "00:43",
			"posX": "213395.63441328486",
			"posY": "444513.85945950635",
			"routeType": "4",
			"sectSpd": "17",
			"section": "123604684",
			"seq": "59",
			"station": "123000205",
			"stationNm": "마천시장마천동우방아파트앞",
			"stationNo": "24295",
			"transYn": "N",
			"fullSectDist": "310",
			"trnstnid": "122000675"
		},
		{
			"arsId": "24294",
			"beginTm": "05:48",
			"busRouteAbrv": "3416",
			"busRouteId": "100100228",
			"busRouteNm": "3416",
			"direction": "마천동",
			"gpsX": "127.154075",
			"gpsY": "37.497978",
			"lastTm": "00:43",
			"posX": "213622.77285167773",
			"posY": "444296.82711276505",
			"routeType": "4",
			"sectSpd": "14",
			"section": "123600670",
			"seq": "60",
			"station": "123000204",
			"stationNm": "마천동금호어울림1차아파트",
			"stationNo": "24294",
			"transYn": "N",
			"fullSectDist": "371",
			"trnstnid": "122000675"
		},
		{
			"arsId": "24292",
			"beginTm": "05:49",
			"busRouteAbrv": "3416",
			"busRouteId": "100100228",
			"busRouteNm": "3416",
			"direction": "마천동",
			"gpsX": "127.155567",
			"gpsY": "37.493992",
			"lastTm": "00:45",
			"posX": "213755.42145816673",
			"posY": "443854.69698585477",
			"routeType": "4",
			"sectSpd": "21",
			"section": "123604687",
			"seq": "61",
			"station": "123000202",
			"stationNm": "송파보훈회관.금호어울림2차",
			"stationNo": "24292",
			"transYn": "N",
			"fullSectDist": "479",
			"trnstnid": "122000675"
		},
		{
			"arsId": "24289",
			"beginTm": "05:52",
			"busRouteAbrv": "3416",
			"busRouteId": "100100228",
			"busRouteNm": "3416",
			"direction": "마천동",
			"gpsX": "127.156552",
			"gpsY": "37.491982",
			"lastTm": "00:46",
			"posX": "213842.88737671176",
			"posY": "443631.7813539915",
			"routeType": "4",
			"sectSpd": "16",
			"section": "123600672",
			"seq": "62",
			"station": "123000199",
			"stationNm": "송파구립마천청소년센터",
			"stationNo": "24289",
			"transYn": "N",
			"fullSectDist": "240",
			"trnstnid": "122000675"
		},
		{
			"arsId": "24288",
			"beginTm": "05:52",
			"busRouteAbrv": "3416",
			"busRouteId": "100100228",
			"busRouteNm": "3416",
			"direction": "마천동",
			"gpsX": "127.157155",
			"gpsY": "37.490972",
			"lastTm": "00:47",
			"posX": "213896.39394918876",
			"posY": "443519.7853367231",
			"routeType": "4",
			"sectSpd": "18",
			"section": "123604689",
			"seq": "63",
			"station": "123000198",
			"stationNm": "남한산성입구",
			"stationNo": "24288",
			"transYn": "N",
			"fullSectDist": "155",
			"trnstnid": "122000675"
		}
	]
}