{
	"count": 105,
	"result": [
		{
			"arsId": "25341",
			"beginTm": "04:30",
			"busRouteAbrv": "2312",
			"busRouteId": "100100611",
			"busRouteNm": "2312",
			"direction": "중랑차고지",
			"gpsX": "127.174627",
			"gpsY": "37.564251",
			"lastTm": "23:39",
			"posX": "215426.25437697978",
			"posY": "451654.7045193985",
			"routeType": "4",
			"sectSpd": "0",
			"section": "0",
			"seq": "1",
			"station": "124000344",
			"stationNm": "강동공영차고지",
			"stationNo": "25341",
			"transYn": "N",
			"fullSectDist": "0",
			"trnstnid": "106000467"
		},
		{
			"arsId": "25326",
			"beginTm": "04:30",
			"busRouteAbrv": "2312",
			"busRouteId": "100100611",
			"busRouteNm": "2312",
			"direction": "중랑차고지",
			"gpsX": "127.175752",
			"gpsY": "37.565095",
			"lastTm": "22:24",
			"posX": "215525.45989352593",
			"posY": "451748.5539493556",
			"routeType": "4",
			"sectSpd": "58",
			"section": "124602272",
			"seq": "2",
			"station": "124000209",
			"stationNm": "강일초등학교",
			"stationNo": "25326",
			"transYn": "N",
			"fullSectDist": "280",
			"trnstnid": "106000467"
		},
		{
			"arsId": "25322",
			"beginTm": "04:32",
			"busRouteAbrv": "2312",
			"busRouteId": "100100611",
			"busRouteNm": "2312",
			"direction": "중랑차고지",
			"gpsX": "127.177918",
			"gpsY": "37.565067",
			"lastTm": "22:24",
			"posX": "215716.80456044292",
			"posY": "451745.8066373314",
			"routeType": "4",
			"sectSpd": "49",
			"section": "124602275",
			"seq": "3",
			"station": "124000205",
			"stationNm": "강일고등학교.강일리버파크7단지",
			"stationNo": "25322",
			"transYn": "N",
			"fullSectDist": "590",
			"trnstnid": "106000467"
		},
		{
			"arsId": "25340",
			"beginTm": "04:33",
			"busRouteAbrv": "2312",
			"busRouteId": "100100611",
			"busRouteNm": "2312",
			"direction": "중랑차고지",
			"gpsX": "127.1799002887",
			"gpsY": "37.561716212",
			"lastTm": "23:52",
			"posX": "215892.62665883586",
			"posY": "451374.28129500477",
			"routeType": "4",
			"sectSpd": "26",
			"section": "124602278",
			"seq": "4",
			"station": "124000339",
			"stationNm": "강일리버파크9단지후문",
			"stationNo": "25340",
			"transYn": "N",
			"fullSectDist": "868",
			"trnstnid": "106000467"
		},
		{
			"arsId": "25328",
			"beginTm": "04:35",
			"busRouteAbrv": "2312",
			"busRouteId": "100100611",
			"busRouteNm": "2312",
			"direction": "중랑차고지",
			"gpsX": "127.1794626974",
			"gpsY": "37.5595533554",
			"lastTm": "23:54",
			"posX": "215854.42755563333",
			"posY": "451134.1812633956",
			"routeType": "4",
			"sectSpd": "9",
			"section": "124600411",
			"seq": "5",
			"station": "124000341",
			"stationNm": "강일리버파크9단지.10단지",
			"stationNo": "25328",
			"transYn": "N",
			"fullSectDist": "492",
			"trnstnid": "106000467"
		},
		{
			"arsId": "25388",
			"beginTm": "04:36",
			"busRouteAbrv": "2312",
			"busRouteId": "100100611",
			"busRouteNm": "2312",
			"direction": "중랑차고지",
			"gpsX": "127.1772337078",
			"gpsY": "37.5579846355",
			"lastTm": "23:55",
			"posX": "215657.8381193258",
			"posY": "450959.7167211501",
			"routeType": "4",
			"sectSpd": "37",
			"section": "124602807",
			"seq": "6",
			"station": "124000469",
			"stationNm": "강일역2번출구",
			"stationNo": "25388",
			"transYn": "N",
			"fullSectDist": "730",
			"trnstnid": "106000467"
		},
		{
			"arsId": "25342",
			"beginTm": "04:37",
			"busRouteAbrv": "2312",
			"busRouteId": "100100611",
			"busRouteNm": "2312",
			"direction": "중랑차고지",
			"gpsX": "127.1737391286",
			"gpsY": "37.5573380193",
			"lastTm": "23:55",
			"posX": "215349.23942475163",
			"posY": "450887.38120089006",
			"routeType": "4",
			"sectSpd": "16",
			"section": "124602808",
			"seq": "7",
			"station": "124000368",
			"stationNm": "강일역.고덕리엔파크2단지.3단지",
			"stationNo": "25342",
			"transYn": "N",
			"fullSectDist": "642",
			"trnstnid": "106000467"
		},
		{
			"arsId": "25107",
			"beginTm": "04:39",
			"busRouteAbrv": "2312",
			"busRouteId": "100100611",
			"busRouteNm": "2312",
			"direction": "중랑차고지",
			"gpsX": "127.171147352",
			"gpsY": "37.5563241348",
			"lastTm": "23:56",
			"posX": "215120.46979545988",
			"posY": "450774.443920061",
			"routeType": "4",
			"sectSpd": "49",
			"section": "124600293",
			"seq": "8",
			"station": "124000007",
			"stationNm": "고덕천교차로",
			"stationNo": "25107",
			"transYn": "N",
			"fullSectDist": "656",
			"trnstnid": "106000467"
		},
		{
			"arsId": "25109",
			"beginTm": "04:41",
			"busRouteAbrv": "2312",
			"busRouteId": "100100611",
			"busRouteNm": "2312",
			"direction": "중랑차고지",
			"gpsX": "127.1720516501",
			"gpsY": "37.5534666908",
			"lastTm": "23:57",
			"posX": "215200.94290939072",
			"posY": "450457.48114552256",
			"routeType": "4",
			"sectSpd": "11",
			"section": "124600295",
			"seq": "9",
			"station": "124000009",
			"stationNm": "고덕자이.고덕천물놀이장",
			"stationNo": "25109",
			"transYn": "N",
			"fullSectDist": "764",
			"trnstnid": "106000467"
		},
		{
			"arsId": "25250",
			"beginTm": "04:44",
			"busRouteAbrv": "2312",
			"busRouteId": "100100611",
			"busRouteNm": "2312",
			"direction": "중랑차고지",
			"gpsX": "127.1714947154",
			"gpsY": "37.5509869004",
			"lastTm": "23:58",
			"posX": "215152.23915803694",
			"posY": "450182.19334163377",
			"routeType": "4",
			"sectSpd": "15",
			"section": "124600416",
			"seq": "10",
			"station": "124000139",
			"stationNm": "고덕자이.상일여고",
			"stationNo": "25250",
			"transYn": "N",
			"fullSectDist": "790",
			"trnstnid": "106000467"
		},
		{
			"arsId": "25252",
			"beginTm": "04:44",
			"busRouteAbrv": "2312",
			"busRouteId": "100100611",
			"busRouteNm": "2312",
			"direction": "중랑차고지",
			"gpsX": "127.1683222748",
			"gpsY": "37.5504362811",
			"lastTm": "23:59",
			"posX": "214872.05063131536",
			"posY": "450120.58108490566",
			"routeType": "4",
			"sectSpd": "21",
			"section": "124602286",
			"seq": "11",
			"station": "124000141",
			"stationNm": "상일1동주민센터.고덕사회체육센터",
			"stationNo": "25252",
			"transYn": "N",
			"fullSectDist": "596",
			"trnstnid": "106000467"
		},
		{
			"arsId": "25113",
			"beginTm": "04:46",
			"busRouteAbrv": "2312",
			"busRouteId": "100100611",
			"busRouteNm": "2312",
			"direction": "중랑차고지",
			"gpsX": "127.1649726428",
			"gpsY": "37.5498834696",
			"lastTm": "00:00",
			"posX": "214576.2026127494",
			"posY": "450058.7075282261",
			"routeType": "4",
			"sectSpd": "9",
			"section": "124602204",
			"seq": "12",
			"station": "124000448",
			"stationNm": "상일동산.롯데캐슬베네루체",
			"stationNo": "25113",
			"transYn": "N",
			"fullSectDist": "682",
			"trnstnid": "106000467"
		},
		{
			"arsId": "25115",
			"beginTm": "04:47",
			"busRouteAbrv": "2312",
			"busRouteId": "100100611",
			"busRouteNm": "2312",
			"direction": "중랑차고지",
			"gpsX": "127.1665605106",
			"gpsY": "37.5474506943",
			"lastTm": "00:02",
			"posX": "214716.9775257135",
			"posY": "449788.97475730116",
			"routeType": "4",
			"sectSpd": "13",
			"section": "124602667",
			"seq": "13",
			"station": "124000449",
			"stationNm": "상일근린공원",
			"stationNo": "25115",
			"transYn": "N",
			"fullSectDist": "744",
			"trnstnid": "106000467"
		},
		{
			"arsId": "25297",
			"beginTm": "04:48",
			"busRouteAbrv": "2312",
			"busRouteId": "100100611",
			"busRouteNm": "2312",
			"direction": "중랑차고지",
			"gpsX": "127.1642692203",
			"gpsY": "37.54597942",
			"lastTm": "00:03",
			"posX": "214514.80850570256",
			"posY": "449625.34218903864",
			"routeType": "4",
			"sectSpd": "16",
			"section": "124602207",
			"seq": "14",
			"station": "124000185",
			"stationNm": "상일동주몽재활원",
			"stationNo": "25297",
			"transYn": "N",
			"fullSectDist": "1029",
			"trnstnid": "106000467"
		},
		{
			"arsId": "25300",
			"beginTm": "04:49",
			"busRouteAbrv": "2312",
			"busRouteId": "100100611",
			"busRouteNm": "2312",
			"direction": "중랑차고지",
			"gpsX": "127.160085237",
			"gpsY": "37.5456845502",
			"lastTm": "00:05",
			"posX": "214145.16771068034",
			"posY": "449591.9809811283",
			"routeType": "4",
			"sectSpd": "21",
			"section": "124602576",
			"seq": "15",
			"station": "124000188",
			"stationNm": "상일동빌라단지",
			"stationNo": "25300",
			"transYn": "N",
			"fullSectDist": "657",
			"trnstnid": "106000467"
		},
		{
			"arsId": "25182",
			"beginTm": "04:50",
			"busRouteAbrv": "2312",
			"busRouteId": "100100611",
			"busRouteNm": "2312",
			"direction": "중랑차고지",
			"gpsX": "127.1525922642",
			"gpsY": "37.539039881",
			"lastTm": "00:06",
			"posX": "213484.28323158334",
			"posY": "448853.480866896",
			"routeType": "4",
			"sectSpd": "25",
			"section": "124600334",
			"seq": "16",
			"station": "124000082",
			"stationNm": "길동자연생태공원",
			"stationNo": "25182",
			"transYn": "N",
			"fullSectDist": "2462",
			"trnstnid": "106000467"
		},
		{
			"arsId": "25184",
			"beginTm": "04:54",
			"busRouteAbrv": "2312",
			"busRouteId": "100100611",
			"busRouteNm": "2312",
			"direction": "중랑차고지",
			"gpsX": "127.1496877955",
			"gpsY": "37.5318591561",
			"lastTm": "00:10",
			"posX": "213228.88923157818",
			"posY": "448056.1807526122",
			"routeType": "4",
			"sectSpd": "12",
			"section": "124602290",
			"seq": "17",
			"station": "124000084",
			"stationNm": "일자산입구.둔촌도서관",
			"stationNo": "25184",
			"transYn": "N",
			"fullSectDist": "1680",
			"trnstnid": "106000467"
		},
		{
			"arsId": "25330",
			"beginTm": "04:57",
			"busRouteAbrv": "2312",
			"busRouteId": "100100611",
			"busRouteNm": "2312",
			"direction": "중랑차고지",
			"gpsX": "127.1486791218",
			"gpsY": "37.5295979733",
			"lastTm": "00:11",
			"posX": "213140.14277986626",
			"posY": "447805.1027037138",
			"routeType": "4",
			"sectSpd": "13",
			"section": "124602123",
			"seq": "18",
			"station": "124000445",
			"stationNm": "중앙보훈병원역2번출구",
			"stationNo": "25330",
			"transYn": "N",
			"fullSectDist": "532",
			"trnstnid": "106000467"
		},
		{
			"arsId": "25302",
			"beginTm": "04:58",
			"busRouteAbrv": "2312",
			"busRouteId": "100100611",
			"busRouteNm": "2312",
			"direction": "중랑차고지",
			"gpsX": "127.1480518756",
			"gpsY": "37.5279919512",
			"lastTm": "00:12",
			"posX": "213084.9877778261",
			"posY": "447626.78567404905",
			"routeType": "4",
			"sectSpd": "10",
			"section": "124602124",
			"seq": "19",
			"station": "124000190",
			"stationNm": "중앙보훈병원역1번출구",
			"stationNo": "25302",
			"transYn": "N",
			"fullSectDist": "374",
			"trnstnid": "106000467"
		},
		{
			"arsId": "25204",
			"beginTm": "04:59",
			"busRouteAbrv": "2312",
			"busRouteId": "100100611",
			"busRouteNm": "2312",
			"direction": "중랑차고지",
			"gpsX": "127.1452995611",
			"gpsY": "37.5264562493",
			"lastTm": "00:13",
			"posX": "212841.99832555235",
			"posY": "447455.9806507351",
			"routeType": "4",
			"sectSpd": "24",
			"section": "124600339",
			"seq": "20",
			"station": "124000099",
			"stationNm": "보훈회관",
			"stationNo": "25204",
			"transYn": "N",
			"fullSectDist": "856",
			"trnstnid": "106000467"
		},
		{
			"arsId": "25190",
			"beginTm": "05:00",
			"busRouteAbrv": "2312",
			"busRouteId": "100100611",
			"busRouteNm": "2312",
			"direction": "중랑차고지",
			"gpsX": "127.1435957051",
			"gpsY": "37.5288444399",
			"lastTm": "00:14",
			"posX": "212691.00186911057",
			"posY": "447720.78068400174",
			"routeType": "4",
			"sectSpd": "14",
			"section": "124600341",
			"seq": "21",
			"station": "124000089",
			"stationNm": "보훈병원",
			"stationNo": "25190",
			"transYn": "N",
			"fullSectDist": "654",
			"trnstnid": "106000467"
		},
		{
			"arsId": "25192",
			"beginTm": "05:01",
			"busRouteAbrv": "2312",
			"busRouteId": "100100611",
			"busRouteNm": "2312",
			"direction": "중랑차고지",
			"gpsX": "127.1419861314",
			"gpsY": "37.5319331495",
			"lastTm": "00:16",
			"posX": "212548.23004760197",
			"posY": "448063.33680306375",
			"routeType": "4",
			"sectSpd": "18",
			"section": "124600343",
			"seq": "22",
			"station": "124000091",
			"stationNm": "약수터",
			"stationNo": "25192",
			"transYn": "N",
			"fullSectDist": "776",
			"trnstnid": "106000467"
		},
		{
			"arsId": "25243",
			"beginTm": "05:02",
			"busRouteAbrv": "2312",
			"busRouteId": "100100611",
			"busRouteNm": "2312",
			"direction": "중랑차고지",
			"gpsX": "127.1392535664",
			"gpsY": "37.5351257806",
			"lastTm": "00:17",
			"posX": "212306.21090707733",
			"posY": "448417.2807621192",
			"routeType": "4",
			"sectSpd": "17",
			"section": "124602297",
			"seq": "23",
			"station": "124000132",
			"stationNm": "서울프라임한방병원",
			"stationNo": "25243",
			"transYn": "N",
			"fullSectDist": "1001",
			"trnstnid": "106000467"
		},
		{
			"arsId": "25241",
			"beginTm": "05:05",
			"busRouteAbrv": "2312",
			"busRouteId": "100100611",
			"busRouteNm": "2312",
			"direction": "중랑차고지",
			"gpsX": "127.1400078708",
			"gpsY": "37.5373136521",
			"lastTm": "00:19",
			"posX": "212372.50935414908",
			"posY": "448660.1808032454",
			"routeType": "4",
			"sectSpd": "17",
			"section": "124602242",
			"seq": "24",
			"station": "124000130",
			"stationNm": "길동역3번출구",
			"stationNo": "25241",
			"transYn": "N",
			"fullSectDist": "514",
			"trnstnid": "106000467"
		},
		{
			"arsId": "25311",
			"beginTm": "05:06",
			"busRouteAbrv": "2312",
			"busRouteId": "100100611",
			"busRouteNm": "2312",
			"direction": "중랑차고지",
			"gpsX": "127.1410120284",
			"gpsY": "37.5399553721",
			"lastTm": "00:20",
			"posX": "212460.80727633415",
			"posY": "448953.4808413447",
			"routeType": "4",
			"sectSpd": "18",
			"section": "124600391",
			"seq": "25",
			"station": "124000194",
			"stationNm": "천동초교입구사거리",
			"stationNo": "25311",
			"transYn": "N",
			"fullSectDist": "634",
			"trnstnid": "106000467"
		},
		{
			"arsId": "25239",
			"beginTm": "05:06",
			"busRouteAbrv": "2312",
			"busRouteId": "100100611",
			"busRouteNm": "2312",
			"direction": "중랑차고지",
			"gpsX": "127.1421222263",
			"gpsY": "37.5429790193",
			"lastTm": "00:21",
			"posX": "212558.4049808895",
			"posY": "449289.18089543516",
			"routeType": "4",
			"sectSpd": "23",
			"section": "124600393",
			"seq": "26",
			"station": "124000128",
			"stationNm": "십자성마을",
			"stationNo": "25239",
			"transYn": "N",
			"fullSectDist": "708",
			"trnstnid": "106000467"
		},
		{
			"arsId": "25349",
			"beginTm": "05:09",
			"busRouteAbrv": "2312",
			"busRouteId": "100100611",
			"busRouteNm": "2312",
			"direction": "중랑차고지",
			"gpsX": "127.143063",
			"gpsY": "37.545612",
			"lastTm": "00:22",
			"posX": "212641.09039386822",
			"posY": "449581.5048464439",
			"routeType": "4",
			"sectSpd": "29",
			"section": "124602300",
			"seq": "27",
			"station": "124000406",
			"stationNm": "굽은다리역구민회관.강동홈플러스",
			"stationNo": "25349",
			"transYn": "N",
			"fullSectDist": "620",
			"trnstnid": "106000467"
		},
		{
			"arsId": "25237",
			"beginTm": "05:09",
			"busRouteAbrv": "2312",
			"busRouteId": "100100611",
			"busRouteNm": "2312",
			"direction": "중랑차고지",
			"gpsX": "127.143558605",
			"gpsY": "37.5472655932",
			"lastTm": "00:22",
			"posX": "212684.60201902658",
			"posY": "449765.0809586644",
			"routeType": "4",
			"sectSpd": "24",
			"section": "124600396",
			"seq": "28",
			"station": "124000126",
			"stationNm": "굽은다리사거리",
			"stationNo": "25237",
			"transYn": "N",
			"fullSectDist": "616",
			"trnstnid": "106000467"
		},
		{
			"arsId": "25235",
			"beginTm": "05:11",
			"busRouteAbrv": "2312",
			"busRouteId": "100100611",
			"busRouteNm": "2312",
			"direction": "중랑차고지",
			"gpsX": "127.1440658281",
			"gpsY": "37.5503142792",
			"lastTm": "00:24",
			"posX": "212728.90097668435",
			"posY": "450103.4810027648",
			"routeType": "4",
			"sectSpd": "19",
			"section": "124600397",
			"seq": "29",
			"station": "124000124",
			"stationNm": "명일역4번출구.명일전통시장",
			"stationNo": "25235",
			"transYn": "N",
			"fullSectDist": "662",
			"trnstnid": "106000467"
		},
		{
			"arsId": "25232",
			"beginTm": "05:12",
			"busRouteAbrv": "2312",
			"busRouteId": "100100611",
			"busRouteNm": "2312",
			"direction": "중랑차고지",
			"gpsX": "127.1442239125",
			"gpsY": "37.5518873966",
			"lastTm": "00:25",
			"posX": "212742.60065793217",
			"posY": "450278.0810283483",
			"routeType": "4",
			"sectSpd": "21",
			"section": "124600399",
			"seq": "30",
			"station": "124000121",
			"stationNm": "명일역3번출구.래미안솔베뉴",
			"stationNo": "25232",
			"transYn": "N",
			"fullSectDist": "380",
			"trnstnid": "106000467"
		},
		{
			"arsId": "25371",
			"beginTm": "05:12",
			"busRouteAbrv": "2312",
			"busRouteId": "100100611",
			"busRouteNm": "2312",
			"direction": "중랑차고지",
			"gpsX": "127.1448147728",
			"gpsY": "37.5560136826",
			"lastTm": "00:25",
			"posX": "212794.09945181548",
			"posY": "450736.0810950324",
			"routeType": "4",
			"sectSpd": "10",
			"section": "124600744",
			"seq": "31",
			"station": "124000431",
			"stationNm": "서울시동부기술교육원.명덕초교",
			"stationNo": "25371",
			"transYn": "N",
			"fullSectDist": "928",
			"trnstnid": "106000467"
		},
		{
			"arsId": "25372",
			"beginTm": "05:14",
			"busRouteAbrv": "2312",
			"busRouteId": "100100611",
			"busRouteNm": "2312",
			"direction": "중랑차고지",
			"gpsX": "127.1446498024",
			"gpsY": "37.5577215977",
			"lastTm": "00:27",
			"posX": "212779.23295209033",
			"posY": "450925.59678720124",
			"routeType": "4",
			"sectSpd": "14",
			"section": "124600746",
			"seq": "32",
			"station": "124000430",
			"stationNm": "아남.대우아파트",
			"stationNo": "25372",
			"transYn": "N",
			"fullSectDist": "384",
			"trnstnid": "106000467"
		},
		{
			"arsId": "07248",
			"beginTm": "05:15",
			"busRouteAbrv": "2312",
			"busRouteId": "100100611",
			"busRouteNm": "2312",
			"direction": "중랑차고지",
			"gpsX": "127.0897950791",
			"gpsY": "37.5805600222",
			"lastTm": "00:27",
			"posX": "207930.6136977464",
			"posY": "453454.0813278286",
			"routeType": "4",
			"sectSpd": "41",
			"section": "106601044",
			"seq": "33",
			"station": "106000153",
			"stationNm": "사가정시장",
			"stationNo": "07248",
			"transYn": "N",
			"fullSectDist": "11720",
			"trnstnid": "106000467"
		},
		{
			"arsId": "07246",
			"beginTm": "05:24",
			"busRouteAbrv": "2312",
			"busRouteId": "100100611",
			"busRouteNm": "2312",
			"direction": "중랑차고지",
			"gpsX": "127.0877426932",
			"gpsY": "37.5808589253",
			"lastTm": "00:38",
			"posX": "207749.31796064452",
			"posY": "453487.08133569825",
			"routeType": "4",
			"sectSpd": "25",
			"section": "106600205",
			"seq": "34",
			"station": "106000151",
			"stationNm": "사가정역",
			"stationNo": "07246",
			"transYn": "N",
			"fullSectDist": "370",
			"trnstnid": "106000467"
		},
		{
			"arsId": "07244",
			"beginTm": "05:26",
			"busRouteAbrv": "2312",
			"busRouteId": "100100611",
			"busRouteNm": "2312",
			"direction": "중랑차고지",
			"gpsX": "127.0848478468",
			"gpsY": "37.5811079401",
			"lastTm": "00:36",
			"posX": "207493.6239685374",
			"posY": "453514.48133139266",
			"routeType": "4",
			"sectSpd": "7",
			"section": "106600206",
			"seq": "35",
			"station": "106000149",
			"stationNm": "면목두산아파트2차",
			"stationNo": "07244",
			"transYn": "N",
			"fullSectDist": "510",
			"trnstnid": "106000467"
		},
		{
			"arsId": "07242",
			"beginTm": "05:27",
			"busRouteAbrv": "2312",
			"busRouteId": "100100611",
			"busRouteNm": "2312",
			"direction": "중랑차고지",
			"gpsX": "127.0822156257",
			"gpsY": "37.5813242621",
			"lastTm": "00:38",
			"posX": "207261.1294260797",
			"posY": "453538.281332016",
			"routeType": "4",
			"sectSpd": "20",
			"section": "106600718",
			"seq": "36",
			"station": "106000147",
			"stationNm": "사가정센트럴아이파크아파트",
			"stationNo": "07242",
			"transYn": "N",
			"fullSectDist": "470",
			"trnstnid": "106000467"
		},
		{
			"arsId": "07466",
			"beginTm": "05:28",
			"busRouteAbrv": "2312",
			"busRouteId": "100100611",
			"busRouteNm": "2312",
			"direction": "중랑차고지",
			"gpsX": "127.079850345",
			"gpsY": "37.5828907784",
			"lastTm": "00:38",
			"posX": "207052.08447752782",
			"posY": "453711.94800354214",
			"routeType": "4",
			"sectSpd": "23",
			"section": "106602558",
			"seq": "37",
			"station": "106000474",
			"stationNm": "늘푸른근린공원",
			"stationNo": "07466",
			"transYn": "N",
			"fullSectDist": "710",
			"trnstnid": "106000467"
		},
		{
			"arsId": "07118",
			"beginTm": "05:29",
			"busRouteAbrv": "2312",
			"busRouteId": "100100611",
			"busRouteNm": "2312",
			"direction": "중랑차고지",
			"gpsX": "127.0800312987",
			"gpsY": "37.585341019",
			"lastTm": "00:40",
			"posX": "207067.83396869947",
			"posY": "453983.88138706144",
			"routeType": "4",
			"sectSpd": "19",
			"section": "106602153",
			"seq": "38",
			"station": "106000024",
			"stationNm": "장안시장",
			"stationNo": "07118",
			"transYn": "N",
			"fullSectDist": "548",
			"trnstnid": "106000467"
		},
		{
			"arsId": "07116",
			"beginTm": "05:30",
			"busRouteAbrv": "2312",
			"busRouteId": "100100611",
			"busRouteNm": "2312",
			"direction": "중랑차고지",
			"gpsX": "127.0801196457",
			"gpsY": "37.5874792439",
			"lastTm": "00:41",
			"posX": "207075.43379150503",
			"posY": "454221.18142031226",
			"routeType": "4",
			"sectSpd": "24",
			"section": "106602687",
			"seq": "39",
			"station": "106000022",
			"stationNm": "면목2동",
			"stationNo": "07116",
			"transYn": "N",
			"fullSectDist": "478",
			"trnstnid": "106000467"
		},
		{
			"arsId": "07114",
			"beginTm": "05:31",
			"busRouteAbrv": "2312",
			"busRouteId": "100100611",
			"busRouteNm": "2312",
			"direction": "중랑차고지",
			"gpsX": "127.0802169794",
			"gpsY": "37.5895453747",
			"lastTm": "00:42",
			"posX": "207083.83359164197",
			"posY": "454450.4814471258",
			"routeType": "4",
			"sectSpd": "17",
			"section": "106600116",
			"seq": "40",
			"station": "106000020",
			"stationNm": "중목초등학교",
			"stationNo": "07114",
			"transYn": "N",
			"fullSectDist": "462",
			"trnstnid": "106000467"
		},
		{
			"arsId": "07112",
			"beginTm": "05:32",
			"busRouteAbrv": "2312",
			"busRouteId": "100100611",
			"busRouteNm": "2312",
			"direction": "중랑차고지",
			"gpsX": "127.0803304124",
			"gpsY": "37.5918349637",
			"lastTm": "00:43",
			"posX": "207093.6333614485",
			"posY": "454704.5814800807",
			"routeType": "4",
			"sectSpd": "27",
			"section": "106600530",
			"seq": "41",
			"station": "106000018",
			"stationNm": "상봉2동복합청사.도서관",
			"stationNo": "07112",
			"transYn": "N",
			"fullSectDist": "510",
			"trnstnid": "106000467"
		},
		{
			"arsId": "07004",
			"beginTm": "05:33",
			"busRouteAbrv": "2312",
			"busRouteId": "100100611",
			"busRouteNm": "2312",
			"direction": "중랑차고지",
			"gpsX": "127.0828597726",
			"gpsY": "37.5956652771",
			"lastTm": "00:44",
			"posX": "207316.61529329032",
			"posY": "455129.8520263098",
			"routeType": "4",
			"sectSpd": "29",
			"section": "106601924",
			"seq": "42",
			"station": "106000004",
			"stationNm": "상봉역.중랑우체국",
			"stationNo": "07004",
			"transYn": "N",
			"fullSectDist": "1176",
			"trnstnid": "106000467"
		},
		{
			"arsId": "07002",
			"beginTm": "05:35",
			"busRouteAbrv": "2312",
			"busRouteId": "100100611",
			"busRouteNm": "2312",
			"direction": "중랑차고지",
			"gpsX": "127.0903499768",
			"gpsY": "37.597507277",
			"lastTm": "00:46",
			"posX": "207977.81259245344",
			"posY": "455334.88158580055",
			"routeType": "4",
			"sectSpd": "47",
			"section": "106602700",
			"seq": "43",
			"station": "106000002",
			"stationNm": "망우역.상봉터미널",
			"stationNo": "07002",
			"transYn": "N",
			"fullSectDist": "1388",
			"trnstnid": "106000467"
		},
		{
			"arsId": "07008",
			"beginTm": "05:37",
			"busRouteAbrv": "2312",
			"busRouteId": "100100611",
			"busRouteNm": "2312",
			"direction": "중랑차고지",
			"gpsX": "127.0948710737",
			"gpsY": "37.5985580019",
			"lastTm": "00:47",
			"posX": "208376.90321604512",
			"posY": "455451.88160936115",
			"routeType": "4",
			"sectSpd": "39",
			"section": "106600142",
			"seq": "44",
			"station": "106000435",
			"stationNm": "망우역.망우지구대",
			"stationNo": "07008",
			"transYn": "N",
			"fullSectDist": "830",
			"trnstnid": "106000467"
		},
		{
			"arsId": "07131",
			"beginTm": "05:40",
			"busRouteAbrv": "2312",
			"busRouteId": "100100611",
			"busRouteNm": "2312",
			"direction": "중랑차고지",
			"gpsX": "127.0973547272",
			"gpsY": "37.599481396",
			"lastTm": "00:48",
			"posX": "208596.09806846813",
			"posY": "455554.58162351605",
			"routeType": "4",
			"sectSpd": "8",
			"section": "106601932",
			"seq": "45",
			"station": "106000037",
			"stationNm": "국민은행망우동지점",
			"stationNo": "07131",
			"transYn": "N",
			"fullSectDist": "520",
			"trnstnid": "106000467"
		},
		{
			"arsId": "07272",
			"beginTm": "05:40",
			"busRouteAbrv": "2312",
			"busRouteId": "100100611",
			"busRouteNm": "2312",
			"direction": "중랑차고지",
			"gpsX": "127.0958886791",
			"gpsY": "37.6034500817",
			"lastTm": "00:49",
			"posX": "208466.20111295517",
			"posY": "455994.881689786",
			"routeType": "4",
			"sectSpd": "25",
			"section": "106602347",
			"seq": "46",
			"station": "106000177",
			"stationNm": "성원아파트경남아너스빌앞",
			"stationNo": "07272",
			"transYn": "N",
			"fullSectDist": "950",
			"trnstnid": "106000467"
		},
		{
			"arsId": "07274",
			"beginTm": "05:42",
			"busRouteAbrv": "2312",
			"busRouteId": "100100611",
			"busRouteNm": "2312",
			"direction": "중랑차고지",
			"gpsX": "127.0954614467",
			"gpsY": "37.605913097",
			"lastTm": "00:50",
			"posX": "208428.2020063924",
			"posY": "456268.181714511",
			"routeType": "4",
			"sectSpd": "35",
			"section": "106602350",
			"seq": "47",
			"station": "106000179",
			"stationNm": "중랑구청사거리",
			"stationNo": "07274",
			"transYn": "N",
			"fullSectDist": "560",
			"trnstnid": "106000467"
		},
		{
			"arsId": "07275",
			"beginTm": "05:43",
			"busRouteAbrv": "2312",
			"busRouteId": "100100611",
			"busRouteNm": "2312",
			"direction": "중랑차고지",
			"gpsX": "127.0953333673",
			"gpsY": "37.6076144511",
			"lastTm": "00:52",
			"posX": "208416.7022763259",
			"posY": "456456.9817494829",
			"routeType": "4",
			"sectSpd": "44",
			"section": "106600381",
			"seq": "48",
			"station": "106000180",
			"stationNm": "신내동성3차아파트",
			"stationNo": "07275",
			"transYn": "N",
			"fullSectDist": "394",
			"trnstnid": "106000467"
		},
		{
			"arsId": "07276",
			"beginTm": "05:45",
			"busRouteAbrv": "2312",
			"busRouteId": "100100611",
			"busRouteNm": "2312",
			"direction": "중랑차고지",
			"gpsX": "127.0962047515",
			"gpsY": "37.6096700217",
			"lastTm": "00:54",
			"posX": "208493.40048122098",
			"posY": "456685.18177779345",
			"routeType": "4",
			"sectSpd": "16",
			"section": "106600382",
			"seq": "49",
			"station": "106000181",
			"stationNm": "신내동성1.2차아파트",
			"stationNo": "07276",
			"transYn": "N",
			"fullSectDist": "492",
			"trnstnid": "106000467"
		},
		{
			"arsId": "07280",
			"beginTm": "05:47",
			"busRouteAbrv": "2312",
			"busRouteId": "100100611",
			"busRouteNm": "2312",
			"direction": "중랑차고지",
			"gpsX": "127.0966220017",
			"gpsY": "37.612626142",
			"lastTm": "00:54",
			"posX": "208529.89962167965",
			"posY": "457013.2818246898",
			"routeType": "4",
			"sectSpd": "32",
			"section": "106600384",
			"seq": "50",
			"station": "106000185",
			"stationNm": "신내9단지아파트.서울의료원",
			"stationNo": "07280",
			"transYn": "N",
			"fullSectDist": "666",
			"trnstnid": "106000467"
		},
		{
			"arsId": "07432",
			"beginTm": "05:48",
			"busRouteAbrv": "2312",
			"busRouteId": "100100611",
			"busRouteNm": "2312",
			"direction": "중랑차고지",
			"gpsX": "127.0975760659",
			"gpsY": "37.6137345927",
			"lastTm": "00:56",
			"posX": "208613.99764685723",
			"posY": "457136.3818375296",
			"routeType": "4",
			"sectSpd": "20",
			"section": "106602490",
			"seq": "51",
			"station": "106000439",
			"stationNm": "서울의료원후문",
			"stationNo": "07432",
			"transYn": "N",
			"fullSectDist": "772",
			"trnstnid": "106000467"
		},
		{
			"arsId": "07434",
			"beginTm": "05:49",
			"busRouteAbrv": "2312",
			"busRouteId": "100100611",
			"busRouteNm": "2312",
			"direction": "중랑차고지",
			"gpsX": "127.0995517861",
			"gpsY": "37.61305803",
			"lastTm": "00:56",
			"posX": "208788.49354139835",
			"posY": "457061.4818392005",
			"routeType": "4",
			"sectSpd": "5",
			"section": "106602278",
			"seq": "52",
			"station": "106000436",
			"stationNm": "신내데시앙아파트후문",
			"stationNo": "07434",
			"transYn": "N",
			"fullSectDist": "376",
			"trnstnid": "106000467"
		},
		{
			"arsId": "07337",
			"beginTm": "05:49",
			"busRouteAbrv": "2312",
			"busRouteId": "100100611",
			"busRouteNm": "2312",
			"direction": "중랑차고지",
			"gpsX": "127.1020230606",
			"gpsY": "37.613645229",
			"lastTm": "00:57",
			"posX": "209006.58842647215",
			"posY": "457126.88184408424",
			"routeType": "4",
			"sectSpd": "15",
			"section": "106600173",
			"seq": "53",
			"station": "106000241",
			"stationNm": "중랑공영차고지",
			"stationNo": "07337",
			"transYn": "N",
			"fullSectDist": "580",
			"trnstnid": "106000467"
		},
		{
			"arsId": "07550",
			"beginTm": "05:50",
			"busRouteAbrv": "2312",
			"busRouteId": "100100611",
			"busRouteNm": "2312",
			"direction": "중랑차고지",
			"gpsX": "127.103628",
			"gpsY": "37.613209",
			"lastTm": "00:58",
			"posX": "209148.32584180235",
			"posY": "457078.62550193816",
			"routeType": "4",
			"sectSpd": "24",
			"section": "106600174",
			"seq": "54",
			"station": "106000467",
			"stationNm": "중랑공영차고지.신내역",
			"stationNo": "07550",
			"transYn": "Y",
			"fullSectDist": "298",
			"trnstnid": "106000467"
		},
		{
			"arsId": "07418",
			"beginTm": "05:51",
			"busRouteAbrv": "2312",
			"busRouteId": "100100611",
			"busRouteNm": "2312",
			"direction": "강동차고지",
			"gpsX": "127.1021199052",
			"gpsY": "37.6137621361",
			"lastTm": "00:59",
			"posX": "209015.12374941437",
			"posY": "457139.8651791252",
			"routeType": "4",
			"sectSpd": "9",
			"section": "106602330",
			"seq": "55",
			"station": "106000319",
			"stationNm": "중랑공영차고지.신내역",
			"stationNo": "07418",
			"transYn": "N",
			"fullSectDist": "1018",
			"trnstnid": "106000467"
		},
		{
			"arsId": "07435",
			"beginTm": "04:35",
			"busRouteAbrv": "2312",
			"busRouteId": "100100611",
			"busRouteNm": "2312",
			"direction": "강동차고지",
			"gpsX": "127.1002631605",
			"gpsY": "37.6130754494",
			"lastTm": "22:30",
			"posX": "208851.29206725585",
			"posY": "457063.4818322519",
			"routeType": "4",
			"sectSpd": "12",
			"section": "106602449",
			"seq": "56",
			"station": "106000437",
			"stationNm": "신내데시앙아파트후문",
			"stationNo": "07435",
			"transYn": "N",
			"fullSectDist": "486",
			"trnstnid": "106000467"
		},
		{
			"arsId": "07433",
			"beginTm": "04:37",
			"busRouteAbrv": "2312",
			"busRouteId": "100100611",
			"busRouteNm": "2312",
			"direction": "강동차고지",
			"gpsX": "127.09824099",
			"gpsY": "37.6137412498",
			"lastTm": "22:32",
			"posX": "208672.6962690994",
			"posY": "457137.1818457544",
			"routeType": "4",
			"sectSpd": "13",
			"section": "106602047",
			"seq": "57",
			"station": "106000438",
			"stationNm": "서울의료원후문",
			"stationNo": "07433",
			"transYn": "N",
			"fullSectDist": "376",
			"trnstnid": "106000467"
		},
		{
			"arsId": "07279",
			"beginTm": "04:38",
			"busRouteAbrv": "2312",
			"busRouteId": "100100611",
			"busRouteNm": "2312",
			"direction": "강동차고지",
			"gpsX": "127.0961797384",
			"gpsY": "37.6131148914",
			"lastTm": "22:33",
			"posX": "208490.8005364177",
			"posY": "457067.48183123115",
			"routeType": "4",
			"sectSpd": "24",
			"section": "106602408",
			"seq": "58",
			"station": "106000184",
			"stationNm": "신내8단지아파트.서울의료원",
			"stationNo": "07279",
			"transYn": "N",
			"fullSectDist": "754",
			"trnstnid": "106000467"
		},
		{
			"arsId": "07278",
			"beginTm": "04:39",
			"busRouteAbrv": "2312",
			"busRouteId": "100100611",
			"busRouteNm": "2312",
			"direction": "강동차고지",
			"gpsX": "127.0959906996",
			"gpsY": "37.6105694794",
			"lastTm": "22:34",
			"posX": "208474.40092290653",
			"posY": "456784.9817943773",
			"routeType": "4",
			"sectSpd": "13",
			"section": "106600351",
			"seq": "59",
			"station": "106000183",
			"stationNm": "신내9단지아파트",
			"stationNo": "07278",
			"transYn": "N",
			"fullSectDist": "608",
			"trnstnid": "106000467"
		},
		{
			"arsId": "07277",
			"beginTm": "04:40",
			"busRouteAbrv": "2312",
			"busRouteId": "100100611",
			"busRouteNm": "2312",
			"direction": "강동차고지",
			"gpsX": "127.0955629892",
			"gpsY": "37.6091470123",
			"lastTm": "22:35",
			"posX": "208436.80180388267",
			"posY": "456627.0817654934",
			"routeType": "4",
			"sectSpd": "25",
			"section": "106600353",
			"seq": "60",
			"station": "106000182",
			"stationNm": "신내10단지아파트",
			"stationNo": "07277",
			"transYn": "N",
			"fullSectDist": "338",
			"trnstnid": "106000467"
		},
		{
			"arsId": "07273",
			"beginTm": "04:25",
			"busRouteAbrv": "2312",
			"busRouteId": "100100611",
			"busRouteNm": "2312",
			"direction": "강동차고지",
			"gpsX": "127.0951737567",
			"gpsY": "37.6057918026",
			"lastTm": "22:37",
			"posX": "208402.81576371187",
			"posY": "456254.6950175958",
			"routeType": "4",
			"sectSpd": "20",
			"section": "106601939",
			"seq": "61",
			"station": "106000178",
			"stationNm": "중랑구청사거리",
			"stationNo": "07273",
			"transYn": "N",
			"fullSectDist": "760",
			"trnstnid": "106000467"
		},
		{
			"arsId": "07271",
			"beginTm": "04:26",
			"busRouteAbrv": "2312",
			"busRouteId": "100100611",
			"busRouteNm": "2312",
			"direction": "강동차고지",
			"gpsX": "127.0954657423",
			"gpsY": "37.6039568351",
			"lastTm": "22:38",
			"posX": "208428.80199882897",
			"posY": "456051.0816874928",
			"routeType": "4",
			"sectSpd": "26",
			"section": "106602412",
			"seq": "62",
			"station": "106000176",
			"stationNm": "성원아파트경남아너스빌앞",
			"stationNo": "07271",
			"transYn": "N",
			"fullSectDist": "414",
			"trnstnid": "106000467"
		},
		{
			"arsId": "07129",
			"beginTm": "04:27",
			"busRouteAbrv": "2312",
			"busRouteId": "100100611",
			"busRouteNm": "2312",
			"direction": "강동차고지",
			"gpsX": "127.0971021652",
			"gpsY": "37.5994734943",
			"lastTm": "22:39",
			"posX": "208573.79858654566",
			"posY": "455553.68162665144",
			"routeType": "4",
			"sectSpd": "27",
			"section": "106602419",
			"seq": "63",
			"station": "106000035",
			"stationNm": "국민은행망우동지점",
			"stationNo": "07129",
			"transYn": "N",
			"fullSectDist": "1042",
			"trnstnid": "106000467"
		},
		{
			"arsId": "07007",
			"beginTm": "04:27",
			"busRouteAbrv": "2312",
			"busRouteId": "100100611",
			"busRouteNm": "2312",
			"direction": "강동차고지",
			"gpsX": "127.095565636",
			"gpsY": "37.5988214602",
			"lastTm": "22:41",
			"posX": "208438.20177076518",
			"posY": "455481.1816194081",
			"routeType": "4",
			"sectSpd": "31",
			"section": "106601940",
			"seq": "64",
			"station": "106000434",
			"stationNm": "망우역.망우지구대",
			"stationNo": "07007",
			"transYn": "N",
			"fullSectDist": "384",
			"trnstnid": "106000467"
		},
		{
			"arsId": "07001",
			"beginTm": "04:28",
			"busRouteAbrv": "2312",
			"busRouteId": "100100611",
			"busRouteNm": "2312",
			"direction": "강동차고지",
			"gpsX": "127.0911385806",
			"gpsY": "37.5978283589",
			"lastTm": "22:41",
			"posX": "208047.41095255804",
			"posY": "455370.581587275",
			"routeType": "4",
			"sectSpd": "32",
			"section": "106602698",
			"seq": "65",
			"station": "106000001",
			"stationNm": "망우역.상봉터미널",
			"stationNo": "07001",
			"transYn": "N",
			"fullSectDist": "814",
			"trnstnid": "106000467"
		},
		{
			"arsId": "07003",
			"beginTm": "04:29",
			"busRouteAbrv": "2312",
			"busRouteId": "100100611",
			"busRouteNm": "2312",
			"direction": "강동차고지",
			"gpsX": "127.0837435605",
			"gpsY": "37.5959590869",
			"lastTm": "22:44",
			"posX": "207394.62574207562",
			"posY": "455162.52737463266",
			"routeType": "4",
			"sectSpd": "40",
			"section": "106600006",
			"seq": "66",
			"station": "106000003",
			"stationNm": "상봉역.중랑우체국",
			"stationNo": "07003",
			"transYn": "N",
			"fullSectDist": "1370",
			"trnstnid": "106000467"
		},
		{
			"arsId": "07111",
			"beginTm": "04:32",
			"busRouteAbrv": "2312",
			"busRouteId": "100100611",
			"busRouteNm": "2312",
			"direction": "강동차고지",
			"gpsX": "127.0799782951",
			"gpsY": "37.5918910703",
			"lastTm": "22:46",
			"posX": "207062.53408905506",
			"posY": "454710.78148151655",
			"routeType": "4",
			"sectSpd": "10",
			"section": "106601187",
			"seq": "67",
			"station": "106000017",
			"stationNm": "상봉2동복합청사.도서관",
			"stationNo": "07111",
			"transYn": "N",
			"fullSectDist": "1326",
			"trnstnid": "106000467"
		},
		{
			"arsId": "07113",
			"beginTm": "04:33",
			"busRouteAbrv": "2312",
			"busRouteId": "100100611",
			"busRouteNm": "2312",
			"direction": "강동차고지",
			"gpsX": "127.079858977",
			"gpsY": "37.5893825204",
			"lastTm": "22:48",
			"posX": "207052.2343314018",
			"posY": "454432.3814471541",
			"routeType": "4",
			"sectSpd": "16",
			"section": "106600999",
			"seq": "68",
			"station": "106000019",
			"stationNm": "면목2동주민센터",
			"stationNo": "07113",
			"transYn": "N",
			"fullSectDist": "560",
			"trnstnid": "106000467"
		},
		{
			"arsId": "07115",
			"beginTm": "04:34",
			"busRouteAbrv": "2312",
			"busRouteId": "100100611",
			"busRouteNm": "2312",
			"direction": "강동차고지",
			"gpsX": "127.0797684272",
			"gpsY": "37.5872974617",
			"lastTm": "22:49",
			"posX": "207044.43451510908",
			"posY": "454200.9814103767",
			"routeType": "4",
			"sectSpd": "9",
			"section": "106600107",
			"seq": "69",
			"station": "106000021",
			"stationNm": "면목2동",
			"stationNo": "07115",
			"transYn": "N",
			"fullSectDist": "470",
			"trnstnid": "106000467"
		},
		{
			"arsId": "07117",
			"beginTm": "04:35",
			"busRouteAbrv": "2312",
			"busRouteId": "100100611",
			"busRouteNm": "2312",
			"direction": "강동차고지",
			"gpsX": "127.0796652726",
			"gpsY": "37.5850673354",
			"lastTm": "22:49",
			"posX": "207035.53472235822",
			"posY": "453953.48138289433",
			"routeType": "4",
			"sectSpd": "17",
			"section": "106601911",
			"seq": "70",
			"station": "106000023",
			"stationNm": "면목5동주민센터",
			"stationNo": "07117",
			"transYn": "N",
			"fullSectDist": "498",
			"trnstnid": "106000467"
		},
		{
			"arsId": "07465",
			"beginTm": "04:36",
			"busRouteAbrv": "2312",
			"busRouteId": "100100611",
			"busRouteNm": "2312",
			"direction": "강동차고지",
			"gpsX": "127.0796405872",
			"gpsY": "37.5831084305",
			"lastTm": "22:51",
			"posX": "207033.53897060626",
			"posY": "453736.0866000587",
			"routeType": "4",
			"sectSpd": "6",
			"section": "106602150",
			"seq": "71",
			"station": "106000475",
			"stationNm": "늘푸른근린공원",
			"stationNo": "07465",
			"transYn": "N",
			"fullSectDist": "438",
			"trnstnid": "106000467"
		},
		{
			"arsId": "07243",
			"beginTm": "04:37",
			"busRouteAbrv": "2312",
			"busRouteId": "100100611",
			"busRouteNm": "2312",
			"direction": "강동차고지",
			"gpsX": "127.0817183593",
			"gpsY": "37.581130873",
			"lastTm": "22:51",
			"posX": "207217.2304540831",
			"posY": "453516.78132668696",
			"routeType": "4",
			"sectSpd": "36",
			"section": "106602322",
			"seq": "72",
			"station": "106000148",
			"stationNm": "홈플러스면목동점",
			"stationNo": "07243",
			"transYn": "N",
			"fullSectDist": "754",
			"trnstnid": "106000467"
		},
		{
			"arsId": "07245",
			"beginTm": "04:39",
			"busRouteAbrv": "2312",
			"busRouteId": "100100611",
			"busRouteNm": "2312",
			"direction": "강동차고지",
			"gpsX": "127.0844378377",
			"gpsY": "37.5809856858",
			"lastTm": "22:54",
			"posX": "207457.42481877634",
			"posY": "453500.88132519927",
			"routeType": "4",
			"sectSpd": "24",
			"section": "106600217",
			"seq": "73",
			"station": "106000150",
			"stationNm": "면목두산아파트2차",
			"stationNo": "07245",
			"transYn": "N",
			"fullSectDist": "480",
			"trnstnid": "106000467"
		},
		{
			"arsId": "07247",
			"beginTm": "04:40",
			"busRouteAbrv": "2312",
			"busRouteId": "100100611",
			"busRouteNm": "2312",
			"direction": "강동차고지",
			"gpsX": "127.0876474111",
			"gpsY": "37.5807103162",
			"lastTm": "22:55",
			"posX": "207740.91815736087",
			"posY": "453470.58133118786",
			"routeType": "4",
			"sectSpd": "12",
			"section": "106600218",
			"seq": "74",
			"station": "106000152",
			"stationNm": "사가정역",
			"stationNo": "07247",
			"transYn": "N",
			"fullSectDist": "566",
			"trnstnid": "106000467"
		},
		{
			"arsId": "07249",
			"beginTm": "04:41",
			"busRouteAbrv": "2312",
			"busRouteId": "100100611",
			"busRouteNm": "2312",
			"direction": "강동차고지",
			"gpsX": "127.0889635937",
			"gpsY": "37.580527827",
			"lastTm": "22:55",
			"posX": "207857.18108733612",
			"posY": "453450.4385445621",
			"routeType": "4",
			"sectSpd": "20",
			"section": "106600847",
			"seq": "75",
			"station": "106000154",
			"stationNm": "사가정시장",
			"stationNo": "07249",
			"transYn": "N",
			"fullSectDist": "290",
			"trnstnid": "106000467"
		},
		{
			"arsId": "25373",
			"beginTm": "04:41",
			"busRouteAbrv": "2312",
			"busRouteId": "100100611",
			"busRouteNm": "2312",
			"direction": "강동차고지",
			"gpsX": "127.1444480814",
			"gpsY": "37.5572436931",
			"lastTm": "22:57",
			"posX": "212761.4932018735",
			"posY": "450872.53328161826",
			"routeType": "4",
			"sectSpd": "34",
			"section": "124602803",
			"seq": "76",
			"station": "124000432",
			"stationNm": "강동롯데캐슬퍼스트아파트",
			"stationNo": "25373",
			"transYn": "N",
			"fullSectDist": "11924",
			"trnstnid": "106000467"
		},
		{
			"arsId": "25233",
			"beginTm": "04:49",
			"busRouteAbrv": "2312",
			"busRouteId": "100100611",
			"busRouteNm": "2312",
			"direction": "강동차고지",
			"gpsX": "127.1439708949",
			"gpsY": "37.5521499237",
			"lastTm": "23:05",
			"posX": "212720.2011877456",
			"posY": "450307.181029635",
			"routeType": "4",
			"sectSpd": "15",
			"section": "124600006",
			"seq": "77",
			"station": "124000122",
			"stationNm": "명일역2번출구",
			"stationNo": "25233",
			"transYn": "N",
			"fullSectDist": "1154",
			"trnstnid": "106000467"
		},
		{
			"arsId": "25234",
			"beginTm": "04:52",
			"busRouteAbrv": "2312",
			"busRouteId": "100100611",
			"busRouteNm": "2312",
			"direction": "강동차고지",
			"gpsX": "127.143670283",
			"gpsY": "37.5500246088",
			"lastTm": "23:07",
			"posX": "212694.00179530893",
			"posY": "450071.2810018207",
			"routeType": "4",
			"sectSpd": "34",
			"section": "124600379",
			"seq": "78",
			"station": "124000123",
			"stationNm": "명일역1번출구.명일전통시장",
			"stationNo": "25234",
			"transYn": "N",
			"fullSectDist": "476",
			"trnstnid": "106000467"
		},
		{
			"arsId": "25236",
			"beginTm": "04:53",
			"busRouteAbrv": "2312",
			"busRouteId": "100100611",
			"busRouteNm": "2312",
			"direction": "강동차고지",
			"gpsX": "127.143327835",
			"gpsY": "37.5479101562",
			"lastTm": "23:10",
			"posX": "212664.1024996281",
			"posY": "449836.5809653774",
			"routeType": "4",
			"sectSpd": "14",
			"section": "124600380",
			"seq": "79",
			"station": "124000125",
			"stationNm": "굽은다리사거리",
			"stationNo": "25236",
			"transYn": "N",
			"fullSectDist": "474",
			"trnstnid": "106000467"
		},
		{
			"arsId": "25348",
			"beginTm": "04:53",
			"busRouteAbrv": "2312",
			"busRouteId": "100100611",
			"busRouteNm": "2312",
			"direction": "강동차고지",
			"gpsX": "127.1427152264",
			"gpsY": "37.5453580966",
			"lastTm": "23:10",
			"posX": "212610.40376699864",
			"posY": "449553.2809349657",
			"routeType": "4",
			"sectSpd": "47",
			"section": "124602305",
			"seq": "80",
			"station": "124000405",
			"stationNm": "굽은다리역구민회관.강동홈플러스",
			"stationNo": "25348",
			"transYn": "N",
			"fullSectDist": "578",
			"trnstnid": "106000467"
		},
		{
			"arsId": "25238",
			"beginTm": "04:55",
			"busRouteAbrv": "2312",
			"busRouteId": "100100611",
			"busRouteNm": "2312",
			"direction": "강동차고지",
			"gpsX": "127.1419714912",
			"gpsY": "37.5434576822",
			"lastTm": "23:12",
			"posX": "212545.00529723597",
			"posY": "449342.28089665854",
			"routeType": "4",
			"sectSpd": "18",
			"section": "124602307",
			"seq": "81",
			"station": "124000127",
			"stationNm": "십자성마을",
			"stationNo": "25238",
			"transYn": "N",
			"fullSectDist": "442",
			"trnstnid": "106000467"
		},
		{
			"arsId": "25312",
			"beginTm": "04:55",
			"busRouteAbrv": "2312",
			"busRouteId": "100100611",
			"busRouteNm": "2312",
			"direction": "강동차고지",
			"gpsX": "127.1406623307",
			"gpsY": "37.5399404705",
			"lastTm": "23:13",
			"posX": "212429.90800387142",
			"posY": "448951.7808385622",
			"routeType": "4",
			"sectSpd": "39",
			"section": "124600385",
			"seq": "82",
			"station": "124000195",
			"stationNm": "천동초교입구사거리",
			"stationNo": "25312",
			"transYn": "N",
			"fullSectDist": "814",
			"trnstnid": "106000467"
		},
		{
			"arsId": "25240",
			"beginTm": "04:57",
			"busRouteAbrv": "2312",
			"busRouteId": "100100611",
			"busRouteNm": "2312",
			"direction": "강동차고지",
			"gpsX": "127.1399400757",
			"gpsY": "37.5379724338",
			"lastTm": "23:14",
			"posX": "212366.4094939604",
			"posY": "448733.28081309516",
			"routeType": "4",
			"sectSpd": "11",
			"section": "124600386",
			"seq": "83",
			"station": "124000129",
			"stationNm": "길동역1번출구",
			"stationNo": "25240",
			"transYn": "N",
			"fullSectDist": "456",
			"trnstnid": "106000467"
		},
		{
			"arsId": "25193",
			"beginTm": "04:58",
			"busRouteAbrv": "2312",
			"busRouteId": "100100611",
			"busRouteNm": "2312",
			"direction": "강동차고지",
			"gpsX": "127.1415427537",
			"gpsY": "37.532171066",
			"lastTm": "23:15",
			"posX": "212509.00614360336",
			"posY": "448089.6807256155",
			"routeType": "4",
			"sectSpd": "21",
			"section": "124600353",
			"seq": "84",
			"station": "124000092",
			"stationNm": "약수터",
			"stationNo": "25193",
			"transYn": "N",
			"fullSectDist": "1702",
			"trnstnid": "106000467"
		},
		{
			"arsId": "25191",
			"beginTm": "05:00",
			"busRouteAbrv": "2312",
			"busRouteId": "100100611",
			"busRouteNm": "2312",
			"direction": "강동차고지",
			"gpsX": "127.1428079276",
			"gpsY": "37.529879855",
			"lastTm": "23:18",
			"posX": "212621.20351271186",
			"posY": "447835.58070215024",
			"routeType": "4",
			"sectSpd": "13",
			"section": "124600354",
			"seq": "85",
			"station": "124000090",
			"stationNm": "보훈병원",
			"stationNo": "25191",
			"transYn": "N",
			"fullSectDist": "548",
			"trnstnid": "106000467"
		},
		{
			"arsId": "25205",
			"beginTm": "05:01",
			"busRouteAbrv": "2312",
			"busRouteId": "100100611",
			"busRouteNm": "2312",
			"direction": "강동차고지",
			"gpsX": "127.1455978173",
			"gpsY": "37.5262315087",
			"lastTm": "23:19",
			"posX": "212868.39769819035",
			"posY": "447431.0806563073",
			"routeType": "4",
			"sectSpd": "38",
			"section": "124600357",
			"seq": "86",
			"station": "124000100",
			"stationNm": "보훈회관",
			"stationNo": "25205",
			"transYn": "N",
			"fullSectDist": "986",
			"trnstnid": "106000467"
		},
		{
			"arsId": "25303",
			"beginTm": "05:04",
			"busRouteAbrv": "2312",
			"busRouteId": "100100611",
			"busRouteNm": "2312",
			"direction": "강동차고지",
			"gpsX": "127.1482404378",
			"gpsY": "37.527408665",
			"lastTm": "23:21",
			"posX": "213101.75514220115",
			"posY": "447562.0812831139",
			"routeType": "4",
			"sectSpd": "26",
			"section": "124600359",
			"seq": "87",
			"station": "124000191",
			"stationNm": "중앙보훈병원역1번출구",
			"stationNo": "25303",
			"transYn": "N",
			"fullSectDist": "692",
			"trnstnid": "106000467"
		},
		{
			"arsId": "25331",
			"beginTm": "05:05",
			"busRouteAbrv": "2312",
			"busRouteId": "100100611",
			"busRouteNm": "2312",
			"direction": "강동차고지",
			"gpsX": "127.1489775039",
			"gpsY": "37.5295244825",
			"lastTm": "23:22",
			"posX": "213166.52648689572",
			"posY": "447796.9887302909",
			"routeType": "4",
			"sectSpd": "34",
			"section": "124602313",
			"seq": "88",
			"station": "124000446",
			"stationNm": "중앙보훈병원역3번출구",
			"stationNo": "25331",
			"transYn": "N",
			"fullSectDist": "522",
			"trnstnid": "106000467"
		},
		{
			"arsId": "25185",
			"beginTm": "05:06",
			"busRouteAbrv": "2312",
			"busRouteId": "100100611",
			"busRouteNm": "2312",
			"direction": "강동차고지",
			"gpsX": "127.149868095",
			"gpsY": "37.5314894776",
			"lastTm": "23:23",
			"posX": "213244.8888613696",
			"posY": "448015.1807410754",
			"routeType": "4",
			"sectSpd": "11",
			"section": "124602126",
			"seq": "89",
			"station": "124000085",
			"stationNm": "일자산입구.둔촌도서관",
			"stationNo": "25185",
			"transYn": "N",
			"fullSectDist": "464",
			"trnstnid": "106000467"
		},
		{
			"arsId": "25183",
			"beginTm": "05:06",
			"busRouteAbrv": "2312",
			"busRouteId": "100100611",
			"busRouteNm": "2312",
			"direction": "강동차고지",
			"gpsX": "127.1530135068",
			"gpsY": "37.5391799069",
			"lastTm": "23:24",
			"posX": "213521.4823618828",
			"posY": "448869.080869053",
			"routeType": "4",
			"sectSpd": "50",
			"section": "124602315",
			"seq": "90",
			"station": "124000083",
			"stationNm": "길동자연생태공원",
			"stationNo": "25183",
			"transYn": "N",
			"fullSectDist": "1798",
			"trnstnid": "106000467"
		},
		{
			"arsId": "25299",
			"beginTm": "05:10",
			"busRouteAbrv": "2312",
			"busRouteId": "100100611",
			"busRouteNm": "2312",
			"direction": "강동차고지",
			"gpsX": "127.1589848377",
			"gpsY": "37.5454650315",
			"lastTm": "23:27",
			"posX": "214047.97730952303",
			"posY": "449567.45466256235",
			"routeType": "4",
			"sectSpd": "29",
			"section": "124602210",
			"seq": "91",
			"station": "124000187",
			"stationNm": "상일동빌라단지",
			"stationNo": "25299",
			"transYn": "N",
			"fullSectDist": "2380",
			"trnstnid": "106000467"
		},
		{
			"arsId": "25298",
			"beginTm": "05:12",
			"busRouteAbrv": "2312",
			"busRouteId": "100100611",
			"busRouteNm": "2312",
			"direction": "강동차고지",
			"gpsX": "127.1632088729",
			"gpsY": "37.5457460543",
			"lastTm": "23:29",
			"posX": "214421.16122822388",
			"posY": "449599.2809965564",
			"routeType": "4",
			"sectSpd": "21",
			"section": "124602577",
			"seq": "92",
			"station": "124000186",
			"stationNm": "상일동주몽재활원",
			"stationNo": "25298",
			"transYn": "N",
			"fullSectDist": "594",
			"trnstnid": "106000467"
		},
		{
			"arsId": "25116",
			"beginTm": "05:13",
			"busRouteAbrv": "2312",
			"busRouteId": "100100611",
			"busRouteNm": "2312",
			"direction": "강동차고지",
			"gpsX": "127.1674402751",
			"gpsY": "37.547467707",
			"lastTm": "23:31",
			"posX": "214794.70857862406",
			"posY": "449791.00083980383",
			"routeType": "4",
			"sectSpd": "22",
			"section": "124602213",
			"seq": "93",
			"station": "124000450",
			"stationNm": "상일근린공원",
			"stationNo": "25116",
			"transYn": "N",
			"fullSectDist": "1090",
			"trnstnid": "106000467"
		},
		{
			"arsId": "25114",
			"beginTm": "05:15",
			"busRouteAbrv": "2312",
			"busRouteId": "100100611",
			"busRouteNm": "2312",
			"direction": "강동차고지",
			"gpsX": "127.1657236614",
			"gpsY": "37.5497473723",
			"lastTm": "23:33",
			"posX": "214642.5857379176",
			"posY": "450043.7206728207",
			"routeType": "4",
			"sectSpd": "16",
			"section": "124602214",
			"seq": "94",
			"station": "124000451",
			"stationNm": "상일동산.롯데캐슬베네루체",
			"stationNo": "25114",
			"transYn": "N",
			"fullSectDist": "594",
			"trnstnid": "106000467"
		},
		{
			"arsId": "25253",
			"beginTm": "05:17",
			"busRouteAbrv": "2312",
			"busRouteId": "100100611",
			"busRouteNm": "2312",
			"direction": "강동차고지",
			"gpsX": "127.1682562999",
			"gpsY": "37.5502885957",
			"lastTm": "23:34",
			"posX": "214866.250773704",
			"posY": "450104.18108097976",
			"routeType": "4",
			"sectSpd": "31",
			"section": "124600473",
			"seq": "95",
			"station": "124000142",
			"stationNm": "상일1동주민센터.롯데캐슬베네루체",
			"stationNo": "25253",
			"transYn": "N",
			"fullSectDist": "734",
			"trnstnid": "106000467"
		},
		{
			"arsId": "25251",
			"beginTm": "05:19",
			"busRouteAbrv": "2312",
			"busRouteId": "100100611",
			"busRouteNm": "2312",
			"direction": "강동차고지",
			"gpsX": "127.1721418273",
			"gpsY": "37.550846179",
			"lastTm": "23:36",
			"posX": "215209.44270543134",
			"posY": "450166.6811058768",
			"routeType": "4",
			"sectSpd": "16",
			"section": "124602318",
			"seq": "96",
			"station": "124000140",
			"stationNm": "고덕자이.상일여고",
			"stationNo": "25251",
			"transYn": "N",
			"fullSectDist": "700",
			"trnstnid": "106000467"
		},
		{
			"arsId": "25110",
			"beginTm": "05:20",
			"busRouteAbrv": "2312",
			"busRouteId": "100100611",
			"busRouteNm": "2312",
			"direction": "강동차고지",
			"gpsX": "127.172373",
			"gpsY": "37.553372",
			"lastTm": "23:37",
			"posX": "215229.35380021666",
			"posY": "450447.02472395636",
			"routeType": "4",
			"sectSpd": "19",
			"section": "124601916",
			"seq": "97",
			"station": "124000010",
			"stationNm": "강명초등학교",
			"stationNo": "25110",
			"transYn": "N",
			"fullSectDist": "646",
			"trnstnid": "106000467"
		},
		{
			"arsId": "25108",
			"beginTm": "05:21",
			"busRouteAbrv": "2312",
			"busRouteId": "100100611",
			"busRouteNm": "2312",
			"direction": "강동차고지",
			"gpsX": "127.1715956752",
			"gpsY": "37.5563500135",
			"lastTm": "23:40",
			"posX": "215160.07289345234",
			"posY": "450777.38805526355",
			"routeType": "4",
			"sectSpd": "35",
			"section": "124600313",
			"seq": "98",
			"station": "124000008",
			"stationNm": "고덕천교차로",
			"stationNo": "25108",
			"transYn": "N",
			"fullSectDist": "680",
			"trnstnid": "106000467"
		},
		{
			"arsId": "25343",
			"beginTm": ":",
			"busRouteAbrv": "2312",
			"busRouteId": "100100611",
			"busRouteNm": "2312",
			"direction": "강동차고지",
			"gpsX": "127.1738368962",
			"gpsY": "37.5570948676",
			"lastTm": ":",
			"posX": "215357.92675997037",
			"posY": "450860.41307808226",
			"routeType": "4",
			"sectSpd": "30",
			"section": "124602806",
			"seq": "99",
			"station": "124000367",
			"stationNm": "강일역.고덕리엔파크3단지.2단지",
			"stationNo": "25343",
			"transYn": "N",
			"fullSectDist": "666",
			"trnstnid": "106000467"
		},
		{
			"arsId": "25381",
			"beginTm": "05:23",
			"busRouteAbrv": "2312",
			"busRouteId": "100100611",
			"busRouteNm": "2312",
			"direction": "강동차고지",
			"gpsX": "127.1772712588",
			"gpsY": "37.5576252923",
			"lastTm": "23:42",
			"posX": "215661.23080331454",
			"posY": "450919.8443681807",
			"routeType": "4",
			"sectSpd": "15",
			"section": "124602797",
			"seq": "100",
			"station": "124000461",
			"stationNm": "강일역3번출구",
			"stationNo": "25381",
			"transYn": "N",
			"fullSectDist": "507",
			"trnstnid": "106000467"
		},
		{
			"arsId": "25329",
			"beginTm": "05:24",
			"busRouteAbrv": "2312",
			"busRouteId": "100100611",
			"busRouteNm": "2312",
			"direction": "강동차고지",
			"gpsX": "127.1797196537",
			"gpsY": "37.5595583711",
			"lastTm": "23:43",
			"posX": "215877.12702219156",
			"posY": "451134.7812623405",
			"routeType": "4",
			"sectSpd": "24",
			"section": "124602324",
			"seq": "101",
			"station": "124000329",
			"stationNm": "강일리버파크10단지.9단지",
			"stationNo": "25329",
			"transYn": "N",
			"fullSectDist": "871",
			"trnstnid": "106000467"
		},
		{
			"arsId": "25339",
			"beginTm": "05:26",
			"busRouteAbrv": "2312",
			"busRouteId": "100100611",
			"busRouteNm": "2312",
			"direction": "강동차고지",
			"gpsX": "127.18013794",
			"gpsY": "37.5616924212",
			"lastTm": "23:44",
			"posX": "215913.62616370106",
			"posY": "451371.68128840486",
			"routeType": "4",
			"sectSpd": "11",
			"section": "124600479",
			"seq": "102",
			"station": "124000338",
			"stationNm": "강일리버파크9단지후문",
			"stationNo": "25339",
			"transYn": "N",
			"fullSectDist": "504",
			"trnstnid": "106000467"
		},
		{
			"arsId": "25323",
			"beginTm": "05:28",
			"busRouteAbrv": "2312",
			"busRouteId": "100100611",
			"busRouteNm": "2312",
			"direction": "강동차고지",
			"gpsX": "127.1784008104",
			"gpsY": "37.5647110133",
			"lastTm": "23:45",
			"posX": "215759.52978300516",
			"posY": "451706.3813259667",
			"routeType": "4",
			"sectSpd": "35",
			"section": "124602327",
			"seq": "103",
			"station": "124000206",
			"stationNm": "강일고등학교.강일리버파크7단지",
			"stationNo": "25323",
			"transYn": "N",
			"fullSectDist": "766",
			"trnstnid": "106000467"
		},
		{
			"arsId": "25327",
			"beginTm": "05:29",
			"busRouteAbrv": "2312",
			"busRouteId": "100100611",
			"busRouteNm": "2312",
			"direction": "강동차고지",
			"gpsX": "127.1767618586",
			"gpsY": "37.565741624",
			"lastTm": "23:47",
			"posX": "215614.53319000333",
			"posY": "451820.4813436996",
			"routeType": "4",
			"sectSpd": "46",
			"section": "124602331",
			"seq": "104",
			"station": "124000210",
			"stationNm": "강일초등학교",
			"stationNo": "25327",
			"transYn": "N",
			"fullSectDist": "502",
			"trnstnid": "106000467"
		},
		{
			"arsId": "25317",
			"beginTm": "05:32",
			"busRouteAbrv": "2312",
			"busRouteId": "100100611",
			"busRouteNm": "2312",
			"direction": "강동차고지",
			"gpsX": "127.1754266",
			"gpsY": "37.5640279369",
			"lastTm": "23:49",
			"posX": "215496.9359567173",
			"posY": "451630.0813059616",
			"routeType": "4",
			"sectSpd": "38",
			"section": "124602335",
			"seq": "105",
			"station": "124000429",
			"stationNm": "강일리버파크6단지",
			"stationNo": "25317",
			"transYn": "N",
			"fullSectDist": "510",
			"trnstnid": "106000467"
		}
	]
}