{
	"count": 133,
	"result": [
		{
			"arsId": "16435",
			"beginTm": "00:05",
			"busRouteAbrv": "N26",
			"busRouteId": "100100586",
			"busRouteNm": "N26",
			"direction": "중랑공영차고지",
			"gpsX": "126.797978",
			"gpsY": "37.57822",
			"lastTm": "02:31",
			"posX": "182157.04813574778",
			"posY": "453209.7871210552",
			"routeType": "3",
			"sectSpd": "0",
			"section": "0",
			"seq": "1",
			"station": "115000321",
			"stationNm": "개화역광역환승센터",
			"stationNo": "16435",
			"transYn": "N",
			"fullSectDist": "0",
			"trnstnid": "106000467"
		},
		{
			"arsId": "16170",
			"beginTm": "03:22",
			"busRouteAbrv": "N26",
			"busRouteId": "100100586",
			"busRouteNm": "N26",
			"direction": "중랑공영차고지",
			"gpsX": "126.7997884498",
			"gpsY": "37.5784942626",
			"lastTm": "03:26",
			"posX": "182317.015399439",
			"posY": "453239.88161341427",
			"routeType": "3",
			"sectSpd": "9",
			"section": "115607720",
			"seq": "2",
			"station": "115000073",
			"stationNm": "개화역1번출구.개화검문소",
			"stationNo": "16170",
			"transYn": "N",
			"fullSectDist": "241",
			"trnstnid": "106000467"
		},
		{
			"arsId": "16287",
			"beginTm": "03:24",
			"busRouteAbrv": "N26",
			"busRouteId": "100100586",
			"busRouteNm": "N26",
			"direction": "중랑공영차고지",
			"gpsX": "126.8060833577",
			"gpsY": "37.572428722",
			"lastTm": "03:26",
			"posX": "182871.6023705801",
			"posY": "452565.5814992888",
			"routeType": "3",
			"sectSpd": "23",
			"section": "115607819",
			"seq": "3",
			"station": "115000190",
			"stationNm": "개화산역",
			"stationNo": "16287",
			"transYn": "N",
			"fullSectDist": "964",
			"trnstnid": "106000467"
		},
		{
			"arsId": "16285",
			"beginTm": "03:01",
			"busRouteAbrv": "N26",
			"busRouteId": "100100586",
			"busRouteNm": "N26",
			"direction": "중랑공영차고지",
			"gpsX": "126.8104923847",
			"gpsY": "37.5730855678",
			"lastTm": "02:31",
			"posX": "183261.19321947693",
			"posY": "452637.68149299873",
			"routeType": "3",
			"sectSpd": "14",
			"section": "115607822",
			"seq": "4",
			"station": "115000188",
			"stationNm": "방화사거리",
			"stationNo": "16285",
			"transYn": "N",
			"fullSectDist": "397",
			"trnstnid": "106000467"
		},
		{
			"arsId": "16127",
			"beginTm": "03:02",
			"busRouteAbrv": "N26",
			"busRouteId": "100100586",
			"busRouteNm": "N26",
			"direction": "중랑공영차고지",
			"gpsX": "126.8113414217",
			"gpsY": "37.5726571076",
			"lastTm": "02:42",
			"posX": "183336.09146070993",
			"posY": "452589.98148798244",
			"routeType": "3",
			"sectSpd": "64",
			"section": "115607826",
			"seq": "5",
			"station": "115000031",
			"stationNm": "국민은행방화동지점",
			"stationNo": "16127",
			"transYn": "N",
			"fullSectDist": "177",
			"trnstnid": "106000467"
		},
		{
			"arsId": "16125",
			"beginTm": "03:03",
			"busRouteAbrv": "N26",
			"busRouteId": "100100586",
			"busRouteNm": "N26",
			"direction": "중랑공영차고지",
			"gpsX": "126.8114748571",
			"gpsY": "37.5700234331",
			"lastTm": "02:43",
			"posX": "183347.29119500367",
			"posY": "452297.6814427031",
			"routeType": "3",
			"sectSpd": "46",
			"section": "115600568",
			"seq": "6",
			"station": "115000029",
			"stationNm": "방화2동우촌연립",
			"stationNo": "16125",
			"transYn": "N",
			"fullSectDist": "294",
			"trnstnid": "106000467"
		},
		{
			"arsId": "16123",
			"beginTm": "03:03",
			"busRouteAbrv": "N26",
			"busRouteId": "100100586",
			"busRouteNm": "N26",
			"direction": "중랑공영차고지",
			"gpsX": "126.8116149845",
			"gpsY": "37.5669761672",
			"lastTm": "02:44",
			"posX": "183358.99091786175",
			"posY": "451959.4814022421",
			"routeType": "3",
			"sectSpd": "63",
			"section": "115600570",
			"seq": "7",
			"station": "115000027",
			"stationNm": "방화2동청성아파트앞",
			"stationNo": "16123",
			"transYn": "N",
			"fullSectDist": "339",
			"trnstnid": "106000467"
		},
		{
			"arsId": "16121",
			"beginTm": "03:04",
			"busRouteAbrv": "N26",
			"busRouteId": "100100586",
			"busRouteNm": "N26",
			"direction": "중랑공영차고지",
			"gpsX": "126.8113840134",
			"gpsY": "37.5647464984",
			"lastTm": "02:46",
			"posX": "183338.09141126036",
			"posY": "451712.0813685688",
			"routeType": "3",
			"sectSpd": "32",
			"section": "115600572",
			"seq": "8",
			"station": "115000025",
			"stationNm": "공항시장역.공항성산교회",
			"stationNo": "16121",
			"transYn": "N",
			"fullSectDist": "260",
			"trnstnid": "106000467"
		},
		{
			"arsId": "16119",
			"beginTm": "03:05",
			"busRouteAbrv": "N26",
			"busRouteId": "100100586",
			"busRouteNm": "N26",
			"direction": "중랑공영차고지",
			"gpsX": "126.8090745347",
			"gpsY": "37.5626135068",
			"lastTm": "02:47",
			"posX": "183133.59621275315",
			"posY": "451475.7813510285",
			"routeType": "3",
			"sectSpd": "29",
			"section": "115607830",
			"seq": "9",
			"station": "115000023",
			"stationNm": "공항시장",
			"stationNo": "16119",
			"transYn": "N",
			"fullSectDist": "318",
			"trnstnid": "106000467"
		},
		{
			"arsId": "16014",
			"beginTm": "03:06",
			"busRouteAbrv": "N26",
			"busRouteId": "100100586",
			"busRouteNm": "N26",
			"direction": "중랑공영차고지",
			"gpsX": "126.8095961346",
			"gpsY": "37.5613708422",
			"lastTm": "01:40",
			"posX": "183179.395135746",
			"posY": "451337.78132483736",
			"routeType": "3",
			"sectSpd": "39",
			"section": "115600020",
			"seq": "10",
			"station": "115000634",
			"stationNm": "송정역",
			"stationNo": "16014",
			"transYn": "N",
			"fullSectDist": "315",
			"trnstnid": "106000467"
		},
		{
			"arsId": "16016",
			"beginTm": "03:08",
			"busRouteAbrv": "N26",
			"busRouteId": "100100586",
			"busRouteNm": "N26",
			"direction": "중랑공영차고지",
			"gpsX": "126.8158007588",
			"gpsY": "37.5607246898",
			"lastTm": "01:41",
			"posX": "183727.3822671944",
			"posY": "451264.98128931504",
			"routeType": "3",
			"sectSpd": "29",
			"section": "115600505",
			"seq": "11",
			"station": "115000635",
			"stationNm": "공항중학교.마곡엠밸리9,10단지",
			"stationNo": "16016",
			"transYn": "N",
			"fullSectDist": "551",
			"trnstnid": "106000467"
		},
		{
			"arsId": "16023",
			"beginTm": "03:08",
			"busRouteAbrv": "N26",
			"busRouteId": "100100586",
			"busRouteNm": "N26",
			"direction": "중랑공영차고지",
			"gpsX": "126.821294273",
			"gpsY": "37.5602555146",
			"lastTm": "03:32",
			"posX": "184212.59434836253",
			"posY": "451211.9769649636",
			"routeType": "3",
			"sectSpd": "11",
			"section": "115608432",
			"seq": "12",
			"station": "115000947",
			"stationNm": "강서세무서",
			"stationNo": "16023",
			"transYn": "N",
			"fullSectDist": "487",
			"trnstnid": "106000467"
		},
		{
			"arsId": "16019",
			"beginTm": "03:11",
			"busRouteAbrv": "N26",
			"busRouteId": "100100586",
			"busRouteNm": "N26",
			"direction": "중랑공영차고지",
			"gpsX": "126.826071948",
			"gpsY": "37.5597895559",
			"lastTm": "02:51",
			"posX": "184634.57328999942",
			"posY": "451159.4747579619",
			"routeType": "3",
			"sectSpd": "25",
			"section": "115608470",
			"seq": "13",
			"station": "115000896",
			"stationNm": "마곡역",
			"stationNo": "16019",
			"transYn": "N",
			"fullSectDist": "424",
			"trnstnid": "106000467"
		},
		{
			"arsId": "16022",
			"beginTm": "03:11",
			"busRouteAbrv": "N26",
			"busRouteId": "100100586",
			"busRouteNm": "N26",
			"direction": "중랑공영차고지",
			"gpsX": "126.8318218773",
			"gpsY": "37.5592024204",
			"lastTm": "02:52",
			"posX": "185142.42642211018",
			"posY": "451093.3921203255",
			"routeType": "3",
			"sectSpd": "29",
			"section": "115607267",
			"seq": "14",
			"station": "115000922",
			"stationNm": "마곡동로사거리",
			"stationNo": "16022",
			"transYn": "N",
			"fullSectDist": "512",
			"trnstnid": "106000467"
		},
		{
			"arsId": "16017",
			"beginTm": "03:12",
			"busRouteAbrv": "N26",
			"busRouteId": "100100586",
			"busRouteNm": "N26",
			"direction": "중랑공영차고지",
			"gpsX": "126.8376109437",
			"gpsY": "37.5585733533",
			"lastTm": "02:44",
			"posX": "185653.73701753726",
			"posY": "451022.6811832548",
			"routeType": "3",
			"sectSpd": "21",
			"section": "115607268",
			"seq": "15",
			"station": "115000893",
			"stationNm": "발산역",
			"stationNo": "16017",
			"transYn": "N",
			"fullSectDist": "511",
			"trnstnid": "106000467"
		},
		{
			"arsId": "16012",
			"beginTm": "03:15",
			"busRouteAbrv": "N26",
			"busRouteId": "100100586",
			"busRouteNm": "N26",
			"direction": "중랑공영차고지",
			"gpsX": "126.843257",
			"gpsY": "37.557872",
			"lastTm": "02:45",
			"posX": "186152.40845575125",
			"posY": "450944.0007637292",
			"routeType": "3",
			"sectSpd": "31",
			"section": "115607741",
			"seq": "16",
			"station": "115000593",
			"stationNm": "한국가스기술공사",
			"stationNo": "16012",
			"transYn": "N",
			"fullSectDist": "506",
			"trnstnid": "106000467"
		},
		{
			"arsId": "16010",
			"beginTm": "03:17",
			"busRouteAbrv": "N26",
			"busRouteId": "100100586",
			"busRouteNm": "N26",
			"direction": "중랑공영차고지",
			"gpsX": "126.84923323",
			"gpsY": "37.5569118315",
			"lastTm": "02:18",
			"posX": "186680.21290362038",
			"posY": "450836.581126702",
			"routeType": "3",
			"sectSpd": "47",
			"section": "115607742",
			"seq": "17",
			"station": "115000591",
			"stationNm": "KBS스포츠월드",
			"stationNo": "16010",
			"transYn": "N",
			"fullSectDist": "546",
			"trnstnid": "106000467"
		},
		{
			"arsId": "16008",
			"beginTm": "03:19",
			"busRouteAbrv": "N26",
			"busRouteId": "100100586",
			"busRouteNm": "N26",
			"direction": "중랑공영차고지",
			"gpsX": "126.8540843129",
			"gpsY": "37.5552355847",
			"lastTm": "02:20",
			"posX": "187108.5028427723",
			"posY": "450649.8810844342",
			"routeType": "3",
			"sectSpd": "18",
			"section": "115607744",
			"seq": "18",
			"station": "115000589",
			"stationNm": "강서구청사거리.서울디지털대학교",
			"stationNo": "16008",
			"transYn": "N",
			"fullSectDist": "468",
			"trnstnid": "106000467"
		},
		{
			"arsId": "16006",
			"beginTm": "03:21",
			"busRouteAbrv": "N26",
			"busRouteId": "100100586",
			"busRouteNm": "N26",
			"direction": "중랑공영차고지",
			"gpsX": "126.8605244195",
			"gpsY": "37.5528653812",
			"lastTm": "02:53",
			"posX": "187677.08948646887",
			"posY": "450385.98103631334",
			"routeType": "3",
			"sectSpd": "42",
			"section": "115600029",
			"seq": "19",
			"station": "115000006",
			"stationNm": "등촌중학교.백석초등학교",
			"stationNo": "16006",
			"transYn": "N",
			"fullSectDist": "626",
			"trnstnid": "106000467"
		},
		{
			"arsId": "16004",
			"beginTm": "03:01",
			"busRouteAbrv": "N26",
			"busRouteId": "100100586",
			"busRouteNm": "N26",
			"direction": "중랑공영차고지",
			"gpsX": "126.8675998318",
			"gpsY": "37.5494106214",
			"lastTm": "02:54",
			"posX": "188301.67480867324",
			"posY": "450001.6809576652",
			"routeType": "3",
			"sectSpd": "33",
			"section": "114602766",
			"seq": "20",
			"station": "115000004",
			"stationNm": "등촌역.강서보건소",
			"stationNo": "16004",
			"transYn": "N",
			"fullSectDist": "734",
			"trnstnid": "106000467"
		},
		{
			"arsId": "16002",
			"beginTm": "03:05",
			"busRouteAbrv": "N26",
			"busRouteId": "100100586",
			"busRouteNm": "N26",
			"direction": "중랑공영차고지",
			"gpsX": "126.875005296",
			"gpsY": "37.5469638223",
			"lastTm": "02:25",
			"posX": "188955.62991643877",
			"posY": "449729.24893626804",
			"routeType": "3",
			"sectSpd": "42",
			"section": "114602664",
			"seq": "21",
			"station": "115000002",
			"stationNm": "염창역.서울도시가스",
			"stationNo": "16002",
			"transYn": "N",
			"fullSectDist": "737",
			"trnstnid": "106000467"
		},
		{
			"arsId": "19217",
			"beginTm": "03:06",
			"busRouteAbrv": "N26",
			"busRouteId": "100100586",
			"busRouteNm": "N26",
			"direction": "중랑공영차고지",
			"gpsX": "126.8836668131",
			"gpsY": "37.5473061425",
			"lastTm": "02:27",
			"posX": "189720.9976349817",
			"posY": "449766.2560768039",
			"routeType": "3",
			"sectSpd": "35",
			"section": "118608282",
			"seq": "22",
			"station": "118000132",
			"stationNm": "안양천입구",
			"stationNo": "19217",
			"transYn": "N",
			"fullSectDist": "803",
			"trnstnid": "106000467"
		},
		{
			"arsId": "19218",
			"beginTm": "03:08",
			"busRouteAbrv": "N26",
			"busRouteId": "100100586",
			"busRouteNm": "N26",
			"direction": "중랑공영차고지",
			"gpsX": "126.89034721",
			"gpsY": "37.5439165302",
			"lastTm": "02:28",
			"posX": "190310.8276103687",
			"posY": "449389.38082161034",
			"routeType": "3",
			"sectSpd": "114",
			"section": "118608293",
			"seq": "23",
			"station": "118000133",
			"stationNm": "양평동한솔아파트",
			"stationNo": "19218",
			"transYn": "N",
			"fullSectDist": "697",
			"trnstnid": "106000467"
		},
		{
			"arsId": "19214",
			"beginTm": "03:09",
			"busRouteAbrv": "N26",
			"busRouteId": "100100586",
			"busRouteNm": "N26",
			"direction": "중랑공영차고지",
			"gpsX": "126.8944278421",
			"gpsY": "37.5416485864",
			"lastTm": "01:59",
			"posX": "190671.11914704723",
			"posY": "449137.2807787922",
			"routeType": "3",
			"sectSpd": "33",
			"section": "118608526",
			"seq": "24",
			"station": "118000129",
			"stationNm": "양평한신아파트.선유도공원입구",
			"stationNo": "19214",
			"transYn": "N",
			"fullSectDist": "574",
			"trnstnid": "106000467"
		},
		{
			"arsId": "19172",
			"beginTm": "03:10",
			"busRouteAbrv": "N26",
			"busRouteId": "100100586",
			"busRouteNm": "N26",
			"direction": "중랑공영차고지",
			"gpsX": "126.900718955",
			"gpsY": "37.5345885453",
			"lastTm": "02:00",
			"posX": "191226.20611210185",
			"posY": "448353.1806649063",
			"routeType": "3",
			"sectSpd": "35",
			"section": "118608315",
			"seq": "25",
			"station": "118000087",
			"stationNm": "당산역",
			"stationNo": "19172",
			"transYn": "N",
			"fullSectDist": "1402",
			"trnstnid": "106000467"
		},
		{
			"arsId": " ",
			"beginTm": "03:12",
			"busRouteAbrv": "N26",
			"busRouteId": "100100586",
			"busRouteNm": "N26",
			"direction": "중랑공영차고지",
			"gpsX": "126.9099652884",
			"gpsY": "37.5478537853",
			"lastTm": "02:37",
			"posX": "192044.74491754198",
			"posY": "449824.4810875077",
			"routeType": "3",
			"sectSpd": "28",
			"section": "113605462",
			"seq": "26",
			"station": "113000508",
			"stationNm": "합정역(가상)",
			"stationNo": "미정차",
			"transYn": "N",
			"fullSectDist": "2010",
			"trnstnid": "106000467"
		},
		{
			"arsId": "14011",
			"beginTm": "03:15",
			"busRouteAbrv": "N26",
			"busRouteId": "100100586",
			"busRouteNm": "N26",
			"direction": "중랑공영차고지",
			"gpsX": "126.912832397",
			"gpsY": "37.5488741717",
			"lastTm": "02:54",
			"posX": "192298.180925963",
			"posY": "449937.4808531306",
			"routeType": "3",
			"sectSpd": "90",
			"section": "113605043",
			"seq": "27",
			"station": "113000424",
			"stationNm": "합정역",
			"stationNo": "14011",
			"transYn": "N",
			"fullSectDist": "285",
			"trnstnid": "106000467"
		},
		{
			"arsId": "14013",
			"beginTm": "03:16",
			"busRouteAbrv": "N26",
			"busRouteId": "100100586",
			"busRouteNm": "N26",
			"direction": "중랑공영차고지",
			"gpsX": "126.9195815796",
			"gpsY": "37.5536367406",
			"lastTm": "02:54",
			"posX": "192894.9669115906",
			"posY": "450465.48091993574",
			"routeType": "3",
			"sectSpd": "42",
			"section": "113603147",
			"seq": "28",
			"station": "113000423",
			"stationNm": "서교동",
			"stationNo": "14013",
			"transYn": "N",
			"fullSectDist": "799",
			"trnstnid": "106000467"
		},
		{
			"arsId": " ",
			"beginTm": "03:00",
			"busRouteAbrv": "N26",
			"busRouteId": "100100586",
			"busRouteNm": "N26",
			"direction": "중랑공영차고지",
			"gpsX": "126.9218643721",
			"gpsY": "37.5552260552",
			"lastTm": "02:39",
			"posX": "193096.80013410468",
			"posY": "450641.6869403082",
			"routeType": "3",
			"sectSpd": "11",
			"section": "113605464",
			"seq": "29",
			"station": "113000505",
			"stationNm": "홍대입구역(가상)",
			"stationNo": "미정차",
			"transYn": "N",
			"fullSectDist": "268",
			"trnstnid": "106000467"
		},
		{
			"arsId": "14015",
			"beginTm": "03:02",
			"busRouteAbrv": "N26",
			"busRouteId": "100100586",
			"busRouteNm": "N26",
			"direction": "중랑공영차고지",
			"gpsX": "126.9231959983",
			"gpsY": "37.5563734241",
			"lastTm": "02:40",
			"posX": "193214.5519554514",
			"posY": "450768.92066183686",
			"routeType": "3",
			"sectSpd": "16",
			"section": "113605489",
			"seq": "30",
			"station": "113000422",
			"stationNm": "홍대입구역",
			"stationNo": "14015",
			"transYn": "N",
			"fullSectDist": "176",
			"trnstnid": "106000467"
		},
		{
			"arsId": "14061",
			"beginTm": "03:03",
			"busRouteAbrv": "N26",
			"busRouteId": "100100586",
			"busRouteNm": "N26",
			"direction": "중랑공영차고지",
			"gpsX": "126.9284587797",
			"gpsY": "37.5580596154",
			"lastTm": "02:41",
			"posX": "193679.64847269296",
			"posY": "450955.6809729887",
			"routeType": "3",
			"sectSpd": "39",
			"section": "113603384",
			"seq": "31",
			"station": "113000421",
			"stationNm": "동교동삼거리",
			"stationNo": "14061",
			"transYn": "N",
			"fullSectDist": "576",
			"trnstnid": "106000467"
		},
		{
			"arsId": "14062",
			"beginTm": "03:05",
			"busRouteAbrv": "N26",
			"busRouteId": "100100586",
			"busRouteNm": "N26",
			"direction": "중랑공영차고지",
			"gpsX": "126.9358930618",
			"gpsY": "37.5553966479",
			"lastTm": "02:48",
			"posX": "194336.23305275184",
			"posY": "450659.6809212994",
			"routeType": "3",
			"sectSpd": "78",
			"section": "113604947",
			"seq": "32",
			"station": "113000420",
			"stationNm": "신촌오거리.현대백화점",
			"stationNo": "14062",
			"transYn": "N",
			"fullSectDist": "1011",
			"trnstnid": "106000467"
		},
		{
			"arsId": "14063",
			"beginTm": "03:07",
			"busRouteAbrv": "N26",
			"busRouteId": "100100586",
			"busRouteNm": "N26",
			"direction": "중랑공영차고지",
			"gpsX": "126.9401437605",
			"gpsY": "37.5560656888",
			"lastTm": "04:08",
			"posX": "194711.8242257841",
			"posY": "450733.68092826894",
			"routeType": "3",
			"sectSpd": "27",
			"section": "113604949",
			"seq": "33",
			"station": "113000419",
			"stationNm": "신촌오거리.2호선신촌역",
			"stationNo": "14063",
			"transYn": "N",
			"fullSectDist": "408",
			"trnstnid": "106000467"
		},
		{
			"arsId": "14064",
			"beginTm": "03:09",
			"busRouteAbrv": "N26",
			"busRouteId": "100100586",
			"busRouteNm": "N26",
			"direction": "중랑공영차고지",
			"gpsX": "126.9445938349",
			"gpsY": "37.5566130226",
			"lastTm": "04:09",
			"posX": "195105.01499249114",
			"posY": "450794.1809254568",
			"routeType": "3",
			"sectSpd": "38",
			"section": "113600025",
			"seq": "34",
			"station": "113000418",
			"stationNm": "이대역",
			"stationNo": "14064",
			"transYn": "N",
			"fullSectDist": "841",
			"trnstnid": "106000467"
		},
		{
			"arsId": "14067",
			"beginTm": "03:10",
			"busRouteAbrv": "N26",
			"busRouteId": "100100586",
			"busRouteNm": "N26",
			"direction": "중랑공영차고지",
			"gpsX": "126.951517",
			"gpsY": "37.557092",
			"lastTm": "02:51",
			"posX": "195716.6853844114",
			"posY": "450846.99803195195",
			"routeType": "3",
			"sectSpd": "42",
			"section": "113604894",
			"seq": "35",
			"station": "113000476",
			"stationNm": "웨딩타운",
			"stationNo": "14067",
			"transYn": "N",
			"fullSectDist": "612",
			"trnstnid": "106000467"
		},
		{
			"arsId": "14068",
			"beginTm": "03:13",
			"busRouteAbrv": "N26",
			"busRouteId": "100100586",
			"busRouteNm": "N26",
			"direction": "중랑공영차고지",
			"gpsX": "126.9547468414",
			"gpsY": "37.5572984359",
			"lastTm": "02:21",
			"posX": "196002.04236312554",
			"posY": "450869.76523501053",
			"routeType": "3",
			"sectSpd": "43",
			"section": "113600028",
			"seq": "36",
			"station": "113000477",
			"stationNm": "아현역",
			"stationNo": "14068",
			"transYn": "N",
			"fullSectDist": "286",
			"trnstnid": "106000467"
		},
		{
			"arsId": "13045",
			"beginTm": "03:13",
			"busRouteAbrv": "N26",
			"busRouteId": "100100586",
			"busRouteNm": "N26",
			"direction": "중랑공영차고지",
			"gpsX": "126.9634916293",
			"gpsY": "37.5610582642",
			"lastTm": "02:22",
			"posX": "196774.77576556779",
			"posY": "451286.68097884255",
			"routeType": "3",
			"sectSpd": "62",
			"section": "112603548",
			"seq": "37",
			"station": "112000430",
			"stationNm": "충정로역",
			"stationNo": "13045",
			"transYn": "N",
			"fullSectDist": "972",
			"trnstnid": "106000467"
		},
		{
			"arsId": "13047",
			"beginTm": "03:15",
			"busRouteAbrv": "N26",
			"busRouteId": "100100586",
			"busRouteNm": "N26",
			"direction": "중랑공영차고지",
			"gpsX": "126.966565",
			"gpsY": "37.565579",
			"lastTm": "02:24",
			"posX": "197046.4621196362",
			"posY": "451788.2747343248",
			"routeType": "3",
			"sectSpd": "17",
			"section": "112603552",
			"seq": "38",
			"station": "101000304",
			"stationNm": "서대문역사거리",
			"stationNo": "13047",
			"transYn": "N",
			"fullSectDist": "570",
			"trnstnid": "106000467"
		},
		{
			"arsId": "01007",
			"beginTm": "03:16",
			"busRouteAbrv": "N26",
			"busRouteId": "100100586",
			"busRouteNm": "N26",
			"direction": "중랑공영차고지",
			"gpsX": "126.97038",
			"gpsY": "37.569135",
			"lastTm": "02:25",
			"posX": "197383.59106167173",
			"posY": "452182.79386098357",
			"routeType": "3",
			"sectSpd": "23",
			"section": "101604199",
			"seq": "39",
			"station": "100000380",
			"stationNm": "서울역사박물관.경희궁앞",
			"stationNo": "01007",
			"transYn": "N",
			"fullSectDist": "519",
			"trnstnid": "106000467"
		},
		{
			"arsId": "01009",
			"beginTm": "03:37",
			"busRouteAbrv": "N26",
			"busRouteId": "100100586",
			"busRouteNm": "N26",
			"direction": "중랑공영차고지",
			"gpsX": "126.9760929647",
			"gpsY": "37.570237519",
			"lastTm": "02:27",
			"posX": "197888.26270904485",
			"posY": "452305.00380502874",
			"routeType": "3",
			"sectSpd": "10",
			"section": "100602679",
			"seq": "40",
			"station": "100000384",
			"stationNm": "광화문",
			"stationNo": "01009",
			"transYn": "N",
			"fullSectDist": "464",
			"trnstnid": "106000467"
		},
		{
			"arsId": "01011",
			"beginTm": "03:21",
			"busRouteAbrv": "N26",
			"busRouteId": "100100586",
			"busRouteNm": "N26",
			"direction": "중랑공영차고지",
			"gpsX": "126.9810660928",
			"gpsY": "37.5701482455",
			"lastTm": "02:25",
			"posX": "198327.54312657792",
			"posY": "452294.9964101766",
			"routeType": "3",
			"sectSpd": "30",
			"section": "100602877",
			"seq": "41",
			"station": "100000386",
			"stationNm": "종로1가",
			"stationNo": "01011",
			"transYn": "N",
			"fullSectDist": "526",
			"trnstnid": "106000467"
		},
		{
			"arsId": "01013",
			"beginTm": "03:00",
			"busRouteAbrv": "N26",
			"busRouteId": "100100586",
			"busRouteNm": "N26",
			"direction": "중랑공영차고지",
			"gpsX": "126.9855426998",
			"gpsY": "37.5701386788",
			"lastTm": "02:30",
			"posX": "198722.9675375287",
			"posY": "452293.8644756656",
			"routeType": "3",
			"sectSpd": "66",
			"section": "100602881",
			"seq": "42",
			"station": "100000388",
			"stationNm": "종로2가",
			"stationNo": "01013",
			"transYn": "N",
			"fullSectDist": "396",
			"trnstnid": "106000467"
		},
		{
			"arsId": "01015",
			"beginTm": "03:02",
			"busRouteAbrv": "N26",
			"busRouteId": "100100586",
			"busRouteNm": "N26",
			"direction": "중랑공영차고지",
			"gpsX": "126.9895646721",
			"gpsY": "37.5702449756",
			"lastTm": "02:31",
			"posX": "199078.23498555293",
			"posY": "452305.61386473756",
			"routeType": "3",
			"sectSpd": "44",
			"section": "100602885",
			"seq": "43",
			"station": "100000390",
			"stationNm": "종로3가.탑골공원",
			"stationNo": "01015",
			"transYn": "N",
			"fullSectDist": "358",
			"trnstnid": "106000467"
		},
		{
			"arsId": "01017",
			"beginTm": "03:03",
			"busRouteAbrv": "N26",
			"busRouteId": "100100586",
			"busRouteNm": "N26",
			"direction": "중랑공영차고지",
			"gpsX": "126.9947218896",
			"gpsY": "37.5705069968",
			"lastTm": "02:35",
			"posX": "199533.77981926294",
			"posY": "452334.6539678569",
			"routeType": "3",
			"sectSpd": "102",
			"section": "100602887",
			"seq": "44",
			"station": "100000392",
			"stationNm": "종로4가.종묘",
			"stationNo": "01017",
			"transYn": "N",
			"fullSectDist": "457",
			"trnstnid": "106000467"
		},
		{
			"arsId": "01019",
			"beginTm": "03:05",
			"busRouteAbrv": "N26",
			"busRouteId": "100100586",
			"busRouteNm": "N26",
			"direction": "중랑공영차고지",
			"gpsX": "126.9988498093",
			"gpsY": "37.570756793",
			"lastTm": "02:36",
			"posX": "199898.40297299463",
			"posY": "452362.36300083343",
			"routeType": "3",
			"sectSpd": "25",
			"section": "100602439",
			"seq": "45",
			"station": "100000394",
			"stationNm": "종로5가.광장시장",
			"stationNo": "01019",
			"transYn": "N",
			"fullSectDist": "366",
			"trnstnid": "106000467"
		},
		{
			"arsId": "01021",
			"beginTm": "03:06",
			"busRouteAbrv": "N26",
			"busRouteId": "100100586",
			"busRouteNm": "N26",
			"direction": "중랑공영차고지",
			"gpsX": "127.0047701151",
			"gpsY": "37.5709220832",
			"lastTm": "02:37",
			"posX": "200421.34616609773",
			"posY": "452380.71640000027",
			"routeType": "3",
			"sectSpd": "49",
			"section": "100602447",
			"seq": "46",
			"station": "100000396",
			"stationNm": "종로6가.동대문종합시장",
			"stationNo": "01021",
			"transYn": "N",
			"fullSectDist": "407",
			"trnstnid": "106000467"
		},
		{
			"arsId": "01023",
			"beginTm": "03:09",
			"busRouteAbrv": "N26",
			"busRouteId": "100100586",
			"busRouteNm": "N26",
			"direction": "중랑공영차고지",
			"gpsX": "127.0134512388",
			"gpsY": "37.5723023219",
			"lastTm": "02:38",
			"posX": "201188.13135412327",
			"posY": "452533.96481558215",
			"routeType": "3",
			"sectSpd": "27",
			"section": "100602449",
			"seq": "47",
			"station": "100000398",
			"stationNm": "동대문역.흥인지문",
			"stationNo": "01023",
			"transYn": "N",
			"fullSectDist": "907",
			"trnstnid": "106000467"
		},
		{
			"arsId": "01041",
			"beginTm": "03:11",
			"busRouteAbrv": "N26",
			"busRouteId": "100100586",
			"busRouteNm": "N26",
			"direction": "중랑공영차고지",
			"gpsX": "127.018408522",
			"gpsY": "37.5737786638",
			"lastTm": "02:37",
			"posX": "201625.969977258",
			"posY": "452697.87835549144",
			"routeType": "3",
			"sectSpd": "41",
			"section": "100603270",
			"seq": "48",
			"station": "100000366",
			"stationNm": "동묘앞",
			"stationNo": "01041",
			"transYn": "N",
			"fullSectDist": "466",
			"trnstnid": "106000467"
		},
		{
			"arsId": "06027",
			"beginTm": "03:12",
			"busRouteAbrv": "N26",
			"busRouteId": "100100586",
			"busRouteNm": "N26",
			"direction": "중랑공영차고지",
			"gpsX": "127.0250446359",
			"gpsY": "37.5761500409",
			"lastTm": "02:38",
			"posX": "202212.04803323443",
			"posY": "452961.18119044555",
			"routeType": "3",
			"sectSpd": "58",
			"section": "105602633",
			"seq": "49",
			"station": "105000486",
			"stationNm": "신설동역",
			"stationNo": "06027",
			"transYn": "N",
			"fullSectDist": "643",
			"trnstnid": "106000467"
		},
		{
			"arsId": "06025",
			"beginTm": "03:16",
			"busRouteAbrv": "N26",
			"busRouteId": "100100586",
			"busRouteNm": "N26",
			"direction": "중랑공영차고지",
			"gpsX": "127.0299882252",
			"gpsY": "37.5775320632",
			"lastTm": "02:22",
			"posX": "202648.63777771877",
			"posY": "453114.6812135731",
			"routeType": "3",
			"sectSpd": "42",
			"section": "105602552",
			"seq": "50",
			"station": "105000484",
			"stationNm": "용두동사거리",
			"stationNo": "06025",
			"transYn": "N",
			"fullSectDist": "463",
			"trnstnid": "106000467"
		},
		{
			"arsId": "06023",
			"beginTm": "03:17",
			"busRouteAbrv": "N26",
			"busRouteId": "100100586",
			"busRouteNm": "N26",
			"direction": "중랑공영차고지",
			"gpsX": "127.0376239965",
			"gpsY": "37.578139014",
			"lastTm": "02:23",
			"posX": "203323.02193866382",
			"posY": "453182.28123341175",
			"routeType": "3",
			"sectSpd": "41",
			"section": "105602559",
			"seq": "51",
			"station": "105000482",
			"stationNm": "제기동역.서울약령시",
			"stationNo": "06023",
			"transYn": "N",
			"fullSectDist": "705",
			"trnstnid": "106000467"
		},
		{
			"arsId": "06426",
			"beginTm": "03:19",
			"busRouteAbrv": "N26",
			"busRouteId": "100100586",
			"busRouteNm": "N26",
			"direction": "중랑공영차고지",
			"gpsX": "127.0418950942",
			"gpsY": "37.5789521614",
			"lastTm": "04:39",
			"posX": "203700.21307359313",
			"posY": "453272.681243686",
			"routeType": "3",
			"sectSpd": "35",
			"section": "105602563",
			"seq": "52",
			"station": "105000488",
			"stationNm": "청량리수산시장",
			"stationNo": "06426",
			"transYn": "N",
			"fullSectDist": "394",
			"trnstnid": "106000467"
		},
		{
			"arsId": "06016",
			"beginTm": "03:40",
			"busRouteAbrv": "N26",
			"busRouteId": "100100586",
			"busRouteNm": "N26",
			"direction": "중랑공영차고지",
			"gpsX": "127.0460771387",
			"gpsY": "37.5802508767",
			"lastTm": "02:26",
			"posX": "204069.504403356",
			"posY": "453416.98126692185",
			"routeType": "3",
			"sectSpd": "75",
			"section": "105601884",
			"seq": "53",
			"station": "105000016",
			"stationNm": "청량리역환승센타",
			"stationNo": "06016",
			"transYn": "N",
			"fullSectDist": "396",
			"trnstnid": "106000467"
		},
		{
			"arsId": "06114",
			"beginTm": "03:21",
			"busRouteAbrv": "N26",
			"busRouteId": "100100586",
			"busRouteNm": "N26",
			"direction": "중랑공영차고지",
			"gpsX": "127.0508977332",
			"gpsY": "37.5846074691",
			"lastTm": "02:27",
			"posX": "204494.99440356338",
			"posY": "453900.6813393836",
			"routeType": "3",
			"sectSpd": "28",
			"section": "105600204",
			"seq": "54",
			"station": "105000030",
			"stationNm": "서울성심병원",
			"stationNo": "06114",
			"transYn": "N",
			"fullSectDist": "662",
			"trnstnid": "106000467"
		},
		{
			"arsId": "06117",
			"beginTm": "03:23",
			"busRouteAbrv": "N26",
			"busRouteId": "100100586",
			"busRouteNm": "N26",
			"direction": "중랑공영차고지",
			"gpsX": "127.0550614625",
			"gpsY": "37.5876921711",
			"lastTm": "02:33",
			"posX": "204862.51033503265",
			"posY": "454243.2190586659",
			"routeType": "3",
			"sectSpd": "40",
			"section": "105602483",
			"seq": "55",
			"station": "105000033",
			"stationNm": "휘경동입구",
			"stationNo": "06117",
			"transYn": "N",
			"fullSectDist": "603",
			"trnstnid": "106000467"
		},
		{
			"arsId": "06012",
			"beginTm": "03:24",
			"busRouteAbrv": "N26",
			"busRouteId": "100100586",
			"busRouteNm": "N26",
			"direction": "중랑공영차고지",
			"gpsX": "127.0620677224",
			"gpsY": "37.5899572977",
			"lastTm": "02:33",
			"posX": "205481.0712398855",
			"posY": "454494.98143020505",
			"routeType": "3",
			"sectSpd": "39",
			"section": "105600210",
			"seq": "56",
			"station": "105000012",
			"stationNm": "삼육서울병원",
			"stationNo": "06012",
			"transYn": "N",
			"fullSectDist": "655",
			"trnstnid": "106000467"
		},
		{
			"arsId": "06010",
			"beginTm": "03:26",
			"busRouteAbrv": "N26",
			"busRouteId": "100100586",
			"busRouteNm": "N26",
			"direction": "중랑공영차고지",
			"gpsX": "127.0669234734",
			"gpsY": "37.5913657495",
			"lastTm": "02:36",
			"posX": "205909.7611685012",
			"posY": "454651.5814619246",
			"routeType": "3",
			"sectSpd": "21",
			"section": "105600212",
			"seq": "57",
			"station": "105000010",
			"stationNm": "중랑교",
			"stationNo": "06010",
			"transYn": "N",
			"fullSectDist": "456",
			"trnstnid": "106000467"
		},
		{
			"arsId": "07006",
			"beginTm": "03:27",
			"busRouteAbrv": "N26",
			"busRouteId": "100100586",
			"busRouteNm": "N26",
			"direction": "중랑공영차고지",
			"gpsX": "127.0750970737",
			"gpsY": "37.5935865206",
			"lastTm": "02:37",
			"posX": "206631.34422177108",
			"posY": "454898.58150125155",
			"routeType": "3",
			"sectSpd": "45",
			"section": "106602667",
			"seq": "58",
			"station": "106000006",
			"stationNm": "중랑역.동부시장",
			"stationNo": "07006",
			"transYn": "N",
			"fullSectDist": "760",
			"trnstnid": "106000467"
		},
		{
			"arsId": "07004",
			"beginTm": "03:01",
			"busRouteAbrv": "N26",
			"busRouteId": "100100586",
			"busRouteNm": "N26",
			"direction": "중랑공영차고지",
			"gpsX": "127.0828597726",
			"gpsY": "37.5956652771",
			"lastTm": "02:28",
			"posX": "207316.61529329032",
			"posY": "455129.8520263098",
			"routeType": "3",
			"sectSpd": "29",
			"section": "106601924",
			"seq": "59",
			"station": "106000004",
			"stationNm": "상봉역.중랑우체국",
			"stationNo": "07004",
			"transYn": "N",
			"fullSectDist": "721",
			"trnstnid": "106000467"
		},
		{
			"arsId": "07002",
			"beginTm": "03:03",
			"busRouteAbrv": "N26",
			"busRouteId": "100100586",
			"busRouteNm": "N26",
			"direction": "중랑공영차고지",
			"gpsX": "127.0903499768",
			"gpsY": "37.597507277",
			"lastTm": "02:31",
			"posX": "207977.81259245344",
			"posY": "455334.88158580055",
			"routeType": "3",
			"sectSpd": "47",
			"section": "106602700",
			"seq": "60",
			"station": "106000002",
			"stationNm": "망우역.상봉터미널",
			"stationNo": "07002",
			"transYn": "N",
			"fullSectDist": "694",
			"trnstnid": "106000467"
		},
		{
			"arsId": "07008",
			"beginTm": "03:06",
			"busRouteAbrv": "N26",
			"busRouteId": "100100586",
			"busRouteNm": "N26",
			"direction": "중랑공영차고지",
			"gpsX": "127.0948710737",
			"gpsY": "37.5985580019",
			"lastTm": "02:33",
			"posX": "208376.90321604512",
			"posY": "455451.88160936115",
			"routeType": "3",
			"sectSpd": "39",
			"section": "106600142",
			"seq": "61",
			"station": "106000435",
			"stationNm": "망우역.망우지구대",
			"stationNo": "07008",
			"transYn": "N",
			"fullSectDist": "415",
			"trnstnid": "106000467"
		},
		{
			"arsId": "07010",
			"beginTm": "03:08",
			"busRouteAbrv": "N26",
			"busRouteId": "100100586",
			"busRouteNm": "N26",
			"direction": "중랑공영차고지",
			"gpsX": "127.0979162708",
			"gpsY": "37.5992996767",
			"lastTm": "02:44",
			"posX": "208645.70153820433",
			"posY": "455534.4664996527",
			"routeType": "3",
			"sectSpd": "42",
			"section": "106600144",
			"seq": "62",
			"station": "106000432",
			"stationNm": "우림시장.망우사거리",
			"stationNo": "07010",
			"transYn": "N",
			"fullSectDist": "283",
			"trnstnid": "106000467"
		},
		{
			"arsId": "07306",
			"beginTm": "03:09",
			"busRouteAbrv": "N26",
			"busRouteId": "100100586",
			"busRouteNm": "N26",
			"direction": "중랑공영차고지",
			"gpsX": "127.1006376085",
			"gpsY": "37.6009474144",
			"lastTm": "02:45",
			"posX": "208885.7912624634",
			"posY": "455717.58165480196",
			"routeType": "3",
			"sectSpd": "9",
			"section": "106602634",
			"seq": "63",
			"station": "106000211",
			"stationNm": "능산지하차도",
			"stationNo": "07306",
			"transYn": "N",
			"fullSectDist": "303",
			"trnstnid": "106000467"
		},
		{
			"arsId": "07305",
			"beginTm": "03:10",
			"busRouteAbrv": "N26",
			"busRouteId": "100100586",
			"busRouteNm": "N26",
			"direction": "중랑공영차고지",
			"gpsX": "127.101048541",
			"gpsY": "37.605838161",
			"lastTm": "02:33",
			"posX": "208921.49042445794",
			"posY": "456260.3817261127",
			"routeType": "3",
			"sectSpd": "81",
			"section": "106602637",
			"seq": "64",
			"station": "106000210",
			"stationNm": "신내새한아파트앞",
			"stationNo": "07305",
			"transYn": "N",
			"fullSectDist": "589",
			"trnstnid": "106000467"
		},
		{
			"arsId": "07302",
			"beginTm": "03:11",
			"busRouteAbrv": "N26",
			"busRouteId": "100100586",
			"busRouteNm": "N26",
			"direction": "중랑공영차고지",
			"gpsX": "127.101332875",
			"gpsY": "37.6105405898",
			"lastTm": "02:34",
			"posX": "208946.03078243486",
			"posY": "456782.2713402021",
			"routeType": "3",
			"sectSpd": "16",
			"section": "106602755",
			"seq": "65",
			"station": "106000207",
			"stationNm": "신내교회.신내데시앙아파트",
			"stationNo": "07302",
			"transYn": "N",
			"fullSectDist": "524",
			"trnstnid": "106000467"
		},
		{
			"arsId": "07337",
			"beginTm": "03:12",
			"busRouteAbrv": "N26",
			"busRouteId": "100100586",
			"busRouteNm": "N26",
			"direction": "중랑공영차고지",
			"gpsX": "127.1020230606",
			"gpsY": "37.613645229",
			"lastTm": "02:35",
			"posX": "209006.58842647215",
			"posY": "457126.88184408424",
			"routeType": "3",
			"sectSpd": "15",
			"section": "106600173",
			"seq": "66",
			"station": "106000241",
			"stationNm": "중랑공영차고지",
			"stationNo": "07337",
			"transYn": "N",
			"fullSectDist": "426",
			"trnstnid": "106000467"
		},
		{
			"arsId": "07550",
			"beginTm": "03:14",
			"busRouteAbrv": "N26",
			"busRouteId": "100100586",
			"busRouteNm": "N26",
			"direction": "중랑공영차고지",
			"gpsX": "127.103628",
			"gpsY": "37.613209",
			"lastTm": "02:37",
			"posX": "209148.32584180235",
			"posY": "457078.62550193816",
			"routeType": "3",
			"sectSpd": "24",
			"section": "106600174",
			"seq": "67",
			"station": "106000467",
			"stationNm": "중랑공영차고지.신내역",
			"stationNo": "07550",
			"transYn": "Y",
			"fullSectDist": "149",
			"trnstnid": "106000467"
		},
		{
			"arsId": "07418",
			"beginTm": "03:15",
			"busRouteAbrv": "N26",
			"busRouteId": "100100586",
			"busRouteNm": "N26",
			"direction": "강서공영차고지",
			"gpsX": "127.1021199052",
			"gpsY": "37.6137621361",
			"lastTm": "02:38",
			"posX": "209015.12374941437",
			"posY": "457139.8651791252",
			"routeType": "3",
			"sectSpd": "9",
			"section": "106602330",
			"seq": "68",
			"station": "106000319",
			"stationNm": "중랑공영차고지.신내역",
			"stationNo": "07418",
			"transYn": "N",
			"fullSectDist": "509",
			"trnstnid": "106000467"
		},
		{
			"arsId": "07303",
			"beginTm": "03:06",
			"busRouteAbrv": "N26",
			"busRouteId": "100100586",
			"busRouteNm": "N26",
			"direction": "강서공영차고지",
			"gpsX": "127.101015256",
			"gpsY": "37.6105382531",
			"lastTm": "02:48",
			"posX": "208917.99050590847",
			"posY": "456781.9818012528",
			"routeType": "3",
			"sectSpd": "35",
			"section": "106602746",
			"seq": "69",
			"station": "106000208",
			"stationNm": "신내교회.신내데시앙아파트",
			"stationNo": "07303",
			"transYn": "N",
			"fullSectDist": "434",
			"trnstnid": "106000467"
		},
		{
			"arsId": "07304",
			"beginTm": "03:10",
			"busRouteAbrv": "N26",
			"busRouteId": "100100586",
			"busRouteNm": "N26",
			"direction": "강서공영차고지",
			"gpsX": "127.1007499588",
			"gpsY": "37.6061555986",
			"lastTm": "01:32",
			"posX": "208895.0910448218",
			"posY": "456295.5817321222",
			"routeType": "3",
			"sectSpd": "34",
			"section": "106601891",
			"seq": "70",
			"station": "106000209",
			"stationNm": "신내초등학교",
			"stationNo": "07304",
			"transYn": "N",
			"fullSectDist": "488",
			"trnstnid": "106000467"
		},
		{
			"arsId": "07307",
			"beginTm": "03:11",
			"busRouteAbrv": "N26",
			"busRouteId": "100100586",
			"busRouteNm": "N26",
			"direction": "강서공영차고지",
			"gpsX": "127.1003489912",
			"gpsY": "37.6010819221",
			"lastTm": "02:54",
			"posX": "208860.29185721333",
			"posY": "455732.48165764567",
			"routeType": "3",
			"sectSpd": "14",
			"section": "106602727",
			"seq": "71",
			"station": "106000212",
			"stationNm": "능산지하차도",
			"stationNo": "07307",
			"transYn": "N",
			"fullSectDist": "566",
			"trnstnid": "106000467"
		},
		{
			"arsId": "07009",
			"beginTm": "03:12",
			"busRouteAbrv": "N26",
			"busRouteId": "100100586",
			"busRouteNm": "N26",
			"direction": "강서공영차고지",
			"gpsX": "127.0990535274",
			"gpsY": "37.5996290675",
			"lastTm": "02:53",
			"posX": "208746.0792178696",
			"posY": "455571.1266380949",
			"routeType": "3",
			"sectSpd": "35",
			"section": "106600128",
			"seq": "72",
			"station": "106000433",
			"stationNm": "우림시장.망우사거리",
			"stationNo": "07009",
			"transYn": "N",
			"fullSectDist": "255",
			"trnstnid": "106000467"
		},
		{
			"arsId": "07007",
			"beginTm": "03:14",
			"busRouteAbrv": "N26",
			"busRouteId": "100100586",
			"busRouteNm": "N26",
			"direction": "강서공영차고지",
			"gpsX": "127.095565636",
			"gpsY": "37.5988214602",
			"lastTm": "02:54",
			"posX": "208438.20177076518",
			"posY": "455481.1816194081",
			"routeType": "3",
			"sectSpd": "31",
			"section": "106601940",
			"seq": "73",
			"station": "106000434",
			"stationNm": "망우역.망우지구대",
			"stationNo": "07007",
			"transYn": "N",
			"fullSectDist": "321",
			"trnstnid": "106000467"
		},
		{
			"arsId": "07001",
			"beginTm": "03:15",
			"busRouteAbrv": "N26",
			"busRouteId": "100100586",
			"busRouteNm": "N26",
			"direction": "강서공영차고지",
			"gpsX": "127.0911385806",
			"gpsY": "37.5978283589",
			"lastTm": "02:57",
			"posX": "208047.41095255804",
			"posY": "455370.581587275",
			"routeType": "3",
			"sectSpd": "32",
			"section": "106602698",
			"seq": "74",
			"station": "106000001",
			"stationNm": "망우역.상봉터미널",
			"stationNo": "07001",
			"transYn": "N",
			"fullSectDist": "407",
			"trnstnid": "106000467"
		},
		{
			"arsId": "07003",
			"beginTm": "03:17",
			"busRouteAbrv": "N26",
			"busRouteId": "100100586",
			"busRouteNm": "N26",
			"direction": "강서공영차고지",
			"gpsX": "127.0837435605",
			"gpsY": "37.5959590869",
			"lastTm": "02:18",
			"posX": "207394.62574207562",
			"posY": "455162.52737463266",
			"routeType": "3",
			"sectSpd": "40",
			"section": "106600006",
			"seq": "75",
			"station": "106000003",
			"stationNm": "상봉역.중랑우체국",
			"stationNo": "07003",
			"transYn": "N",
			"fullSectDist": "685",
			"trnstnid": "106000467"
		},
		{
			"arsId": "07005",
			"beginTm": "03:19",
			"busRouteAbrv": "N26",
			"busRouteId": "100100586",
			"busRouteNm": "N26",
			"direction": "강서공영차고지",
			"gpsX": "127.0761664915",
			"gpsY": "37.5939832153",
			"lastTm": "02:20",
			"posX": "206725.74200634833",
			"posY": "454942.6815145011",
			"routeType": "3",
			"sectSpd": "43",
			"section": "106600081",
			"seq": "76",
			"station": "106000005",
			"stationNm": "중랑역.동부시장",
			"stationNo": "07005",
			"transYn": "N",
			"fullSectDist": "702",
			"trnstnid": "106000467"
		},
		{
			"arsId": "06009",
			"beginTm": "03:20",
			"busRouteAbrv": "N26",
			"busRouteId": "100100586",
			"busRouteNm": "N26",
			"direction": "강서공영차고지",
			"gpsX": "127.0677039967",
			"gpsY": "37.5916996082",
			"lastTm": "02:22",
			"posX": "205978.6595563978",
			"posY": "454688.68146320805",
			"routeType": "3",
			"sectSpd": "34",
			"section": "105600176",
			"seq": "77",
			"station": "105000009",
			"stationNm": "중랑교",
			"stationNo": "06009",
			"transYn": "N",
			"fullSectDist": "778",
			"trnstnid": "106000467"
		},
		{
			"arsId": "06011",
			"beginTm": "03:01",
			"busRouteAbrv": "N26",
			"busRouteId": "100100586",
			"busRouteNm": "N26",
			"direction": "강서공영차고지",
			"gpsX": "127.0606916391",
			"gpsY": "37.5896516431",
			"lastTm": "02:24",
			"posX": "205359.57409755475",
			"posY": "454460.9814303075",
			"routeType": "3",
			"sectSpd": "26",
			"section": "105600179",
			"seq": "78",
			"station": "105000011",
			"stationNm": "삼육서울병원",
			"stationNo": "06011",
			"transYn": "N",
			"fullSectDist": "659",
			"trnstnid": "106000467"
		},
		{
			"arsId": "06013",
			"beginTm": "03:03",
			"busRouteAbrv": "N26",
			"busRouteId": "100100586",
			"busRouteNm": "N26",
			"direction": "강서공영차고지",
			"gpsX": "127.056888",
			"gpsY": "37.588707",
			"lastTm": "02:26",
			"posX": "205023.74474574917",
			"posY": "454355.9376765406",
			"routeType": "3",
			"sectSpd": "39",
			"section": "105600181",
			"seq": "79",
			"station": "105000013",
			"stationNm": "시조사삼거리",
			"stationNo": "06013",
			"transYn": "N",
			"fullSectDist": "352",
			"trnstnid": "106000467"
		},
		{
			"arsId": "06014",
			"beginTm": "03:04",
			"busRouteAbrv": "N26",
			"busRouteId": "100100586",
			"busRouteNm": "N26",
			"direction": "강서공영차고지",
			"gpsX": "127.0521094732",
			"gpsY": "37.5864983273",
			"lastTm": "02:27",
			"posX": "204601.89189435277",
			"posY": "454110.5813657162",
			"routeType": "3",
			"sectSpd": "29",
			"section": "105601890",
			"seq": "80",
			"station": "105000014",
			"stationNm": "떡전교사거리.동대문노인복지관",
			"stationNo": "06014",
			"transYn": "N",
			"fullSectDist": "564",
			"trnstnid": "106000467"
		},
		{
			"arsId": "06021",
			"beginTm": "03:06",
			"busRouteAbrv": "N26",
			"busRouteId": "100100586",
			"busRouteNm": "N26",
			"direction": "강서공영차고지",
			"gpsX": "127.048395",
			"gpsY": "37.58278",
			"lastTm": "02:53",
			"posX": "204274.07190208905",
			"posY": "453697.75795767596",
			"routeType": "3",
			"sectSpd": "28",
			"section": "105600186",
			"seq": "81",
			"station": "105000478",
			"stationNm": "청량리미주아파트.동대문세무서",
			"stationNo": "06021",
			"transYn": "N",
			"fullSectDist": "530",
			"trnstnid": "106000467"
		},
		{
			"arsId": "06015",
			"beginTm": "03:07",
			"busRouteAbrv": "N26",
			"busRouteId": "100100586",
			"busRouteNm": "N26",
			"direction": "강서공영차고지",
			"gpsX": "127.0454307288",
			"gpsY": "37.5804025104",
			"lastTm": "02:30",
			"posX": "204012.40573977784",
			"posY": "453433.7812671992",
			"routeType": "3",
			"sectSpd": "25",
			"section": "105602454",
			"seq": "82",
			"station": "105000015",
			"stationNm": "청량리역환승센타",
			"stationNo": "06015",
			"transYn": "N",
			"fullSectDist": "371",
			"trnstnid": "106000467"
		},
		{
			"arsId": "06022",
			"beginTm": "03:08",
			"busRouteAbrv": "N26",
			"busRouteId": "100100586",
			"busRouteNm": "N26",
			"direction": "강서공영차고지",
			"gpsX": "127.0407118444",
			"gpsY": "37.5787822693",
			"lastTm": "02:31",
			"posX": "203595.71553368832",
			"posY": "453253.78124357713",
			"routeType": "3",
			"sectSpd": "46",
			"section": "105602458",
			"seq": "83",
			"station": "105000480",
			"stationNm": "청량리.청과물도매시장",
			"stationNo": "06022",
			"transYn": "N",
			"fullSectDist": "454",
			"trnstnid": "106000467"
		},
		{
			"arsId": "06024",
			"beginTm": "03:09",
			"busRouteAbrv": "N26",
			"busRouteId": "100100586",
			"busRouteNm": "N26",
			"direction": "강서공영차고지",
			"gpsX": "127.0365057166",
			"gpsY": "37.5782338521",
			"lastTm": "02:28",
			"posX": "203224.2492673382",
			"posY": "453192.7670814595",
			"routeType": "3",
			"sectSpd": "46",
			"section": "105602542",
			"seq": "84",
			"station": "105000481",
			"stationNm": "제기동역.서울약령시",
			"stationNo": "06024",
			"transYn": "N",
			"fullSectDist": "445",
			"trnstnid": "106000467"
		},
		{
			"arsId": "06026",
			"beginTm": "03:11",
			"busRouteAbrv": "N26",
			"busRouteId": "100100586",
			"busRouteNm": "N26",
			"direction": "강서공영차고지",
			"gpsX": "127.028388299",
			"gpsY": "37.5771458908",
			"lastTm": "02:34",
			"posX": "202507.34109509352",
			"posY": "453071.78120663017",
			"routeType": "3",
			"sectSpd": "53",
			"section": "105602627",
			"seq": "85",
			"station": "105000483",
			"stationNm": "용두동사거리.한국의류시험연구원",
			"stationNo": "06026",
			"transYn": "N",
			"fullSectDist": "757",
			"trnstnid": "106000467"
		},
		{
			"arsId": "06028",
			"beginTm": "03:12",
			"busRouteAbrv": "N26",
			"busRouteId": "100100586",
			"busRouteNm": "N26",
			"direction": "강서공영차고지",
			"gpsX": "127.0238433051",
			"gpsY": "37.575826798",
			"lastTm": "02:35",
			"posX": "202105.95052436832",
			"posY": "452925.2811903991",
			"routeType": "3",
			"sectSpd": "7",
			"section": "105602632",
			"seq": "86",
			"station": "105000485",
			"stationNm": "신설동역",
			"stationNo": "06028",
			"transYn": "N",
			"fullSectDist": "439",
			"trnstnid": "106000467"
		},
		{
			"arsId": "01044",
			"beginTm": "03:15",
			"busRouteAbrv": "N26",
			"busRouteId": "100100586",
			"busRouteNm": "N26",
			"direction": "강서공영차고지",
			"gpsX": "127.0196720085",
			"gpsY": "37.5742434484",
			"lastTm": "02:36",
			"posX": "201737.55918234674",
			"posY": "452749.48116265796",
			"routeType": "3",
			"sectSpd": "29",
			"section": "100602805",
			"seq": "87",
			"station": "100000367",
			"stationNm": "동묘앞",
			"stationNo": "01044",
			"transYn": "N",
			"fullSectDist": "407",
			"trnstnid": "106000467"
		},
		{
			"arsId": "01037",
			"beginTm": "03:01",
			"busRouteAbrv": "N26",
			"busRouteId": "100100586",
			"busRouteNm": "N26",
			"direction": "강서공영차고지",
			"gpsX": "127.0120461121",
			"gpsY": "37.5719529259",
			"lastTm": "02:37",
			"posX": "201064.02321399935",
			"posY": "452495.1732256394",
			"routeType": "3",
			"sectSpd": "28",
			"section": "100602007",
			"seq": "88",
			"station": "100000365",
			"stationNm": "동대문(흥인지문)",
			"stationNo": "01037",
			"transYn": "N",
			"fullSectDist": "719",
			"trnstnid": "106000467"
		},
		{
			"arsId": "01022",
			"beginTm": "03:03",
			"busRouteAbrv": "N26",
			"busRouteId": "100100586",
			"busRouteNm": "N26",
			"direction": "강서공영차고지",
			"gpsX": "127.0057137364",
			"gpsY": "37.5711272339",
			"lastTm": "04:00",
			"posX": "200504.69522692286",
			"posY": "452403.4879552657",
			"routeType": "3",
			"sectSpd": "43",
			"section": "100602846",
			"seq": "89",
			"station": "100000397",
			"stationNm": "종로6가.동대문종합시장",
			"stationNo": "01022",
			"transYn": "N",
			"fullSectDist": "629",
			"trnstnid": "106000467"
		},
		{
			"arsId": "01020",
			"beginTm": "03:04",
			"busRouteAbrv": "N26",
			"busRouteId": "100100586",
			"busRouteNm": "N26",
			"direction": "강서공영차고지",
			"gpsX": "126.9993346185",
			"gpsY": "37.5708806279",
			"lastTm": "02:03",
			"posX": "199941.22655461193",
			"posY": "452376.10534976656",
			"routeType": "3",
			"sectSpd": "45",
			"section": "100602443",
			"seq": "90",
			"station": "100000395",
			"stationNm": "종로5가.광장시장",
			"stationNo": "01020",
			"transYn": "N",
			"fullSectDist": "564",
			"trnstnid": "106000467"
		},
		{
			"arsId": "01018",
			"beginTm": "03:06",
			"busRouteAbrv": "N26",
			"busRouteId": "100100586",
			"busRouteNm": "N26",
			"direction": "강서공영차고지",
			"gpsX": "126.9952838124",
			"gpsY": "37.5706271118",
			"lastTm": "02:04",
			"posX": "199583.41562846923",
			"posY": "452347.9812689284",
			"routeType": "3",
			"sectSpd": "66",
			"section": "100602849",
			"seq": "91",
			"station": "100000393",
			"stationNm": "종로4가.종묘",
			"stationNo": "01018",
			"transYn": "N",
			"fullSectDist": "357",
			"trnstnid": "106000467"
		},
		{
			"arsId": "01016",
			"beginTm": "03:07",
			"busRouteAbrv": "N26",
			"busRouteId": "100100586",
			"busRouteNm": "N26",
			"direction": "강서공영차고지",
			"gpsX": "126.9899877751",
			"gpsY": "37.5703605443",
			"lastTm": "02:05",
			"posX": "199115.60954706353",
			"posY": "452318.4352062321",
			"routeType": "3",
			"sectSpd": "31",
			"section": "100602421",
			"seq": "92",
			"station": "100000391",
			"stationNm": "종로3가.탑골공원",
			"stationNo": "01016",
			"transYn": "N",
			"fullSectDist": "469",
			"trnstnid": "106000467"
		},
		{
			"arsId": "01014",
			"beginTm": "03:08",
			"busRouteAbrv": "N26",
			"busRouteId": "100100586",
			"busRouteNm": "N26",
			"direction": "강서공영차고지",
			"gpsX": "126.9862474502",
			"gpsY": "37.5702571998",
			"lastTm": "02:06",
			"posX": "198785.22099851177",
			"posY": "452307.00817494653",
			"routeType": "3",
			"sectSpd": "25",
			"section": "100602423",
			"seq": "93",
			"station": "100000389",
			"stationNm": "종로2가",
			"stationNo": "01014",
			"transYn": "N",
			"fullSectDist": "330",
			"trnstnid": "106000467"
		},
		{
			"arsId": "01012",
			"beginTm": "03:09",
			"busRouteAbrv": "N26",
			"busRouteId": "100100586",
			"busRouteNm": "N26",
			"direction": "강서공영차고지",
			"gpsX": "126.9813906402",
			"gpsY": "37.5702290311",
			"lastTm": "02:08",
			"posX": "198356.2126001542",
			"posY": "452303.9559849426",
			"routeType": "3",
			"sectSpd": "71",
			"section": "100602859",
			"seq": "94",
			"station": "100000387",
			"stationNm": "종로1가",
			"stationNo": "01012",
			"transYn": "N",
			"fullSectDist": "429",
			"trnstnid": "106000467"
		},
		{
			"arsId": "01010",
			"beginTm": "03:11",
			"busRouteAbrv": "N26",
			"busRouteId": "100100586",
			"busRouteNm": "N26",
			"direction": "강서공영차고지",
			"gpsX": "126.978085488",
			"gpsY": "37.570216807",
			"lastTm": "02:48",
			"posX": "198064.2641639701",
			"posY": "452302.6623485298",
			"routeType": "3",
			"sectSpd": "96",
			"section": "100602863",
			"seq": "95",
			"station": "100000385",
			"stationNm": "광화문",
			"stationNo": "01010",
			"transYn": "N",
			"fullSectDist": "292",
			"trnstnid": "106000467"
		},
		{
			"arsId": "01008",
			"beginTm": "03:11",
			"busRouteAbrv": "N26",
			"busRouteId": "100100586",
			"busRouteNm": "N26",
			"direction": "강서공영차고지",
			"gpsX": "126.970609",
			"gpsY": "37.569412",
			"lastTm": "02:48",
			"posX": "197403.82882170173",
			"posY": "452213.52799058426",
			"routeType": "3",
			"sectSpd": "62",
			"section": "100602357",
			"seq": "96",
			"station": "100000379",
			"stationNm": "서울역사박물관.경희궁앞",
			"stationNo": "01008",
			"transYn": "N",
			"fullSectDist": "692",
			"trnstnid": "106000467"
		},
		{
			"arsId": "01006",
			"beginTm": "03:13",
			"busRouteAbrv": "N26",
			"busRouteId": "100100586",
			"busRouteNm": "N26",
			"direction": "강서공영차고지",
			"gpsX": "126.966893",
			"gpsY": "37.566137",
			"lastTm": "02:15",
			"posX": "197075.4583768209",
			"posY": "451850.18930908013",
			"routeType": "3",
			"sectSpd": "17",
			"section": "101604733",
			"seq": "97",
			"station": "101000305",
			"stationNm": "서대문역사거리",
			"stationNo": "01006",
			"transYn": "N",
			"fullSectDist": "492",
			"trnstnid": "106000467"
		},
		{
			"arsId": "13046",
			"beginTm": "03:14",
			"busRouteAbrv": "N26",
			"busRouteId": "100100586",
			"busRouteNm": "N26",
			"direction": "강서공영차고지",
			"gpsX": "126.9626986577",
			"gpsY": "37.56002266",
			"lastTm": "02:16",
			"posX": "196704.6774158856",
			"posY": "451171.7809591079",
			"routeType": "3",
			"sectSpd": "32",
			"section": "112603545",
			"seq": "98",
			"station": "112000429",
			"stationNm": "충정로역",
			"stationNo": "13046",
			"transYn": "N",
			"fullSectDist": "776",
			"trnstnid": "106000467"
		},
		{
			"arsId": "13044",
			"beginTm": "03:18",
			"busRouteAbrv": "N26",
			"busRouteId": "100100586",
			"busRouteNm": "N26",
			"direction": "강서공영차고지",
			"gpsX": "126.956593",
			"gpsY": "37.557425",
			"lastTm": "02:20",
			"posX": "196165.15048649142",
			"posY": "450883.7339223912",
			"routeType": "3",
			"sectSpd": "3",
			"section": "113600030",
			"seq": "99",
			"station": "113000478",
			"stationNm": "아현역",
			"stationNo": "13044",
			"transYn": "N",
			"fullSectDist": "453",
			"trnstnid": "106000467"
		},
		{
			"arsId": "13042",
			"beginTm": "03:01",
			"busRouteAbrv": "N26",
			"busRouteId": "100100586",
			"busRouteNm": "N26",
			"direction": "강서공영차고지",
			"gpsX": "126.952408",
			"gpsY": "37.557227",
			"lastTm": "02:18",
			"posX": "195795.40991321098",
			"posY": "450861.93959614355",
			"routeType": "3",
			"sectSpd": "46",
			"section": "113600032",
			"seq": "100",
			"station": "113000475",
			"stationNm": "웨딩타운",
			"stationNo": "13042",
			"transYn": "N",
			"fullSectDist": "599",
			"trnstnid": "106000467"
		},
		{
			"arsId": "13025",
			"beginTm": "03:02",
			"busRouteAbrv": "N26",
			"busRouteId": "100100586",
			"busRouteNm": "N26",
			"direction": "강서공영차고지",
			"gpsX": "126.9472705221",
			"gpsY": "37.5568755655",
			"lastTm": "02:20",
			"posX": "195341.50943805787",
			"posY": "450823.1809257157",
			"routeType": "3",
			"sectSpd": "22",
			"section": "113602240",
			"seq": "101",
			"station": "113000411",
			"stationNm": "이대역",
			"stationNo": "13025",
			"transYn": "N",
			"fullSectDist": "452",
			"trnstnid": "106000467"
		},
		{
			"arsId": "13023",
			"beginTm": "03:03",
			"busRouteAbrv": "N26",
			"busRouteId": "100100586",
			"busRouteNm": "N26",
			"direction": "강서공영차고지",
			"gpsX": "126.9389815648",
			"gpsY": "37.555788458",
			"lastTm": "02:21",
			"posX": "194609.1266418103",
			"posY": "450702.98091748403",
			"routeType": "3",
			"sectSpd": "45",
			"section": "113600035",
			"seq": "102",
			"station": "113000417",
			"stationNm": "신촌오거리.2호선신촌역",
			"stationNo": "13023",
			"transYn": "N",
			"fullSectDist": "753",
			"trnstnid": "106000467"
		},
		{
			"arsId": "13021",
			"beginTm": "03:04",
			"busRouteAbrv": "N26",
			"busRouteId": "100100586",
			"busRouteNm": "N26",
			"direction": "강서공영차고지",
			"gpsX": "126.9345037666",
			"gpsY": "37.5559833987",
			"lastTm": "02:23",
			"posX": "194213.53593593749",
			"posY": "450724.8809261853",
			"routeType": "3",
			"sectSpd": "50",
			"section": "113604951",
			"seq": "103",
			"station": "113000416",
			"stationNm": "신촌오거리.현대백화점",
			"stationNo": "13021",
			"transYn": "N",
			"fullSectDist": "423",
			"trnstnid": "106000467"
		},
		{
			"arsId": "13019",
			"beginTm": "03:07",
			"busRouteAbrv": "N26",
			"busRouteId": "100100586",
			"busRouteNm": "N26",
			"direction": "강서공영차고지",
			"gpsX": "126.92951964",
			"gpsY": "37.5577646946",
			"lastTm": "02:25",
			"posX": "193773.34627534557",
			"posY": "450922.88095744746",
			"routeType": "3",
			"sectSpd": "44",
			"section": "113603378",
			"seq": "104",
			"station": "113000415",
			"stationNm": "동교동삼거리",
			"stationNo": "13019",
			"transYn": "N",
			"fullSectDist": "482",
			"trnstnid": "106000467"
		},
		{
			"arsId": " ",
			"beginTm": "03:09",
			"busRouteAbrv": "N26",
			"busRouteId": "100100586",
			"busRouteNm": "N26",
			"direction": "강서공영차고지",
			"gpsX": "126.9259252365",
			"gpsY": "37.5586515499",
			"lastTm": "02:26",
			"posX": "193455.8728353006",
			"posY": "451021.54503859207",
			"routeType": "3",
			"sectSpd": "30",
			"section": "113605466",
			"seq": "105",
			"station": "113000506",
			"stationNm": "홍대입구역(가상)",
			"stationNo": "미정차",
			"transYn": "N",
			"fullSectDist": "759",
			"trnstnid": "106000467"
		},
		{
			"arsId": "14016",
			"beginTm": "03:10",
			"busRouteAbrv": "N26",
			"busRouteId": "100100586",
			"busRouteNm": "N26",
			"direction": "강서공영차고지",
			"gpsX": "126.9245894295",
			"gpsY": "37.5574769032",
			"lastTm": "02:28",
			"posX": "193337.75650262798",
			"posY": "450891.2809641529",
			"routeType": "3",
			"sectSpd": "20",
			"section": "113604954",
			"seq": "106",
			"station": "113000414",
			"stationNm": "홍대입구역",
			"stationNo": "14016",
			"transYn": "N",
			"fullSectDist": "177",
			"trnstnid": "106000467"
		},
		{
			"arsId": "14014",
			"beginTm": "03:10",
			"busRouteAbrv": "N26",
			"busRouteId": "100100586",
			"busRouteNm": "N26",
			"direction": "강서공영차고지",
			"gpsX": "126.9202362534",
			"gpsY": "37.5542490276",
			"lastTm": "02:28",
			"posX": "192952.86554358678",
			"posY": "450533.3809251324",
			"routeType": "3",
			"sectSpd": "30",
			"section": "113603137",
			"seq": "107",
			"station": "113000413",
			"stationNm": "서교동",
			"stationNo": "14014",
			"transYn": "N",
			"fullSectDist": "526",
			"trnstnid": "106000467"
		},
		{
			"arsId": " ",
			"beginTm": "03:12",
			"busRouteAbrv": "N26",
			"busRouteId": "100100586",
			"busRouteNm": "N26",
			"direction": "강서공영차고지",
			"gpsX": "126.9161214841",
			"gpsY": "37.5514613841",
			"lastTm": "02:30",
			"posX": "192589.04918533604",
			"posY": "450224.335317174",
			"routeType": "3",
			"sectSpd": "37",
			"section": "113605468",
			"seq": "108",
			"station": "113000509",
			"stationNm": "합정역(가상)",
			"stationNo": "미정차",
			"transYn": "N",
			"fullSectDist": "486",
			"trnstnid": "106000467"
		},
		{
			"arsId": "14012",
			"beginTm": "03:15",
			"busRouteAbrv": "N26",
			"busRouteId": "100100586",
			"busRouteNm": "N26",
			"direction": "강서공영차고지",
			"gpsX": "126.9139971746",
			"gpsY": "37.5496815057",
			"lastTm": "02:32",
			"posX": "192401.17851077256",
			"posY": "450026.98086342076",
			"routeType": "3",
			"sectSpd": "35",
			"section": "113605522",
			"seq": "109",
			"station": "113000412",
			"stationNm": "합정역",
			"stationNo": "14012",
			"transYn": "N",
			"fullSectDist": "274",
			"trnstnid": "106000467"
		},
		{
			"arsId": "19176",
			"beginTm": "03:15",
			"busRouteAbrv": "N26",
			"busRouteId": "100100586",
			"busRouteNm": "N26",
			"direction": "강서공영차고지",
			"gpsX": "126.9024102445",
			"gpsY": "37.5348629874",
			"lastTm": "02:33",
			"posX": "191375.702595093",
			"posY": "448383.48066823464",
			"routeType": "3",
			"sectSpd": "11",
			"section": "118608326",
			"seq": "110",
			"station": "118000091",
			"stationNm": "당산역",
			"stationNo": "19176",
			"transYn": "N",
			"fullSectDist": "2568",
			"trnstnid": "106000467"
		},
		{
			"arsId": "19216",
			"beginTm": "03:36",
			"busRouteAbrv": "N26",
			"busRouteId": "100100586",
			"busRouteNm": "N26",
			"direction": "강서공영차고지",
			"gpsX": "126.8948788945",
			"gpsY": "37.5418639873",
			"lastTm": "02:33",
			"posX": "190711.00311641613",
			"posY": "449161.1404532562",
			"routeType": "3",
			"sectSpd": "47",
			"section": "118608304",
			"seq": "111",
			"station": "118000131",
			"stationNm": "양평한신아파트.선유도공원입구",
			"stationNo": "19216",
			"transYn": "N",
			"fullSectDist": "1610",
			"trnstnid": "106000467"
		},
		{
			"arsId": "19215",
			"beginTm": "03:24",
			"busRouteAbrv": "N26",
			"busRouteId": "100100586",
			"busRouteNm": "N26",
			"direction": "강서공영차고지",
			"gpsX": "126.8841131456",
			"gpsY": "37.547524111",
			"lastTm": "02:21",
			"posX": "189760.46464560606",
			"posY": "449790.39666870236",
			"routeType": "3",
			"sectSpd": "46",
			"section": "118608291",
			"seq": "112",
			"station": "118000130",
			"stationNm": "영등포아리수정수센터",
			"stationNo": "19215",
			"transYn": "N",
			"fullSectDist": "1134",
			"trnstnid": "106000467"
		},
		{
			"arsId": "16001",
			"beginTm": "03:25",
			"busRouteAbrv": "N26",
			"busRouteId": "100100586",
			"busRouteNm": "N26",
			"direction": "강서공영차고지",
			"gpsX": "126.8758813624",
			"gpsY": "37.5470974954",
			"lastTm": "02:38",
			"posX": "189033.05762429984",
			"posY": "449743.98090556497",
			"routeType": "3",
			"sectSpd": "78",
			"section": "114602656",
			"seq": "113",
			"station": "115000001",
			"stationNm": "염창역.서울도시가스",
			"stationNo": "16001",
			"transYn": "N",
			"fullSectDist": "754",
			"trnstnid": "106000467"
		},
		{
			"arsId": "16003",
			"beginTm": "03:26",
			"busRouteAbrv": "N26",
			"busRouteId": "100100586",
			"busRouteNm": "N26",
			"direction": "강서공영차고지",
			"gpsX": "126.8686519482",
			"gpsY": "37.5490054028",
			"lastTm": "02:39",
			"posX": "188394.5726271423",
			"posY": "449956.5809550686",
			"routeType": "3",
			"sectSpd": "25",
			"section": "114602767",
			"seq": "114",
			"station": "115000003",
			"stationNm": "등촌역.강서보건소",
			"stationNo": "16003",
			"transYn": "N",
			"fullSectDist": "700",
			"trnstnid": "106000467"
		},
		{
			"arsId": "16005",
			"beginTm": "03:27",
			"busRouteAbrv": "N26",
			"busRouteId": "100100586",
			"busRouteNm": "N26",
			"direction": "강서공영차고지",
			"gpsX": "126.8615536765",
			"gpsY": "37.5526278025",
			"lastTm": "02:50",
			"posX": "187767.9873510029",
			"posY": "450359.4810219044",
			"routeType": "3",
			"sectSpd": "40",
			"section": "115600037",
			"seq": "115",
			"station": "115000005",
			"stationNm": "등촌중학교.백석초등학교",
			"stationNo": "16005",
			"transYn": "N",
			"fullSectDist": "747",
			"trnstnid": "106000467"
		},
		{
			"arsId": "16007",
			"beginTm": "03:28",
			"busRouteAbrv": "N26",
			"busRouteId": "100100586",
			"busRouteNm": "N26",
			"direction": "강서공영차고지",
			"gpsX": "126.8557818766",
			"gpsY": "37.5547564863",
			"lastTm": "02:48",
			"posX": "187258.39931506736",
			"posY": "450596.4810689809",
			"routeType": "3",
			"sectSpd": "24",
			"section": "115600038",
			"seq": "116",
			"station": "115000588",
			"stationNm": "강서구청사거리.서울디지털대학교",
			"stationNo": "16007",
			"transYn": "N",
			"fullSectDist": "561",
			"trnstnid": "106000467"
		},
		{
			"arsId": "16009",
			"beginTm": "03:30",
			"busRouteAbrv": "N26",
			"busRouteId": "100100586",
			"busRouteNm": "N26",
			"direction": "강서공영차고지",
			"gpsX": "126.8504630663",
			"gpsY": "37.5566007161",
			"lastTm": "02:49",
			"posX": "186788.81034875123",
			"posY": "450801.88112012064",
			"routeType": "3",
			"sectSpd": "77",
			"section": "115607747",
			"seq": "117",
			"station": "115000590",
			"stationNm": "KBS스포츠월드",
			"stationNo": "16009",
			"transYn": "N",
			"fullSectDist": "512",
			"trnstnid": "106000467"
		},
		{
			"arsId": "16011",
			"beginTm": "03:32",
			"busRouteAbrv": "N26",
			"busRouteId": "100100586",
			"busRouteNm": "N26",
			"direction": "강서공영차고지",
			"gpsX": "126.8454938402",
			"gpsY": "37.5578531453",
			"lastTm": "02:50",
			"posX": "186350.0206613325",
			"posY": "450941.581150807",
			"routeType": "3",
			"sectSpd": "57",
			"section": "115607749",
			"seq": "118",
			"station": "115000592",
			"stationNm": "한국가스기술공사",
			"stationNo": "16011",
			"transYn": "N",
			"fullSectDist": "466",
			"trnstnid": "106000467"
		},
		{
			"arsId": "16013",
			"beginTm": "03:34",
			"busRouteAbrv": "N26",
			"busRouteId": "100100586",
			"busRouteNm": "N26",
			"direction": "강서공영차고지",
			"gpsX": "126.8391584264",
			"gpsY": "37.5584907687",
			"lastTm": "02:53",
			"posX": "185790.43380408676",
			"posY": "451013.28117542854",
			"routeType": "3",
			"sectSpd": "48",
			"section": "115600044",
			"seq": "119",
			"station": "115000594",
			"stationNm": "발산역",
			"stationNo": "16013",
			"transYn": "N",
			"fullSectDist": "563",
			"trnstnid": "106000467"
		},
		{
			"arsId": "16021",
			"beginTm": "03:36",
			"busRouteAbrv": "N26",
			"busRouteId": "100100586",
			"busRouteNm": "N26",
			"direction": "강서공영차고지",
			"gpsX": "126.834585405",
			"gpsY": "37.5590346393",
			"lastTm": "02:27",
			"posX": "185386.53566927757",
			"posY": "451074.3391289376",
			"routeType": "3",
			"sectSpd": "42",
			"section": "115607751",
			"seq": "120",
			"station": "115000923",
			"stationNm": "마곡동로사거리",
			"stationNo": "16021",
			"transYn": "N",
			"fullSectDist": "407",
			"trnstnid": "106000467"
		},
		{
			"arsId": "16018",
			"beginTm": "03:37",
			"busRouteAbrv": "N26",
			"busRouteId": "100100586",
			"busRouteNm": "N26",
			"direction": "강서공영차고지",
			"gpsX": "126.827513",
			"gpsY": "37.559695",
			"lastTm": "02:37",
			"posX": "184761.861824781",
			"posY": "451148.74667818565",
			"routeType": "3",
			"sectSpd": "40",
			"section": "115606822",
			"seq": "121",
			"station": "115000895",
			"stationNm": "마곡역",
			"stationNo": "16018",
			"transYn": "N",
			"fullSectDist": "628",
			"trnstnid": "106000467"
		},
		{
			"arsId": "16024",
			"beginTm": "03:01",
			"busRouteAbrv": "N26",
			"busRouteId": "100100586",
			"busRouteNm": "N26",
			"direction": "강서공영차고지",
			"gpsX": "126.8227020795",
			"gpsY": "37.5602011559",
			"lastTm": "02:30",
			"posX": "184336.95296583467",
			"posY": "451205.70889275195",
			"routeType": "3",
			"sectSpd": "47",
			"section": "115608434",
			"seq": "122",
			"station": "115000946",
			"stationNm": "강서세무서",
			"stationNo": "16024",
			"transYn": "N",
			"fullSectDist": "429",
			"trnstnid": "106000467"
		},
		{
			"arsId": "16020",
			"beginTm": "03:02",
			"busRouteAbrv": "N26",
			"busRouteId": "100100586",
			"busRouteNm": "N26",
			"direction": "강서공영차고지",
			"gpsX": "126.8173343902",
			"gpsY": "37.5607316214",
			"lastTm": "02:31",
			"posX": "183862.86868269072",
			"posY": "451265.48611490335",
			"routeType": "3",
			"sectSpd": "166",
			"section": "115608472",
			"seq": "123",
			"station": "115000894",
			"stationNm": "공항중학교.마곡엠밸리9,10단지",
			"stationNo": "16020",
			"transYn": "N",
			"fullSectDist": "476",
			"trnstnid": "106000467"
		},
		{
			"arsId": "16117",
			"beginTm": "03:03",
			"busRouteAbrv": "N26",
			"busRouteId": "100100586",
			"busRouteNm": "N26",
			"direction": "강서공영차고지",
			"gpsX": "126.8090169265",
			"gpsY": "37.5616789813",
			"lastTm": "02:37",
			"posX": "183128.2963359915",
			"posY": "451372.08133326937",
			"routeType": "3",
			"sectSpd": "60",
			"section": "115600625",
			"seq": "124",
			"station": "115000021",
			"stationNm": "송정역",
			"stationNo": "16117",
			"transYn": "N",
			"fullSectDist": "741",
			"trnstnid": "106000467"
		},
		{
			"arsId": "16118",
			"beginTm": "03:04",
			"busRouteAbrv": "N26",
			"busRouteId": "100100586",
			"busRouteNm": "N26",
			"direction": "강서공영차고지",
			"gpsX": "126.8089271716",
			"gpsY": "37.5622519305",
			"lastTm": "02:38",
			"posX": "183120.49652728485",
			"posY": "451435.681337154",
			"routeType": "3",
			"sectSpd": "42",
			"section": "115607838",
			"seq": "125",
			"station": "115000022",
			"stationNm": "공항시장",
			"stationNo": "16118",
			"transYn": "N",
			"fullSectDist": "156",
			"trnstnid": "106000467"
		},
		{
			"arsId": "16120",
			"beginTm": "03:05",
			"busRouteAbrv": "N26",
			"busRouteId": "100100586",
			"busRouteNm": "N26",
			"direction": "강서공영차고지",
			"gpsX": "126.8109493938",
			"gpsY": "37.5638248877",
			"lastTm": "02:39",
			"posX": "183299.49232165347",
			"posY": "451609.8813595283",
			"routeType": "3",
			"sectSpd": "16",
			"section": "115600585",
			"seq": "126",
			"station": "115000024",
			"stationNm": "공항시장역3번출구",
			"stationNo": "16120",
			"transYn": "N",
			"fullSectDist": "252",
			"trnstnid": "106000467"
		},
		{
			"arsId": "16436",
			"beginTm": "03:05",
			"busRouteAbrv": "N26",
			"busRouteId": "100100586",
			"busRouteNm": "N26",
			"direction": "강서공영차고지",
			"gpsX": "126.8118933674",
			"gpsY": "37.5665639113",
			"lastTm": "02:35",
			"posX": "183383.49034287568",
			"posY": "451913.68139728624",
			"routeType": "3",
			"sectSpd": "66",
			"section": "115607842",
			"seq": "127",
			"station": "115000322",
			"stationNm": "방화2동청성아파트",
			"stationNo": "16436",
			"transYn": "N",
			"fullSectDist": "326",
			"trnstnid": "106000467"
		},
		{
			"arsId": "16433",
			"beginTm": "03:06",
			"busRouteAbrv": "N26",
			"busRouteId": "100100586",
			"busRouteNm": "N26",
			"direction": "강서공영차고지",
			"gpsX": "126.8117126614",
			"gpsY": "37.5701349",
			"lastTm": "02:41",
			"posX": "183368.32161238167",
			"posY": "452310.00954778073",
			"routeType": "3",
			"sectSpd": "38",
			"section": "115600589",
			"seq": "128",
			"station": "115000319",
			"stationNm": "방화2동우촌연립",
			"stationNo": "16433",
			"transYn": "N",
			"fullSectDist": "398",
			"trnstnid": "106000467"
		},
		{
			"arsId": "16126",
			"beginTm": "03:08",
			"busRouteAbrv": "N26",
			"busRouteId": "100100586",
			"busRouteNm": "N26",
			"direction": "강서공영차고지",
			"gpsX": "126.8115903308",
			"gpsY": "37.5727187792",
			"lastTm": "02:42",
			"posX": "183358.0909451205",
			"posY": "452596.7814836949",
			"routeType": "3",
			"sectSpd": "26",
			"section": "115603431",
			"seq": "129",
			"station": "115000030",
			"stationNm": "국민은행방화동지점",
			"stationNo": "16126",
			"transYn": "N",
			"fullSectDist": "288",
			"trnstnid": "106000467"
		},
		{
			"arsId": "16286",
			"beginTm": "03:09",
			"busRouteAbrv": "N26",
			"busRouteId": "100100586",
			"busRouteNm": "N26",
			"direction": "강서공영차고지",
			"gpsX": "126.809892",
			"gpsY": "37.573287",
			"lastTm": "02:43",
			"posX": "183208.20768777223",
			"posY": "452660.14289706433",
			"routeType": "3",
			"sectSpd": "61",
			"section": "115607847",
			"seq": "130",
			"station": "115000189",
			"stationNm": "방화사거리",
			"stationNo": "16286",
			"transYn": "N",
			"fullSectDist": "224",
			"trnstnid": "106000467"
		},
		{
			"arsId": "16288",
			"beginTm": "03:10",
			"busRouteAbrv": "N26",
			"busRouteId": "100100586",
			"busRouteNm": "N26",
			"direction": "강서공영차고지",
			"gpsX": "126.8052934018",
			"gpsY": "37.5727710603",
			"lastTm": "02:42",
			"posX": "182801.90527938004",
			"posY": "452603.71736346884",
			"routeType": "3",
			"sectSpd": "26",
			"section": "115607849",
			"seq": "131",
			"station": "115000191",
			"stationNm": "개화산역",
			"stationNo": "16288",
			"transYn": "N",
			"fullSectDist": "414",
			"trnstnid": "106000467"
		},
		{
			"arsId": "16167",
			"beginTm": "03:11",
			"busRouteAbrv": "N26",
			"busRouteId": "100100586",
			"busRouteNm": "N26",
			"direction": "강서공영차고지",
			"gpsX": "126.8026",
			"gpsY": "37.575195",
			"lastTm": "02:41",
			"posX": "182564.56669999403",
			"posY": "452873.2146287346",
			"routeType": "3",
			"sectSpd": "45",
			"section": "115607770",
			"seq": "132",
			"station": "115000070",
			"stationNm": "개화119안전센터",
			"stationNo": "16167",
			"transYn": "N",
			"fullSectDist": "540",
			"trnstnid": "106000467"
		},
		{
			"arsId": "16434",
			"beginTm": "03:12",
			"busRouteAbrv": "N26",
			"busRouteId": "100100586",
			"busRouteNm": "N26",
			"direction": "강서공영차고지",
			"gpsX": "126.797811",
			"gpsY": "37.57845",
			"lastTm": "02:42",
			"posX": "182142.35330705967",
			"posY": "453235.343516883",
			"routeType": "3",
			"sectSpd": "55",
			"section": "115607773",
			"seq": "133",
			"station": "115000320",
			"stationNm": "개화역광역환승센터",
			"stationNo": "16434",
			"transYn": "N",
			"fullSectDist": "678",
			"trnstnid": "106000467"
		}
	]
}