{
	"count": 120,
	"result": [
		{
			"arsId": "07418",
			"beginTm": "04:01",
			"busRouteAbrv": "240",
			"busRouteId": "100100407",
			"busRouteNm": "240",
			"direction": "신사역사거리",
			"gpsX": "127.1021199052",
			"gpsY": "37.6137621361",
			"lastTm": "23:00",
			"posX": "209015.12374941437",
			"posY": "457139.8651791252",
			"routeType": "3",
			"sectSpd": "0",
			"section": "0",
			"seq": "1",
			"station": "106000319",
			"stationNm": "중랑공영차고지.신내역",
			"stationNo": "07418",
			"transYn": "N",
			"fullSectDist": "0",
			"trnstnid": "122000009"
		},
		{
			"arsId": "07437",
			"beginTm": "04:00",
			"busRouteAbrv": "240",
			"busRouteId": "100100407",
			"busRouteNm": "240",
			"direction": "신사역사거리",
			"gpsX": "127.0998045839",
			"gpsY": "37.6140553175",
			"lastTm": "22:50",
			"posX": "208810.6930260254",
			"posY": "457172.1818466848",
			"routeType": "3",
			"sectSpd": "52",
			"section": "106602718",
			"seq": "2",
			"station": "106000441",
			"stationNm": "새우개마을입구",
			"stationNo": "07437",
			"transYn": "N",
			"fullSectDist": "210",
			"trnstnid": "122000009"
		},
		{
			"arsId": "07284",
			"beginTm": "04:02",
			"busRouteAbrv": "240",
			"busRouteId": "100100407",
			"busRouteNm": "240",
			"direction": "신사역사거리",
			"gpsX": "127.0915285695",
			"gpsY": "37.6138773039",
			"lastTm": "22:52",
			"posX": "208080.11018331736",
			"posY": "457151.6818271368",
			"routeType": "3",
			"sectSpd": "24",
			"section": "106602722",
			"seq": "3",
			"station": "106000189",
			"stationNm": "봉화초등학교",
			"stationNo": "07284",
			"transYn": "N",
			"fullSectDist": "978",
			"trnstnid": "122000009"
		},
		{
			"arsId": "07285",
			"beginTm": "04:05",
			"busRouteAbrv": "240",
			"busRouteId": "100100407",
			"busRouteNm": "240",
			"direction": "신사역사거리",
			"gpsX": "127.0904185112",
			"gpsY": "37.6138970824",
			"lastTm": "22:57",
			"posX": "207982.11248860272",
			"posY": "457153.7818261753",
			"routeType": "3",
			"sectSpd": "36",
			"section": "106602724",
			"seq": "4",
			"station": "106000190",
			"stationNm": "신내6단지아파트.옹기테마공원",
			"stationNo": "07285",
			"transYn": "N",
			"fullSectDist": "153",
			"trnstnid": "122000009"
		},
		{
			"arsId": "07288",
			"beginTm": "04:06",
			"busRouteAbrv": "240",
			"busRouteId": "100100407",
			"busRouteNm": "240",
			"direction": "신사역사거리",
			"gpsX": "127.0900173419",
			"gpsY": "37.6165664023",
			"lastTm": "22:58",
			"posX": "207946.41333100625",
			"posY": "457449.9818683532",
			"routeType": "3",
			"sectSpd": "40",
			"section": "106602401",
			"seq": "5",
			"station": "106000193",
			"stationNm": "신내우체국.5단지두산대림아파트",
			"stationNo": "07288",
			"transYn": "N",
			"fullSectDist": "402",
			"trnstnid": "122000009"
		},
		{
			"arsId": "07286",
			"beginTm": "04:07",
			"busRouteAbrv": "240",
			"busRouteId": "100100407",
			"busRouteNm": "240",
			"direction": "신사역사거리",
			"gpsX": "127.0916809683",
			"gpsY": "37.6162209073",
			"lastTm": "23:00",
			"posX": "208093.30988043704",
			"posY": "457411.7818703586",
			"routeType": "3",
			"sectSpd": "27",
			"section": "106602403",
			"seq": "6",
			"station": "106000191",
			"stationNm": "신내6단지",
			"stationNo": "07286",
			"transYn": "N",
			"fullSectDist": "207",
			"trnstnid": "122000009"
		},
		{
			"arsId": "07281",
			"beginTm": "04:07",
			"busRouteAbrv": "240",
			"busRouteId": "100100407",
			"busRouteNm": "240",
			"direction": "신사역사거리",
			"gpsX": "127.0938875252",
			"gpsY": "37.6152532096",
			"lastTm": "23:01",
			"posX": "208288.20529753683",
			"posY": "457304.58185525425",
			"routeType": "3",
			"sectSpd": "27",
			"section": "106602406",
			"seq": "7",
			"station": "106000186",
			"stationNm": "신내7단지아파트홈플러스",
			"stationNo": "07281",
			"transYn": "N",
			"fullSectDist": "222",
			"trnstnid": "122000009"
		},
		{
			"arsId": "07354",
			"beginTm": "04:08",
			"busRouteAbrv": "240",
			"busRouteId": "100100407",
			"busRouteNm": "240",
			"direction": "신사역사거리",
			"gpsX": "127.0951169805",
			"gpsY": "37.614688146",
			"lastTm": "23:02",
			"posX": "208396.80275021287",
			"posY": "457241.9818506106",
			"routeType": "3",
			"sectSpd": "15",
			"section": "106601603",
			"seq": "8",
			"station": "106000257",
			"stationNm": "중랑소방서",
			"stationNo": "07354",
			"transYn": "N",
			"fullSectDist": "124",
			"trnstnid": "122000009"
		},
		{
			"arsId": "07279",
			"beginTm": "04:08",
			"busRouteAbrv": "240",
			"busRouteId": "100100407",
			"busRouteNm": "240",
			"direction": "신사역사거리",
			"gpsX": "127.0961797384",
			"gpsY": "37.6131148914",
			"lastTm": "23:03",
			"posX": "208490.8005364177",
			"posY": "457067.48183123115",
			"routeType": "3",
			"sectSpd": "24",
			"section": "106602408",
			"seq": "9",
			"station": "106000184",
			"stationNm": "신내8단지아파트.서울의료원",
			"stationNo": "07279",
			"transYn": "N",
			"fullSectDist": "234",
			"trnstnid": "122000009"
		},
		{
			"arsId": "07278",
			"beginTm": "04:09",
			"busRouteAbrv": "240",
			"busRouteId": "100100407",
			"busRouteNm": "240",
			"direction": "신사역사거리",
			"gpsX": "127.0959906996",
			"gpsY": "37.6105694794",
			"lastTm": "23:04",
			"posX": "208474.40092290653",
			"posY": "456784.9817943773",
			"routeType": "3",
			"sectSpd": "13",
			"section": "106600351",
			"seq": "10",
			"station": "106000183",
			"stationNm": "신내9단지아파트",
			"stationNo": "07278",
			"transYn": "N",
			"fullSectDist": "304",
			"trnstnid": "122000009"
		},
		{
			"arsId": "07277",
			"beginTm": "04:10",
			"busRouteAbrv": "240",
			"busRouteId": "100100407",
			"busRouteNm": "240",
			"direction": "신사역사거리",
			"gpsX": "127.0955629892",
			"gpsY": "37.6091470123",
			"lastTm": "23:05",
			"posX": "208436.80180388267",
			"posY": "456627.0817654934",
			"routeType": "3",
			"sectSpd": "25",
			"section": "106600353",
			"seq": "11",
			"station": "106000182",
			"stationNm": "신내10단지아파트",
			"stationNo": "07277",
			"transYn": "N",
			"fullSectDist": "169",
			"trnstnid": "122000009"
		},
		{
			"arsId": "07270",
			"beginTm": "04:12",
			"busRouteAbrv": "240",
			"busRouteId": "100100407",
			"busRouteNm": "240",
			"direction": "신사역사거리",
			"gpsX": "127.0976236907",
			"gpsY": "37.6077071928",
			"lastTm": "23:06",
			"posX": "208618.8975331212",
			"posY": "456467.4817491998",
			"routeType": "3",
			"sectSpd": "27",
			"section": "106600337",
			"seq": "12",
			"station": "106000175",
			"stationNm": "동성프라자앞",
			"stationNo": "07270",
			"transYn": "N",
			"fullSectDist": "490",
			"trnstnid": "122000009"
		},
		{
			"arsId": "07304",
			"beginTm": "04:13",
			"busRouteAbrv": "240",
			"busRouteId": "100100407",
			"busRouteNm": "240",
			"direction": "신사역사거리",
			"gpsX": "127.1007499588",
			"gpsY": "37.6061555986",
			"lastTm": "23:09",
			"posX": "208895.0910448218",
			"posY": "456295.5817321222",
			"routeType": "3",
			"sectSpd": "34",
			"section": "106601891",
			"seq": "13",
			"station": "106000209",
			"stationNm": "신내초등학교",
			"stationNo": "07304",
			"transYn": "N",
			"fullSectDist": "550",
			"trnstnid": "122000009"
		},
		{
			"arsId": "07307",
			"beginTm": "04:15",
			"busRouteAbrv": "240",
			"busRouteId": "100100407",
			"busRouteNm": "240",
			"direction": "신사역사거리",
			"gpsX": "127.1003489912",
			"gpsY": "37.6010819221",
			"lastTm": "23:11",
			"posX": "208860.29185721333",
			"posY": "455732.48165764567",
			"routeType": "3",
			"sectSpd": "14",
			"section": "106602727",
			"seq": "14",
			"station": "106000212",
			"stationNm": "능산지하차도",
			"stationNo": "07307",
			"transYn": "N",
			"fullSectDist": "566",
			"trnstnid": "122000009"
		},
		{
			"arsId": "07137",
			"beginTm": "04:16",
			"busRouteAbrv": "240",
			"busRouteId": "100100407",
			"busRouteNm": "240",
			"direction": "신사역사거리",
			"gpsX": "127.0982087045",
			"gpsY": "37.5995257429",
			"lastTm": "23:12",
			"posX": "208671.49629086637",
			"posY": "455559.5816279212",
			"routeType": "3",
			"sectSpd": "49",
			"section": "106602730",
			"seq": "15",
			"station": "106000043",
			"stationNm": "하나은행망우동지점",
			"stationNo": "07137",
			"transYn": "N",
			"fullSectDist": "330",
			"trnstnid": "122000009"
		},
		{
			"arsId": "07135",
			"beginTm": "04:17",
			"busRouteAbrv": "240",
			"busRouteId": "100100407",
			"busRouteNm": "240",
			"direction": "신사역사거리",
			"gpsX": "127.095842",
			"gpsY": "37.599037",
			"lastTm": "23:14",
			"posX": "208462.57959926367",
			"posY": "455505.1264615301",
			"routeType": "3",
			"sectSpd": "27",
			"section": "106601656",
			"seq": "16",
			"station": "106000041",
			"stationNm": "망우지구대",
			"stationNo": "07135",
			"transYn": "N",
			"fullSectDist": "217",
			"trnstnid": "122000009"
		},
		{
			"arsId": "07309",
			"beginTm": "04:19",
			"busRouteAbrv": "240",
			"busRouteId": "100100407",
			"busRouteNm": "240",
			"direction": "신사역사거리",
			"gpsX": "127.092859113",
			"gpsY": "37.5962266864",
			"lastTm": "23:14",
			"posX": "208199.50738504162",
			"posY": "455192.98157418426",
			"routeType": "3",
			"sectSpd": "128",
			"section": "106602592",
			"seq": "17",
			"station": "106000214",
			"stationNm": "상봉터미널",
			"stationNo": "07309",
			"transYn": "N",
			"fullSectDist": "497",
			"trnstnid": "122000009"
		},
		{
			"arsId": "07157",
			"beginTm": "04:21",
			"busRouteAbrv": "240",
			"busRouteId": "100100407",
			"busRouteNm": "240",
			"direction": "신사역사거리",
			"gpsX": "127.0905684056",
			"gpsY": "37.5936531571",
			"lastTm": "23:17",
			"posX": "207997.51212921532",
			"posY": "454907.1815312202",
			"routeType": "3",
			"sectSpd": "35",
			"section": "106600265",
			"seq": "18",
			"station": "106000063",
			"stationNm": "상봉신협",
			"stationNo": "07157",
			"transYn": "N",
			"fullSectDist": "475",
			"trnstnid": "122000009"
		},
		{
			"arsId": "07169",
			"beginTm": "04:23",
			"busRouteAbrv": "240",
			"busRouteId": "100100407",
			"busRouteNm": "240",
			"direction": "신사역사거리",
			"gpsX": "127.0866780454",
			"gpsY": "37.5913024354",
			"lastTm": "23:19",
			"posX": "207654.22018906384",
			"posY": "454645.9814888686",
			"routeType": "3",
			"sectSpd": "158",
			"section": "106602629",
			"seq": "19",
			"station": "106000075",
			"stationNm": "면목초등학교",
			"stationNo": "07169",
			"transYn": "N",
			"fullSectDist": "528",
			"trnstnid": "122000009"
		},
		{
			"arsId": "07170",
			"beginTm": "04:25",
			"busRouteAbrv": "240",
			"busRouteId": "100100407",
			"busRouteNm": "240",
			"direction": "신사역사거리",
			"gpsX": "127.0872405771",
			"gpsY": "37.5891321995",
			"lastTm": "23:21",
			"posX": "207704.1190176603",
			"posY": "454405.181453099",
			"routeType": "3",
			"sectSpd": "18",
			"section": "106600198",
			"seq": "20",
			"station": "106000076",
			"stationNm": "지하철7호선면목역",
			"stationNo": "07170",
			"transYn": "N",
			"fullSectDist": "242",
			"trnstnid": "122000009"
		},
		{
			"arsId": "07173",
			"beginTm": "04:26",
			"busRouteAbrv": "240",
			"busRouteId": "100100407",
			"busRouteNm": "240",
			"direction": "신사역사거리",
			"gpsX": "127.0880980871",
			"gpsY": "37.5865148002",
			"lastTm": "23:21",
			"posX": "207780.11723286402",
			"posY": "454114.78141855355",
			"routeType": "3",
			"sectSpd": "27",
			"section": "106600200",
			"seq": "21",
			"station": "106000079",
			"stationNm": "면목본동주민센터.면목정보도서관",
			"stationNo": "07173",
			"transYn": "N",
			"fullSectDist": "305",
			"trnstnid": "122000009"
		},
		{
			"arsId": "07175",
			"beginTm": "04:28",
			"busRouteAbrv": "240",
			"busRouteId": "100100407",
			"busRouteNm": "240",
			"direction": "신사역사거리",
			"gpsX": "127.0883599559",
			"gpsY": "37.5848547979",
			"lastTm": "23:23",
			"posX": "207803.41668274763",
			"posY": "453930.58138995105",
			"routeType": "3",
			"sectSpd": "9",
			"section": "106600201",
			"seq": "22",
			"station": "106000081",
			"stationNm": "면동초등학교",
			"stationNo": "07175",
			"transYn": "N",
			"fullSectDist": "187",
			"trnstnid": "122000009"
		},
		{
			"arsId": "07177",
			"beginTm": "04:29",
			"busRouteAbrv": "240",
			"busRouteId": "100100407",
			"busRouteNm": "240",
			"direction": "신사역사거리",
			"gpsX": "127.0883530761",
			"gpsY": "37.5827903906",
			"lastTm": "23:24",
			"posX": "207803.02458172778",
			"posY": "453701.47956592217",
			"routeType": "3",
			"sectSpd": "20",
			"section": "106602941",
			"seq": "23",
			"station": "106000083",
			"stationNm": "면목우체국.녹색병원",
			"stationNo": "07177",
			"transYn": "N",
			"fullSectDist": "230",
			"trnstnid": "122000009"
		},
		{
			"arsId": "07179",
			"beginTm": "04:30",
			"busRouteAbrv": "240",
			"busRouteId": "100100407",
			"busRouteNm": "240",
			"direction": "신사역사거리",
			"gpsX": "127.0884337896",
			"gpsY": "37.5812242521",
			"lastTm": "23:25",
			"posX": "207810.31652301512",
			"posY": "453527.6813356499",
			"routeType": "3",
			"sectSpd": "9",
			"section": "106602943",
			"seq": "24",
			"station": "106000085",
			"stationNm": "지하철7호선사가정역",
			"stationNo": "07179",
			"transYn": "N",
			"fullSectDist": "185",
			"trnstnid": "122000009"
		},
		{
			"arsId": "07180",
			"beginTm": "04:31",
			"busRouteAbrv": "240",
			"busRouteId": "100100407",
			"busRouteNm": "240",
			"direction": "신사역사거리",
			"gpsX": "127.0876506935",
			"gpsY": "37.5796470274",
			"lastTm": "23:25",
			"posX": "207741.31814908178",
			"posY": "453352.581319232",
			"routeType": "3",
			"sectSpd": "28",
			"section": "106600303",
			"seq": "25",
			"station": "106000086",
			"stationNm": "면목시장",
			"stationNo": "07180",
			"transYn": "N",
			"fullSectDist": "196",
			"trnstnid": "122000009"
		},
		{
			"arsId": "07182",
			"beginTm": "04:33",
			"busRouteAbrv": "240",
			"busRouteId": "100100407",
			"busRouteNm": "240",
			"direction": "신사역사거리",
			"gpsX": "127.085932",
			"gpsY": "37.5783",
			"lastTm": "23:27",
			"posX": "207589.65966874379",
			"posY": "453202.95246419916",
			"routeType": "3",
			"sectSpd": "13",
			"section": "106600304",
			"seq": "26",
			"station": "106000088",
			"stationNm": "면남초등학교",
			"stationNo": "07182",
			"transYn": "N",
			"fullSectDist": "218",
			"trnstnid": "122000009"
		},
		{
			"arsId": "07184",
			"beginTm": "04:34",
			"busRouteAbrv": "240",
			"busRouteId": "100100407",
			"busRouteNm": "240",
			"direction": "신사역사거리",
			"gpsX": "127.08574",
			"gpsY": "37.575997",
			"lastTm": "23:28",
			"posX": "207572.93514100427",
			"posY": "452947.3577650008",
			"routeType": "3",
			"sectSpd": "26",
			"section": "106602326",
			"seq": "27",
			"station": "106000090",
			"stationNm": "방약국앞",
			"stationNo": "07184",
			"transYn": "N",
			"fullSectDist": "261",
			"trnstnid": "122000009"
		},
		{
			"arsId": "07186",
			"beginTm": "04:35",
			"busRouteAbrv": "240",
			"busRouteId": "100100407",
			"busRouteNm": "240",
			"direction": "신사역사거리",
			"gpsX": "127.0841787922",
			"gpsY": "37.5731508875",
			"lastTm": "23:29",
			"posX": "207435.32533308194",
			"posY": "452631.3812095444",
			"routeType": "3",
			"sectSpd": "120",
			"section": "106602329",
			"seq": "28",
			"station": "106000092",
			"stationNm": "중곡초등학교",
			"stationNo": "07186",
			"transYn": "N",
			"fullSectDist": "347",
			"trnstnid": "122000009"
		},
		{
			"arsId": "05129",
			"beginTm": "04:36",
			"busRouteAbrv": "240",
			"busRouteId": "100100407",
			"busRouteNm": "240",
			"direction": "신사역사거리",
			"gpsX": "127.0831369585",
			"gpsY": "37.5706350167",
			"lastTm": "23:30",
			"posX": "207343.5494986807",
			"posY": "452352.0966388937",
			"routeType": "3",
			"sectSpd": "69",
			"section": "106600368",
			"seq": "29",
			"station": "104000036",
			"stationNm": "면곡시장앞",
			"stationNo": "05129",
			"transYn": "N",
			"fullSectDist": "296",
			"trnstnid": "122000009"
		},
		{
			"arsId": "05128",
			"beginTm": "04:38",
			"busRouteAbrv": "240",
			"busRouteId": "100100407",
			"busRouteNm": "240",
			"direction": "신사역사거리",
			"gpsX": "127.0826418853",
			"gpsY": "37.5684915275",
			"lastTm": "23:31",
			"posX": "207300.02851142126",
			"posY": "452114.18114128103",
			"routeType": "3",
			"sectSpd": "17",
			"section": "104600070",
			"seq": "30",
			"station": "104000035",
			"stationNm": "중곡3동주민센터앞",
			"stationNo": "05128",
			"transYn": "N",
			"fullSectDist": "247",
			"trnstnid": "122000009"
		},
		{
			"arsId": "05126",
			"beginTm": "04:39",
			"busRouteAbrv": "240",
			"busRouteId": "100100407",
			"busRouteNm": "240",
			"direction": "신사역사거리",
			"gpsX": "127.0817412475",
			"gpsY": "37.5668530679",
			"lastTm": "23:32",
			"posX": "207220.63037411234",
			"posY": "451932.28111065226",
			"routeType": "3",
			"sectSpd": "13",
			"section": "104600071",
			"seq": "31",
			"station": "104000033",
			"stationNm": "중곡역입구",
			"stationNo": "05126",
			"transYn": "N",
			"fullSectDist": "198",
			"trnstnid": "122000009"
		},
		{
			"arsId": "05124",
			"beginTm": "04:39",
			"busRouteAbrv": "240",
			"busRouteId": "100100407",
			"busRouteNm": "240",
			"direction": "신사역사거리",
			"gpsX": "127.0809971715",
			"gpsY": "37.5654974368",
			"lastTm": "23:34",
			"posX": "207155.031918825",
			"posY": "451781.78109678533",
			"routeType": "3",
			"sectSpd": "13",
			"section": "104600072",
			"seq": "32",
			"station": "104000031",
			"stationNm": "중마초등학교.중곡제일골목시장앞",
			"stationNo": "05124",
			"transYn": "N",
			"fullSectDist": "164",
			"trnstnid": "122000009"
		},
		{
			"arsId": "05108",
			"beginTm": "04:40",
			"busRouteAbrv": "240",
			"busRouteId": "100100407",
			"busRouteNm": "240",
			"direction": "신사역사거리",
			"gpsX": "127.0794160978",
			"gpsY": "37.5626150143",
			"lastTm": "23:34",
			"posX": "207015.63519541244",
			"posY": "451461.7810497037",
			"routeType": "3",
			"sectSpd": "40",
			"section": "104601162",
			"seq": "33",
			"station": "104000015",
			"stationNm": "중곡1동사거리",
			"stationNo": "05108",
			"transYn": "N",
			"fullSectDist": "349",
			"trnstnid": "122000009"
		},
		{
			"arsId": "05106",
			"beginTm": "04:41",
			"busRouteAbrv": "240",
			"busRouteId": "100100407",
			"busRouteNm": "240",
			"direction": "신사역사거리",
			"gpsX": "127.0784951984",
			"gpsY": "37.5609495091",
			"lastTm": "23:36",
			"posX": "206934.43710069504",
			"posY": "451276.8810216659",
			"routeType": "3",
			"sectSpd": "15",
			"section": "104600335",
			"seq": "34",
			"station": "104000013",
			"stationNm": "중곡1동주민센터입구",
			"stationNo": "05106",
			"transYn": "N",
			"fullSectDist": "202",
			"trnstnid": "122000009"
		},
		{
			"arsId": "05103",
			"beginTm": "04:42",
			"busRouteAbrv": "240",
			"busRouteId": "100100407",
			"busRouteNm": "240",
			"direction": "신사역사거리",
			"gpsX": "127.0775414391",
			"gpsY": "37.5592110293",
			"lastTm": "23:37",
			"posX": "206850.33907936764",
			"posY": "451083.8809984671",
			"routeType": "3",
			"sectSpd": "9",
			"section": "104600336",
			"seq": "35",
			"station": "104000010",
			"stationNm": "메리놀외방선교회",
			"stationNo": "05103",
			"transYn": "N",
			"fullSectDist": "211",
			"trnstnid": "122000009"
		},
		{
			"arsId": "05238",
			"beginTm": "04:42",
			"busRouteAbrv": "240",
			"busRouteId": "100100407",
			"busRouteNm": "240",
			"direction": "신사역사거리",
			"gpsX": "127.0767090775",
			"gpsY": "37.5577085489",
			"lastTm": "23:38",
			"posX": "206776.94080020548",
			"posY": "450917.08096764656",
			"routeType": "3",
			"sectSpd": "184",
			"section": "104600338",
			"seq": "36",
			"station": "104000145",
			"stationNm": "KEB.하나은행.군자동.지점",
			"stationNo": "05238",
			"transYn": "N",
			"fullSectDist": "183",
			"trnstnid": "122000009"
		},
		{
			"arsId": "05241",
			"beginTm": "04:44",
			"busRouteAbrv": "240",
			"busRouteId": "100100407",
			"busRouteNm": "240",
			"direction": "신사역사거리",
			"gpsX": "127.0752869423",
			"gpsY": "37.5549755455",
			"lastTm": "23:39",
			"posX": "206651.54374220478",
			"posY": "450613.68093270995",
			"routeType": "3",
			"sectSpd": "27",
			"section": "104602038",
			"seq": "37",
			"station": "104000148",
			"stationNm": "군자삼거리",
			"stationNo": "05241",
			"transYn": "N",
			"fullSectDist": "329",
			"trnstnid": "122000009"
		},
		{
			"arsId": "05243",
			"beginTm": "04:45",
			"busRouteAbrv": "240",
			"busRouteId": "100100407",
			"busRouteNm": "240",
			"direction": "신사역사거리",
			"gpsX": "127.073240182",
			"gpsY": "37.5534260496",
			"lastTm": "23:40",
			"posX": "206470.84798948435",
			"posY": "450441.58090185747",
			"routeType": "3",
			"sectSpd": "8",
			"section": "104600341",
			"seq": "38",
			"station": "104000150",
			"stationNm": "세종초등학교.세종사이버대학교앞",
			"stationNo": "05243",
			"transYn": "N",
			"fullSectDist": "268",
			"trnstnid": "122000009"
		},
		{
			"arsId": "05246",
			"beginTm": "04:45",
			"busRouteAbrv": "240",
			"busRouteId": "100100407",
			"busRouteNm": "240",
			"direction": "신사역사거리",
			"gpsX": "127.0710877554",
			"gpsY": "37.5513566499",
			"lastTm": "23:41",
			"posX": "206280.85245197229",
			"posY": "450211.780869266",
			"routeType": "3",
			"sectSpd": "6",
			"section": "104600342",
			"seq": "39",
			"station": "104000153",
			"stationNm": "군자새마을금고앞",
			"stationNo": "05246",
			"transYn": "N",
			"fullSectDist": "313",
			"trnstnid": "122000009"
		},
		{
			"arsId": "05248",
			"beginTm": "04:46",
			"busRouteAbrv": "240",
			"busRouteId": "100100407",
			"busRouteNm": "240",
			"direction": "신사역사거리",
			"gpsX": "127.0705211932",
			"gpsY": "37.5487613545",
			"lastTm": "23:44",
			"posX": "206231.01074317726",
			"posY": "449923.7273469218",
			"routeType": "3",
			"sectSpd": "6",
			"section": "104600343",
			"seq": "40",
			"station": "104000155",
			"stationNm": "장안초등학교",
			"stationNo": "05248",
			"transYn": "N",
			"fullSectDist": "294",
			"trnstnid": "122000009"
		},
		{
			"arsId": "05226",
			"beginTm": "04:48",
			"busRouteAbrv": "240",
			"busRouteId": "100100407",
			"busRouteNm": "240",
			"direction": "신사역사거리",
			"gpsX": "127.0715209148",
			"gpsY": "37.5477151717",
			"lastTm": "23:45",
			"posX": "206319.43105079237",
			"posY": "449807.6927998639",
			"routeType": "3",
			"sectSpd": "51",
			"section": "104600345",
			"seq": "41",
			"station": "104000133",
			"stationNm": "광진광장",
			"stationNo": "05226",
			"transYn": "N",
			"fullSectDist": "148",
			"trnstnid": "122000009"
		},
		{
			"arsId": "05227",
			"beginTm": "04:48",
			"busRouteAbrv": "240",
			"busRouteId": "100100407",
			"busRouteNm": "240",
			"direction": "신사역사거리",
			"gpsX": "127.0736284938",
			"gpsY": "37.5466216409",
			"lastTm": "23:46",
			"posX": "206505.74717139886",
			"posY": "449686.48079963494",
			"routeType": "3",
			"sectSpd": "36",
			"section": "104600317",
			"seq": "42",
			"station": "104000134",
			"stationNm": "어린이대공원역.화양천주교회",
			"stationNo": "05227",
			"transYn": "N",
			"fullSectDist": "370",
			"trnstnid": "122000009"
		},
		{
			"arsId": "05228",
			"beginTm": "04:49",
			"busRouteAbrv": "240",
			"busRouteId": "100100407",
			"busRouteNm": "240",
			"direction": "신사역사거리",
			"gpsX": "127.072222",
			"gpsY": "37.543765",
			"lastTm": "23:47",
			"posX": "206381.71415283432",
			"posY": "449369.3657325832",
			"routeType": "3",
			"sectSpd": "16",
			"section": "104600318",
			"seq": "43",
			"station": "104000135",
			"stationNm": "한아름공원",
			"stationNo": "05228",
			"transYn": "N",
			"fullSectDist": "337",
			"trnstnid": "122000009"
		},
		{
			"arsId": "05229",
			"beginTm": "04:51",
			"busRouteAbrv": "240",
			"busRouteId": "100100407",
			"busRouteNm": "240",
			"direction": "신사역사거리",
			"gpsX": "127.07095",
			"gpsY": "37.540929",
			"lastTm": "23:49",
			"posX": "206269.55456542823",
			"posY": "449054.55228542536",
			"routeType": "3",
			"sectSpd": "7",
			"section": "104600319",
			"seq": "44",
			"station": "104000136",
			"stationNm": "건대입구역사거리.건대병원",
			"stationNo": "05229",
			"transYn": "N",
			"fullSectDist": "333",
			"trnstnid": "122000009"
		},
		{
			"arsId": "05218",
			"beginTm": "04:51",
			"busRouteAbrv": "240",
			"busRouteId": "100100407",
			"busRouteNm": "240",
			"direction": "신사역사거리",
			"gpsX": "127.0699257583",
			"gpsY": "37.538919286",
			"lastTm": "23:50",
			"posX": "206179.21245604337",
			"posY": "448831.4546027719",
			"routeType": "3",
			"sectSpd": "33",
			"section": "104600321",
			"seq": "45",
			"station": "104000125",
			"stationNm": "건대로데오거리입구",
			"stationNo": "05218",
			"transYn": "N",
			"fullSectDist": "248",
			"trnstnid": "122000009"
		},
		{
			"arsId": "05214",
			"beginTm": "04:53",
			"busRouteAbrv": "240",
			"busRouteId": "100100407",
			"busRouteNm": "240",
			"direction": "신사역사거리",
			"gpsX": "127.068967",
			"gpsY": "37.536419",
			"lastTm": "23:53",
			"posX": "206094.69221340533",
			"posY": "448553.92057176586",
			"routeType": "3",
			"sectSpd": "42",
			"section": "104601947",
			"seq": "46",
			"station": "104000121",
			"stationNm": "대동아파트앞",
			"stationNo": "05214",
			"transYn": "N",
			"fullSectDist": "290",
			"trnstnid": "122000009"
		},
		{
			"arsId": "05215",
			"beginTm": "04:53",
			"busRouteAbrv": "240",
			"busRouteId": "100100407",
			"busRouteNm": "240",
			"direction": "신사역사거리",
			"gpsX": "127.0673127049",
			"gpsY": "37.5356635743",
			"lastTm": "23:54",
			"posX": "205948.56026426403",
			"posY": "448469.9806295093",
			"routeType": "3",
			"sectSpd": "24",
			"section": "104600348",
			"seq": "47",
			"station": "104000122",
			"stationNm": "국민은행신자양지점",
			"stationNo": "05215",
			"transYn": "N",
			"fullSectDist": "240",
			"trnstnid": "122000009"
		},
		{
			"arsId": "05219",
			"beginTm": "04:54",
			"busRouteAbrv": "240",
			"busRouteId": "100100407",
			"busRouteNm": "240",
			"direction": "신사역사거리",
			"gpsX": "127.0629447386",
			"gpsY": "37.5368058708",
			"lastTm": "23:56",
			"posX": "205562.46932959254",
			"posY": "448596.4806368379",
			"routeType": "3",
			"sectSpd": "14",
			"section": "104600349",
			"seq": "48",
			"station": "104000126",
			"stationNm": "노룬산시장앞",
			"stationNo": "05219",
			"transYn": "N",
			"fullSectDist": "405",
			"trnstnid": "122000009"
		},
		{
			"arsId": "04189",
			"beginTm": "04:56",
			"busRouteAbrv": "240",
			"busRouteId": "100100407",
			"busRouteNm": "240",
			"direction": "신사역사거리",
			"gpsX": "127.0606419633",
			"gpsY": "37.5367692297",
			"lastTm": "23:57",
			"posX": "205358.97411334392",
			"posY": "448592.2806410752",
			"routeType": "3",
			"sectSpd": "7",
			"section": "104600484",
			"seq": "49",
			"station": "103000090",
			"stationNm": "영동대교북단",
			"stationNo": "04189",
			"transYn": "N",
			"fullSectDist": "168",
			"trnstnid": "122000009"
		},
		{
			"arsId": "23166",
			"beginTm": "04:57",
			"busRouteAbrv": "240",
			"busRouteId": "100100407",
			"busRouteNm": "240",
			"direction": "신사역사거리",
			"gpsX": "127.0494314367",
			"gpsY": "37.5246709071",
			"lastTm": "23:58",
			"posX": "204368.99736307736",
			"posY": "447249.08044337295",
			"routeType": "3",
			"sectSpd": "32",
			"section": "122606192",
			"seq": "50",
			"station": "122000064",
			"stationNm": "프리마호텔",
			"stationNo": "23166",
			"transYn": "N",
			"fullSectDist": "1859",
			"trnstnid": "122000009"
		},
		{
			"arsId": "23165",
			"beginTm": "05:00",
			"busRouteAbrv": "240",
			"busRouteId": "100100407",
			"busRouteNm": "240",
			"direction": "신사역사거리",
			"gpsX": "127.045122136",
			"gpsY": "37.5268028293",
			"lastTm": "00:02",
			"posX": "203988.00631905338",
			"posY": "447485.4804750546",
			"routeType": "3",
			"sectSpd": "26",
			"section": "122606194",
			"seq": "51",
			"station": "122000063",
			"stationNm": "청담초등학교",
			"stationNo": "23165",
			"transYn": "N",
			"fullSectDist": "547",
			"trnstnid": "122000009"
		},
		{
			"arsId": "23158",
			"beginTm": "05:03",
			"busRouteAbrv": "240",
			"busRouteId": "100100407",
			"busRouteNm": "240",
			"direction": "신사역사거리",
			"gpsX": "127.0395789565",
			"gpsY": "37.5282700029",
			"lastTm": "00:04",
			"posX": "203498.01782756732",
			"posY": "447648.0804860075",
			"routeType": "3",
			"sectSpd": "44",
			"section": "122600043",
			"seq": "52",
			"station": "122000056",
			"stationNm": "한양아파트.압구정로데오역",
			"stationNo": "23158",
			"transYn": "N",
			"fullSectDist": "520",
			"trnstnid": "122000009"
		},
		{
			"arsId": "23156",
			"beginTm": "05:04",
			"busRouteAbrv": "240",
			"busRouteId": "100100407",
			"busRouteNm": "240",
			"direction": "신사역사거리",
			"gpsX": "127.0365866714",
			"gpsY": "37.529043209",
			"lastTm": "00:07",
			"posX": "203233.5240407162",
			"posY": "447733.78050145274",
			"routeType": "3",
			"sectSpd": "19",
			"section": "122606196",
			"seq": "53",
			"station": "122000054",
			"stationNm": "압구정파출소",
			"stationNo": "23156",
			"transYn": "N",
			"fullSectDist": "287",
			"trnstnid": "122000009"
		},
		{
			"arsId": "23148",
			"beginTm": "05:05",
			"busRouteAbrv": "240",
			"busRouteId": "100100407",
			"busRouteNm": "240",
			"direction": "신사역사거리",
			"gpsX": "127.030580671",
			"gpsY": "37.5284384777",
			"lastTm": "00:08",
			"posX": "202702.73651222084",
			"posY": "447666.4804894314",
			"routeType": "3",
			"sectSpd": "71",
			"section": "122606198",
			"seq": "54",
			"station": "122000048",
			"stationNm": "현대아파트",
			"stationNo": "23148",
			"transYn": "N",
			"fullSectDist": "548",
			"trnstnid": "122000009"
		},
		{
			"arsId": "23105",
			"beginTm": "05:07",
			"busRouteAbrv": "240",
			"busRouteId": "100100407",
			"busRouteNm": "240",
			"direction": "신사역사거리",
			"gpsX": "127.0282580859",
			"gpsY": "37.5261538704",
			"lastTm": "00:11",
			"posX": "202497.54133014154",
			"posY": "447412.8804436396",
			"routeType": "3",
			"sectSpd": "25",
			"section": "122600667",
			"seq": "55",
			"station": "122000005",
			"stationNm": "압구정역4번출구",
			"stationNo": "23105",
			"transYn": "N",
			"fullSectDist": "359",
			"trnstnid": "122000009"
		},
		{
			"arsId": "23106",
			"beginTm": "05:10",
			"busRouteAbrv": "240",
			"busRouteId": "100100407",
			"busRouteNm": "240",
			"direction": "신사역사거리",
			"gpsX": "127.028118907",
			"gpsY": "37.5230982773",
			"lastTm": "00:13",
			"posX": "202485.34161447213",
			"posY": "447073.78039871017",
			"routeType": "3",
			"sectSpd": "19",
			"section": "122606304",
			"seq": "56",
			"station": "122000006",
			"stationNm": "국민은행",
			"stationNo": "23106",
			"transYn": "N",
			"fullSectDist": "343",
			"trnstnid": "122000009"
		},
		{
			"arsId": "23113",
			"beginTm": "05:10",
			"busRouteAbrv": "240",
			"busRouteId": "100100407",
			"busRouteNm": "240",
			"direction": "신사역사거리",
			"gpsX": "127.0284882026",
			"gpsY": "37.5183863397",
			"lastTm": "00:14",
			"posX": "202518.14084444102",
			"posY": "446550.88033581804",
			"routeType": "3",
			"sectSpd": "36",
			"section": "122606309",
			"seq": "57",
			"station": "122000013",
			"stationNm": "강남을지병원",
			"stationNo": "23113",
			"transYn": "N",
			"fullSectDist": "533",
			"trnstnid": "122000009"
		},
		{
			"arsId": "23114",
			"beginTm": "05:14",
			"busRouteAbrv": "240",
			"busRouteId": "100100407",
			"busRouteNm": "240",
			"direction": "신사역사거리",
			"gpsX": "127.0301678528",
			"gpsY": "37.5147842255",
			"lastTm": "00:16",
			"posX": "202666.73735648507",
			"posY": "446151.1802809746",
			"routeType": "3",
			"sectSpd": "22",
			"section": "122606311",
			"seq": "58",
			"station": "122000014",
			"stationNm": "학동역",
			"stationNo": "23114",
			"transYn": "N",
			"fullSectDist": "427",
			"trnstnid": "122000009"
		},
		{
			"arsId": "23115",
			"beginTm": "05:16",
			"busRouteAbrv": "240",
			"busRouteId": "100100407",
			"busRouteNm": "240",
			"direction": "신사역사거리",
			"gpsX": "127.0296697218",
			"gpsY": "37.5138084599",
			"lastTm": "00:17",
			"posX": "202622.7383876052",
			"posY": "446042.88026898913",
			"routeType": "3",
			"sectSpd": "113",
			"section": "122601489",
			"seq": "59",
			"station": "122000015",
			"stationNm": "논현동사거리.학동역",
			"stationNo": "23115",
			"transYn": "N",
			"fullSectDist": "199",
			"trnstnid": "122000009"
		},
		{
			"arsId": "23116",
			"beginTm": "05:16",
			"busRouteAbrv": "240",
			"busRouteId": "100100407",
			"busRouteNm": "240",
			"direction": "신사역사거리",
			"gpsX": "127.0234688746",
			"gpsY": "37.5118508617",
			"lastTm": "00:17",
			"posX": "202074.65126284162",
			"posY": "445825.4802314243",
			"routeType": "3",
			"sectSpd": "48",
			"section": "122606367",
			"seq": "60",
			"station": "122000016",
			"stationNm": "영동시장",
			"stationNo": "23116",
			"transYn": "N",
			"fullSectDist": "590",
			"trnstnid": "122000009"
		},
		{
			"arsId": "23110",
			"beginTm": "05:17",
			"busRouteAbrv": "240",
			"busRouteId": "100100407",
			"busRouteNm": "240",
			"direction": "신사역사거리",
			"gpsX": "127.0201537084",
			"gpsY": "37.5150099842",
			"lastTm": "00:19",
			"posX": "201781.5150835474",
			"posY": "446175.9972273945",
			"routeType": "3",
			"sectSpd": "7",
			"section": "121608149",
			"seq": "61",
			"station": "122000010",
			"stationNm": "신사역3번출구",
			"stationNo": "23110",
			"transYn": "N",
			"fullSectDist": "633",
			"trnstnid": "122000009"
		},
		{
			"arsId": "23109",
			"beginTm": "05:21",
			"busRouteAbrv": "240",
			"busRouteId": "100100407",
			"busRouteNm": "240",
			"direction": "신사역사거리",
			"gpsX": "127.019435",
			"gpsY": "37.517422",
			"lastTm": "00:22",
			"posX": "201717.92855936708",
			"posY": "446443.6584405508",
			"routeType": "3",
			"sectSpd": "33",
			"section": "121608179",
			"seq": "62",
			"station": "122000009",
			"stationNm": "신사역6번출구",
			"stationNo": "23109",
			"transYn": "Y",
			"fullSectDist": "310",
			"trnstnid": "122000009"
		},
		{
			"arsId": "23101",
			"beginTm": "05:22",
			"busRouteAbrv": "240",
			"busRouteId": "100100407",
			"busRouteNm": "240",
			"direction": "중랑공영차고지",
			"gpsX": "127.0204991277",
			"gpsY": "37.5229277357",
			"lastTm": "00:23",
			"posX": "201811.85744009158",
			"posY": "447054.6804028596",
			"routeType": "3",
			"sectSpd": "47",
			"section": "122600532",
			"seq": "63",
			"station": "122000001",
			"stationNm": "신사중학교",
			"stationNo": "23101",
			"transYn": "N",
			"fullSectDist": "691",
			"trnstnid": "122000009"
		},
		{
			"arsId": "23103",
			"beginTm": "05:25",
			"busRouteAbrv": "240",
			"busRouteId": "100100407",
			"busRouteNm": "240",
			"direction": "중랑공영차고지",
			"gpsX": "127.0252663803",
			"gpsY": "37.5253868122",
			"lastTm": "00:25",
			"posX": "202233.14754214828",
			"posY": "447327.6804328761",
			"routeType": "3",
			"sectSpd": "32",
			"section": "122606145",
			"seq": "64",
			"station": "122000003",
			"stationNm": "광림교회.현대고등학교",
			"stationNo": "23103",
			"transYn": "N",
			"fullSectDist": "503",
			"trnstnid": "122000009"
		},
		{
			"arsId": "23149",
			"beginTm": "05:27",
			"busRouteAbrv": "240",
			"busRouteId": "100100407",
			"busRouteNm": "240",
			"direction": "중랑공영차고지",
			"gpsX": "127.0311225746",
			"gpsY": "37.5282986659",
			"lastTm": "00:28",
			"posX": "202750.63538553394",
			"posY": "447650.98048688984",
			"routeType": "3",
			"sectSpd": "39",
			"section": "122605909",
			"seq": "65",
			"station": "122000049",
			"stationNm": "현대아파트",
			"stationNo": "23149",
			"transYn": "N",
			"fullSectDist": "620",
			"trnstnid": "122000009"
		},
		{
			"arsId": "23157",
			"beginTm": "05:31",
			"busRouteAbrv": "240",
			"busRouteId": "100100407",
			"busRouteNm": "240",
			"direction": "중랑공영차고지",
			"gpsX": "127.0360581401",
			"gpsY": "37.5287469102",
			"lastTm": "00:31",
			"posX": "203186.82513523672",
			"posY": "447700.8804931827",
			"routeType": "3",
			"sectSpd": "46",
			"section": "122606147",
			"seq": "66",
			"station": "122000055",
			"stationNm": "압구정파출소",
			"stationNo": "23157",
			"transYn": "N",
			"fullSectDist": "477",
			"trnstnid": "122000009"
		},
		{
			"arsId": "23159",
			"beginTm": "05:34",
			"busRouteAbrv": "240",
			"busRouteId": "100100407",
			"busRouteNm": "240",
			"direction": "중랑공영차고지",
			"gpsX": "127.0392574486",
			"gpsY": "37.527929495",
			"lastTm": "00:33",
			"posX": "203469.61848938538",
			"posY": "447610.2804768393",
			"routeType": "3",
			"sectSpd": "48",
			"section": "122605918",
			"seq": "67",
			"station": "122000057",
			"stationNm": "한양아파트.압구정로데오역",
			"stationNo": "23159",
			"transYn": "N",
			"fullSectDist": "302",
			"trnstnid": "122000009"
		},
		{
			"arsId": "23182",
			"beginTm": "05:36",
			"busRouteAbrv": "240",
			"busRouteId": "100100407",
			"busRouteNm": "240",
			"direction": "중랑공영차고지",
			"gpsX": "127.045085725",
			"gpsY": "37.5264613268",
			"lastTm": "00:35",
			"posX": "203984.80639029032",
			"posY": "447447.5804633051",
			"routeType": "3",
			"sectSpd": "42",
			"section": "122606149",
			"seq": "68",
			"station": "122000079",
			"stationNm": "청담초등학교앞",
			"stationNo": "23182",
			"transYn": "N",
			"fullSectDist": "542",
			"trnstnid": "122000009"
		},
		{
			"arsId": "23167",
			"beginTm": "05:37",
			"busRouteAbrv": "240",
			"busRouteId": "100100407",
			"busRouteNm": "240",
			"direction": "중랑공영차고지",
			"gpsX": "127.0514609787",
			"gpsY": "37.5244285458",
			"lastTm": "00:37",
			"posX": "204548.39315259038",
			"posY": "447222.28044425277",
			"routeType": "3",
			"sectSpd": "60",
			"section": "122605925",
			"seq": "69",
			"station": "122000065",
			"stationNm": "프리마호텔",
			"stationNo": "23167",
			"transYn": "N",
			"fullSectDist": "696",
			"trnstnid": "122000009"
		},
		{
			"arsId": "05220",
			"beginTm": "05:39",
			"busRouteAbrv": "240",
			"busRouteId": "100100407",
			"busRouteNm": "240",
			"direction": "중랑공영차고지",
			"gpsX": "127.061162321",
			"gpsY": "37.5365680167",
			"lastTm": "00:40",
			"posX": "205404.97302706403",
			"posY": "448569.9806346274",
			"routeType": "3",
			"sectSpd": "14",
			"section": "104600449",
			"seq": "70",
			"station": "104000127",
			"stationNm": "영동대교북단",
			"stationNo": "05220",
			"transYn": "N",
			"fullSectDist": "1687",
			"trnstnid": "122000009"
		},
		{
			"arsId": "05221",
			"beginTm": "05:42",
			"busRouteAbrv": "240",
			"busRouteId": "100100407",
			"busRouteNm": "240",
			"direction": "중랑공영차고지",
			"gpsX": "127.0628993085",
			"gpsY": "37.5366067526",
			"lastTm": "00:43",
			"posX": "205558.46942060028",
			"posY": "448574.3806356704",
			"routeType": "3",
			"sectSpd": "46",
			"section": "104600358",
			"seq": "71",
			"station": "104000128",
			"stationNm": "노룬산시장앞",
			"stationNo": "05221",
			"transYn": "N",
			"fullSectDist": "238",
			"trnstnid": "122000009"
		},
		{
			"arsId": "05200",
			"beginTm": "05:43",
			"busRouteAbrv": "240",
			"busRouteId": "100100407",
			"busRouteNm": "240",
			"direction": "중랑공영차고지",
			"gpsX": "127.066874712",
			"gpsY": "37.5355719112",
			"lastTm": "00:44",
			"posX": "205909.86117257152",
			"posY": "448459.78062444227",
			"routeType": "3",
			"sectSpd": "21",
			"section": "104600359",
			"seq": "72",
			"station": "104000107",
			"stationNm": "국민은행신자양지점",
			"stationNo": "05200",
			"transYn": "N",
			"fullSectDist": "376",
			"trnstnid": "122000009"
		},
		{
			"arsId": "05203",
			"beginTm": "05:44",
			"busRouteAbrv": "240",
			"busRouteId": "100100407",
			"busRouteNm": "240",
			"direction": "중랑공영차고지",
			"gpsX": "127.0690251258",
			"gpsY": "37.5360770905",
			"lastTm": "00:46",
			"posX": "206099.85670794823",
			"posY": "448515.98063886026",
			"routeType": "3",
			"sectSpd": "48",
			"section": "104600324",
			"seq": "73",
			"station": "104000110",
			"stationNm": "뚝도변전소앞",
			"stationNo": "05203",
			"transYn": "N",
			"fullSectDist": "242",
			"trnstnid": "122000009"
		},
		{
			"arsId": "05204",
			"beginTm": "05:47",
			"busRouteAbrv": "240",
			"busRouteId": "100100407",
			"busRouteNm": "240",
			"direction": "중랑공영차고지",
			"gpsX": "127.0701692006",
			"gpsY": "37.5385652456",
			"lastTm": "00:46",
			"posX": "206200.75433209556",
			"posY": "448792.18067210773",
			"routeType": "3",
			"sectSpd": "42",
			"section": "104601939",
			"seq": "74",
			"station": "104000111",
			"stationNm": "광진문화예술회관",
			"stationNo": "05204",
			"transYn": "N",
			"fullSectDist": "298",
			"trnstnid": "122000009"
		},
		{
			"arsId": " ",
			"beginTm": "05:47",
			"busRouteAbrv": "240",
			"busRouteId": "100100407",
			"busRouteNm": "240",
			"direction": "중랑공영차고지",
			"gpsX": "127.0709898289",
			"gpsY": "37.5401911408",
			"lastTm": "00:47",
			"posX": "206273.13589961882",
			"posY": "448972.6703201905",
			"routeType": "3",
			"sectSpd": "9",
			"section": "104602230",
			"seq": "75",
			"station": "104000304",
			"stationNm": "건대입구(가상)",
			"stationNo": "미정차",
			"transYn": "N",
			"fullSectDist": "198",
			"trnstnid": "122000009"
		},
		{
			"arsId": "05232",
			"beginTm": "05:48",
			"busRouteAbrv": "240",
			"busRouteId": "100100407",
			"busRouteNm": "240",
			"direction": "중랑공영차고지",
			"gpsX": "127.071263851",
			"gpsY": "37.5409809431",
			"lastTm": "00:49",
			"posX": "206297.2838996835",
			"posY": "449060.3376928172",
			"routeType": "3",
			"sectSpd": "25",
			"section": "104602231",
			"seq": "76",
			"station": "104000139",
			"stationNm": "건대입구역사거리.건대병원",
			"stationNo": "05232",
			"transYn": "N",
			"fullSectDist": "94",
			"trnstnid": "122000009"
		},
		{
			"arsId": "05234",
			"beginTm": "05:48",
			"busRouteAbrv": "240",
			"busRouteId": "100100407",
			"busRouteNm": "240",
			"direction": "중랑공영차고지",
			"gpsX": "127.0735881785",
			"gpsY": "37.5459043941",
			"lastTm": "00:50",
			"posX": "206502.24724861304",
			"posY": "449606.8807916939",
			"routeType": "3",
			"sectSpd": "20",
			"section": "104600328",
			"seq": "77",
			"station": "104000141",
			"stationNm": "어린이대공원역.화양천주교회",
			"stationNo": "05234",
			"transYn": "N",
			"fullSectDist": "587",
			"trnstnid": "122000009"
		},
		{
			"arsId": "05250",
			"beginTm": "05:50",
			"busRouteAbrv": "240",
			"busRouteId": "100100407",
			"busRouteNm": "240",
			"direction": "중랑공영차고지",
			"gpsX": "127.0713618582",
			"gpsY": "37.5480152246",
			"lastTm": "00:52",
			"posX": "206305.35188134835",
			"posY": "449840.98081577756",
			"routeType": "3",
			"sectSpd": "5",
			"section": "104600363",
			"seq": "78",
			"station": "104000157",
			"stationNm": "광진광장",
			"stationNo": "05250",
			"transYn": "N",
			"fullSectDist": "427",
			"trnstnid": "122000009"
		},
		{
			"arsId": "05247",
			"beginTm": "05:51",
			"busRouteAbrv": "240",
			"busRouteId": "100100407",
			"busRouteNm": "240",
			"direction": "중랑공영차고지",
			"gpsX": "127.070754754",
			"gpsY": "37.5486923124",
			"lastTm": "00:53",
			"posX": "206251.6531435925",
			"posY": "449916.0808294914",
			"routeType": "3",
			"sectSpd": "32",
			"section": "104600365",
			"seq": "79",
			"station": "104000154",
			"stationNm": "장안초등학교",
			"stationNo": "05247",
			"transYn": "N",
			"fullSectDist": "159",
			"trnstnid": "122000009"
		},
		{
			"arsId": "05245",
			"beginTm": "05:52",
			"busRouteAbrv": "240",
			"busRouteId": "100100407",
			"busRouteNm": "240",
			"direction": "중랑공영차고지",
			"gpsX": "127.0713225073",
			"gpsY": "37.5518512093",
			"lastTm": "00:54",
			"posX": "206301.55196757062",
			"posY": "450266.68087844085",
			"routeType": "3",
			"sectSpd": "12",
			"section": "104600366",
			"seq": "80",
			"station": "104000152",
			"stationNm": "군자새마을금고.성동광진위센터",
			"stationNo": "05245",
			"transYn": "N",
			"fullSectDist": "357",
			"trnstnid": "122000009"
		},
		{
			"arsId": "05244",
			"beginTm": "05:54",
			"busRouteAbrv": "240",
			"busRouteId": "100100407",
			"busRouteNm": "240",
			"direction": "중랑공영차고지",
			"gpsX": "127.0742546359",
			"gpsY": "37.5537705351",
			"lastTm": "00:55",
			"posX": "206560.44588500165",
			"posY": "450479.88090482587",
			"routeType": "3",
			"sectSpd": "15",
			"section": "104600367",
			"seq": "81",
			"station": "104000151",
			"stationNm": "세종초교앞",
			"stationNo": "05244",
			"transYn": "N",
			"fullSectDist": "351",
			"trnstnid": "122000009"
		},
		{
			"arsId": "05242",
			"beginTm": "05:55",
			"busRouteAbrv": "240",
			"busRouteId": "100100407",
			"busRouteNm": "240",
			"direction": "중랑공영차고지",
			"gpsX": "127.0753228303",
			"gpsY": "37.5546466232",
			"lastTm": "00:56",
			"posX": "206654.74366992977",
			"posY": "450577.1809209115",
			"routeType": "3",
			"sectSpd": "20",
			"section": "104600369",
			"seq": "82",
			"station": "104000149",
			"stationNm": "군자삼거리",
			"stationNo": "05242",
			"transYn": "N",
			"fullSectDist": "133",
			"trnstnid": "122000009"
		},
		{
			"arsId": "05240",
			"beginTm": "05:56",
			"busRouteAbrv": "240",
			"busRouteId": "100100407",
			"busRouteNm": "240",
			"direction": "중랑공영차고지",
			"gpsX": "127.0760329007",
			"gpsY": "37.5561609072",
			"lastTm": "00:57",
			"posX": "206717.34220039402",
			"posY": "450745.28095063334",
			"routeType": "3",
			"sectSpd": "15",
			"section": "104600370",
			"seq": "83",
			"station": "104000147",
			"stationNm": "능동우편취급국",
			"stationNo": "05240",
			"transYn": "N",
			"fullSectDist": "179",
			"trnstnid": "122000009"
		},
		{
			"arsId": "05239",
			"beginTm": "05:57",
			"busRouteAbrv": "240",
			"busRouteId": "100100407",
			"busRouteNm": "240",
			"direction": "중랑공영차고지",
			"gpsX": "127.0765591034",
			"gpsY": "37.5571562758",
			"lastTm": "00:57",
			"posX": "206763.74110585547",
			"posY": "450855.78095938824",
			"routeType": "3",
			"sectSpd": "14",
			"section": "104600371",
			"seq": "84",
			"station": "104000146",
			"stationNm": "KEB.하나은행.군자동.지점",
			"stationNo": "05239",
			"transYn": "N",
			"fullSectDist": "120",
			"trnstnid": "122000009"
		},
		{
			"arsId": "05104",
			"beginTm": "05:57",
			"busRouteAbrv": "240",
			"busRouteId": "100100407",
			"busRouteNm": "240",
			"direction": "중랑공영차고지",
			"gpsX": "127.0776318627",
			"gpsY": "37.559086619",
			"lastTm": "00:58",
			"posX": "206858.33888801443",
			"posY": "451070.0809980575",
			"routeType": "3",
			"sectSpd": "31",
			"section": "104600373",
			"seq": "85",
			"station": "104000011",
			"stationNm": "메리놀외방선교회",
			"stationNo": "05104",
			"transYn": "N",
			"fullSectDist": "236",
			"trnstnid": "122000009"
		},
		{
			"arsId": "05105",
			"beginTm": "05:58",
			"busRouteAbrv": "240",
			"busRouteId": "100100407",
			"busRouteNm": "240",
			"direction": "중랑공영차고지",
			"gpsX": "127.0782794172",
			"gpsY": "37.5602675248",
			"lastTm": "00:59",
			"posX": "206915.43755093194",
			"posY": "451201.18101139413",
			"routeType": "3",
			"sectSpd": "13",
			"section": "104600374",
			"seq": "86",
			"station": "104000012",
			"stationNm": "중곡1동주민센터입구",
			"stationNo": "05105",
			"transYn": "N",
			"fullSectDist": "144",
			"trnstnid": "122000009"
		},
		{
			"arsId": "05107",
			"beginTm": "05:58",
			"busRouteAbrv": "240",
			"busRouteId": "100100407",
			"busRouteNm": "240",
			"direction": "중랑공영차고지",
			"gpsX": "127.0794725244",
			"gpsY": "37.5624536807",
			"lastTm": "00:59",
			"posX": "207020.63507415153",
			"posY": "451443.8810471273",
			"routeType": "3",
			"sectSpd": "18",
			"section": "104600375",
			"seq": "87",
			"station": "104000014",
			"stationNm": "중곡1동사거리",
			"stationNo": "05107",
			"transYn": "N",
			"fullSectDist": "266",
			"trnstnid": "122000009"
		},
		{
			"arsId": "05109",
			"beginTm": "05:59",
			"busRouteAbrv": "240",
			"busRouteId": "100100407",
			"busRouteNm": "240",
			"direction": "중랑공영차고지",
			"gpsX": "127.0809934682",
			"gpsY": "37.5652135952",
			"lastTm": "01:00",
			"posX": "207154.73192890343",
			"posY": "451750.2810911201",
			"routeType": "3",
			"sectSpd": "28",
			"section": "104602042",
			"seq": "88",
			"station": "104000016",
			"stationNm": "중마초등학교.중곡제일골목시장앞",
			"stationNo": "05109",
			"transYn": "N",
			"fullSectDist": "336",
			"trnstnid": "122000009"
		},
		{
			"arsId": "05125",
			"beginTm": "06:01",
			"busRouteAbrv": "240",
			"busRouteId": "100100407",
			"busRouteNm": "240",
			"direction": "중랑공영차고지",
			"gpsX": "127.0816150335",
			"gpsY": "37.5663404337",
			"lastTm": "01:03",
			"posX": "207209.53064004047",
			"posY": "451875.3811016232",
			"routeType": "3",
			"sectSpd": "21",
			"section": "104600378",
			"seq": "89",
			"station": "104000032",
			"stationNm": "중곡역입구",
			"stationNo": "05125",
			"transYn": "N",
			"fullSectDist": "133",
			"trnstnid": "122000009"
		},
		{
			"arsId": "05127",
			"beginTm": "06:02",
			"busRouteAbrv": "240",
			"busRouteId": "100100407",
			"busRouteNm": "240",
			"direction": "중랑공영차고지",
			"gpsX": "127.0828854345",
			"gpsY": "37.5686346304",
			"lastTm": "01:03",
			"posX": "207321.52800641517",
			"posY": "452130.08114465745",
			"routeType": "3",
			"sectSpd": "18",
			"section": "104600379",
			"seq": "90",
			"station": "104000034",
			"stationNm": "중곡3동주민센터앞",
			"stationNo": "05127",
			"transYn": "N",
			"fullSectDist": "274",
			"trnstnid": "122000009"
		},
		{
			"arsId": "05130",
			"beginTm": "06:03",
			"busRouteAbrv": "240",
			"busRouteId": "100100407",
			"busRouteNm": "240",
			"direction": "중랑공영차고지",
			"gpsX": "127.0834177497",
			"gpsY": "37.5708896882",
			"lastTm": "01:04",
			"posX": "207368.32690908347",
			"posY": "452380.3811765765",
			"routeType": "3",
			"sectSpd": "15",
			"section": "104600380",
			"seq": "91",
			"station": "104000037",
			"stationNm": "면곡시장앞",
			"stationNo": "05130",
			"transYn": "N",
			"fullSectDist": "259",
			"trnstnid": "122000009"
		},
		{
			"arsId": "07185",
			"beginTm": "06:04",
			"busRouteAbrv": "240",
			"busRouteId": "100100407",
			"busRouteNm": "240",
			"direction": "중랑공영차고지",
			"gpsX": "127.084205",
			"gpsY": "37.572917",
			"lastTm": "01:05",
			"posX": "207437.66347126386",
			"posY": "452605.42725273874",
			"routeType": "3",
			"sectSpd": "28",
			"section": "106600369",
			"seq": "92",
			"station": "106000091",
			"stationNm": "중곡초등학교",
			"stationNo": "07185",
			"transYn": "N",
			"fullSectDist": "242",
			"trnstnid": "122000009"
		},
		{
			"arsId": "07183",
			"beginTm": "06:06",
			"busRouteAbrv": "240",
			"busRouteId": "100100407",
			"busRouteNm": "240",
			"direction": "중랑공영차고지",
			"gpsX": "127.0858494168",
			"gpsY": "37.5757745627",
			"lastTm": "01:07",
			"posX": "207582.62187330733",
			"posY": "452922.681250378",
			"routeType": "3",
			"sectSpd": "29",
			"section": "106602313",
			"seq": "93",
			"station": "106000089",
			"stationNm": "방약국앞",
			"stationNo": "07183",
			"transYn": "N",
			"fullSectDist": "352",
			"trnstnid": "122000009"
		},
		{
			"arsId": "07181",
			"beginTm": "06:08",
			"busRouteAbrv": "240",
			"busRouteId": "100100407",
			"busRouteNm": "240",
			"direction": "중랑공영차고지",
			"gpsX": "127.0863248288",
			"gpsY": "37.5786342777",
			"lastTm": "01:08",
			"posX": "207624.32089342372",
			"posY": "453240.08129561646",
			"routeType": "3",
			"sectSpd": "53",
			"section": "106602315",
			"seq": "94",
			"station": "106000087",
			"stationNm": "면남초등학교",
			"stationNo": "07181",
			"transYn": "N",
			"fullSectDist": "334",
			"trnstnid": "122000009"
		},
		{
			"arsId": "07178",
			"beginTm": "06:09",
			"busRouteAbrv": "240",
			"busRouteId": "100100407",
			"busRouteNm": "240",
			"direction": "중랑공영차고지",
			"gpsX": "127.0882251231",
			"gpsY": "37.579981805",
			"lastTm": "01:09",
			"posX": "207792.0169499621",
			"posY": "453389.78131836234",
			"routeType": "3",
			"sectSpd": "15",
			"section": "106600299",
			"seq": "95",
			"station": "106000084",
			"stationNm": "지하철7호선사가정역",
			"stationNo": "07178",
			"transYn": "N",
			"fullSectDist": "236",
			"trnstnid": "122000009"
		},
		{
			"arsId": "07176",
			"beginTm": "06:09",
			"busRouteAbrv": "240",
			"busRouteId": "100100407",
			"busRouteNm": "240",
			"direction": "중랑공영차고지",
			"gpsX": "127.0887178358",
			"gpsY": "37.5820548439",
			"lastTm": "01:10",
			"posX": "207835.3159380548",
			"posY": "453619.8813490318",
			"routeType": "3",
			"sectSpd": "21",
			"section": "106600220",
			"seq": "96",
			"station": "106000082",
			"stationNm": "면목우체국.녹색병원",
			"stationNo": "07176",
			"transYn": "N",
			"fullSectDist": "236",
			"trnstnid": "122000009"
		},
		{
			"arsId": "07174",
			"beginTm": "06:10",
			"busRouteAbrv": "240",
			"busRouteId": "100100407",
			"busRouteNm": "240",
			"direction": "중랑공영차고지",
			"gpsX": "127.0884543619",
			"gpsY": "37.5842573049",
			"lastTm": "01:11",
			"posX": "207811.81648962578",
			"posY": "453864.28138542967",
			"routeType": "3",
			"sectSpd": "24",
			"section": "106602582",
			"seq": "97",
			"station": "106000080",
			"stationNm": "면동초등학교",
			"stationNo": "07174",
			"transYn": "N",
			"fullSectDist": "248",
			"trnstnid": "122000009"
		},
		{
			"arsId": "07172",
			"beginTm": "06:11",
			"busRouteAbrv": "240",
			"busRouteId": "100100407",
			"busRouteNm": "240",
			"direction": "중랑공영차고지",
			"gpsX": "127.088176499",
			"gpsY": "37.5867535303",
			"lastTm": "01:13",
			"posX": "207787.01707478813",
			"posY": "454141.28142374847",
			"routeType": "3",
			"sectSpd": "17",
			"section": "106600222",
			"seq": "98",
			"station": "106000078",
			"stationNm": "면목본동주민센터.면목정보도서관",
			"stationNo": "07172",
			"transYn": "N",
			"fullSectDist": "282",
			"trnstnid": "122000009"
		},
		{
			"arsId": "07171",
			"beginTm": "06:12",
			"busRouteAbrv": "240",
			"busRouteId": "100100407",
			"busRouteNm": "240",
			"direction": "중랑공영차고지",
			"gpsX": "127.0875225751",
			"gpsY": "37.5891662321",
			"lastTm": "01:13",
			"posX": "207729.01843526965",
			"posY": "454408.98145172186",
			"routeType": "3",
			"sectSpd": "40",
			"section": "106600224",
			"seq": "99",
			"station": "106000077",
			"stationNm": "지하철7호선면목역",
			"stationNo": "07171",
			"transYn": "N",
			"fullSectDist": "276",
			"trnstnid": "122000009"
		},
		{
			"arsId": "07168",
			"beginTm": "06:14",
			"busRouteAbrv": "240",
			"busRouteId": "100100407",
			"busRouteNm": "240",
			"direction": "중랑공영차고지",
			"gpsX": "127.0869725161",
			"gpsY": "37.5913436688",
			"lastTm": "01:15",
			"posX": "207680.21958400344",
			"posY": "454650.58148254687",
			"routeType": "3",
			"sectSpd": "13",
			"section": "106600225",
			"seq": "100",
			"station": "106000074",
			"stationNm": "면목초등학교",
			"stationNo": "07168",
			"transYn": "N",
			"fullSectDist": "245",
			"trnstnid": "122000009"
		},
		{
			"arsId": "07154",
			"beginTm": "06:15",
			"busRouteAbrv": "240",
			"busRouteId": "100100407",
			"busRouteNm": "240",
			"direction": "중랑공영차고지",
			"gpsX": "127.0876774509",
			"gpsY": "37.5928074159",
			"lastTm": "01:16",
			"posX": "207742.31812299087",
			"posY": "454813.0815097317",
			"routeType": "3",
			"sectSpd": "39",
			"section": "106600285",
			"seq": "101",
			"station": "106000060",
			"stationNm": "면목6거리",
			"stationNo": "07154",
			"transYn": "N",
			"fullSectDist": "259",
			"trnstnid": "122000009"
		},
		{
			"arsId": "07156",
			"beginTm": "06:16",
			"busRouteAbrv": "240",
			"busRouteId": "100100407",
			"busRouteNm": "240",
			"direction": "중랑공영차고지",
			"gpsX": "127.0899024613",
			"gpsY": "37.5933652483",
			"lastTm": "01:18",
			"posX": "207938.73745347917",
			"posY": "454875.1737908926",
			"routeType": "3",
			"sectSpd": "13",
			"section": "106600286",
			"seq": "102",
			"station": "106000062",
			"stationNm": "상봉신협",
			"stationNo": "07156",
			"transYn": "N",
			"fullSectDist": "205",
			"trnstnid": "122000009"
		},
		{
			"arsId": "07308",
			"beginTm": "06:17",
			"busRouteAbrv": "240",
			"busRouteId": "100100407",
			"busRouteNm": "240",
			"direction": "중랑공영차고지",
			"gpsX": "127.0931425288",
			"gpsY": "37.5964661524",
			"lastTm": "01:18",
			"posX": "208224.5067936884",
			"posY": "455219.5815771236",
			"routeType": "3",
			"sectSpd": "23",
			"section": "106602615",
			"seq": "103",
			"station": "106000213",
			"stationNm": "상봉터미널",
			"stationNo": "07308",
			"transYn": "N",
			"fullSectDist": "561",
			"trnstnid": "122000009"
		},
		{
			"arsId": "07134",
			"beginTm": "06:18",
			"busRouteAbrv": "240",
			"busRouteId": "100100407",
			"busRouteNm": "240",
			"direction": "중랑공영차고지",
			"gpsX": "127.095446382",
			"gpsY": "37.5985548348",
			"lastTm": "01:22",
			"posX": "208427.70201908943",
			"posY": "455451.5816088752",
			"routeType": "3",
			"sectSpd": "9",
			"section": "106602944",
			"seq": "104",
			"station": "106000040",
			"stationNm": "망우역",
			"stationNo": "07134",
			"transYn": "N",
			"fullSectDist": "428",
			"trnstnid": "122000009"
		},
		{
			"arsId": "07306",
			"beginTm": "06:21",
			"busRouteAbrv": "240",
			"busRouteId": "100100407",
			"busRouteNm": "240",
			"direction": "중랑공영차고지",
			"gpsX": "127.1006376085",
			"gpsY": "37.6009474144",
			"lastTm": "01:23",
			"posX": "208885.7912624634",
			"posY": "455717.58165480196",
			"routeType": "3",
			"sectSpd": "9",
			"section": "106602634",
			"seq": "105",
			"station": "106000211",
			"stationNm": "능산지하차도",
			"stationNo": "07306",
			"transYn": "N",
			"fullSectDist": "538",
			"trnstnid": "122000009"
		},
		{
			"arsId": "07305",
			"beginTm": "06:22",
			"busRouteAbrv": "240",
			"busRouteId": "100100407",
			"busRouteNm": "240",
			"direction": "중랑공영차고지",
			"gpsX": "127.101048541",
			"gpsY": "37.605838161",
			"lastTm": "01:26",
			"posX": "208921.49042445794",
			"posY": "456260.3817261127",
			"routeType": "3",
			"sectSpd": "81",
			"section": "106602637",
			"seq": "106",
			"station": "106000210",
			"stationNm": "신내새한아파트앞",
			"stationNo": "07305",
			"transYn": "N",
			"fullSectDist": "589",
			"trnstnid": "122000009"
		},
		{
			"arsId": "07269",
			"beginTm": "06:24",
			"busRouteAbrv": "240",
			"busRouteId": "100100407",
			"busRouteNm": "240",
			"direction": "중랑공영차고지",
			"gpsX": "127.0971854414",
			"gpsY": "37.6077715316",
			"lastTm": "01:27",
			"posX": "208580.19844012297",
			"posY": "456474.58175012376",
			"routeType": "3",
			"sectSpd": "30",
			"section": "106602736",
			"seq": "107",
			"station": "106000174",
			"stationNm": "동성프라자앞",
			"stationNo": "07269",
			"transYn": "N",
			"fullSectDist": "621",
			"trnstnid": "122000009"
		},
		{
			"arsId": "07275",
			"beginTm": "06:26",
			"busRouteAbrv": "240",
			"busRouteId": "100100407",
			"busRouteNm": "240",
			"direction": "중랑공영차고지",
			"gpsX": "127.0953333673",
			"gpsY": "37.6076144511",
			"lastTm": "01:28",
			"posX": "208416.7022763259",
			"posY": "456456.9817494829",
			"routeType": "3",
			"sectSpd": "44",
			"section": "106600381",
			"seq": "108",
			"station": "106000180",
			"stationNm": "신내동성3차아파트",
			"stationNo": "07275",
			"transYn": "N",
			"fullSectDist": "273",
			"trnstnid": "122000009"
		},
		{
			"arsId": "07276",
			"beginTm": "06:27",
			"busRouteAbrv": "240",
			"busRouteId": "100100407",
			"busRouteNm": "240",
			"direction": "중랑공영차고지",
			"gpsX": "127.0962047515",
			"gpsY": "37.6096700217",
			"lastTm": "01:29",
			"posX": "208493.40048122098",
			"posY": "456685.18177779345",
			"routeType": "3",
			"sectSpd": "16",
			"section": "106600382",
			"seq": "109",
			"station": "106000181",
			"stationNm": "신내동성1.2차아파트",
			"stationNo": "07276",
			"transYn": "N",
			"fullSectDist": "246",
			"trnstnid": "122000009"
		},
		{
			"arsId": "07280",
			"beginTm": "06:27",
			"busRouteAbrv": "240",
			"busRouteId": "100100407",
			"busRouteNm": "240",
			"direction": "중랑공영차고지",
			"gpsX": "127.0966220017",
			"gpsY": "37.612626142",
			"lastTm": "01:30",
			"posX": "208529.89962167965",
			"posY": "457013.2818246898",
			"routeType": "3",
			"sectSpd": "32",
			"section": "106600384",
			"seq": "110",
			"station": "106000185",
			"stationNm": "신내9단지아파트.서울의료원",
			"stationNo": "07280",
			"transYn": "N",
			"fullSectDist": "333",
			"trnstnid": "122000009"
		},
		{
			"arsId": "07347",
			"beginTm": "06:28",
			"busRouteAbrv": "240",
			"busRouteId": "100100407",
			"busRouteNm": "240",
			"direction": "중랑공영차고지",
			"gpsX": "127.0952202984",
			"gpsY": "37.6148745872",
			"lastTm": "01:31",
			"posX": "208405.90253357316",
			"posY": "457262.68184869643",
			"routeType": "3",
			"sectSpd": "92",
			"section": "106602352",
			"seq": "111",
			"station": "106000250",
			"stationNm": "중랑소방서",
			"stationNo": "07347",
			"transYn": "N",
			"fullSectDist": "294",
			"trnstnid": "122000009"
		},
		{
			"arsId": "07282",
			"beginTm": "06:31",
			"busRouteAbrv": "240",
			"busRouteId": "100100407",
			"busRouteNm": "240",
			"direction": "중랑공영차고지",
			"gpsX": "127.0935820603",
			"gpsY": "37.6155562167",
			"lastTm": "01:33",
			"posX": "208261.20592961216",
			"posY": "457338.18185908906",
			"routeType": "3",
			"sectSpd": "18",
			"section": "106602354",
			"seq": "112",
			"station": "106000187",
			"stationNm": "신내7단지아파트홈플러스",
			"stationNo": "07282",
			"transYn": "N",
			"fullSectDist": "164",
			"trnstnid": "122000009"
		},
		{
			"arsId": "07367",
			"beginTm": "06:31",
			"busRouteAbrv": "240",
			"busRouteId": "100100407",
			"busRouteNm": "240",
			"direction": "중랑공영차고지",
			"gpsX": "127.0918000799",
			"gpsY": "37.6163595817",
			"lastTm": "01:33",
			"posX": "208103.80963261964",
			"posY": "457427.1818684316",
			"routeType": "3",
			"sectSpd": "40",
			"section": "106602356",
			"seq": "113",
			"station": "106000270",
			"stationNm": "신내6단지아파트",
			"stationNo": "07367",
			"transYn": "N",
			"fullSectDist": "181",
			"trnstnid": "122000009"
		},
		{
			"arsId": "07289",
			"beginTm": "06:32",
			"busRouteAbrv": "240",
			"busRouteId": "100100407",
			"busRouteNm": "240",
			"direction": "중랑공영차고지",
			"gpsX": "127.089649012",
			"gpsY": "37.6164189048",
			"lastTm": "01:34",
			"posX": "207913.91409334404",
			"posY": "457433.58186499635",
			"routeType": "3",
			"sectSpd": "13",
			"section": "106602358",
			"seq": "114",
			"station": "106000194",
			"stationNm": "신내우체국.5단지두산대림아파트",
			"stationNo": "07289",
			"transYn": "N",
			"fullSectDist": "238",
			"trnstnid": "122000009"
		},
		{
			"arsId": "07287",
			"beginTm": "06:33",
			"busRouteAbrv": "240",
			"busRouteId": "100100407",
			"busRouteNm": "240",
			"direction": "중랑공영차고지",
			"gpsX": "127.0898886065",
			"gpsY": "37.6140768032",
			"lastTm": "01:35",
			"posX": "207935.31359084827",
			"posY": "457173.68183691986",
			"routeType": "3",
			"sectSpd": "29",
			"section": "106602737",
			"seq": "115",
			"station": "106000192",
			"stationNm": "신내6단지아파트.옹기테마공원",
			"stationNo": "07287",
			"transYn": "N",
			"fullSectDist": "321",
			"trnstnid": "122000009"
		},
		{
			"arsId": "07283",
			"beginTm": "06:34",
			"busRouteAbrv": "240",
			"busRouteId": "100100407",
			"busRouteNm": "240",
			"direction": "중랑공영차고지",
			"gpsX": "127.0917243901",
			"gpsY": "37.6137609119",
			"lastTm": "01:36",
			"posX": "208097.40978249608",
			"posY": "457138.78182591684",
			"routeType": "3",
			"sectSpd": "21",
			"section": "106602739",
			"seq": "116",
			"station": "106000188",
			"stationNm": "봉화초등학교",
			"stationNo": "07283",
			"transYn": "N",
			"fullSectDist": "202",
			"trnstnid": "122000009"
		},
		{
			"arsId": "07281",
			"beginTm": "06:35",
			"busRouteAbrv": "240",
			"busRouteId": "100100407",
			"busRouteNm": "240",
			"direction": "중랑공영차고지",
			"gpsX": "127.0938875252",
			"gpsY": "37.6152532096",
			"lastTm": "01:37",
			"posX": "208288.20529753683",
			"posY": "457304.58185525425",
			"routeType": "3",
			"sectSpd": "27",
			"section": "106602406",
			"seq": "117",
			"station": "106000186",
			"stationNm": "신내7단지아파트홈플러스",
			"stationNo": "07281",
			"transYn": "N",
			"fullSectDist": "347",
			"trnstnid": "122000009"
		},
		{
			"arsId": "07354",
			"beginTm": "06:36",
			"busRouteAbrv": "240",
			"busRouteId": "100100407",
			"busRouteNm": "240",
			"direction": "중랑공영차고지",
			"gpsX": "127.0951169805",
			"gpsY": "37.614688146",
			"lastTm": "01:39",
			"posX": "208396.80275021287",
			"posY": "457241.9818506106",
			"routeType": "3",
			"sectSpd": "15",
			"section": "106601603",
			"seq": "118",
			"station": "106000257",
			"stationNm": "중랑소방서",
			"stationNo": "07354",
			"transYn": "N",
			"fullSectDist": "124",
			"trnstnid": "122000009"
		},
		{
			"arsId": "07337",
			"beginTm": "06:37",
			"busRouteAbrv": "240",
			"busRouteId": "100100407",
			"busRouteNm": "240",
			"direction": "중랑공영차고지",
			"gpsX": "127.1020230606",
			"gpsY": "37.613645229",
			"lastTm": "01:39",
			"posX": "209006.58842647215",
			"posY": "457126.88184408424",
			"routeType": "3",
			"sectSpd": "15",
			"section": "106600173",
			"seq": "119",
			"station": "106000241",
			"stationNm": "중랑공영차고지",
			"stationNo": "07337",
			"transYn": "N",
			"fullSectDist": "724",
			"trnstnid": "122000009"
		},
		{
			"arsId": "07550",
			"beginTm": "06:40",
			"busRouteAbrv": "240",
			"busRouteId": "100100407",
			"busRouteNm": "240",
			"direction": "중랑공영차고지",
			"gpsX": "127.103628",
			"gpsY": "37.613209",
			"lastTm": "01:43",
			"posX": "209148.32584180235",
			"posY": "457078.62550193816",
			"routeType": "3",
			"sectSpd": "24",
			"section": "106600174",
			"seq": "120",
			"station": "106000467",
			"stationNm": "중랑공영차고지.신내역",
			"stationNo": "07550",
			"transYn": "N",
			"fullSectDist": "149",
			"trnstnid": "122000009"
		}
	]
}