{
	"count": 68,
	"result": [
		{
			"arsId": "16435",
			"beginTm": "05:00",
			"busRouteAbrv": "6645",
			"busRouteId": "100100318",
			"busRouteNm": "6645",
			"direction": "가양9단지",
			"gpsX": "126.797978",
			"gpsY": "37.57822",
			"lastTm": "22:31",
			"posX": "182157.04813574778",
			"posY": "453209.7871210552",
			"routeType": "4",
			"sectSpd": "27",
			"section": "115607718",
			"seq": "1",
			"station": "115000321",
			"stationNm": "개화역광역환승센터",
			"stationNo": "16435",
			"transYn": "N",
			"fullSectDist": "83",
			"trnstnid": "115000147"
		},
		{
			"arsId": "16170",
			"beginTm": "04:41",
			"busRouteAbrv": "6645",
			"busRouteId": "100100318",
			"busRouteNm": "6645",
			"direction": "가양9단지",
			"gpsX": "126.7997884498",
			"gpsY": "37.5784942626",
			"lastTm": "22:31",
			"posX": "182317.015399439",
			"posY": "453239.88161341427",
			"routeType": "4",
			"sectSpd": "9",
			"section": "115607720",
			"seq": "2",
			"station": "115000073",
			"stationNm": "개화역1번출구.개화검문소",
			"stationNo": "16170",
			"transYn": "N",
			"fullSectDist": "229",
			"trnstnid": "115000147"
		},
		{
			"arsId": "16168",
			"beginTm": "04:42",
			"busRouteAbrv": "6645",
			"busRouteId": "100100318",
			"busRouteNm": "6645",
			"direction": "가양9단지",
			"gpsX": "126.802225",
			"gpsY": "37.575128",
			"lastTm": "22:31",
			"posX": "182531.4289907588",
			"posY": "452865.84884071536",
			"routeType": "4",
			"sectSpd": "39",
			"section": "115607722",
			"seq": "3",
			"station": "115000071",
			"stationNm": "개화119안전센터",
			"stationNo": "16168",
			"transYn": "N",
			"fullSectDist": "433",
			"trnstnid": "115000147"
		},
		{
			"arsId": "16164",
			"beginTm": "04:42",
			"busRouteAbrv": "6645",
			"busRouteId": "100100318",
			"busRouteNm": "6645",
			"direction": "가양9단지",
			"gpsX": "126.8059168195",
			"gpsY": "37.564621397",
			"lastTm": "22:32",
			"posX": "182855.10275447628",
			"posY": "451699.1813878063",
			"routeType": "4",
			"sectSpd": "34",
			"section": "115608196",
			"seq": "4",
			"station": "115000067",
			"stationNm": "방화중학교",
			"stationNo": "16164",
			"transYn": "N",
			"fullSectDist": "1215",
			"trnstnid": "115000147"
		},
		{
			"arsId": "16014",
			"beginTm": "04:44",
			"busRouteAbrv": "6645",
			"busRouteId": "100100318",
			"busRouteNm": "6645",
			"direction": "가양9단지",
			"gpsX": "126.8095961346",
			"gpsY": "37.5613708422",
			"lastTm": "22:34",
			"posX": "183179.395135746",
			"posY": "451337.78132483736",
			"routeType": "4",
			"sectSpd": "39",
			"section": "115600020",
			"seq": "5",
			"station": "115000634",
			"stationNm": "송정역",
			"stationNo": "16014",
			"transYn": "N",
			"fullSectDist": "870",
			"trnstnid": "115000147"
		},
		{
			"arsId": "16308",
			"beginTm": "04:45",
			"busRouteAbrv": "6645",
			"busRouteId": "100100318",
			"busRouteNm": "6645",
			"direction": "가양9단지",
			"gpsX": "126.81676",
			"gpsY": "37.562458",
			"lastTm": "22:36",
			"posX": "183812.49912228412",
			"posY": "451457.1722822827",
			"routeType": "4",
			"sectSpd": "73",
			"section": "115607910",
			"seq": "6",
			"station": "115000211",
			"stationNm": "공항중학교.마곡엠밸리9단지",
			"stationNo": "16308",
			"transYn": "N",
			"fullSectDist": "803",
			"trnstnid": "115000147"
		},
		{
			"arsId": "16706",
			"beginTm": "04:48",
			"busRouteAbrv": "6645",
			"busRouteId": "100100318",
			"busRouteNm": "6645",
			"direction": "가양9단지",
			"gpsX": "126.816778",
			"gpsY": "37.566192",
			"lastTm": "22:39",
			"posX": "183814.89714246776",
			"posY": "451871.55549247004",
			"routeType": "4",
			"sectSpd": "26",
			"section": "115607912",
			"seq": "7",
			"station": "115000647",
			"stationNm": "마곡엠밸리5단지",
			"stationNo": "16706",
			"transYn": "N",
			"fullSectDist": "423",
			"trnstnid": "115000147"
		},
		{
			"arsId": "16394",
			"beginTm": "04:50",
			"busRouteAbrv": "6645",
			"busRouteId": "100100318",
			"busRouteNm": "6645",
			"direction": "가양9단지",
			"gpsX": "126.8175575178",
			"gpsY": "37.5673963434",
			"lastTm": "22:40",
			"posX": "183884.01618410714",
			"posY": "452005.07541476144",
			"routeType": "4",
			"sectSpd": "11",
			"section": "115608218",
			"seq": "8",
			"station": "115000897",
			"stationNm": "신방화역5번출구",
			"stationNo": "16394",
			"transYn": "N",
			"fullSectDist": "158",
			"trnstnid": "115000147"
		},
		{
			"arsId": "16395",
			"beginTm": "04:51",
			"busRouteAbrv": "6645",
			"busRouteId": "100100318",
			"busRouteNm": "6645",
			"direction": "가양9단지",
			"gpsX": "126.8212535617",
			"gpsY": "37.5670855615",
			"lastTm": "22:41",
			"posX": "184210.43942067816",
			"posY": "451969.9584798408",
			"routeType": "4",
			"sectSpd": "34",
			"section": "115608220",
			"seq": "9",
			"station": "115000912",
			"stationNm": "마곡엠밸리6.7단지.마곡중학교",
			"stationNo": "16395",
			"transYn": "N",
			"fullSectDist": "403",
			"trnstnid": "115000147"
		},
		{
			"arsId": "16396",
			"beginTm": "04:52",
			"busRouteAbrv": "6645",
			"busRouteId": "100100318",
			"busRouteNm": "6645",
			"direction": "가양9단지",
			"gpsX": "126.8259403289",
			"gpsY": "37.5667800574",
			"lastTm": "22:43",
			"posX": "184624.38237985288",
			"posY": "451935.27754690405",
			"routeType": "4",
			"sectSpd": "88",
			"section": "115608222",
			"seq": "10",
			"station": "115000898",
			"stationNm": "마곡나루역",
			"stationNo": "16396",
			"transYn": "N",
			"fullSectDist": "414",
			"trnstnid": "115000147"
		},
		{
			"arsId": "16386",
			"beginTm": "04:53",
			"busRouteAbrv": "6645",
			"busRouteId": "100100318",
			"busRouteNm": "6645",
			"direction": "가양9단지",
			"gpsX": "126.8274942732",
			"gpsY": "37.5650503991",
			"lastTm": "22:45",
			"posX": "184761.29830783396",
			"posY": "451743.072961912",
			"routeType": "4",
			"sectSpd": "52",
			"section": "115608213",
			"seq": "11",
			"station": "115000937",
			"stationNm": "마곡나루역5번출구.서울식물원",
			"stationNo": "16386",
			"transYn": "N",
			"fullSectDist": "361",
			"trnstnid": "115000147"
		},
		{
			"arsId": "16397",
			"beginTm": "04:54",
			"busRouteAbrv": "6645",
			"busRouteId": "100100318",
			"busRouteNm": "6645",
			"direction": "가양9단지",
			"gpsX": "126.8268822544",
			"gpsY": "37.5612219957",
			"lastTm": "22:46",
			"posX": "184706.45152107195",
			"posY": "451318.3096517264",
			"routeType": "4",
			"sectSpd": "12",
			"section": "115607469",
			"seq": "12",
			"station": "115000900",
			"stationNm": "마곡역",
			"stationNo": "16397",
			"transYn": "N",
			"fullSectDist": "374",
			"trnstnid": "115000147"
		},
		{
			"arsId": "16022",
			"beginTm": "04:57",
			"busRouteAbrv": "6645",
			"busRouteId": "100100318",
			"busRouteNm": "6645",
			"direction": "가양9단지",
			"gpsX": "126.8318218773",
			"gpsY": "37.5592024204",
			"lastTm": "22:49",
			"posX": "185142.42642211018",
			"posY": "451093.3921203255",
			"routeType": "4",
			"sectSpd": "29",
			"section": "115607267",
			"seq": "13",
			"station": "115000922",
			"stationNm": "마곡동로사거리",
			"stationNo": "16022",
			"transYn": "N",
			"fullSectDist": "665",
			"trnstnid": "115000147"
		},
		{
			"arsId": "16017",
			"beginTm": "05:00",
			"busRouteAbrv": "6645",
			"busRouteId": "100100318",
			"busRouteNm": "6645",
			"direction": "가양9단지",
			"gpsX": "126.8376109437",
			"gpsY": "37.5585733533",
			"lastTm": "22:51",
			"posX": "185653.73701753726",
			"posY": "451022.6811832548",
			"routeType": "4",
			"sectSpd": "21",
			"section": "115607268",
			"seq": "14",
			"station": "115000893",
			"stationNm": "발산역",
			"stationNo": "16017",
			"transYn": "N",
			"fullSectDist": "517",
			"trnstnid": "115000147"
		},
		{
			"arsId": "16292",
			"beginTm": "05:02",
			"busRouteAbrv": "6645",
			"busRouteId": "100100318",
			"busRouteNm": "6645",
			"direction": "가양9단지",
			"gpsX": "126.8460350791",
			"gpsY": "37.5599579041",
			"lastTm": "22:53",
			"posX": "186398.21952907363",
			"posY": "451175.08118257346",
			"routeType": "4",
			"sectSpd": "33",
			"section": "115608150",
			"seq": "15",
			"station": "115000195",
			"stationNm": "등촌3동천주교회",
			"stationNo": "16292",
			"transYn": "N",
			"fullSectDist": "873",
			"trnstnid": "115000147"
		},
		{
			"arsId": "16366",
			"beginTm": "05:06",
			"busRouteAbrv": "6645",
			"busRouteId": "100100318",
			"busRouteNm": "6645",
			"direction": "가양9단지",
			"gpsX": "126.848447",
			"gpsY": "37.560355",
			"lastTm": "22:58",
			"posX": "186611.36794622272",
			"posY": "451218.8031455749",
			"routeType": "4",
			"sectSpd": "31",
			"section": "115608225",
			"seq": "16",
			"station": "115000261",
			"stationNm": "등촌주공6단지앞",
			"stationNo": "16366",
			"transYn": "N",
			"fullSectDist": "336",
			"trnstnid": "115000147"
		},
		{
			"arsId": "16367",
			"beginTm": "05:07",
			"busRouteAbrv": "6645",
			"busRouteId": "100100318",
			"busRouteNm": "6645",
			"direction": "가양9단지",
			"gpsX": "126.850322",
			"gpsY": "37.559795",
			"lastTm": "22:59",
			"posX": "186776.91201855885",
			"posY": "451156.3909302703",
			"routeType": "4",
			"sectSpd": "15",
			"section": "115608227",
			"seq": "17",
			"station": "115000262",
			"stationNm": "강서구민올림픽체육센터",
			"stationNo": "16367",
			"transYn": "N",
			"fullSectDist": "206",
			"trnstnid": "115000147"
		},
		{
			"arsId": "16368",
			"beginTm": "05:08",
			"busRouteAbrv": "6645",
			"busRouteId": "100100318",
			"busRouteNm": "6645",
			"direction": "가양9단지",
			"gpsX": "126.850932",
			"gpsY": "37.561875",
			"lastTm": "22:59",
			"posX": "186831.16773563536",
			"posY": "451387.1362003875",
			"routeType": "4",
			"sectSpd": "20",
			"section": "115601208",
			"seq": "18",
			"station": "115000263",
			"stationNm": "등촌9단지SBS공개홀",
			"stationNo": "16368",
			"transYn": "N",
			"fullSectDist": "229",
			"trnstnid": "115000147"
		},
		{
			"arsId": "16369",
			"beginTm": "05:10",
			"busRouteAbrv": "6645",
			"busRouteId": "100100318",
			"busRouteNm": "6645",
			"direction": "가양9단지",
			"gpsX": "126.852823",
			"gpsY": "37.563943",
			"lastTm": "23:00",
			"posX": "186998.5802651954",
			"posY": "451616.37219606154",
			"routeType": "4",
			"sectSpd": "32",
			"section": "115601210",
			"seq": "19",
			"station": "115000264",
			"stationNm": "가양4.5단지상가앞",
			"stationNo": "16369",
			"transYn": "N",
			"fullSectDist": "298",
			"trnstnid": "115000147"
		},
		{
			"arsId": "16237",
			"beginTm": "05:11",
			"busRouteAbrv": "6645",
			"busRouteId": "100100318",
			"busRouteNm": "6645",
			"direction": "가양9단지",
			"gpsX": "126.85513",
			"gpsY": "37.564242",
			"lastTm": "23:01",
			"posX": "187202.42882963212",
			"posY": "451649.23750775773",
			"routeType": "4",
			"sectSpd": "29",
			"section": "115603314",
			"seq": "20",
			"station": "115000140",
			"stationNm": "가양도시개발5단지아파트",
			"stationNo": "16237",
			"transYn": "N",
			"fullSectDist": "323",
			"trnstnid": "115000147"
		},
		{
			"arsId": "16240",
			"beginTm": "05:13",
			"busRouteAbrv": "6645",
			"busRouteId": "100100318",
			"busRouteNm": "6645",
			"direction": "가양9단지",
			"gpsX": "126.85982",
			"gpsY": "37.561717",
			"lastTm": "23:02",
			"posX": "187616.31776859704",
			"posY": "451368.3937151716",
			"routeType": "4",
			"sectSpd": "24",
			"section": "115601096",
			"seq": "21",
			"station": "115000143",
			"stationNm": "가양초등학교",
			"stationNo": "16240",
			"transYn": "N",
			"fullSectDist": "499",
			"trnstnid": "115000147"
		},
		{
			"arsId": "16256",
			"beginTm": "05:14",
			"busRouteAbrv": "6645",
			"busRouteId": "100100318",
			"busRouteNm": "6645",
			"direction": "가양9단지",
			"gpsX": "126.8617194697",
			"gpsY": "37.557230783",
			"lastTm": "23:05",
			"posX": "187783.38698452056",
			"posY": "450870.28109685844",
			"routeType": "4",
			"sectSpd": "30",
			"section": "115600796",
			"seq": "22",
			"station": "115000159",
			"stationNm": "증미역.강서소방서",
			"stationNo": "16256",
			"transYn": "N",
			"fullSectDist": "735",
			"trnstnid": "115000147"
		},
		{
			"arsId": "16244",
			"beginTm": "05:17",
			"busRouteAbrv": "6645",
			"busRouteId": "100100318",
			"busRouteNm": "6645",
			"direction": "가양9단지",
			"gpsX": "126.8638406107",
			"gpsY": "37.5597184628",
			"lastTm": "23:06",
			"posX": "187971.18257635573",
			"posY": "451146.0811274946",
			"routeType": "4",
			"sectSpd": "22",
			"section": "115601103",
			"seq": "23",
			"station": "115000147",
			"stationNm": "가양도시개발9단지.세현고등학교",
			"stationNo": "16244",
			"transYn": "Y",
			"fullSectDist": "572",
			"trnstnid": "115000147"
		},
		{
			"arsId": "16348",
			"beginTm": "05:20",
			"busRouteAbrv": "6645",
			"busRouteId": "100100318",
			"busRouteNm": "6645",
			"direction": "강서공영차고지",
			"gpsX": "126.8619155436",
			"gpsY": "37.5607705057",
			"lastTm": "23:08",
			"posX": "187801.28656659002",
			"posY": "451263.0811448456",
			"routeType": "4",
			"sectSpd": "41",
			"section": "115608128",
			"seq": "24",
			"station": "115000250",
			"stationNm": "가양7단지상가앞",
			"stationNo": "16348",
			"transYn": "N",
			"fullSectDist": "207",
			"trnstnid": "115000147"
		},
		{
			"arsId": "16241",
			"beginTm": "05:21",
			"busRouteAbrv": "6645",
			"busRouteId": "100100318",
			"busRouteNm": "6645",
			"direction": "강서공영차고지",
			"gpsX": "126.8594069581",
			"gpsY": "37.5609658228",
			"lastTm": "23:10",
			"posX": "187579.70439186477",
			"posY": "451285.08527691755",
			"routeType": "4",
			"sectSpd": "38",
			"section": "115601274",
			"seq": "25",
			"station": "115000144",
			"stationNm": "강서구청별관",
			"stationNo": "16241",
			"transYn": "N",
			"fullSectDist": "282",
			"trnstnid": "115000147"
		},
		{
			"arsId": "16136",
			"beginTm": "05:21",
			"busRouteAbrv": "6645",
			"busRouteId": "100100318",
			"busRouteNm": "6645",
			"direction": "강서공영차고지",
			"gpsX": "126.8541936005",
			"gpsY": "37.5595591647",
			"lastTm": "23:10",
			"posX": "187118.90259819754",
			"posY": "451129.6811508564",
			"routeType": "4",
			"sectSpd": "64",
			"section": "115607951",
			"seq": "26",
			"station": "115000040",
			"stationNm": "가양역.마포중고등학교",
			"stationNo": "16136",
			"transYn": "N",
			"fullSectDist": "712",
			"trnstnid": "115000147"
		},
		{
			"arsId": "16138",
			"beginTm": "05:23",
			"busRouteAbrv": "6645",
			"busRouteId": "100100318",
			"busRouteNm": "6645",
			"direction": "강서공영차고지",
			"gpsX": "126.8531220051",
			"gpsY": "37.557662838",
			"lastTm": "23:12",
			"posX": "187023.90482909008",
			"posY": "450919.38112137653",
			"routeType": "4",
			"sectSpd": "70",
			"section": "115607954",
			"seq": "27",
			"station": "115000042",
			"stationNm": "경복비즈니스고등학교",
			"stationNo": "16138",
			"transYn": "N",
			"fullSectDist": "236",
			"trnstnid": "115000147"
		},
		{
			"arsId": "16140",
			"beginTm": "05:24",
			"busRouteAbrv": "6645",
			"busRouteId": "100100318",
			"busRouteNm": "6645",
			"direction": "강서공영차고지",
			"gpsX": "126.8501698616",
			"gpsY": "37.5526688733",
			"lastTm": "23:13",
			"posX": "186762.21097605236",
			"posY": "450365.58106205845",
			"routeType": "4",
			"sectSpd": "42",
			"section": "115600607",
			"seq": "28",
			"station": "115000044",
			"stationNm": "강서구청.한국건강관리협회",
			"stationNo": "16140",
			"transYn": "N",
			"fullSectDist": "635",
			"trnstnid": "115000147"
		},
		{
			"arsId": "16141",
			"beginTm": "05:26",
			"busRouteAbrv": "6645",
			"busRouteId": "100100318",
			"busRouteNm": "6645",
			"direction": "강서공영차고지",
			"gpsX": "126.8481814428",
			"gpsY": "37.5503532252",
			"lastTm": "23:14",
			"posX": "186586.11511554025",
			"posY": "450108.8810327831",
			"routeType": "4",
			"sectSpd": "18",
			"section": "115900366",
			"seq": "29",
			"station": "115000045",
			"stationNm": "우장초등학교",
			"stationNo": "16141",
			"transYn": "N",
			"fullSectDist": "293",
			"trnstnid": "115000147"
		},
		{
			"arsId": "16361",
			"beginTm": "05:27",
			"busRouteAbrv": "6645",
			"busRouteId": "100100318",
			"busRouteNm": "6645",
			"direction": "강서공영차고지",
			"gpsX": "126.8451717474",
			"gpsY": "37.5466719509",
			"lastTm": "23:16",
			"posX": "186319.52137033234",
			"posY": "449700.7809787099",
			"routeType": "4",
			"sectSpd": "97",
			"section": "115606914",
			"seq": "30",
			"station": "115000258",
			"stationNm": "우장산파크빌",
			"stationNo": "16361",
			"transYn": "N",
			"fullSectDist": "533",
			"trnstnid": "115000147"
		},
		{
			"arsId": "16350",
			"beginTm": "05:28",
			"busRouteAbrv": "6645",
			"busRouteId": "100100318",
			"busRouteNm": "6645",
			"direction": "강서공영차고지",
			"gpsX": "126.8434782256",
			"gpsY": "37.5474383521",
			"lastTm": "23:17",
			"posX": "186170.02488115188",
			"posY": "449786.0810038876",
			"routeType": "4",
			"sectSpd": "14",
			"section": "115606915",
			"seq": "31",
			"station": "115000251",
			"stationNm": "우장산휴먼빌아파트",
			"stationNo": "16350",
			"transYn": "N",
			"fullSectDist": "169",
			"trnstnid": "115000147"
		},
		{
			"arsId": "16351",
			"beginTm": "05:29",
			"busRouteAbrv": "6645",
			"busRouteId": "100100318",
			"busRouteNm": "6645",
			"direction": "강서공영차고지",
			"gpsX": "126.8415089067",
			"gpsY": "37.5480241401",
			"lastTm": "23:18",
			"posX": "185996.12897549666",
			"posY": "449851.3810220808",
			"routeType": "4",
			"sectSpd": "41",
			"section": "115608231",
			"seq": "32",
			"station": "115000252",
			"stationNm": "우장산동주민센터",
			"stationNo": "16351",
			"transYn": "N",
			"fullSectDist": "189",
			"trnstnid": "115000147"
		},
		{
			"arsId": "16352",
			"beginTm": "05:30",
			"busRouteAbrv": "6645",
			"busRouteId": "100100318",
			"busRouteNm": "6645",
			"direction": "강서공영차고지",
			"gpsX": "126.8369118066",
			"gpsY": "37.548013375",
			"lastTm": "23:19",
			"posX": "185589.93851679543",
			"posY": "449850.8810330657",
			"routeType": "4",
			"sectSpd": "16",
			"section": "115608233",
			"seq": "33",
			"station": "115000253",
			"stationNm": "양서1단지우장산아이파크이편한세상",
			"stationNo": "16352",
			"transYn": "N",
			"fullSectDist": "405",
			"trnstnid": "115000147"
		},
		{
			"arsId": "16213",
			"beginTm": "05:32",
			"busRouteAbrv": "6645",
			"busRouteId": "100100318",
			"busRouteNm": "6645",
			"direction": "강서공영차고지",
			"gpsX": "126.8365028309",
			"gpsY": "37.549241001",
			"lastTm": "23:20",
			"posX": "185554.03936029327",
			"posY": "449987.18105433043",
			"routeType": "4",
			"sectSpd": "40",
			"section": "115600685",
			"seq": "34",
			"station": "115000116",
			"stationNm": "우장산역",
			"stationNo": "16213",
			"transYn": "N",
			"fullSectDist": "190",
			"trnstnid": "115000147"
		},
		{
			"arsId": "16215",
			"beginTm": "05:32",
			"busRouteAbrv": "6645",
			"busRouteId": "100100318",
			"busRouteNm": "6645",
			"direction": "강서공영차고지",
			"gpsX": "126.8367014782",
			"gpsY": "37.5531204851",
			"lastTm": "23:21",
			"posX": "185572.3389292655",
			"posY": "450417.68110308144",
			"routeType": "4",
			"sectSpd": "37",
			"section": "115607933",
			"seq": "35",
			"station": "115000118",
			"stationNm": "명덕고등학교.서울스타병원",
			"stationNo": "16215",
			"transYn": "N",
			"fullSectDist": "437",
			"trnstnid": "115000147"
		},
		{
			"arsId": "16217",
			"beginTm": "05:34",
			"busRouteAbrv": "6645",
			"busRouteId": "100100318",
			"busRouteNm": "6645",
			"direction": "강서공영차고지",
			"gpsX": "126.8376254994",
			"gpsY": "37.5560385988",
			"lastTm": "23:22",
			"posX": "185654.53699992388",
			"posY": "450741.38115273183",
			"routeType": "4",
			"sectSpd": "58",
			"section": "115607935",
			"seq": "36",
			"station": "115000120",
			"stationNm": "발산역.우장산힐스테이트",
			"stationNo": "16217",
			"transYn": "N",
			"fullSectDist": "336",
			"trnstnid": "115000147"
		},
		{
			"arsId": "16220",
			"beginTm": "05:36",
			"busRouteAbrv": "6645",
			"busRouteId": "100100318",
			"busRouteNm": "6645",
			"direction": "강서공영차고지",
			"gpsX": "126.8389703128",
			"gpsY": "37.5601701491",
			"lastTm": "23:23",
			"posX": "185774.1341814834",
			"posY": "451199.6812023171",
			"routeType": "4",
			"sectSpd": "54",
			"section": "115607940",
			"seq": "37",
			"station": "115000123",
			"stationNm": "발산역3번출구",
			"stationNo": "16220",
			"transYn": "N",
			"fullSectDist": "476",
			"trnstnid": "115000147"
		},
		{
			"arsId": "16222",
			"beginTm": "05:38",
			"busRouteAbrv": "6645",
			"busRouteId": "100100318",
			"busRouteNm": "6645",
			"direction": "강서공영차고지",
			"gpsX": "126.839755",
			"gpsY": "37.562662",
			"lastTm": "23:26",
			"posX": "185843.9274440374",
			"posY": "451476.09943360975",
			"routeType": "4",
			"sectSpd": "25",
			"section": "115607943",
			"seq": "38",
			"station": "115000125",
			"stationNm": "서울호서전문학교.등촌주공3단지아파트",
			"stationNo": "16222",
			"transYn": "N",
			"fullSectDist": "292",
			"trnstnid": "115000147"
		},
		{
			"arsId": "16223",
			"beginTm": "05:39",
			"busRouteAbrv": "6645",
			"busRouteId": "100100318",
			"busRouteNm": "6645",
			"direction": "강서공영차고지",
			"gpsX": "126.8404734698",
			"gpsY": "37.5648933561",
			"lastTm": "23:28",
			"posX": "185907.81757608269",
			"posY": "451723.6194825042",
			"routeType": "4",
			"sectSpd": "32",
			"section": "115600693",
			"seq": "39",
			"station": "115000126",
			"stationNm": "서울강서우체국",
			"stationNo": "16223",
			"transYn": "N",
			"fullSectDist": "251",
			"trnstnid": "115000147"
		},
		{
			"arsId": "16225",
			"beginTm": "05:41",
			"busRouteAbrv": "6645",
			"busRouteId": "100100318",
			"busRouteNm": "6645",
			"direction": "강서공영차고지",
			"gpsX": "126.841569795",
			"gpsY": "37.5689791361",
			"lastTm": "23:28",
			"posX": "186005.42875221756",
			"posY": "452176.8813318522",
			"routeType": "4",
			"sectSpd": "40",
			"section": "115601061",
			"seq": "40",
			"station": "115000128",
			"stationNm": "양천향교역.휴먼빌아파트",
			"stationNo": "16225",
			"transYn": "N",
			"fullSectDist": "471",
			"trnstnid": "115000147"
		},
		{
			"arsId": "16227",
			"beginTm": "05:44",
			"busRouteAbrv": "6645",
			"busRouteId": "100100318",
			"busRouteNm": "6645",
			"direction": "강서공영차고지",
			"gpsX": "126.8432785021",
			"gpsY": "37.5703925254",
			"lastTm": "23:30",
			"posX": "186156.62520315254",
			"posY": "452333.48134236597",
			"routeType": "4",
			"sectSpd": "25",
			"section": "115601063",
			"seq": "41",
			"station": "115000130",
			"stationNm": "가양한강타운아파트",
			"stationNo": "16227",
			"transYn": "N",
			"fullSectDist": "362",
			"trnstnid": "115000147"
		},
		{
			"arsId": "16229",
			"beginTm": "05:45",
			"busRouteAbrv": "6645",
			"busRouteId": "100100318",
			"busRouteNm": "6645",
			"direction": "강서공영차고지",
			"gpsX": "126.8464070753",
			"gpsY": "37.5695279851",
			"lastTm": "23:31",
			"posX": "186432.8187147078",
			"posY": "452237.0813167696",
			"routeType": "4",
			"sectSpd": "17",
			"section": "115900415",
			"seq": "42",
			"station": "115000132",
			"stationNm": "가양2단지성지아파트.동양고등학교",
			"stationNo": "16229",
			"transYn": "N",
			"fullSectDist": "292",
			"trnstnid": "115000147"
		},
		{
			"arsId": "16231",
			"beginTm": "05:46",
			"busRouteAbrv": "6645",
			"busRouteId": "100100318",
			"busRouteNm": "6645",
			"direction": "강서공영차고지",
			"gpsX": "126.8487304549",
			"gpsY": "37.5687785736",
			"lastTm": "23:32",
			"posX": "186637.9138920363",
			"posY": "452153.58129865257",
			"routeType": "4",
			"sectSpd": "51",
			"section": "115608156",
			"seq": "43",
			"station": "115000134",
			"stationNm": "한보구암마을아파트",
			"stationNo": "16231",
			"transYn": "N",
			"fullSectDist": "225",
			"trnstnid": "115000147"
		},
		{
			"arsId": "16233",
			"beginTm": "05:47",
			"busRouteAbrv": "6645",
			"busRouteId": "100100318",
			"busRouteNm": "6645",
			"direction": "강서공영차고지",
			"gpsX": "126.8511694161",
			"gpsY": "37.5668109862",
			"lastTm": "23:33",
			"posX": "186853.00884307487",
			"posY": "451934.881266912",
			"routeType": "4",
			"sectSpd": "52",
			"section": "115601290",
			"seq": "44",
			"station": "115000136",
			"stationNm": "서울서진학교.우체국앞.허준박물관",
			"stationNo": "16233",
			"transYn": "N",
			"fullSectDist": "318",
			"trnstnid": "115000147"
		},
		{
			"arsId": "16235",
			"beginTm": "05:47",
			"busRouteAbrv": "6645",
			"busRouteId": "100100318",
			"busRouteNm": "6645",
			"direction": "강서공영차고지",
			"gpsX": "126.8531103371",
			"gpsY": "37.5653356263",
			"lastTm": "23:35",
			"posX": "187024.20481775506",
			"posY": "451770.8812343888",
			"routeType": "4",
			"sectSpd": "13",
			"section": "115900418",
			"seq": "45",
			"station": "115000138",
			"stationNm": "가양도시개발4단지아파트",
			"stationNo": "16235",
			"transYn": "N",
			"fullSectDist": "235",
			"trnstnid": "115000147"
		},
		{
			"arsId": "16263",
			"beginTm": "05:48",
			"busRouteAbrv": "6645",
			"busRouteId": "100100318",
			"busRouteNm": "6645",
			"direction": "강서공영차고지",
			"gpsX": "126.8526273202",
			"gpsY": "37.5640845262",
			"lastTm": "23:36",
			"posX": "186981.31879220158",
			"posY": "451632.1053607804",
			"routeType": "4",
			"sectSpd": "30",
			"section": "115607343",
			"seq": "46",
			"station": "115000927",
			"stationNm": "가양4.5단지상가앞",
			"stationNo": "16263",
			"transYn": "N",
			"fullSectDist": "203",
			"trnstnid": "115000147"
		},
		{
			"arsId": "16344",
			"beginTm": "05:49",
			"busRouteAbrv": "6645",
			"busRouteId": "100100318",
			"busRouteNm": "6645",
			"direction": "강서공영차고지",
			"gpsX": "126.850602",
			"gpsY": "37.561643",
			"lastTm": "23:36",
			"posX": "186801.97422616236",
			"posY": "451361.4359603347",
			"routeType": "4",
			"sectSpd": "77",
			"section": "115608235",
			"seq": "47",
			"station": "115000246",
			"stationNm": "등촌주공9단지",
			"stationNo": "16344",
			"transYn": "N",
			"fullSectDist": "334",
			"trnstnid": "115000147"
		},
		{
			"arsId": "16345",
			"beginTm": "05:51",
			"busRouteAbrv": "6645",
			"busRouteId": "100100318",
			"busRouteNm": "6645",
			"direction": "강서공영차고지",
			"gpsX": "126.850182",
			"gpsY": "37.559912",
			"lastTm": "23:39",
			"posX": "186764.56460919592",
			"posY": "451169.39487225236",
			"routeType": "4",
			"sectSpd": "15",
			"section": "115601232",
			"seq": "48",
			"station": "115000247",
			"stationNm": "강서구민올림픽체육센터",
			"stationNo": "16345",
			"transYn": "N",
			"fullSectDist": "188",
			"trnstnid": "115000147"
		},
		{
			"arsId": "16346",
			"beginTm": "05:51",
			"busRouteAbrv": "6645",
			"busRouteId": "100100318",
			"busRouteNm": "6645",
			"direction": "강서공영차고지",
			"gpsX": "126.848477",
			"gpsY": "37.560553",
			"lastTm": "23:40",
			"posX": "186614.05365957378",
			"posY": "451240.77219908964",
			"routeType": "4",
			"sectSpd": "28",
			"section": "115608237",
			"seq": "49",
			"station": "115000248",
			"stationNm": "등촌주공6단지",
			"stationNo": "16346",
			"transYn": "N",
			"fullSectDist": "217",
			"trnstnid": "115000147"
		},
		{
			"arsId": "16347",
			"beginTm": "05:52",
			"busRouteAbrv": "6645",
			"busRouteId": "100100318",
			"busRouteNm": "6645",
			"direction": "강서공영차고지",
			"gpsX": "126.846958",
			"gpsY": "37.561208",
			"lastTm": "23:40",
			"posX": "186479.9794254659",
			"posY": "451313.679166547",
			"routeType": "4",
			"sectSpd": "37",
			"section": "115608239",
			"seq": "50",
			"station": "115000249",
			"stationNm": "등현초등학교",
			"stationNo": "16347",
			"transYn": "N",
			"fullSectDist": "153",
			"trnstnid": "115000147"
		},
		{
			"arsId": "16294",
			"beginTm": "05:53",
			"busRouteAbrv": "6645",
			"busRouteId": "100100318",
			"busRouteNm": "6645",
			"direction": "강서공영차고지",
			"gpsX": "126.8455808289",
			"gpsY": "37.5617730123",
			"lastTm": "23:41",
			"posX": "186358.42046445885",
			"posY": "451376.5812050309",
			"routeType": "4",
			"sectSpd": "29",
			"section": "115601142",
			"seq": "51",
			"station": "115000197",
			"stationNm": "등촌3동5단지아파트.등촌고등학교",
			"stationNo": "16294",
			"transYn": "N",
			"fullSectDist": "137",
			"trnstnid": "115000147"
		},
		{
			"arsId": "16296",
			"beginTm": "05:54",
			"busRouteAbrv": "6645",
			"busRouteId": "100100318",
			"busRouteNm": "6645",
			"direction": "강서공영차고지",
			"gpsX": "126.8431057704",
			"gpsY": "37.5626095674",
			"lastTm": "23:41",
			"posX": "186139.925592988",
			"posY": "451469.7812286909",
			"routeType": "4",
			"sectSpd": "32",
			"section": "115608189",
			"seq": "52",
			"station": "115000199",
			"stationNm": "등촌동부영아파트",
			"stationNo": "16296",
			"transYn": "N",
			"fullSectDist": "238",
			"trnstnid": "115000147"
		},
		{
			"arsId": "16221",
			"beginTm": "05:55",
			"busRouteAbrv": "6645",
			"busRouteId": "100100318",
			"busRouteNm": "6645",
			"direction": "강서공영차고지",
			"gpsX": "126.8394809325",
			"gpsY": "37.5627492675",
			"lastTm": "23:42",
			"posX": "185819.7327957026",
			"posY": "451485.82538683387",
			"routeType": "4",
			"sectSpd": "12",
			"section": "115601055",
			"seq": "53",
			"station": "115000124",
			"stationNm": "서울호서전문학교.등촌주공3단지아파트",
			"stationNo": "16221",
			"transYn": "N",
			"fullSectDist": "353",
			"trnstnid": "115000147"
		},
		{
			"arsId": "16219",
			"beginTm": "05:58",
			"busRouteAbrv": "6645",
			"busRouteId": "100100318",
			"busRouteNm": "6645",
			"direction": "강서공영차고지",
			"gpsX": "126.838558",
			"gpsY": "37.56009",
			"lastTm": "23:44",
			"posX": "185737.693876935",
			"posY": "451190.8490291275",
			"routeType": "4",
			"sectSpd": "32",
			"section": "115607976",
			"seq": "54",
			"station": "115000122",
			"stationNm": "발산역2번출구",
			"stationNo": "16219",
			"transYn": "N",
			"fullSectDist": "320",
			"trnstnid": "115000147"
		},
		{
			"arsId": "16429",
			"beginTm": "05:59",
			"busRouteAbrv": "6645",
			"busRouteId": "100100318",
			"busRouteNm": "6645",
			"direction": "강서공영차고지",
			"gpsX": "126.8366889695",
			"gpsY": "37.5588523216",
			"lastTm": "23:47",
			"posX": "185572.33893119748",
			"posY": "451053.7811967274",
			"routeType": "4",
			"sectSpd": "32",
			"section": "115608162",
			"seq": "55",
			"station": "115000315",
			"stationNm": "발산역9번출구",
			"stationNo": "16429",
			"transYn": "N",
			"fullSectDist": "328",
			"trnstnid": "115000147"
		},
		{
			"arsId": "16400",
			"beginTm": "06:00",
			"busRouteAbrv": "6645",
			"busRouteId": "100100318",
			"busRouteNm": "6645",
			"direction": "강서공영차고지",
			"gpsX": "126.8314960803",
			"gpsY": "37.5594674923",
			"lastTm": "23:47",
			"posX": "185113.69684040122",
			"posY": "451122.8603950469",
			"routeType": "4",
			"sectSpd": "23",
			"section": "115607367",
			"seq": "56",
			"station": "115000933",
			"stationNm": "마곡동로사거리",
			"stationNo": "16400",
			"transYn": "N",
			"fullSectDist": "683",
			"trnstnid": "115000147"
		},
		{
			"arsId": "16635",
			"beginTm": "06:02",
			"busRouteAbrv": "6645",
			"busRouteId": "100100318",
			"busRouteNm": "6645",
			"direction": "강서공영차고지",
			"gpsX": "126.8271580485",
			"gpsY": "37.560473826",
			"lastTm": "23:50",
			"posX": "184730.6630200543",
			"posY": "451235.2356048692",
			"routeType": "4",
			"sectSpd": "166",
			"section": "115608199",
			"seq": "57",
			"station": "115900242",
			"stationNm": "마곡역",
			"stationNo": "16635",
			"transYn": "N",
			"fullSectDist": "734",
			"trnstnid": "115000147"
		},
		{
			"arsId": "16399",
			"beginTm": "06:04",
			"busRouteAbrv": "6645",
			"busRouteId": "100100318",
			"busRouteNm": "6645",
			"direction": "강서공영차고지",
			"gpsX": "126.8265562889",
			"gpsY": "37.5669558738",
			"lastTm": "23:52",
			"posX": "184678.8294615242",
			"posY": "451954.6884434107",
			"routeType": "4",
			"sectSpd": "39",
			"section": "115608243",
			"seq": "58",
			"station": "115000899",
			"stationNm": "마곡나루역1번출구.웰튼병원",
			"stationNo": "16399",
			"transYn": "N",
			"fullSectDist": "608",
			"trnstnid": "115000147"
		},
		{
			"arsId": "16702",
			"beginTm": "06:07",
			"busRouteAbrv": "6645",
			"busRouteId": "100100318",
			"busRouteNm": "6645",
			"direction": "강서공영차고지",
			"gpsX": "126.8235422464",
			"gpsY": "37.5672382393",
			"lastTm": "23:53",
			"posX": "184412.64228895376",
			"posY": "451986.5200561648",
			"routeType": "4",
			"sectSpd": "182",
			"section": "115608245",
			"seq": "59",
			"station": "115000644",
			"stationNm": "마곡엠밸리7단지.712동",
			"stationNo": "16702",
			"transYn": "N",
			"fullSectDist": "807",
			"trnstnid": "115000147"
		},
		{
			"arsId": "16703",
			"beginTm": "06:07",
			"busRouteAbrv": "6645",
			"busRouteId": "100100318",
			"busRouteNm": "6645",
			"direction": "강서공영차고지",
			"gpsX": "126.820053233",
			"gpsY": "37.5675019396",
			"lastTm": "23:54",
			"posX": "184104.4968189922",
			"posY": "452016.3690468045",
			"routeType": "4",
			"sectSpd": "15",
			"section": "115603309",
			"seq": "60",
			"station": "115000643",
			"stationNm": "신방화역4번출구.마곡중학교",
			"stationNo": "16703",
			"transYn": "N",
			"fullSectDist": "228",
			"trnstnid": "115000147"
		},
		{
			"arsId": "16704",
			"beginTm": "06:09",
			"busRouteAbrv": "6645",
			"busRouteId": "100100318",
			"busRouteNm": "6645",
			"direction": "강서공영차고지",
			"gpsX": "126.816377",
			"gpsY": "37.56661",
			"lastTm": "23:55",
			"posX": "183779.56500675515",
			"posY": "451918.0128302602",
			"routeType": "4",
			"sectSpd": "61",
			"section": "115607882",
			"seq": "61",
			"station": "115000642",
			"stationNm": "신방화역7번출구",
			"stationNo": "16704",
			"transYn": "N",
			"fullSectDist": "406",
			"trnstnid": "115000147"
		},
		{
			"arsId": "16307",
			"beginTm": "06:10",
			"busRouteAbrv": "6645",
			"busRouteId": "100100318",
			"busRouteNm": "6645",
			"direction": "강서공영차고지",
			"gpsX": "126.8162550447",
			"gpsY": "37.5634491761",
			"lastTm": "23:57",
			"posX": "183768.10616995528",
			"posY": "451567.2566188192",
			"routeType": "4",
			"sectSpd": "21",
			"section": "115603330",
			"seq": "62",
			"station": "115000210",
			"stationNm": "공항중학교",
			"stationNo": "16307",
			"transYn": "N",
			"fullSectDist": "375",
			"trnstnid": "115000147"
		},
		{
			"arsId": "16115",
			"beginTm": "06:11",
			"busRouteAbrv": "6645",
			"busRouteId": "100100318",
			"busRouteNm": "6645",
			"direction": "강서공영차고지",
			"gpsX": "126.814653",
			"gpsY": "37.56112",
			"lastTm": "23:58",
			"posX": "183626.07283205466",
			"posY": "451309.0507495962",
			"routeType": "4",
			"sectSpd": "63",
			"section": "115607887",
			"seq": "63",
			"station": "115000019",
			"stationNm": "공항중학교",
			"stationNo": "16115",
			"transYn": "N",
			"fullSectDist": "398",
			"trnstnid": "115000147"
		},
		{
			"arsId": "16015",
			"beginTm": "06:12",
			"busRouteAbrv": "6645",
			"busRouteId": "100100318",
			"busRouteNm": "6645",
			"direction": "강서공영차고지",
			"gpsX": "126.811072238",
			"gpsY": "37.561349785",
			"lastTm": "23:59",
			"posX": "183309.79207377904",
			"posY": "451335.1813208908",
			"routeType": "4",
			"sectSpd": "20",
			"section": "115600517",
			"seq": "64",
			"station": "115000633",
			"stationNm": "송정역",
			"stationNo": "16015",
			"transYn": "N",
			"fullSectDist": "315",
			"trnstnid": "115000147"
		},
		{
			"arsId": "16451",
			"beginTm": "06:13",
			"busRouteAbrv": "6645",
			"busRouteId": "100100318",
			"busRouteNm": "6645",
			"direction": "강서공영차고지",
			"gpsX": "126.8029620574",
			"gpsY": "37.562471912",
			"lastTm": "23:59",
			"posX": "182593.58493769137",
			"posY": "451461.1821575323",
			"routeType": "4",
			"sectSpd": "50",
			"section": "115607759",
			"seq": "65",
			"station": "115000617",
			"stationNm": "롯데몰.김포공항역",
			"stationNo": "16451",
			"transYn": "N",
			"fullSectDist": "735",
			"trnstnid": "115000147"
		},
		{
			"arsId": "16166",
			"beginTm": ":",
			"busRouteAbrv": "6645",
			"busRouteId": "100100318",
			"busRouteNm": "6645",
			"direction": "강서공영차고지",
			"gpsX": "126.804202",
			"gpsY": "37.570852",
			"lastTm": ":",
			"posX": "182705.05977754644",
			"posY": "452390.946748232",
			"routeType": "4",
			"sectSpd": "63",
			"section": "115607768",
			"seq": "66",
			"station": "115000069",
			"stationNm": "방화동도시개발11단지",
			"stationNo": "16166",
			"transYn": "N",
			"fullSectDist": "1244",
			"trnstnid": "115000147"
		},
		{
			"arsId": "16167",
			"beginTm": "06:18",
			"busRouteAbrv": "6645",
			"busRouteId": "100100318",
			"busRouteNm": "6645",
			"direction": "강서공영차고지",
			"gpsX": "126.8026",
			"gpsY": "37.575195",
			"lastTm": "00:06",
			"posX": "182564.56669999403",
			"posY": "452873.2146287346",
			"routeType": "4",
			"sectSpd": "45",
			"section": "115607770",
			"seq": "67",
			"station": "115000070",
			"stationNm": "개화119안전센터",
			"stationNo": "16167",
			"transYn": "N",
			"fullSectDist": "512",
			"trnstnid": "115000147"
		},
		{
			"arsId": "16434",
			"beginTm": "06:20",
			"busRouteAbrv": "6645",
			"busRouteId": "100100318",
			"busRouteNm": "6645",
			"direction": "강서공영차고지",
			"gpsX": "126.797811",
			"gpsY": "37.57845",
			"lastTm": "00:07",
			"posX": "182142.35330705967",
			"posY": "453235.343516883",
			"routeType": "4",
			"sectSpd": "55",
			"section": "115607773",
			"seq": "68",
			"station": "115000320",
			"stationNm": "개화역광역환승센터",
			"stationNo": "16434",
			"transYn": "N",
			"fullSectDist": "677",
			"trnstnid": "115000147"
		}
	]
}