{
	"count": 84,
	"result": [
		{
			"arsId": "22367",
			"beginTm": "04:10",
			"busRouteAbrv": "405",
			"busRouteId": "100100597",
			"busRouteNm": "405",
			"direction": "시청광장",
			"gpsX": "127.047211",
			"gpsY": "37.468475",
			"lastTm": "22:41",
			"posX": "204175.8721082478",
			"posY": "441012.6328772232",
			"routeType": "3",
			"sectSpd": "0",
			"section": "0",
			"seq": "1",
			"station": "121000289",
			"stationNm": "염곡동구룡사",
			"stationNo": "22367",
			"transYn": "N",
			"fullSectDist": "0",
			"trnstnid": "101000301"
		},
		{
			"arsId": "23368",
			"beginTm": "04:10",
			"busRouteAbrv": "405",
			"busRouteId": "100100597",
			"busRouteNm": "405",
			"direction": "시청광장",
			"gpsX": "127.0507511248",
			"gpsY": "37.4719206884",
			"lastTm": "22:40",
			"posX": "204488.7945479148",
			"posY": "441395.1796531002",
			"routeType": "3",
			"sectSpd": "61",
			"section": "121608316",
			"seq": "2",
			"station": "122000264",
			"stationNm": "구룡사입구",
			"stationNo": "23368",
			"transYn": "N",
			"fullSectDist": "533",
			"trnstnid": "101000301"
		},
		{
			"arsId": "22307",
			"beginTm": "04:12",
			"busRouteAbrv": "405",
			"busRouteId": "100100597",
			"busRouteNm": "405",
			"direction": "시청광장",
			"gpsX": "127.0458263366",
			"gpsY": "37.4720326359",
			"lastTm": "22:41",
			"posX": "204053.20478290608",
			"posY": "441407.37964805774",
			"routeType": "3",
			"sectSpd": "36",
			"section": "121608493",
			"seq": "3",
			"station": "121000231",
			"stationNm": "언남고포이성당앞",
			"stationNo": "22307",
			"transYn": "N",
			"fullSectDist": "577",
			"trnstnid": "101000301"
		},
		{
			"arsId": "22309",
			"beginTm": "04:14",
			"busRouteAbrv": "405",
			"busRouteId": "100100597",
			"busRouteNm": "405",
			"direction": "시청광장",
			"gpsX": "127.0417267679",
			"gpsY": "37.4699309709",
			"lastTm": "22:44",
			"posX": "203690.7132982189",
			"posY": "441173.9796227757",
			"routeType": "3",
			"sectSpd": "46",
			"section": "121608496",
			"seq": "4",
			"station": "121000233",
			"stationNm": "소방서앞",
			"stationNo": "22309",
			"transYn": "N",
			"fullSectDist": "439",
			"trnstnid": "101000301"
		},
		{
			"arsId": "22293",
			"beginTm": "04:15",
			"busRouteAbrv": "405",
			"busRouteId": "100100597",
			"busRouteNm": "405",
			"direction": "시청광장",
			"gpsX": "127.0394643327",
			"gpsY": "37.4695857229",
			"lastTm": "22:46",
			"posX": "203490.61799831473",
			"posY": "441135.57961051725",
			"routeType": "3",
			"sectSpd": "18",
			"section": "121600693",
			"seq": "5",
			"station": "121000217",
			"stationNm": "양재2동주민센터.양재꽃시장",
			"stationNo": "22293",
			"transYn": "N",
			"fullSectDist": "348",
			"trnstnid": "101000301"
		},
		{
			"arsId": "22295",
			"beginTm": "04:16",
			"busRouteAbrv": "405",
			"busRouteId": "100100597",
			"busRouteNm": "405",
			"direction": "시청광장",
			"gpsX": "127.0389281035",
			"gpsY": "37.4732795382",
			"lastTm": "22:47",
			"posX": "203443.01911489406",
			"posY": "441545.47966159694",
			"routeType": "3",
			"sectSpd": "19",
			"section": "121600695",
			"seq": "6",
			"station": "121000219",
			"stationNm": "언남고교",
			"stationNo": "22295",
			"transYn": "N",
			"fullSectDist": "438",
			"trnstnid": "101000301"
		},
		{
			"arsId": "22292",
			"beginTm": "04:18",
			"busRouteAbrv": "405",
			"busRouteId": "100100597",
			"busRouteNm": "405",
			"direction": "시청광장",
			"gpsX": "127.0386916193",
			"gpsY": "37.4794972488",
			"lastTm": "22:49",
			"posX": "203421.8196170128",
			"posY": "442235.479759139",
			"routeType": "3",
			"sectSpd": "42",
			"section": "121601348",
			"seq": "7",
			"station": "121000216",
			"stationNm": "일동제약사거리",
			"stationNo": "22292",
			"transYn": "N",
			"fullSectDist": "717",
			"trnstnid": "101000301"
		},
		{
			"arsId": "22290",
			"beginTm": "04:19",
			"busRouteAbrv": "405",
			"busRouteId": "100100597",
			"busRouteNm": "405",
			"direction": "시청광장",
			"gpsX": "127.0354258464",
			"gpsY": "37.4835465453",
			"lastTm": "22:50",
			"posX": "203132.83124973706",
			"posY": "442684.73603789415",
			"routeType": "3",
			"sectSpd": "34",
			"section": "121608277",
			"seq": "8",
			"station": "121000214",
			"stationNm": "양재역",
			"stationNo": "22290",
			"transYn": "N",
			"fullSectDist": "552",
			"trnstnid": "101000301"
		},
		{
			"arsId": "22129",
			"beginTm": "04:20",
			"busRouteAbrv": "405",
			"busRouteId": "100100597",
			"busRouteNm": "405",
			"direction": "시청광장",
			"gpsX": "127.0309403261",
			"gpsY": "37.4842402482",
			"lastTm": "22:52",
			"posX": "202736.1357235728",
			"posY": "442761.57982137566",
			"routeType": "3",
			"sectSpd": "10",
			"section": "121608501",
			"seq": "9",
			"station": "121000053",
			"stationNm": "서초구청",
			"stationNo": "22129",
			"transYn": "N",
			"fullSectDist": "452",
			"trnstnid": "101000301"
		},
		{
			"arsId": "22110",
			"beginTm": "04:22",
			"busRouteAbrv": "405",
			"busRouteId": "100100597",
			"busRouteNm": "405",
			"direction": "시청광장",
			"gpsX": "127.0223924271",
			"gpsY": "37.4830536197",
			"lastTm": "22:56",
			"posX": "201980.25347848097",
			"posY": "442629.67980055464",
			"routeType": "3",
			"sectSpd": "19",
			"section": "121608506",
			"seq": "10",
			"station": "121000034",
			"stationNm": "서울시인재개발원입구",
			"stationNo": "22110",
			"transYn": "N",
			"fullSectDist": "732",
			"trnstnid": "101000301"
		},
		{
			"arsId": "22153",
			"beginTm": "04:24",
			"busRouteAbrv": "405",
			"busRouteId": "100100597",
			"busRouteNm": "405",
			"direction": "시청광장",
			"gpsX": "127.01686616",
			"gpsY": "37.4819578926",
			"lastTm": "22:57",
			"posX": "201491.56496175184",
			"posY": "442507.9797825385",
			"routeType": "3",
			"sectSpd": "56",
			"section": "121600866",
			"seq": "11",
			"station": "121000077",
			"stationNm": "남부터미널.기쁨병원",
			"stationNo": "22153",
			"transYn": "N",
			"fullSectDist": "504",
			"trnstnid": "101000301"
		},
		{
			"arsId": "22145",
			"beginTm": "04:25",
			"busRouteAbrv": "405",
			"busRouteId": "100100597",
			"busRouteNm": "405",
			"direction": "시청광장",
			"gpsX": "127.0128860369",
			"gpsY": "37.4816857308",
			"lastTm": "22:58",
			"posX": "201139.58546717154",
			"posY": "442477.72106515756",
			"routeType": "3",
			"sectSpd": "92",
			"section": "121608466",
			"seq": "12",
			"station": "121000069",
			"stationNm": "서초동예술의전당",
			"stationNo": "22145",
			"transYn": "N",
			"fullSectDist": "436",
			"trnstnid": "101000301"
		},
		{
			"arsId": "22144",
			"beginTm": "04:26",
			"busRouteAbrv": "405",
			"busRouteId": "100100597",
			"busRouteNm": "405",
			"direction": "시청광장",
			"gpsX": "127.0120799291",
			"gpsY": "37.4832218285",
			"lastTm": "22:59",
			"posX": "201068.27490250886",
			"posY": "442648.1797978771",
			"routeType": "3",
			"sectSpd": "25",
			"section": "121601355",
			"seq": "13",
			"station": "121000068",
			"stationNm": "서초3동주민센터",
			"stationNo": "22144",
			"transYn": "N",
			"fullSectDist": "187",
			"trnstnid": "101000301"
		},
		{
			"arsId": "22139",
			"beginTm": "04:27",
			"busRouteAbrv": "405",
			"busRouteId": "100100597",
			"busRouteNm": "405",
			"direction": "시청광장",
			"gpsX": "127.0108918646",
			"gpsY": "37.485744137",
			"lastTm": "23:00",
			"posX": "200963.17737623747",
			"posY": "442928.0798382154",
			"routeType": "3",
			"sectSpd": "42",
			"section": "121608430",
			"seq": "14",
			"station": "121000063",
			"stationNm": "서초아트자이아파트",
			"stationNo": "22139",
			"transYn": "N",
			"fullSectDist": "308",
			"trnstnid": "101000301"
		},
		{
			"arsId": "22140",
			"beginTm": "04:27",
			"busRouteAbrv": "405",
			"busRouteId": "100100597",
			"busRouteNm": "405",
			"direction": "시청광장",
			"gpsX": "127.0094481997",
			"gpsY": "37.4886548292",
			"lastTm": "23:01",
			"posX": "200835.48037389532",
			"posY": "443251.0798836304",
			"routeType": "3",
			"sectSpd": "37",
			"section": "121601161",
			"seq": "15",
			"station": "121000064",
			"stationNm": "서초동삼성아파트",
			"stationNo": "22140",
			"transYn": "N",
			"fullSectDist": "361",
			"trnstnid": "101000301"
		},
		{
			"arsId": "22135",
			"beginTm": "04:29",
			"busRouteAbrv": "405",
			"busRouteId": "100100597",
			"busRouteNm": "405",
			"direction": "시청광장",
			"gpsX": "127.0073723893",
			"gpsY": "37.492915397",
			"lastTm": "23:04",
			"posX": "200651.88468735182",
			"posY": "443723.8799448414",
			"routeType": "3",
			"sectSpd": "44",
			"section": "121608472",
			"seq": "16",
			"station": "121000059",
			"stationNm": "서초역.서울중앙지법등기국",
			"stationNo": "22135",
			"transYn": "N",
			"fullSectDist": "526",
			"trnstnid": "101000301"
		},
		{
			"arsId": "22137",
			"beginTm": "04:30",
			"busRouteAbrv": "405",
			"busRouteId": "100100597",
			"busRouteNm": "405",
			"direction": "시청광장",
			"gpsX": "127.006543",
			"gpsY": "37.494768",
			"lastTm": "23:06",
			"posX": "200578.53376667667",
			"posY": "443929.46722581517",
			"routeType": "3",
			"sectSpd": "81",
			"section": "121608474",
			"seq": "17",
			"station": "121000061",
			"stationNm": "서울중앙지방검찰청",
			"stationNo": "22137",
			"transYn": "N",
			"fullSectDist": "220",
			"trnstnid": "101000301"
		},
		{
			"arsId": "22214",
			"beginTm": "04:30",
			"busRouteAbrv": "405",
			"busRouteId": "100100597",
			"busRouteNm": "405",
			"direction": "시청광장",
			"gpsX": "127.0040796129",
			"gpsY": "37.5007785827",
			"lastTm": "23:07",
			"posX": "200360.69152497657",
			"posY": "444596.4800648899",
			"routeType": "3",
			"sectSpd": "9",
			"section": "121601131",
			"seq": "18",
			"station": "121000138",
			"stationNm": "서울지방조달청.서울성모병원",
			"stationNo": "22214",
			"transYn": "N",
			"fullSectDist": "709",
			"trnstnid": "101000301"
		},
		{
			"arsId": "03269",
			"beginTm": "04:31",
			"busRouteAbrv": "405",
			"busRouteId": "100100597",
			"busRouteNm": "405",
			"direction": "시청광장",
			"gpsX": "126.9912554861",
			"gpsY": "37.5248611471",
			"lastTm": "23:09",
			"posX": "199227.11815581904",
			"posY": "447269.0804201956",
			"routeType": "3",
			"sectSpd": "28",
			"section": "102602910",
			"seq": "19",
			"station": "102000175",
			"stationNm": "한강중학교",
			"stationNo": "03269",
			"transYn": "N",
			"fullSectDist": "3476",
			"trnstnid": "101000301"
		},
		{
			"arsId": "03270",
			"beginTm": "04:38",
			"busRouteAbrv": "405",
			"busRouteId": "100100597",
			"busRouteNm": "405",
			"direction": "시청광장",
			"gpsX": "126.9905758027",
			"gpsY": "37.5226191604",
			"lastTm": "23:15",
			"posX": "199167.0195679716",
			"posY": "447020.28038742533",
			"routeType": "3",
			"sectSpd": "29",
			"section": "102600612",
			"seq": "20",
			"station": "102000176",
			"stationNm": "금호베스트빌앞",
			"stationNo": "03270",
			"transYn": "N",
			"fullSectDist": "254",
			"trnstnid": "101000301"
		},
		{
			"arsId": "03336",
			"beginTm": "04:39",
			"busRouteAbrv": "405",
			"busRouteId": "100100597",
			"busRouteNm": "405",
			"direction": "시청광장",
			"gpsX": "126.9906099662",
			"gpsY": "37.5208412941",
			"lastTm": "23:16",
			"posX": "199170.01949705166",
			"posY": "446822.98036120087",
			"routeType": "3",
			"sectSpd": "139",
			"section": "102602912",
			"seq": "21",
			"station": "102000243",
			"stationNm": "서빙고초등학교",
			"stationNo": "03336",
			"transYn": "N",
			"fullSectDist": "198",
			"trnstnid": "101000301"
		},
		{
			"arsId": "03157",
			"beginTm": "04:40",
			"busRouteAbrv": "405",
			"busRouteId": "100100597",
			"busRouteNm": "405",
			"direction": "시청광장",
			"gpsX": "126.9894776223",
			"gpsY": "37.5200094838",
			"lastTm": "23:16",
			"posX": "199069.9218470607",
			"posY": "446730.68035277026",
			"routeType": "3",
			"sectSpd": "31",
			"section": "102600724",
			"seq": "22",
			"station": "102000063",
			"stationNm": "서빙고역1번출구",
			"stationNo": "03157",
			"transYn": "N",
			"fullSectDist": "849",
			"trnstnid": "101000301"
		},
		{
			"arsId": "03272",
			"beginTm": "04:41",
			"busRouteAbrv": "405",
			"busRouteId": "100100597",
			"busRouteNm": "405",
			"direction": "시청광장",
			"gpsX": "126.9934202794",
			"gpsY": "37.5198043185",
			"lastTm": "23:19",
			"posX": "199418.41366010727",
			"posY": "446707.8803475108",
			"routeType": "3",
			"sectSpd": "71",
			"section": "102602580",
			"seq": "23",
			"station": "102000178",
			"stationNm": "서빙고동",
			"stationNo": "03272",
			"transYn": "N",
			"fullSectDist": "447",
			"trnstnid": "101000301"
		},
		{
			"arsId": "03274",
			"beginTm": "04:42",
			"busRouteAbrv": "405",
			"busRouteId": "100100597",
			"busRouteNm": "405",
			"direction": "시청광장",
			"gpsX": "126.9965437932",
			"gpsY": "37.5207461002",
			"lastTm": "23:20",
			"posX": "199694.50718060412",
			"posY": "446812.3803550573",
			"routeType": "3",
			"sectSpd": "22",
			"section": "102602581",
			"seq": "24",
			"station": "102000180",
			"stationNm": "동빙고동",
			"stationNo": "03274",
			"transYn": "N",
			"fullSectDist": "206",
			"trnstnid": "101000301"
		},
		{
			"arsId": "03277",
			"beginTm": "04:43",
			"busRouteAbrv": "405",
			"busRouteId": "100100597",
			"busRouteNm": "405",
			"direction": "시청광장",
			"gpsX": "127.0015149467",
			"gpsY": "37.5256237907",
			"lastTm": "23:21",
			"posX": "200133.8968514306",
			"posY": "447353.68043156946",
			"routeType": "3",
			"sectSpd": "56",
			"section": "102603233",
			"seq": "25",
			"station": "102000183",
			"stationNm": "보광동신동아아파트",
			"stationNo": "03277",
			"transYn": "N",
			"fullSectDist": "799",
			"trnstnid": "101000301"
		},
		{
			"arsId": "03279",
			"beginTm": "04:45",
			"busRouteAbrv": "405",
			"busRouteId": "100100597",
			"busRouteNm": "405",
			"direction": "시청광장",
			"gpsX": "126.9994127849",
			"gpsY": "37.5278738421",
			"lastTm": "23:22",
			"posX": "199948.10121612428",
			"posY": "447603.38046094775",
			"routeType": "3",
			"sectSpd": "22",
			"section": "102600516",
			"seq": "26",
			"station": "102000185",
			"stationNm": "기업은행보광동지점",
			"stationNo": "03279",
			"transYn": "N",
			"fullSectDist": "311",
			"trnstnid": "101000301"
		},
		{
			"arsId": "03282",
			"beginTm": "04:46",
			"busRouteAbrv": "405",
			"busRouteId": "100100597",
			"busRouteNm": "405",
			"direction": "시청광장",
			"gpsX": "126.9964449019",
			"gpsY": "37.5305599639",
			"lastTm": "23:23",
			"posX": "199685.8073786996",
			"posY": "447901.48050882434",
			"routeType": "3",
			"sectSpd": "12",
			"section": "102603235",
			"seq": "27",
			"station": "102000188",
			"stationNm": "한국폴리텍1대학",
			"stationNo": "03282",
			"transYn": "N",
			"fullSectDist": "400",
			"trnstnid": "101000301"
		},
		{
			"arsId": "03284",
			"beginTm": "04:47",
			"busRouteAbrv": "405",
			"busRouteId": "100100597",
			"busRouteNm": "405",
			"direction": "시청광장",
			"gpsX": "126.9942801537",
			"gpsY": "37.5336290179",
			"lastTm": "23:24",
			"posX": "199494.51187802036",
			"posY": "448242.0805526613",
			"routeType": "3",
			"sectSpd": "34",
			"section": "102600519",
			"seq": "28",
			"station": "102000190",
			"stationNm": "이태원역.보광동입구",
			"stationNo": "03284",
			"transYn": "N",
			"fullSectDist": "406",
			"trnstnid": "101000301"
		},
		{
			"arsId": "03193",
			"beginTm": "04:48",
			"busRouteAbrv": "405",
			"busRouteId": "100100597",
			"busRouteNm": "405",
			"direction": "시청광장",
			"gpsX": "126.9971949215",
			"gpsY": "37.5345410337",
			"lastTm": "23:25",
			"posX": "199752.10582232318",
			"posY": "448343.2805615687",
			"routeType": "3",
			"sectSpd": "33",
			"section": "102603001",
			"seq": "29",
			"station": "102000099",
			"stationNm": "이태원119안전센터",
			"stationNo": "03193",
			"transYn": "N",
			"fullSectDist": "392",
			"trnstnid": "101000301"
		},
		{
			"arsId": "03195",
			"beginTm": "04:50",
			"busRouteAbrv": "405",
			"busRouteId": "100100597",
			"busRouteNm": "405",
			"direction": "시청광장",
			"gpsX": "127.0006042579",
			"gpsY": "37.5367073033",
			"lastTm": "23:27",
			"posX": "200053.39874879195",
			"posY": "448583.68060209183",
			"routeType": "3",
			"sectSpd": "43",
			"section": "102600734",
			"seq": "30",
			"station": "102000101",
			"stationNm": "한남동주민센터",
			"stationNo": "03195",
			"transYn": "N",
			"fullSectDist": "393",
			"trnstnid": "101000301"
		},
		{
			"arsId": "03197",
			"beginTm": "04:51",
			"busRouteAbrv": "405",
			"busRouteId": "100100597",
			"busRouteNm": "405",
			"direction": "시청광장",
			"gpsX": "127.0021070988",
			"gpsY": "37.5408748585",
			"lastTm": "23:27",
			"posX": "200186.19562476195",
			"posY": "449046.18066024967",
			"routeType": "3",
			"sectSpd": "50",
			"section": "102603004",
			"seq": "31",
			"station": "102000103",
			"stationNm": "한강진역.블루스퀘어",
			"stationNo": "03197",
			"transYn": "N",
			"fullSectDist": "515",
			"trnstnid": "101000301"
		},
		{
			"arsId": "03158",
			"beginTm": "04:52",
			"busRouteAbrv": "405",
			"busRouteId": "100100597",
			"busRouteNm": "405",
			"direction": "시청광장",
			"gpsX": "127.002202",
			"gpsY": "37.545795",
			"lastTm": "23:29",
			"posX": "200194.56886465472",
			"posY": "449592.1983497259",
			"routeType": "3",
			"sectSpd": "24",
			"section": "102603036",
			"seq": "32",
			"station": "102000064",
			"stationNm": "장충단로입구",
			"stationNo": "03158",
			"transYn": "N",
			"fullSectDist": "1022",
			"trnstnid": "101000301"
		},
		{
			"arsId": "03159",
			"beginTm": "04:54",
			"busRouteAbrv": "405",
			"busRouteId": "100100597",
			"busRouteNm": "405",
			"direction": "시청광장",
			"gpsX": "127.00204",
			"gpsY": "37.544437",
			"lastTm": "23:33",
			"posX": "200180.25780393652",
			"posY": "449441.49260809645",
			"routeType": "3",
			"sectSpd": "45",
			"section": "102601492",
			"seq": "33",
			"station": "102000065",
			"stationNm": "남산예술원",
			"stationNo": "03159",
			"transYn": "N",
			"fullSectDist": "189",
			"trnstnid": "101000301"
		},
		{
			"arsId": "03175",
			"beginTm": "04:54",
			"busRouteAbrv": "405",
			"busRouteId": "100100597",
			"busRouteNm": "405",
			"direction": "시청광장",
			"gpsX": "126.9962350228",
			"gpsY": "37.5416209251",
			"lastTm": "23:33",
			"posX": "199667.30781840417",
			"posY": "449128.9806732838",
			"routeType": "3",
			"sectSpd": "50",
			"section": "102600747",
			"seq": "34",
			"station": "102000081",
			"stationNm": "하얏트호텔",
			"stationNo": "03175",
			"transYn": "N",
			"fullSectDist": "710",
			"trnstnid": "101000301"
		},
		{
			"arsId": "03173",
			"beginTm": "04:55",
			"busRouteAbrv": "405",
			"busRouteId": "100100597",
			"busRouteNm": "405",
			"direction": "시청광장",
			"gpsX": "126.9927901963",
			"gpsY": "37.5427038827",
			"lastTm": "23:35",
			"posX": "199362.91496604224",
			"posY": "449249.18068891764",
			"routeType": "3",
			"sectSpd": "15",
			"section": "102600438",
			"seq": "35",
			"station": "102000079",
			"stationNm": "남산체육관",
			"stationNo": "03173",
			"transYn": "N",
			"fullSectDist": "330",
			"trnstnid": "101000301"
		},
		{
			"arsId": "03343",
			"beginTm": "04:56",
			"busRouteAbrv": "405",
			"busRouteId": "100100597",
			"busRouteNm": "405",
			"direction": "시청광장",
			"gpsX": "126.9909320571",
			"gpsY": "37.5448496669",
			"lastTm": "23:36",
			"posX": "199198.74585063115",
			"posY": "449487.32541221986",
			"routeType": "3",
			"sectSpd": "36",
			"section": "102600749",
			"seq": "36",
			"station": "102000250",
			"stationNm": "용암초등학교.이태원2동주민센터",
			"stationNo": "03343",
			"transYn": "N",
			"fullSectDist": "356",
			"trnstnid": "101000301"
		},
		{
			"arsId": "03171",
			"beginTm": "04:57",
			"busRouteAbrv": "405",
			"busRouteId": "100100597",
			"busRouteNm": "405",
			"direction": "시청광장",
			"gpsX": "126.9858399758",
			"gpsY": "37.5463968458",
			"lastTm": "23:37",
			"posX": "198748.82938753234",
			"posY": "449659.0807444081",
			"routeType": "3",
			"sectSpd": "29",
			"section": "102600440",
			"seq": "37",
			"station": "102000077",
			"stationNm": "보성여중고입구",
			"stationNo": "03171",
			"transYn": "N",
			"fullSectDist": "522",
			"trnstnid": "101000301"
		},
		{
			"arsId": "03169",
			"beginTm": "04:58",
			"busRouteAbrv": "405",
			"busRouteId": "100100597",
			"busRouteNm": "405",
			"direction": "시청광장",
			"gpsX": "126.98432",
			"gpsY": "37.54869",
			"lastTm": "23:38",
			"posX": "198614.56774813213",
			"posY": "449913.5872628186",
			"routeType": "3",
			"sectSpd": "37",
			"section": "102600751",
			"seq": "38",
			"station": "102000075",
			"stationNm": "후암약수터",
			"stationNo": "03169",
			"transYn": "N",
			"fullSectDist": "326",
			"trnstnid": "101000301"
		},
		{
			"arsId": "03167",
			"beginTm": "04:59",
			"busRouteAbrv": "405",
			"busRouteId": "100100597",
			"busRouteNm": "405",
			"direction": "시청광장",
			"gpsX": "126.980835",
			"gpsY": "37.552282",
			"lastTm": "23:39",
			"posX": "198306.7260901988",
			"posY": "450312.2705146298",
			"routeType": "3",
			"sectSpd": "58",
			"section": "102600753",
			"seq": "39",
			"station": "102000073",
			"stationNm": "남산도서관.용산도서관",
			"stationNo": "03167",
			"transYn": "N",
			"fullSectDist": "562",
			"trnstnid": "101000301"
		},
		{
			"arsId": "02215",
			"beginTm": "05:01",
			"busRouteAbrv": "405",
			"busRouteId": "100100597",
			"busRouteNm": "405",
			"direction": "시청광장",
			"gpsX": "126.980093",
			"gpsY": "37.555737",
			"lastTm": "23:40",
			"posX": "198241.2498012984",
			"posY": "450695.70682887547",
			"routeType": "3",
			"sectSpd": "33",
			"section": "101601478",
			"seq": "40",
			"station": "101000111",
			"stationNm": "백범광장",
			"stationNo": "02215",
			"transYn": "N",
			"fullSectDist": "633",
			"trnstnid": "101000301"
		},
		{
			"arsId": "02285",
			"beginTm": "05:03",
			"busRouteAbrv": "405",
			"busRouteId": "100100597",
			"busRouteNm": "405",
			"direction": "시청광장",
			"gpsX": "126.9767113404",
			"gpsY": "37.5566267411",
			"lastTm": "23:41",
			"posX": "197942.51028409434",
			"posY": "450794.5155769037",
			"routeType": "3",
			"sectSpd": "36",
			"section": "101601480",
			"seq": "41",
			"station": "101000265",
			"stationNm": "힐튼호텔",
			"stationNo": "02285",
			"transYn": "N",
			"fullSectDist": "368",
			"trnstnid": "101000301"
		},
		{
			"arsId": "02124",
			"beginTm": "05:04",
			"busRouteAbrv": "405",
			"busRouteId": "100100597",
			"busRouteNm": "405",
			"direction": "시청광장",
			"gpsX": "126.9762051934",
			"gpsY": "37.5586132397",
			"lastTm": "23:42",
			"posX": "197897.84938182007",
			"posY": "451014.98093206063",
			"routeType": "3",
			"sectSpd": "12",
			"section": "101600398",
			"seq": "42",
			"station": "101000029",
			"stationNm": "남대문시장악세사리전문상가",
			"stationNo": "02124",
			"transYn": "N",
			"fullSectDist": "221",
			"trnstnid": "101000301"
		},
		{
			"arsId": "02128",
			"beginTm": "05:05",
			"busRouteAbrv": "405",
			"busRouteId": "100100597",
			"busRouteNm": "405",
			"direction": "시청광장",
			"gpsX": "126.9765742145",
			"gpsY": "37.5623584643",
			"lastTm": "23:43",
			"posX": "197930.5541205594",
			"posY": "451430.6039080578",
			"routeType": "3",
			"sectSpd": "28",
			"section": "101604720",
			"seq": "43",
			"station": "101000033",
			"stationNm": "시청앞",
			"stationNo": "02128",
			"transYn": "N",
			"fullSectDist": "479",
			"trnstnid": "101000301"
		},
		{
			"arsId": "02641",
			"beginTm": "05:05",
			"busRouteAbrv": "405",
			"busRouteId": "100100597",
			"busRouteNm": "405",
			"direction": "시청광장",
			"gpsX": "126.9787630365",
			"gpsY": "37.5652072923",
			"lastTm": "23:44",
			"posX": "198123.98722035091",
			"posY": "451746.71052763285",
			"routeType": "3",
			"sectSpd": "12",
			"section": "101604015",
			"seq": "44",
			"station": "101000301",
			"stationNm": "서울광장",
			"stationNo": "02641",
			"transYn": "Y",
			"fullSectDist": "551",
			"trnstnid": "101000301"
		},
		{
			"arsId": "02140",
			"beginTm": "05:09",
			"busRouteAbrv": "405",
			"busRouteId": "100100597",
			"busRouteNm": "405",
			"direction": "시청광장",
			"gpsX": "126.9820649381",
			"gpsY": "37.5644917964",
			"lastTm": "23:46",
			"posX": "198415.65263856822",
			"posY": "451667.2465942367",
			"routeType": "3",
			"sectSpd": "35",
			"section": "101604433",
			"seq": "45",
			"station": "101000041",
			"stationNm": "롯데백화점",
			"stationNo": "02140",
			"transYn": "N",
			"fullSectDist": "580",
			"trnstnid": "101000301"
		},
		{
			"arsId": "02127",
			"beginTm": "05:17",
			"busRouteAbrv": "405",
			"busRouteId": "100100597",
			"busRouteNm": "405",
			"direction": "염곡동",
			"gpsX": "126.97792",
			"gpsY": "37.561175",
			"lastTm": "23:47",
			"posX": "198049.41064677207",
			"posY": "451299.2386104381",
			"routeType": "3",
			"sectSpd": "32",
			"section": "101600554",
			"seq": "46",
			"station": "101000032",
			"stationNm": "북창동.남대문시장",
			"stationNo": "02127",
			"transYn": "N",
			"fullSectDist": "606",
			"trnstnid": "101000301"
		},
		{
			"arsId": "02123",
			"beginTm": "05:19",
			"busRouteAbrv": "405",
			"busRouteId": "100100597",
			"busRouteNm": "405",
			"direction": "염곡동",
			"gpsX": "126.9736279452",
			"gpsY": "37.5580006528",
			"lastTm": "23:48",
			"posX": "197670.14348137268",
			"posY": "450947.05909114704",
			"routeType": "3",
			"sectSpd": "40",
			"section": "101604831",
			"seq": "47",
			"station": "101000028",
			"stationNm": "숭례문",
			"stationNo": "02123",
			"transYn": "N",
			"fullSectDist": "1099",
			"trnstnid": "101000301"
		},
		{
			"arsId": "02125",
			"beginTm": "05:24",
			"busRouteAbrv": "405",
			"busRouteId": "100100597",
			"busRouteNm": "405",
			"direction": "염곡동",
			"gpsX": "126.9756720863",
			"gpsY": "37.5585581643",
			"lastTm": "23:55",
			"posX": "197850.75048754396",
			"posY": "451008.8809264004",
			"routeType": "3",
			"sectSpd": "137",
			"section": "101604834",
			"seq": "48",
			"station": "101000030",
			"stationNm": "숭례문남산방향",
			"stationNo": "02125",
			"transYn": "N",
			"fullSectDist": "568",
			"trnstnid": "101000301"
		},
		{
			"arsId": "02284",
			"beginTm": "05:25",
			"busRouteAbrv": "405",
			"busRouteId": "100100597",
			"busRouteNm": "405",
			"direction": "염곡동",
			"gpsX": "126.9766258827",
			"gpsY": "37.5561983921",
			"lastTm": "23:56",
			"posX": "197934.9485077177",
			"posY": "450746.9808969721",
			"routeType": "3",
			"sectSpd": "14",
			"section": "101600735",
			"seq": "49",
			"station": "101000266",
			"stationNm": "힐튼호텔",
			"stationNo": "02284",
			"transYn": "N",
			"fullSectDist": "271",
			"trnstnid": "101000301"
		},
		{
			"arsId": "03168",
			"beginTm": "05:26",
			"busRouteAbrv": "405",
			"busRouteId": "100100597",
			"busRouteNm": "405",
			"direction": "염곡동",
			"gpsX": "126.9811340112",
			"gpsY": "37.5520442521",
			"lastTm": "23:58",
			"posX": "198333.13915504905",
			"posY": "450285.880826117",
			"routeType": "3",
			"sectSpd": "46",
			"section": "102600757",
			"seq": "50",
			"station": "102000074",
			"stationNm": "남산도서관.용산도서관",
			"stationNo": "03168",
			"transYn": "N",
			"fullSectDist": "699",
			"trnstnid": "101000301"
		},
		{
			"arsId": "03170",
			"beginTm": "05:27",
			"busRouteAbrv": "405",
			"busRouteId": "100100597",
			"busRouteNm": "405",
			"direction": "염곡동",
			"gpsX": "126.9841668777",
			"gpsY": "37.548395263",
			"lastTm": "00:00",
			"posX": "198601.03286614513",
			"posY": "449880.8807753739",
			"routeType": "3",
			"sectSpd": "41",
			"section": "102600759",
			"seq": "51",
			"station": "102000076",
			"stationNm": "후암약수터",
			"stationNo": "03170",
			"transYn": "N",
			"fullSectDist": "547",
			"trnstnid": "101000301"
		},
		{
			"arsId": "03172",
			"beginTm": "05:29",
			"busRouteAbrv": "405",
			"busRouteId": "100100597",
			"busRouteNm": "405",
			"direction": "염곡동",
			"gpsX": "126.9856317665",
			"gpsY": "37.5462598541",
			"lastTm": "00:01",
			"posX": "198730.42982450555",
			"posY": "449643.88074031845",
			"routeType": "3",
			"sectSpd": "22",
			"section": "102600761",
			"seq": "52",
			"station": "102000078",
			"stationNm": "보성여중고입구",
			"stationNo": "03172",
			"transYn": "N",
			"fullSectDist": "297",
			"trnstnid": "101000301"
		},
		{
			"arsId": "03342",
			"beginTm": "05:31",
			"busRouteAbrv": "405",
			"busRouteId": "100100597",
			"busRouteNm": "405",
			"direction": "염곡동",
			"gpsX": "126.990733",
			"gpsY": "37.544673",
			"lastTm": "00:02",
			"posX": "199181.15499762213",
			"posY": "449467.7213410144",
			"routeType": "3",
			"sectSpd": "25",
			"section": "102600446",
			"seq": "53",
			"station": "102000249",
			"stationNm": "용암초등학교.이태원2동주민센터",
			"stationNo": "03342",
			"transYn": "N",
			"fullSectDist": "533",
			"trnstnid": "101000301"
		},
		{
			"arsId": "03174",
			"beginTm": "05:32",
			"busRouteAbrv": "405",
			"busRouteId": "100100597",
			"busRouteNm": "405",
			"direction": "염곡동",
			"gpsX": "126.992916961",
			"gpsY": "37.5425047481",
			"lastTm": "00:03",
			"posX": "199374.11470103497",
			"posY": "449227.0806839848",
			"routeType": "3",
			"sectSpd": "35",
			"section": "102600763",
			"seq": "54",
			"station": "102000080",
			"stationNm": "남산체육관",
			"stationNo": "03174",
			"transYn": "N",
			"fullSectDist": "364",
			"trnstnid": "101000301"
		},
		{
			"arsId": "03176",
			"beginTm": "05:33",
			"busRouteAbrv": "405",
			"busRouteId": "100100597",
			"busRouteNm": "405",
			"direction": "염곡동",
			"gpsX": "126.9973120467",
			"gpsY": "37.540892404",
			"lastTm": "00:04",
			"posX": "199762.47671596543",
			"posY": "449048.1290971115",
			"routeType": "3",
			"sectSpd": "97",
			"section": "102600765",
			"seq": "55",
			"station": "102000082",
			"stationNm": "하얏트호텔",
			"stationNo": "03176",
			"transYn": "N",
			"fullSectDist": "441",
			"trnstnid": "101000301"
		},
		{
			"arsId": "03158",
			"beginTm": "05:34",
			"busRouteAbrv": "405",
			"busRouteId": "100100597",
			"busRouteNm": "405",
			"direction": "염곡동",
			"gpsX": "127.002202",
			"gpsY": "37.545795",
			"lastTm": "00:06",
			"posX": "200194.56886465472",
			"posY": "449592.1983497259",
			"routeType": "3",
			"sectSpd": "24",
			"section": "102603036",
			"seq": "56",
			"station": "102000064",
			"stationNm": "장충단로입구",
			"stationNo": "03158",
			"transYn": "N",
			"fullSectDist": "1258",
			"trnstnid": "101000301"
		},
		{
			"arsId": "03196",
			"beginTm": "05:37",
			"busRouteAbrv": "405",
			"busRouteId": "100100597",
			"busRouteNm": "405",
			"direction": "염곡동",
			"gpsX": "127.001669577",
			"gpsY": "37.5407264564",
			"lastTm": "00:09",
			"posX": "200147.53392140986",
			"posY": "449029.71082324954",
			"routeType": "3",
			"sectSpd": "38",
			"section": "102600770",
			"seq": "57",
			"station": "102000102",
			"stationNm": "한강진역.블루스퀘어",
			"stationNo": "03196",
			"transYn": "N",
			"fullSectDist": "594",
			"trnstnid": "101000301"
		},
		{
			"arsId": "03194",
			"beginTm": "05:38",
			"busRouteAbrv": "405",
			"busRouteId": "100100597",
			"busRouteNm": "405",
			"direction": "염곡동",
			"gpsX": "127.0003213662",
			"gpsY": "37.5368442711",
			"lastTm": "00:10",
			"posX": "200028.3993334566",
			"posY": "448598.88059725286",
			"routeType": "3",
			"sectSpd": "64",
			"section": "102602974",
			"seq": "58",
			"station": "102000100",
			"stationNm": "한남동주민센터",
			"stationNo": "03194",
			"transYn": "N",
			"fullSectDist": "464",
			"trnstnid": "101000301"
		},
		{
			"arsId": "03192",
			"beginTm": "05:40",
			"busRouteAbrv": "405",
			"busRouteId": "100100597",
			"busRouteNm": "405",
			"direction": "염곡동",
			"gpsX": "126.9966370647",
			"gpsY": "37.5347500738",
			"lastTm": "00:11",
			"posX": "199702.806978911",
			"posY": "448366.4805729301",
			"routeType": "3",
			"sectSpd": "35",
			"section": "102600675",
			"seq": "59",
			"station": "102000098",
			"stationNm": "이태원119안전센터",
			"stationNo": "03192",
			"transYn": "N",
			"fullSectDist": "422",
			"trnstnid": "101000301"
		},
		{
			"arsId": "03283",
			"beginTm": "05:41",
			"busRouteAbrv": "405",
			"busRouteId": "100100597",
			"busRouteNm": "405",
			"direction": "염곡동",
			"gpsX": "126.9941047683",
			"gpsY": "37.5336208994",
			"lastTm": "00:13",
			"posX": "199479.01223783309",
			"posY": "448241.18055281835",
			"routeType": "3",
			"sectSpd": "23",
			"section": "102600533",
			"seq": "60",
			"station": "102000189",
			"stationNm": "이태원역.보광동입구",
			"stationNo": "03283",
			"transYn": "N",
			"fullSectDist": "341",
			"trnstnid": "101000301"
		},
		{
			"arsId": "03281",
			"beginTm": "05:43",
			"busRouteAbrv": "405",
			"busRouteId": "100100597",
			"busRouteNm": "405",
			"direction": "염곡동",
			"gpsX": "126.9965252457",
			"gpsY": "37.5303662302",
			"lastTm": "00:15",
			"posX": "199692.90721239182",
			"posY": "447879.98050415935",
			"routeType": "3",
			"sectSpd": "23",
			"section": "102600535",
			"seq": "61",
			"station": "102000187",
			"stationNm": "한국폴리텍1대학",
			"stationNo": "03281",
			"transYn": "N",
			"fullSectDist": "434",
			"trnstnid": "101000301"
		},
		{
			"arsId": "03280",
			"beginTm": "05:44",
			"busRouteAbrv": "405",
			"busRouteId": "100100597",
			"busRouteNm": "405",
			"direction": "염곡동",
			"gpsX": "126.9988968458",
			"gpsY": "37.5281820141",
			"lastTm": "00:16",
			"posX": "199902.502292827",
			"posY": "447637.5804700735",
			"routeType": "3",
			"sectSpd": "24",
			"section": "102603198",
			"seq": "62",
			"station": "102000186",
			"stationNm": "기업은행보광동지점",
			"stationNo": "03280",
			"transYn": "N",
			"fullSectDist": "326",
			"trnstnid": "101000301"
		},
		{
			"arsId": "03278",
			"beginTm": "05:45",
			"busRouteAbrv": "405",
			"busRouteId": "100100597",
			"busRouteNm": "405",
			"direction": "염곡동",
			"gpsX": "127.0005046107",
			"gpsY": "37.5264591178",
			"lastTm": "00:17",
			"posX": "200044.5989489414",
			"posY": "447446.38044050103",
			"routeType": "3",
			"sectSpd": "14",
			"section": "102600537",
			"seq": "63",
			"station": "102000184",
			"stationNm": "보광동주민센터",
			"stationNo": "03278",
			"transYn": "N",
			"fullSectDist": "239",
			"trnstnid": "101000301"
		},
		{
			"arsId": "03276",
			"beginTm": "05:46",
			"busRouteAbrv": "405",
			"busRouteId": "100100597",
			"busRouteNm": "405",
			"direction": "염곡동",
			"gpsX": "127.0020297105",
			"gpsY": "37.5247380028",
			"lastTm": "00:18",
			"posX": "200179.39578911534",
			"posY": "447255.38041551085",
			"routeType": "3",
			"sectSpd": "31",
			"section": "102600677",
			"seq": "64",
			"station": "102000182",
			"stationNm": "보광신동아아파트삼성리버빌아파트",
			"stationNo": "03276",
			"transYn": "N",
			"fullSectDist": "259",
			"trnstnid": "101000301"
		},
		{
			"arsId": "03275",
			"beginTm": "05:47",
			"busRouteAbrv": "405",
			"busRouteId": "100100597",
			"busRouteNm": "405",
			"direction": "염곡동",
			"gpsX": "126.9968594154",
			"gpsY": "37.5211822412",
			"lastTm": "00:18",
			"posX": "199722.40652404868",
			"posY": "446860.78036613483",
			"routeType": "3",
			"sectSpd": "31",
			"section": "102600678",
			"seq": "65",
			"station": "102000181",
			"stationNm": "동빙고동",
			"stationNo": "03275",
			"transYn": "N",
			"fullSectDist": "619",
			"trnstnid": "101000301"
		},
		{
			"arsId": "03273",
			"beginTm": "05:48",
			"busRouteAbrv": "405",
			"busRouteId": "100100597",
			"busRouteNm": "405",
			"direction": "염곡동",
			"gpsX": "126.9947800822",
			"gpsY": "37.5203261231",
			"lastTm": "00:20",
			"posX": "199538.61084229097",
			"posY": "446765.780355704",
			"routeType": "3",
			"sectSpd": "13",
			"section": "102600679",
			"seq": "66",
			"station": "102000179",
			"stationNm": "서빙고동주민센터",
			"stationNo": "03273",
			"transYn": "N",
			"fullSectDist": "202",
			"trnstnid": "101000301"
		},
		{
			"arsId": "03268",
			"beginTm": "05:49",
			"busRouteAbrv": "405",
			"busRouteId": "100100597",
			"busRouteNm": "405",
			"direction": "염곡동",
			"gpsX": "126.9908893645",
			"gpsY": "37.5211711184",
			"lastTm": "00:21",
			"posX": "199194.71892129656",
			"posY": "446859.58036771696",
			"routeType": "3",
			"sectSpd": "30",
			"section": "102601201",
			"seq": "67",
			"station": "102000174",
			"stationNm": "서빙고초등학교",
			"stationNo": "03268",
			"transYn": "N",
			"fullSectDist": "482",
			"trnstnid": "101000301"
		},
		{
			"arsId": "03323",
			"beginTm": "05:50",
			"busRouteAbrv": "405",
			"busRouteId": "100100597",
			"busRouteNm": "405",
			"direction": "염곡동",
			"gpsX": "126.9909910111",
			"gpsY": "37.5226137862",
			"lastTm": "00:22",
			"posX": "199203.71870784042",
			"posY": "447019.68038680404",
			"routeType": "3",
			"sectSpd": "14",
			"section": "102600773",
			"seq": "68",
			"station": "102000229",
			"stationNm": "서빙고동금호베스트빌",
			"stationNo": "03323",
			"transYn": "N",
			"fullSectDist": "163",
			"trnstnid": "101000301"
		},
		{
			"arsId": "03156",
			"beginTm": "05:50",
			"busRouteAbrv": "405",
			"busRouteId": "100100597",
			"busRouteNm": "405",
			"direction": "염곡동",
			"gpsX": "126.9924287738",
			"gpsY": "37.5245025908",
			"lastTm": "00:23",
			"posX": "199330.81571595138",
			"posY": "447229.28041745536",
			"routeType": "3",
			"sectSpd": "61",
			"section": "102602947",
			"seq": "69",
			"station": "102000062",
			"stationNm": "한강중학교앞",
			"stationNo": "03156",
			"transYn": "N",
			"fullSectDist": "438",
			"trnstnid": "101000301"
		},
		{
			"arsId": "22404",
			"beginTm": "05:51",
			"busRouteAbrv": "405",
			"busRouteId": "100100597",
			"busRouteNm": "405",
			"direction": "염곡동",
			"gpsX": "126.9973394262",
			"gpsY": "37.5120288778",
			"lastTm": "00:24",
			"posX": "199764.805524837",
			"posY": "445844.980230527",
			"routeType": "3",
			"sectSpd": "57",
			"section": "121608511",
			"seq": "70",
			"station": "121000939",
			"stationNm": "반포한강공원.세빛섬",
			"stationNo": "22404",
			"transYn": "N",
			"fullSectDist": "1471",
			"trnstnid": "101000301"
		},
		{
			"arsId": "22212",
			"beginTm": "05:54",
			"busRouteAbrv": "405",
			"busRouteId": "100100597",
			"busRouteNm": "405",
			"direction": "염곡동",
			"gpsX": "127.0037911468",
			"gpsY": "37.4997035768",
			"lastTm": "00:26",
			"posX": "200335.1921270398",
			"posY": "444477.1800411851",
			"routeType": "3",
			"sectSpd": "20",
			"section": "121608513",
			"seq": "71",
			"station": "121000136",
			"stationNm": "서울지방조달청.서울성모병원",
			"stationNo": "22212",
			"transYn": "N",
			"fullSectDist": "1489",
			"trnstnid": "101000301"
		},
		{
			"arsId": "22138",
			"beginTm": "05:57",
			"busRouteAbrv": "405",
			"busRouteId": "100100597",
			"busRouteNm": "405",
			"direction": "염곡동",
			"gpsX": "127.006115",
			"gpsY": "37.494383",
			"lastTm": "00:30",
			"posX": "200540.69267063373",
			"posY": "443886.73928364785",
			"routeType": "3",
			"sectSpd": "40",
			"section": "121608517",
			"seq": "72",
			"station": "121000062",
			"stationNm": "서울중앙지방검찰청대검찰청",
			"stationNo": "22138",
			"transYn": "N",
			"fullSectDist": "1483",
			"trnstnid": "101000301"
		},
		{
			"arsId": "22379",
			"beginTm": "05:58",
			"busRouteAbrv": "405",
			"busRouteId": "100100597",
			"busRouteNm": "405",
			"direction": "염곡동",
			"gpsX": "127.0078482797",
			"gpsY": "37.4907950688",
			"lastTm": "00:32",
			"posX": "200693.98369818722",
			"posY": "443488.57990805665",
			"routeType": "3",
			"sectSpd": "50",
			"section": "121608485",
			"seq": "73",
			"station": "121000300",
			"stationNm": "서초역3번출구",
			"stationNo": "22379",
			"transYn": "N",
			"fullSectDist": "432",
			"trnstnid": "101000301"
		},
		{
			"arsId": "22142",
			"beginTm": "06:00",
			"busRouteAbrv": "405",
			"busRouteId": "100100597",
			"busRouteNm": "405",
			"direction": "염곡동",
			"gpsX": "127.0089653123",
			"gpsY": "37.4885115912",
			"lastTm": "00:34",
			"posX": "200792.78137763412",
			"posY": "443235.17987831775",
			"routeType": "3",
			"sectSpd": "10",
			"section": "121601363",
			"seq": "74",
			"station": "121000066",
			"stationNm": "서초동삼성아파트",
			"stationNo": "22142",
			"transYn": "N",
			"fullSectDist": "264",
			"trnstnid": "101000301"
		},
		{
			"arsId": "22141",
			"beginTm": "06:02",
			"busRouteAbrv": "405",
			"busRouteId": "100100597",
			"busRouteNm": "405",
			"direction": "염곡동",
			"gpsX": "127.0105005709",
			"gpsY": "37.4854801487",
			"lastTm": "00:34",
			"posX": "200928.57819003324",
			"posY": "442898.7798342644",
			"routeType": "3",
			"sectSpd": "27",
			"section": "121608400",
			"seq": "75",
			"station": "121000065",
			"stationNm": "서초유스센터.서초아트자이",
			"stationNo": "22141",
			"transYn": "N",
			"fullSectDist": "369",
			"trnstnid": "101000301"
		},
		{
			"arsId": "22143",
			"beginTm": "06:02",
			"busRouteAbrv": "405",
			"busRouteId": "100100597",
			"busRouteNm": "405",
			"direction": "염곡동",
			"gpsX": "127.0116355253",
			"gpsY": "37.4831290593",
			"lastTm": "00:37",
			"posX": "201028.9758259224",
			"posY": "442637.8798008156",
			"routeType": "3",
			"sectSpd": "64",
			"section": "121601366",
			"seq": "76",
			"station": "121000067",
			"stationNm": "서초3동주민센터",
			"stationNo": "22143",
			"transYn": "N",
			"fullSectDist": "283",
			"trnstnid": "101000301"
		},
		{
			"arsId": "22154",
			"beginTm": "06:04",
			"busRouteAbrv": "405",
			"busRouteId": "100100597",
			"busRouteNm": "405",
			"direction": "염곡동",
			"gpsX": "127.0176022215",
			"gpsY": "37.4817361133",
			"lastTm": "00:37",
			"posX": "201556.66342849433",
			"posY": "442483.379778937",
			"routeType": "3",
			"sectSpd": "38",
			"section": "121608520",
			"seq": "77",
			"station": "121000078",
			"stationNm": "남부터미널.기쁨병원",
			"stationNo": "22154",
			"transYn": "N",
			"fullSectDist": "719",
			"trnstnid": "101000301"
		},
		{
			"arsId": "22111",
			"beginTm": "06:06",
			"busRouteAbrv": "405",
			"busRouteId": "100100597",
			"busRouteNm": "405",
			"direction": "염곡동",
			"gpsX": "127.0216177244",
			"gpsY": "37.4825932992",
			"lastTm": "00:39",
			"posX": "201911.7550933073",
			"posY": "442578.57979506534",
			"routeType": "3",
			"sectSpd": "19",
			"section": "121600892",
			"seq": "78",
			"station": "121000035",
			"stationNm": "서울시인재개발원.한우리문화센터",
			"stationNo": "22111",
			"transYn": "N",
			"fullSectDist": "374",
			"trnstnid": "101000301"
		},
		{
			"arsId": "22130",
			"beginTm": "06:07",
			"busRouteAbrv": "405",
			"busRouteId": "100100597",
			"busRouteNm": "405",
			"direction": "염곡동",
			"gpsX": "127.030915286",
			"gpsY": "37.4838446697",
			"lastTm": "00:40",
			"posX": "202733.9357752865",
			"posY": "442717.67982328404",
			"routeType": "3",
			"sectSpd": "36",
			"section": "121600898",
			"seq": "79",
			"station": "121000054",
			"stationNm": "서초구청",
			"stationNo": "22130",
			"transYn": "N",
			"fullSectDist": "837",
			"trnstnid": "101000301"
		},
		{
			"arsId": "22289",
			"beginTm": "06:09",
			"busRouteAbrv": "405",
			"busRouteId": "100100597",
			"busRouteNm": "405",
			"direction": "염곡동",
			"gpsX": "127.0348614229",
			"gpsY": "37.4832966004",
			"lastTm": "00:43",
			"posX": "203082.92757822212",
			"posY": "442656.9798081843",
			"routeType": "3",
			"sectSpd": "65",
			"section": "121608240",
			"seq": "80",
			"station": "121000213",
			"stationNm": "양재역",
			"stationNo": "22289",
			"transYn": "N",
			"fullSectDist": "450",
			"trnstnid": "101000301"
		},
		{
			"arsId": "22291",
			"beginTm": "06:10",
			"busRouteAbrv": "405",
			"busRouteId": "100100597",
			"busRouteNm": "405",
			"direction": "염곡동",
			"gpsX": "127.0382039618",
			"gpsY": "37.4788621279",
			"lastTm": "00:44",
			"posX": "203378.72062969214",
			"posY": "442164.9797498975",
			"routeType": "3",
			"sectSpd": "39",
			"section": "121608243",
			"seq": "81",
			"station": "121000215",
			"stationNm": "일동제약사거리",
			"stationNo": "22291",
			"transYn": "N",
			"fullSectDist": "595",
			"trnstnid": "101000301"
		},
		{
			"arsId": "22294",
			"beginTm": "06:12",
			"busRouteAbrv": "405",
			"busRouteId": "100100597",
			"busRouteNm": "405",
			"direction": "염곡동",
			"gpsX": "127.038353",
			"gpsY": "37.473135",
			"lastTm": "00:46",
			"posX": "203392.16027645615",
			"posY": "441529.41871323716",
			"routeType": "3",
			"sectSpd": "18",
			"section": "121607585",
			"seq": "82",
			"station": "121000218",
			"stationNm": "매헌시민의숲",
			"stationNo": "22294",
			"transYn": "N",
			"fullSectDist": "639",
			"trnstnid": "101000301"
		},
		{
			"arsId": "22298",
			"beginTm": "06:15",
			"busRouteAbrv": "405",
			"busRouteId": "100100597",
			"busRouteNm": "405",
			"direction": "염곡동",
			"gpsX": "127.039655",
			"gpsY": "37.468707",
			"lastTm": "00:48",
			"posX": "203507.52356935103",
			"posY": "441038.0707820216",
			"routeType": "3",
			"sectSpd": "47",
			"section": "121601369",
			"seq": "83",
			"station": "121000222",
			"stationNm": "AT센터.양재꽃시장",
			"stationNo": "22298",
			"transYn": "N",
			"fullSectDist": "649",
			"trnstnid": "101000301"
		},
		{
			"arsId": "22378",
			"beginTm": "06:18",
			"busRouteAbrv": "405",
			"busRouteId": "100100597",
			"busRouteNm": "405",
			"direction": "염곡동",
			"gpsX": "127.0443893195",
			"gpsY": "37.4662408667",
			"lastTm": "00:51",
			"posX": "203926.4077669682",
			"posY": "440764.5795606058",
			"routeType": "3",
			"sectSpd": "37",
			"section": "121602674",
			"seq": "84",
			"station": "121000299",
			"stationNm": "도로교통공단서울지부.코트라",
			"stationNo": "22378",
			"transYn": "N",
			"fullSectDist": "608",
			"trnstnid": "101000301"
		}
	]
}