{
	"count": 146,
	"result": [
		{
			"arsId": "09104",
			"beginTm": "00:00",
			"busRouteAbrv": "N15",
			"busRouteId": "100100610",
			"busRouteNm": "N15",
			"direction": "남태령역",
			"gpsX": "127.013357",
			"gpsY": "37.662045",
			"lastTm": "03:05",
			"posX": "201178.3901577947",
			"posY": "462493.3693725532",
			"routeType": "3",
			"sectSpd": "0",
			"section": "0",
			"seq": "1",
			"station": "108000016",
			"stationNm": "우이동성원아파트",
			"stationNo": "09104",
			"transYn": "N",
			"fullSectDist": "0",
			"trnstnid": "120000061"
		},
		{
			"arsId": "09286",
			"beginTm": "00:00",
			"busRouteAbrv": "N15",
			"busRouteId": "100100610",
			"busRouteNm": "N15",
			"direction": "남태령역",
			"gpsX": "127.012730028",
			"gpsY": "37.6631049128",
			"lastTm": "03:36",
			"posX": "201123.06104704048",
			"posY": "462610.98891066434",
			"routeType": "3",
			"sectSpd": "21",
			"section": "108601824",
			"seq": "2",
			"station": "108000193",
			"stationNm": "우이동도선사입구",
			"stationNo": "09286",
			"transYn": "N",
			"fullSectDist": "126",
			"trnstnid": "120000061"
		},
		{
			"arsId": "10342",
			"beginTm": "01:00",
			"busRouteAbrv": "N15",
			"busRouteId": "100100610",
			"busRouteNm": "N15",
			"direction": "남태령역",
			"gpsX": "127.0147587067",
			"gpsY": "37.6618138354",
			"lastTm": "03:37",
			"posX": "201302.0564990448",
			"posY": "462467.7336789272",
			"routeType": "3",
			"sectSpd": "38",
			"section": "108602716",
			"seq": "3",
			"station": "108000384",
			"stationNm": "한국사회봉사회",
			"stationNo": "10342",
			"transYn": "N",
			"fullSectDist": "287",
			"trnstnid": "120000061"
		},
		{
			"arsId": "10184",
			"beginTm": "23:55",
			"busRouteAbrv": "N15",
			"busRouteId": "100100610",
			"busRouteNm": "N15",
			"direction": "남태령역",
			"gpsX": "127.0229753659",
			"gpsY": "37.6618859481",
			"lastTm": "02:36",
			"posX": "202026.95237986377",
			"posY": "462475.8824643055",
			"routeType": "3",
			"sectSpd": "46",
			"section": "108602484",
			"seq": "4",
			"station": "109000099",
			"stationNm": "연산군.정의공주묘",
			"stationNo": "10184",
			"transYn": "N",
			"fullSectDist": "828",
			"trnstnid": "120000061"
		},
		{
			"arsId": "10186",
			"beginTm": "23:57",
			"busRouteAbrv": "N15",
			"busRouteId": "100100610",
			"busRouteNm": "N15",
			"direction": "남태령역",
			"gpsX": "127.028111025",
			"gpsY": "37.6616802914",
			"lastTm": "02:37",
			"posX": "202480.04173967533",
			"posY": "462453.1824691007",
			"routeType": "3",
			"sectSpd": "22",
			"section": "109600714",
			"seq": "5",
			"station": "109000101",
			"stationNm": "방학동신동아타워",
			"stationNo": "10186",
			"transYn": "N",
			"fullSectDist": "475",
			"trnstnid": "120000061"
		},
		{
			"arsId": "10189",
			"beginTm": "23:46",
			"busRouteAbrv": "N15",
			"busRouteId": "100100610",
			"busRouteNm": "N15",
			"direction": "남태령역",
			"gpsX": "127.0313834612",
			"gpsY": "37.6619831294",
			"lastTm": "02:40",
			"posX": "202768.7349612754",
			"posY": "462486.8824705067",
			"routeType": "3",
			"sectSpd": "16",
			"section": "109600852",
			"seq": "6",
			"station": "109000104",
			"stationNm": "방학동신동아아파트",
			"stationNo": "10189",
			"transYn": "N",
			"fullSectDist": "287",
			"trnstnid": "120000061"
		},
		{
			"arsId": "10191",
			"beginTm": "23:46",
			"busRouteAbrv": "N15",
			"busRouteId": "100100610",
			"busRouteNm": "N15",
			"direction": "남태령역",
			"gpsX": "127.0343340389",
			"gpsY": "37.6623319258",
			"lastTm": "02:40",
			"posX": "203029.02884728345",
			"posY": "462525.68248501886",
			"routeType": "3",
			"sectSpd": "8",
			"section": "109602318",
			"seq": "7",
			"station": "109000106",
			"stationNm": "국민은행방학지점",
			"stationNo": "10191",
			"transYn": "N",
			"fullSectDist": "264",
			"trnstnid": "120000061"
		},
		{
			"arsId": "10193",
			"beginTm": "23:47",
			"busRouteAbrv": "N15",
			"busRouteId": "100100610",
			"busRouteNm": "N15",
			"direction": "남태령역",
			"gpsX": "127.037002395",
			"gpsY": "37.6626546059",
			"lastTm": "02:46",
			"posX": "203264.4233118607",
			"posY": "462561.58249020716",
			"routeType": "3",
			"sectSpd": "37",
			"section": "109600799",
			"seq": "8",
			"station": "109000108",
			"stationNm": "신한은행방학동지점",
			"stationNo": "10193",
			"transYn": "N",
			"fullSectDist": "238",
			"trnstnid": "120000061"
		},
		{
			"arsId": "10195",
			"beginTm": "23:48",
			"busRouteAbrv": "N15",
			"busRouteId": "100100610",
			"busRouteNm": "N15",
			"direction": "남태령역",
			"gpsX": "127.0404969177",
			"gpsY": "37.6626723806",
			"lastTm": "02:46",
			"posX": "203572.71606717727",
			"posY": "462563.682491784",
			"routeType": "3",
			"sectSpd": "34",
			"section": "109600800",
			"seq": "9",
			"station": "109000110",
			"stationNm": "방학사거리",
			"stationNo": "10195",
			"transYn": "N",
			"fullSectDist": "309",
			"trnstnid": "120000061"
		},
		{
			"arsId": "10304",
			"beginTm": "23:49",
			"busRouteAbrv": "N15",
			"busRouteId": "100100610",
			"busRouteNm": "N15",
			"direction": "남태령역",
			"gpsX": "127.04192",
			"gpsY": "37.661947",
			"lastTm": "02:45",
			"posX": "203698.2991218053",
			"posY": "462483.2362174103",
			"routeType": "3",
			"sectSpd": "31",
			"section": "109602320",
			"seq": "10",
			"station": "109000216",
			"stationNm": "정병원",
			"stationNo": "10304",
			"transYn": "N",
			"fullSectDist": "164",
			"trnstnid": "120000061"
		},
		{
			"arsId": "10011",
			"beginTm": "23:50",
			"busRouteAbrv": "N15",
			"busRouteId": "100100610",
			"busRouteNm": "N15",
			"direction": "남태령역",
			"gpsX": "127.0407623758",
			"gpsY": "37.6589364195",
			"lastTm": "02:46",
			"posX": "203596.31551876556",
			"posY": "462149.08244007546",
			"routeType": "3",
			"sectSpd": "71",
			"section": "109602298",
			"seq": "11",
			"station": "109000011",
			"stationNm": "도봉보건소",
			"stationNo": "10011",
			"transYn": "N",
			"fullSectDist": "389",
			"trnstnid": "120000061"
		},
		{
			"arsId": "10013",
			"beginTm": "23:51",
			"busRouteAbrv": "N15",
			"busRouteId": "100100610",
			"busRouteNm": "N15",
			"direction": "남태령역",
			"gpsX": "127.0381736668",
			"gpsY": "37.6545598452",
			"lastTm": "02:44",
			"posX": "203368.12087380825",
			"posY": "461663.2823651531",
			"routeType": "3",
			"sectSpd": "43",
			"section": "109602212",
			"seq": "12",
			"station": "109000013",
			"stationNm": "도봉구민회관.도봉문화원",
			"stationNo": "10013",
			"transYn": "N",
			"fullSectDist": "537",
			"trnstnid": "120000061"
		},
		{
			"arsId": "10015",
			"beginTm": "23:52",
			"busRouteAbrv": "N15",
			"busRouteId": "100100610",
			"busRouteNm": "N15",
			"direction": "남태령역",
			"gpsX": "127.0347686574",
			"gpsY": "37.6488174173",
			"lastTm": "02:49",
			"posX": "203067.92792580216",
			"posY": "461025.88228340773",
			"routeType": "3",
			"sectSpd": "39",
			"section": "109600007",
			"seq": "13",
			"station": "109000015",
			"stationNm": "쌍문역",
			"stationNo": "10015",
			"transYn": "N",
			"fullSectDist": "705",
			"trnstnid": "120000061"
		},
		{
			"arsId": "10017",
			"beginTm": "23:54",
			"busRouteAbrv": "N15",
			"busRouteId": "100100610",
			"busRouteNm": "N15",
			"direction": "남태령역",
			"gpsX": "127.0326524367",
			"gpsY": "37.6452929962",
			"lastTm": "02:47",
			"posX": "202881.33231211998",
			"posY": "460634.68222301174",
			"routeType": "3",
			"sectSpd": "41",
			"section": "109600263",
			"seq": "14",
			"station": "109000017",
			"stationNm": "우이1교앞",
			"stationNo": "10017",
			"transYn": "N",
			"fullSectDist": "434",
			"trnstnid": "120000061"
		},
		{
			"arsId": "09001",
			"beginTm": "23:55",
			"busRouteAbrv": "N15",
			"busRouteId": "100100610",
			"busRouteNm": "N15",
			"direction": "남태령역",
			"gpsX": "127.0290427051",
			"gpsY": "37.6412417798",
			"lastTm": "02:47",
			"posX": "202562.9397895308",
			"posY": "460184.9821679266",
			"routeType": "3",
			"sectSpd": "41",
			"section": "108602301",
			"seq": "15",
			"station": "108000001",
			"stationNm": "수유3동우체국",
			"stationNo": "09001",
			"transYn": "N",
			"fullSectDist": "560",
			"trnstnid": "120000061"
		},
		{
			"arsId": "09013",
			"beginTm": "23:56",
			"busRouteAbrv": "N15",
			"busRouteId": "100100610",
			"busRouteNm": "N15",
			"direction": "남태령역",
			"gpsX": "127.0261000734",
			"gpsY": "37.6384770489",
			"lastTm": "02:53",
			"posX": "202303.34589257836",
			"posY": "459878.08212346584",
			"routeType": "3",
			"sectSpd": "28",
			"section": "108601712",
			"seq": "16",
			"station": "108000378",
			"stationNm": "수유(강북구청)역",
			"stationNo": "09013",
			"transYn": "N",
			"fullSectDist": "402",
			"trnstnid": "120000061"
		},
		{
			"arsId": "09003",
			"beginTm": "23:58",
			"busRouteAbrv": "N15",
			"busRouteId": "100100610",
			"busRouteNm": "N15",
			"direction": "남태령역",
			"gpsX": "127.0241165419",
			"gpsY": "37.6366590882",
			"lastTm": "02:38",
			"posX": "202128.34999848664",
			"posY": "459676.28209427185",
			"routeType": "3",
			"sectSpd": "30",
			"section": "108600365",
			"seq": "17",
			"station": "108000003",
			"stationNm": "수유역",
			"stationNo": "09003",
			"transYn": "N",
			"fullSectDist": "268",
			"trnstnid": "120000061"
		},
		{
			"arsId": "09005",
			"beginTm": "23:59",
			"busRouteAbrv": "N15",
			"busRouteId": "100100610",
			"busRouteNm": "N15",
			"direction": "남태령역",
			"gpsX": "127.0241719892",
			"gpsY": "37.6312262117",
			"lastTm": "02:39",
			"posX": "202133.39869405638",
			"posY": "459073.35532524204",
			"routeType": "3",
			"sectSpd": "42",
			"section": "108602692",
			"seq": "18",
			"station": "108000005",
			"stationNm": "수유시장.성신여대미아캠퍼스앞",
			"stationNo": "09005",
			"transYn": "N",
			"fullSectDist": "642",
			"trnstnid": "120000061"
		},
		{
			"arsId": "09007",
			"beginTm": "00:01",
			"busRouteAbrv": "N15",
			"busRouteId": "100100610",
			"busRouteNm": "N15",
			"direction": "남태령역",
			"gpsX": "127.0266493048",
			"gpsY": "37.6248696784",
			"lastTm": "02:30",
			"posX": "202352.24473892854",
			"posY": "458367.9819166311",
			"routeType": "3",
			"sectSpd": "42",
			"section": "108602395",
			"seq": "19",
			"station": "108000007",
			"stationNm": "미아역.신일중고",
			"stationNo": "09007",
			"transYn": "N",
			"fullSectDist": "740",
			"trnstnid": "120000061"
		},
		{
			"arsId": "09009",
			"beginTm": "00:04",
			"busRouteAbrv": "N15",
			"busRouteId": "100100610",
			"busRouteNm": "N15",
			"direction": "남태령역",
			"gpsX": "127.028719403",
			"gpsY": "37.6197140913",
			"lastTm": "01:53",
			"posX": "202535.1404429036",
			"posY": "457795.88184502814",
			"routeType": "3",
			"sectSpd": "34",
			"section": "108602413",
			"seq": "20",
			"station": "108000009",
			"stationNm": "도봉세무서.성북시장",
			"stationNo": "09009",
			"transYn": "N",
			"fullSectDist": "602",
			"trnstnid": "120000061"
		},
		{
			"arsId": "09011",
			"beginTm": "00:05",
			"busRouteAbrv": "N15",
			"busRouteId": "100100610",
			"busRouteNm": "N15",
			"direction": "남태령역",
			"gpsX": "127.0299325391",
			"gpsY": "37.6137621245",
			"lastTm": "01:55",
			"posX": "202642.43792619967",
			"posY": "457135.38175417343",
			"routeType": "3",
			"sectSpd": "32",
			"section": "108602305",
			"seq": "21",
			"station": "108000011",
			"stationNm": "미아사거리역",
			"stationNo": "09011",
			"transYn": "N",
			"fullSectDist": "677",
			"trnstnid": "120000061"
		},
		{
			"arsId": "08001",
			"beginTm": "00:07",
			"busRouteAbrv": "N15",
			"busRouteId": "100100610",
			"busRouteNm": "N15",
			"direction": "남태령역",
			"gpsX": "127.028209324",
			"gpsY": "37.6069061871",
			"lastTm": "01:57",
			"posX": "202490.54149562155",
			"posY": "456374.4816563325",
			"routeType": "3",
			"sectSpd": "49",
			"section": "107603114",
			"seq": "22",
			"station": "107000001",
			"stationNm": "월곡뉴타운",
			"stationNo": "08001",
			"transYn": "N",
			"fullSectDist": "818",
			"trnstnid": "120000061"
		},
		{
			"arsId": "08003",
			"beginTm": "00:11",
			"busRouteAbrv": "N15",
			"busRouteId": "100100610",
			"busRouteNm": "N15",
			"direction": "남태령역",
			"gpsX": "127.0241681657",
			"gpsY": "37.6036262275",
			"lastTm": "01:59",
			"posX": "202133.84987386965",
			"posY": "456010.38160075014",
			"routeType": "3",
			"sectSpd": "30",
			"section": "107600033",
			"seq": "23",
			"station": "107000003",
			"stationNm": "길음뉴타운",
			"stationNo": "08003",
			"transYn": "N",
			"fullSectDist": "511",
			"trnstnid": "120000061"
		},
		{
			"arsId": "08005",
			"beginTm": "00:14",
			"busRouteAbrv": "N15",
			"busRouteId": "100100610",
			"busRouteNm": "N15",
			"direction": "남태령역",
			"gpsX": "127.0217090638",
			"gpsY": "37.5988112954",
			"lastTm": "02:00",
			"posX": "201916.854974195",
			"posY": "455475.98153162654",
			"routeType": "3",
			"sectSpd": "30",
			"section": "107603122",
			"seq": "24",
			"station": "107000005",
			"stationNm": "미아리고개.미아리예술극장",
			"stationNo": "08005",
			"transYn": "N",
			"fullSectDist": "626",
			"trnstnid": "120000061"
		},
		{
			"arsId": "08007",
			"beginTm": "00:15",
			"busRouteAbrv": "N15",
			"busRouteId": "100100610",
			"busRouteNm": "N15",
			"direction": "남태령역",
			"gpsX": "127.0181313708",
			"gpsY": "37.5937432794",
			"lastTm": "02:01",
			"posX": "201601.0623912799",
			"posY": "454913.4814582472",
			"routeType": "3",
			"sectSpd": "46",
			"section": "107602535",
			"seq": "25",
			"station": "107000007",
			"stationNm": "돈암사거리.성신여대입구",
			"stationNo": "08007",
			"transYn": "N",
			"fullSectDist": "669",
			"trnstnid": "120000061"
		},
		{
			"arsId": "08175",
			"beginTm": "00:17",
			"busRouteAbrv": "N15",
			"busRouteId": "100100610",
			"busRouteNm": "N15",
			"direction": "남태령역",
			"gpsX": "127.0143473137",
			"gpsY": "37.5906107149",
			"lastTm": "02:02",
			"posX": "201266.97024106825",
			"posY": "454565.78140618047",
			"routeType": "3",
			"sectSpd": "35",
			"section": "107603297",
			"seq": "26",
			"station": "107000085",
			"stationNm": "삼선동주민센터",
			"stationNo": "08175",
			"transYn": "N",
			"fullSectDist": "671",
			"trnstnid": "120000061"
		},
		{
			"arsId": "08177",
			"beginTm": "00:20",
			"busRouteAbrv": "N15",
			"busRouteId": "100100610",
			"busRouteNm": "N15",
			"direction": "남태령역",
			"gpsX": "127.0172592603",
			"gpsY": "37.5882431642",
			"lastTm": "02:05",
			"posX": "201524.16419953166",
			"posY": "454303.0813726559",
			"routeType": "3",
			"sectSpd": "44",
			"section": "107603299",
			"seq": "27",
			"station": "107000087",
			"stationNm": "성북구청.성북경찰서",
			"stationNo": "08177",
			"transYn": "N",
			"fullSectDist": "370",
			"trnstnid": "120000061"
		},
		{
			"arsId": "08179",
			"beginTm": "00:22",
			"busRouteAbrv": "N15",
			"busRouteId": "100100610",
			"busRouteNm": "N15",
			"direction": "남태령역",
			"gpsX": "127.0189209428",
			"gpsY": "37.5858514183",
			"lastTm": "02:39",
			"posX": "201670.96074522316",
			"posY": "454037.68133416213",
			"routeType": "3",
			"sectSpd": "36",
			"section": "107600926",
			"seq": "28",
			"station": "107000089",
			"stationNm": "보문역",
			"stationNo": "08179",
			"transYn": "N",
			"fullSectDist": "311",
			"trnstnid": "120000061"
		},
		{
			"arsId": "08181",
			"beginTm": "00:23",
			"busRouteAbrv": "N15",
			"busRouteId": "100100610",
			"busRouteNm": "N15",
			"direction": "남태령역",
			"gpsX": "127.0207962235",
			"gpsY": "37.5823963244",
			"lastTm": "02:40",
			"posX": "201836.65685452125",
			"posY": "453654.2812789264",
			"routeType": "3",
			"sectSpd": "35",
			"section": "107603753",
			"seq": "29",
			"station": "107000091",
			"stationNm": "보문동성당",
			"stationNo": "08181",
			"transYn": "N",
			"fullSectDist": "419",
			"trnstnid": "120000061"
		},
		{
			"arsId": "08183",
			"beginTm": "00:26",
			"busRouteAbrv": "N15",
			"busRouteId": "100100610",
			"busRouteNm": "N15",
			"direction": "남태령역",
			"gpsX": "127.0218634882",
			"gpsY": "37.5804514958",
			"lastTm": "02:39",
			"posX": "201930.96453783044",
			"posY": "453438.47203547927",
			"routeType": "3",
			"sectSpd": "13",
			"section": "107600549",
			"seq": "30",
			"station": "107000093",
			"stationNm": "보문동주민센터",
			"stationNo": "08183",
			"transYn": "N",
			"fullSectDist": "235",
			"trnstnid": "120000061"
		},
		{
			"arsId": "01243",
			"beginTm": "00:27",
			"busRouteAbrv": "N15",
			"busRouteId": "100100610",
			"busRouteNm": "N15",
			"direction": "남태령역",
			"gpsX": "127.0227802373",
			"gpsY": "37.5759288312",
			"lastTm": "02:40",
			"posX": "202012.05273321507",
			"posY": "452936.5811903174",
			"routeType": "3",
			"sectSpd": "48",
			"section": "105602654",
			"seq": "31",
			"station": "100000147",
			"stationNm": "신설동로터리",
			"stationNo": "01243",
			"transYn": "N",
			"fullSectDist": "552",
			"trnstnid": "120000061"
		},
		{
			"arsId": "01044",
			"beginTm": "00:28",
			"busRouteAbrv": "N15",
			"busRouteId": "100100610",
			"busRouteNm": "N15",
			"direction": "남태령역",
			"gpsX": "127.0196720085",
			"gpsY": "37.5742434484",
			"lastTm": "02:12",
			"posX": "201737.55918234674",
			"posY": "452749.48116265796",
			"routeType": "3",
			"sectSpd": "29",
			"section": "100602805",
			"seq": "32",
			"station": "100000367",
			"stationNm": "동묘앞",
			"stationNo": "01044",
			"transYn": "N",
			"fullSectDist": "354",
			"trnstnid": "120000061"
		},
		{
			"arsId": "01037",
			"beginTm": "00:29",
			"busRouteAbrv": "N15",
			"busRouteId": "100100610",
			"busRouteNm": "N15",
			"direction": "남태령역",
			"gpsX": "127.0120461121",
			"gpsY": "37.5719529259",
			"lastTm": "02:13",
			"posX": "201064.02321399935",
			"posY": "452495.1732256394",
			"routeType": "3",
			"sectSpd": "28",
			"section": "100602007",
			"seq": "33",
			"station": "100000365",
			"stationNm": "동대문(흥인지문)",
			"stationNo": "01037",
			"transYn": "N",
			"fullSectDist": "719",
			"trnstnid": "120000061"
		},
		{
			"arsId": "01022",
			"beginTm": "00:31",
			"busRouteAbrv": "N15",
			"busRouteId": "100100610",
			"busRouteNm": "N15",
			"direction": "남태령역",
			"gpsX": "127.0057137364",
			"gpsY": "37.5711272339",
			"lastTm": "02:15",
			"posX": "200504.69522692286",
			"posY": "452403.4879552657",
			"routeType": "3",
			"sectSpd": "43",
			"section": "100602846",
			"seq": "34",
			"station": "100000397",
			"stationNm": "종로6가.동대문종합시장",
			"stationNo": "01022",
			"transYn": "N",
			"fullSectDist": "629",
			"trnstnid": "120000061"
		},
		{
			"arsId": "01020",
			"beginTm": "00:33",
			"busRouteAbrv": "N15",
			"busRouteId": "100100610",
			"busRouteNm": "N15",
			"direction": "남태령역",
			"gpsX": "126.9993346185",
			"gpsY": "37.5708806279",
			"lastTm": "02:16",
			"posX": "199941.22655461193",
			"posY": "452376.10534976656",
			"routeType": "3",
			"sectSpd": "45",
			"section": "100602443",
			"seq": "35",
			"station": "100000395",
			"stationNm": "종로5가.광장시장",
			"stationNo": "01020",
			"transYn": "N",
			"fullSectDist": "564",
			"trnstnid": "120000061"
		},
		{
			"arsId": "01018",
			"beginTm": "00:34",
			"busRouteAbrv": "N15",
			"busRouteId": "100100610",
			"busRouteNm": "N15",
			"direction": "남태령역",
			"gpsX": "126.9952838124",
			"gpsY": "37.5706271118",
			"lastTm": "02:19",
			"posX": "199583.41562846923",
			"posY": "452347.9812689284",
			"routeType": "3",
			"sectSpd": "66",
			"section": "100602849",
			"seq": "36",
			"station": "100000393",
			"stationNm": "종로4가.종묘",
			"stationNo": "01018",
			"transYn": "N",
			"fullSectDist": "357",
			"trnstnid": "120000061"
		},
		{
			"arsId": "01016",
			"beginTm": "00:35",
			"busRouteAbrv": "N15",
			"busRouteId": "100100610",
			"busRouteNm": "N15",
			"direction": "남태령역",
			"gpsX": "126.9899877751",
			"gpsY": "37.5703605443",
			"lastTm": "02:21",
			"posX": "199115.60954706353",
			"posY": "452318.4352062321",
			"routeType": "3",
			"sectSpd": "31",
			"section": "100602421",
			"seq": "37",
			"station": "100000391",
			"stationNm": "종로3가.탑골공원",
			"stationNo": "01016",
			"transYn": "N",
			"fullSectDist": "469",
			"trnstnid": "120000061"
		},
		{
			"arsId": "01014",
			"beginTm": "00:37",
			"busRouteAbrv": "N15",
			"busRouteId": "100100610",
			"busRouteNm": "N15",
			"direction": "남태령역",
			"gpsX": "126.9862474502",
			"gpsY": "37.5702571998",
			"lastTm": "02:23",
			"posX": "198785.22099851177",
			"posY": "452307.00817494653",
			"routeType": "3",
			"sectSpd": "25",
			"section": "100602423",
			"seq": "38",
			"station": "100000389",
			"stationNm": "종로2가",
			"stationNo": "01014",
			"transYn": "N",
			"fullSectDist": "330",
			"trnstnid": "120000061"
		},
		{
			"arsId": "02246",
			"beginTm": "00:38",
			"busRouteAbrv": "N15",
			"busRouteId": "100100610",
			"busRouteNm": "N15",
			"direction": "남태령역",
			"gpsX": "126.9824738253",
			"gpsY": "37.567557685",
			"lastTm": "02:22",
			"posX": "198451.83636724565",
			"posY": "452007.48106555874",
			"routeType": "3",
			"sectSpd": "37",
			"section": "101600277",
			"seq": "39",
			"station": "101000141",
			"stationNm": "을지로입구역.광교",
			"stationNo": "02246",
			"transYn": "N",
			"fullSectDist": "587",
			"trnstnid": "120000061"
		},
		{
			"arsId": "02140",
			"beginTm": "00:41",
			"busRouteAbrv": "N15",
			"busRouteId": "100100610",
			"busRouteNm": "N15",
			"direction": "남태령역",
			"gpsX": "126.9820649381",
			"gpsY": "37.5644917964",
			"lastTm": "02:26",
			"posX": "198415.65263856822",
			"posY": "451667.2465942367",
			"routeType": "3",
			"sectSpd": "35",
			"section": "101604433",
			"seq": "40",
			"station": "101000041",
			"stationNm": "롯데백화점",
			"stationNo": "02140",
			"transYn": "N",
			"fullSectDist": "348",
			"trnstnid": "120000061"
		},
		{
			"arsId": "02127",
			"beginTm": "00:43",
			"busRouteAbrv": "N15",
			"busRouteId": "100100610",
			"busRouteNm": "N15",
			"direction": "남태령역",
			"gpsX": "126.97792",
			"gpsY": "37.561175",
			"lastTm": "02:28",
			"posX": "198049.41064677207",
			"posY": "451299.2386104381",
			"routeType": "3",
			"sectSpd": "32",
			"section": "101600554",
			"seq": "41",
			"station": "101000032",
			"stationNm": "북창동.남대문시장",
			"stationNo": "02127",
			"transYn": "N",
			"fullSectDist": "606",
			"trnstnid": "120000061"
		},
		{
			"arsId": " ",
			"beginTm": "00:44",
			"busRouteAbrv": "N15",
			"busRouteId": "100100610",
			"busRouteNm": "N15",
			"direction": "남태령역",
			"gpsX": "126.9743556496",
			"gpsY": "37.5597967723",
			"lastTm": "02:29",
			"posX": "197734.4873902123",
			"posY": "451146.36794432765",
			"routeType": "3",
			"sectSpd": "41",
			"section": "101605103",
			"seq": "42",
			"station": "101000329",
			"stationNm": "숭례문(가상)",
			"stationNo": "미정차",
			"transYn": "N",
			"fullSectDist": "360",
			"trnstnid": "120000061"
		},
		{
			"arsId": "02008",
			"beginTm": "00:46",
			"busRouteAbrv": "N15",
			"busRouteId": "100100610",
			"busRouteNm": "N15",
			"direction": "남태령역",
			"gpsX": "126.9737783904",
			"gpsY": "37.5586388574",
			"lastTm": "02:30",
			"posX": "197683.4544204173",
			"posY": "451017.8809316247",
			"routeType": "3",
			"sectSpd": "18",
			"section": "101604437",
			"seq": "43",
			"station": "101000008",
			"stationNm": "숭례문",
			"stationNo": "02008",
			"transYn": "N",
			"fullSectDist": "134",
			"trnstnid": "120000061"
		},
		{
			"arsId": "02004",
			"beginTm": "00:46",
			"busRouteAbrv": "N15",
			"busRouteId": "100100610",
			"busRouteNm": "N15",
			"direction": "남태령역",
			"gpsX": "126.9723557118",
			"gpsY": "37.5554462091",
			"lastTm": "02:31",
			"posX": "197557.6638101256",
			"posY": "450663.60885705845",
			"routeType": "3",
			"sectSpd": "28",
			"section": "101603363",
			"seq": "44",
			"station": "101000004",
			"stationNm": "서울역버스환승센터",
			"stationNo": "02004",
			"transYn": "N",
			"fullSectDist": "393",
			"trnstnid": "120000061"
		},
		{
			"arsId": "03012",
			"beginTm": "00:47",
			"busRouteAbrv": "N15",
			"busRouteId": "100100610",
			"busRouteNm": "N15",
			"direction": "남태령역",
			"gpsX": "126.9717081909",
			"gpsY": "37.5495337218",
			"lastTm": "02:32",
			"posX": "197500.25872136327",
			"posY": "450007.48080121167",
			"routeType": "3",
			"sectSpd": "18",
			"section": "102603408",
			"seq": "45",
			"station": "102000012",
			"stationNm": "갈월동",
			"stationNo": "03012",
			"transYn": "N",
			"fullSectDist": "681",
			"trnstnid": "120000061"
		},
		{
			"arsId": "03010",
			"beginTm": "00:51",
			"busRouteAbrv": "N15",
			"busRouteId": "100100610",
			"busRouteNm": "N15",
			"direction": "남태령역",
			"gpsX": "126.9722320769",
			"gpsY": "37.5437560216",
			"lastTm": "02:37",
			"posX": "197546.3576375921",
			"posY": "449366.2807119866",
			"routeType": "3",
			"sectSpd": "96",
			"section": "102602872",
			"seq": "46",
			"station": "102000010",
			"stationNm": "숙대입구역",
			"stationNo": "03010",
			"transYn": "N",
			"fullSectDist": "647",
			"trnstnid": "120000061"
		},
		{
			"arsId": "03008",
			"beginTm": "00:52",
			"busRouteAbrv": "N15",
			"busRouteId": "100100610",
			"busRouteNm": "N15",
			"direction": "남태령역",
			"gpsX": "126.9741608708",
			"gpsY": "37.5359845015",
			"lastTm": "02:37",
			"posX": "197716.55364481258",
			"posY": "448503.7805941934",
			"routeType": "3",
			"sectSpd": "30",
			"section": "102602874",
			"seq": "47",
			"station": "102000008",
			"stationNm": "삼각지역",
			"stationNo": "03008",
			"transYn": "N",
			"fullSectDist": "881",
			"trnstnid": "120000061"
		},
		{
			"arsId": "03006",
			"beginTm": "00:55",
			"busRouteAbrv": "N15",
			"busRouteId": "100100610",
			"busRouteNm": "N15",
			"direction": "남태령역",
			"gpsX": "126.9705640624",
			"gpsY": "37.5320503694",
			"lastTm": "02:10",
			"posX": "197398.56110788728",
			"posY": "448067.2805378926",
			"routeType": "3",
			"sectSpd": "47",
			"section": "102602876",
			"seq": "48",
			"station": "102000006",
			"stationNm": "용산우체국",
			"stationNo": "03006",
			"transYn": "N",
			"fullSectDist": "544",
			"trnstnid": "120000061"
		},
		{
			"arsId": "03004",
			"beginTm": "00:57",
			"busRouteAbrv": "N15",
			"busRouteId": "100100610",
			"busRouteNm": "N15",
			"direction": "남태령역",
			"gpsX": "126.9666192358",
			"gpsY": "37.527920489",
			"lastTm": "02:11",
			"posX": "197049.7693034247",
			"posY": "447609.0804775446",
			"routeType": "3",
			"sectSpd": "32",
			"section": "102602879",
			"seq": "49",
			"station": "102000004",
			"stationNm": "신용산역",
			"stationNo": "03004",
			"transYn": "N",
			"fullSectDist": "590",
			"trnstnid": "120000061"
		},
		{
			"arsId": "03002",
			"beginTm": "00:58",
			"busRouteAbrv": "N15",
			"busRouteId": "100100610",
			"busRouteNm": "N15",
			"direction": "남태령역",
			"gpsX": "126.9631848403",
			"gpsY": "37.5243060629",
			"lastTm": "02:13",
			"posX": "196746.07643647888",
			"posY": "447208.0804308187",
			"routeType": "3",
			"sectSpd": "43",
			"section": "102602262",
			"seq": "50",
			"station": "102000002",
			"stationNm": "한강대교북단.LG유플러스",
			"stationNo": "03002",
			"transYn": "N",
			"fullSectDist": "511",
			"trnstnid": "120000061"
		},
		{
			"arsId": "03340",
			"beginTm": "01:01",
			"busRouteAbrv": "N15",
			"busRouteId": "100100610",
			"busRouteNm": "N15",
			"direction": "남태령역",
			"gpsX": "126.9585926062",
			"gpsY": "37.5176712536",
			"lastTm": "04:51",
			"posX": "196339.86575637833",
			"posY": "446471.9474990163",
			"routeType": "3",
			"sectSpd": "45",
			"section": "102602263",
			"seq": "51",
			"station": "102000247",
			"stationNm": "노들섬",
			"stationNo": "03340",
			"transYn": "N",
			"fullSectDist": "846",
			"trnstnid": "120000061"
		},
		{
			"arsId": "20014",
			"beginTm": "01:03",
			"busRouteAbrv": "N15",
			"busRouteId": "100100610",
			"busRouteNm": "N15",
			"direction": "남태령역",
			"gpsX": "126.9509621786",
			"gpsY": "37.512734203",
			"lastTm": "04:53",
			"posX": "195665.1018300626",
			"posY": "445924.38026148453",
			"routeType": "3",
			"sectSpd": "94",
			"section": "119604728",
			"seq": "52",
			"station": "119000014",
			"stationNm": "노들역",
			"stationNo": "20014",
			"transYn": "N",
			"fullSectDist": "991",
			"trnstnid": "120000061"
		},
		{
			"arsId": "20012",
			"beginTm": "01:04",
			"busRouteAbrv": "N15",
			"busRouteId": "100100610",
			"busRouteNm": "N15",
			"direction": "남태령역",
			"gpsX": "126.9447114504",
			"gpsY": "37.5138325876",
			"lastTm": "04:54",
			"posX": "195112.61480956612",
			"posY": "446046.5802899571",
			"routeType": "3",
			"sectSpd": "37",
			"section": "119605253",
			"seq": "53",
			"station": "119000012",
			"stationNm": "노량진역",
			"stationNo": "20012",
			"transYn": "N",
			"fullSectDist": "572",
			"trnstnid": "120000061"
		},
		{
			"arsId": "20240",
			"beginTm": "01:06",
			"busRouteAbrv": "N15",
			"busRouteId": "100100610",
			"busRouteNm": "N15",
			"direction": "남태령역",
			"gpsX": "126.9400621552",
			"gpsY": "37.5123768448",
			"lastTm": "02:28",
			"posX": "194701.52447109338",
			"posY": "445885.2802762957",
			"routeType": "3",
			"sectSpd": "76",
			"section": "119605482",
			"seq": "54",
			"station": "119000134",
			"stationNm": "동작구청정문",
			"stationNo": "20240",
			"transYn": "N",
			"fullSectDist": "535",
			"trnstnid": "120000061"
		},
		{
			"arsId": "20190",
			"beginTm": "01:08",
			"busRouteAbrv": "N15",
			"busRouteId": "100100610",
			"busRouteNm": "N15",
			"direction": "남태령역",
			"gpsX": "126.9400366097",
			"gpsY": "37.5103727836",
			"lastTm": "02:30",
			"posX": "194699.12452878238",
			"posY": "445662.88024183176",
			"routeType": "3",
			"sectSpd": "13",
			"section": "119600716",
			"seq": "55",
			"station": "119000097",
			"stationNm": "동작구청.노량진초등학교앞",
			"stationNo": "20190",
			"transYn": "N",
			"fullSectDist": "221",
			"trnstnid": "120000061"
		},
		{
			"arsId": "20192",
			"beginTm": "01:09",
			"busRouteAbrv": "N15",
			"busRouteId": "100100610",
			"busRouteNm": "N15",
			"direction": "남태령역",
			"gpsX": "126.9399682084",
			"gpsY": "37.5082110072",
			"lastTm": "02:32",
			"posX": "194692.9246719828",
			"posY": "445422.98020274704",
			"routeType": "3",
			"sectSpd": "17",
			"section": "119600596",
			"seq": "56",
			"station": "119000099",
			"stationNm": "장성교회",
			"stationNo": "20192",
			"transYn": "N",
			"fullSectDist": "244",
			"trnstnid": "120000061"
		},
		{
			"arsId": "20151",
			"beginTm": "01:10",
			"busRouteAbrv": "N15",
			"busRouteId": "100100610",
			"busRouteNm": "N15",
			"direction": "남태령역",
			"gpsX": "126.9385221188",
			"gpsY": "37.5046761432",
			"lastTm": "02:32",
			"posX": "194564.82767599047",
			"posY": "445030.78015448945",
			"routeType": "3",
			"sectSpd": "47",
			"section": "119600698",
			"seq": "57",
			"station": "119000058",
			"stationNm": "장승배기역",
			"stationNo": "20151",
			"transYn": "N",
			"fullSectDist": "449",
			"trnstnid": "120000061"
		},
		{
			"arsId": "20150",
			"beginTm": ":",
			"busRouteAbrv": "N15",
			"busRouteId": "100100610",
			"busRouteNm": "N15",
			"direction": "남태령역",
			"gpsX": "126.9357682657",
			"gpsY": "37.502959881",
			"lastTm": ":",
			"posX": "194321.23340500682",
			"posY": "444840.4801359908",
			"routeType": "3",
			"sectSpd": "35",
			"section": "119605344",
			"seq": "58",
			"station": "119000057",
			"stationNm": "상도초등학교입구",
			"stationNo": "20150",
			"transYn": "N",
			"fullSectDist": "308",
			"trnstnid": "120000061"
		},
		{
			"arsId": "20147",
			"beginTm": "01:12",
			"busRouteAbrv": "N15",
			"busRouteId": "100100610",
			"busRouteNm": "N15",
			"direction": "남태령역",
			"gpsX": "126.9309085729",
			"gpsY": "37.4999961167",
			"lastTm": "02:32",
			"posX": "193891.34350561662",
			"posY": "444511.88010080997",
			"routeType": "3",
			"sectSpd": "34",
			"section": "119605348",
			"seq": "59",
			"station": "119000054",
			"stationNm": "성대시장",
			"stationNo": "20147",
			"transYn": "N",
			"fullSectDist": "540",
			"trnstnid": "120000061"
		},
		{
			"arsId": "20186",
			"beginTm": "01:13",
			"busRouteAbrv": "N15",
			"busRouteId": "100100610",
			"busRouteNm": "N15",
			"direction": "남태령역",
			"gpsX": "126.9278411369",
			"gpsY": "37.4977748671",
			"lastTm": "02:36",
			"posX": "193619.9498804086",
			"posY": "444265.5800730316",
			"routeType": "3",
			"sectSpd": "19",
			"section": "119605351",
			"seq": "60",
			"station": "119000093",
			"stationNm": "신대방삼거리",
			"stationNo": "20186",
			"transYn": "N",
			"fullSectDist": "467",
			"trnstnid": "120000061"
		},
		{
			"arsId": "20188",
			"beginTm": "01:16",
			"busRouteAbrv": "N15",
			"busRouteId": "100100610",
			"busRouteNm": "N15",
			"direction": "남태령역",
			"gpsX": "126.927191",
			"gpsY": "37.494757",
			"lastTm": "02:38",
			"posX": "193562.2078345782",
			"posY": "443930.71619532304",
			"routeType": "3",
			"sectSpd": "8",
			"section": "119601458",
			"seq": "61",
			"station": "119000095",
			"stationNm": "보라매병원입구",
			"stationNo": "20188",
			"transYn": "N",
			"fullSectDist": "340",
			"trnstnid": "120000061"
		},
		{
			"arsId": "21151",
			"beginTm": "01:17",
			"busRouteAbrv": "N15",
			"busRouteId": "100100610",
			"busRouteNm": "N15",
			"direction": "남태령역",
			"gpsX": "126.9274012969",
			"gpsY": "37.490192942",
			"lastTm": "02:35",
			"posX": "193580.41171864598",
			"posY": "443424.2053024587",
			"routeType": "3",
			"sectSpd": "31",
			"section": "120602593",
			"seq": "62",
			"station": "120000050",
			"stationNm": "롯데백화점관악점",
			"stationNo": "21151",
			"transYn": "N",
			"fullSectDist": "520",
			"trnstnid": "120000061"
		},
		{
			"arsId": "21152",
			"beginTm": "01:18",
			"busRouteAbrv": "N15",
			"busRouteId": "100100610",
			"busRouteNm": "N15",
			"direction": "남태령역",
			"gpsX": "126.9290030209",
			"gpsY": "37.4866352262",
			"lastTm": "02:36",
			"posX": "193721.7474880988",
			"posY": "443029.27989465",
			"routeType": "3",
			"sectSpd": "27",
			"section": "120602595",
			"seq": "63",
			"station": "120000051",
			"stationNm": "신림동별빛거리입구",
			"stationNo": "21152",
			"transYn": "N",
			"fullSectDist": "422",
			"trnstnid": "120000061"
		},
		{
			"arsId": "21262",
			"beginTm": "01:21",
			"busRouteAbrv": "N15",
			"busRouteId": "100100610",
			"busRouteNm": "N15",
			"direction": "남태령역",
			"gpsX": "126.9331482652",
			"gpsY": "37.4844524654",
			"lastTm": "02:31",
			"posX": "194088.13887974096",
			"posY": "442786.77985573607",
			"routeType": "3",
			"sectSpd": "43",
			"section": "120602681",
			"seq": "64",
			"station": "120000160",
			"stationNm": "관악우체국.양지병원",
			"stationNo": "21262",
			"transYn": "N",
			"fullSectDist": "588",
			"trnstnid": "120000061"
		},
		{
			"arsId": "21118",
			"beginTm": "01:25",
			"busRouteAbrv": "N15",
			"busRouteId": "100100610",
			"busRouteNm": "N15",
			"direction": "남태령역",
			"gpsX": "126.936125",
			"gpsY": "37.484533",
			"lastTm": "02:37",
			"posX": "194351.38485365157",
			"posY": "442795.5344239804",
			"routeType": "3",
			"sectSpd": "49",
			"section": "120601920",
			"seq": "65",
			"station": "120000019",
			"stationNm": "KT&G관악지점",
			"stationNo": "21118",
			"transYn": "N",
			"fullSectDist": "283",
			"trnstnid": "120000061"
		},
		{
			"arsId": "21119",
			"beginTm": "01:25",
			"busRouteAbrv": "N15",
			"busRouteId": "100100610",
			"busRouteNm": "N15",
			"direction": "남태령역",
			"gpsX": "126.9432468507",
			"gpsY": "37.482008544",
			"lastTm": "02:38",
			"posX": "194981.01790050082",
			"posY": "442514.97981657926",
			"routeType": "3",
			"sectSpd": "21",
			"section": "120900059",
			"seq": "66",
			"station": "120000020",
			"stationNm": "봉천역.관악초등학교",
			"stationNo": "21119",
			"transYn": "N",
			"fullSectDist": "676",
			"trnstnid": "120000061"
		},
		{
			"arsId": "21120",
			"beginTm": "01:27",
			"busRouteAbrv": "N15",
			"busRouteId": "100100610",
			"busRouteNm": "N15",
			"direction": "남태령역",
			"gpsX": "126.9484610699",
			"gpsY": "37.4814828857",
			"lastTm": "02:35",
			"posX": "195442.10707160947",
			"posY": "442456.37980378093",
			"routeType": "3",
			"sectSpd": "42",
			"section": "120601921",
			"seq": "67",
			"station": "120000021",
			"stationNm": "KT관악지점",
			"stationNo": "21120",
			"transYn": "N",
			"fullSectDist": "470",
			"trnstnid": "120000061"
		},
		{
			"arsId": "21121",
			"beginTm": "01:29",
			"busRouteAbrv": "N15",
			"busRouteId": "100100610",
			"busRouteNm": "N15",
			"direction": "남태령역",
			"gpsX": "126.9546978111",
			"gpsY": "37.4802662457",
			"lastTm": "02:37",
			"posX": "195993.59411670815",
			"posY": "442321.07977652363",
			"routeType": "3",
			"sectSpd": "35",
			"section": "120602687",
			"seq": "68",
			"station": "120000022",
			"stationNm": "봉천사거리",
			"stationNo": "21121",
			"transYn": "N",
			"fullSectDist": "580",
			"trnstnid": "120000061"
		},
		{
			"arsId": "21122",
			"beginTm": "01:31",
			"busRouteAbrv": "N15",
			"busRouteId": "100100610",
			"busRouteNm": "N15",
			"direction": "남태령역",
			"gpsX": "126.9575048641",
			"gpsY": "37.4791841595",
			"lastTm": "02:14",
			"posX": "196241.78828427193",
			"posY": "442200.879754324",
			"routeType": "3",
			"sectSpd": "65",
			"section": "120602689",
			"seq": "69",
			"station": "120000023",
			"stationNm": "낙성대동",
			"stationNo": "21122",
			"transYn": "N",
			"fullSectDist": "289",
			"trnstnid": "120000061"
		},
		{
			"arsId": "21123",
			"beginTm": "01:33",
			"busRouteAbrv": "N15",
			"busRouteId": "100100610",
			"busRouteNm": "N15",
			"direction": "남태령역",
			"gpsX": "126.9608874889",
			"gpsY": "37.4778444821",
			"lastTm": "02:40",
			"posX": "196540.8812557646",
			"posY": "442052.07973810146",
			"routeType": "3",
			"sectSpd": "43",
			"section": "120601926",
			"seq": "70",
			"station": "120000024",
			"stationNm": "낙성대입구",
			"stationNo": "21123",
			"transYn": "N",
			"fullSectDist": "337",
			"trnstnid": "120000061"
		},
		{
			"arsId": "21124",
			"beginTm": "01:33",
			"busRouteAbrv": "N15",
			"busRouteId": "100100610",
			"busRouteNm": "N15",
			"direction": "남태령역",
			"gpsX": "126.9665158522",
			"gpsY": "37.475681754",
			"lastTm": "02:41",
			"posX": "197038.56956784776",
			"posY": "441811.87969521433",
			"routeType": "3",
			"sectSpd": "77",
			"section": "120602691",
			"seq": "71",
			"station": "120000025",
			"stationNm": "인헌중고.서울미술고",
			"stationNo": "21124",
			"transYn": "N",
			"fullSectDist": "564",
			"trnstnid": "120000061"
		},
		{
			"arsId": "21125",
			"beginTm": "01:35",
			"busRouteAbrv": "N15",
			"busRouteId": "100100610",
			"busRouteNm": "N15",
			"direction": "남태령역",
			"gpsX": "126.973989351",
			"gpsY": "37.4759296375",
			"lastTm": "02:18",
			"posX": "197699.55403704877",
			"posY": "441839.1796998745",
			"routeType": "3",
			"sectSpd": "18",
			"section": "120602694",
			"seq": "72",
			"station": "120000026",
			"stationNm": "예술인마을.사당초등학교",
			"stationNo": "21125",
			"transYn": "N",
			"fullSectDist": "683",
			"trnstnid": "120000061"
		},
		{
			"arsId": "21126",
			"beginTm": "01:36",
			"busRouteAbrv": "N15",
			"busRouteId": "100100610",
			"busRouteNm": "N15",
			"direction": "남태령역",
			"gpsX": "126.9773008972",
			"gpsY": "37.476370961",
			"lastTm": "02:56",
			"posX": "197992.4471620969",
			"posY": "441888.07970274566",
			"routeType": "3",
			"sectSpd": "12",
			"section": "120600397",
			"seq": "73",
			"station": "120000027",
			"stationNm": "남서울농협남현동지점",
			"stationNo": "21126",
			"transYn": "N",
			"fullSectDist": "307",
			"trnstnid": "120000061"
		},
		{
			"arsId": "21161",
			"beginTm": "01:37",
			"busRouteAbrv": "N15",
			"busRouteId": "100100610",
			"busRouteNm": "N15",
			"direction": "남태령역",
			"gpsX": "126.9813590372",
			"gpsY": "37.4755408508",
			"lastTm": "02:25",
			"posX": "198351.3387312176",
			"posY": "441795.879683204",
			"routeType": "3",
			"sectSpd": "20",
			"section": "120602970",
			"seq": "74",
			"station": "120000059",
			"stationNm": "사당역4번출구",
			"stationNo": "21161",
			"transYn": "N",
			"fullSectDist": "501",
			"trnstnid": "120000061"
		},
		{
			"arsId": "21027",
			"beginTm": "01:39",
			"busRouteAbrv": "N15",
			"busRouteId": "100100610",
			"busRouteNm": "N15",
			"direction": "남태령역",
			"gpsX": "126.9831812603",
			"gpsY": "37.4716652916",
			"lastTm": "02:22",
			"posX": "198512.4246616964",
			"posY": "441365.7604520102",
			"routeType": "3",
			"sectSpd": "36",
			"section": "120602671",
			"seq": "75",
			"station": "120000672",
			"stationNm": "사당자동차학원",
			"stationNo": "21027",
			"transYn": "N",
			"fullSectDist": "495",
			"trnstnid": "120000061"
		},
		{
			"arsId": "21163",
			"beginTm": "01:40",
			"busRouteAbrv": "N15",
			"busRouteId": "100100610",
			"busRouteNm": "N15",
			"direction": "남태령역",
			"gpsX": "126.987784",
			"gpsY": "37.46557",
			"lastTm": "02:24",
			"posX": "198919.43771005614",
			"posY": "440689.2753222827",
			"routeType": "3",
			"sectSpd": "26",
			"section": "120602454",
			"seq": "76",
			"station": "120000061",
			"stationNm": "남태령역",
			"stationNo": "21163",
			"transYn": "Y",
			"fullSectDist": "800",
			"trnstnid": "120000061"
		},
		{
			"arsId": "22026",
			"beginTm": "01:42",
			"busRouteAbrv": "N15",
			"busRouteId": "100100610",
			"busRouteNm": "N15",
			"direction": "우이동",
			"gpsX": "126.9880882012",
			"gpsY": "37.4656951829",
			"lastTm": "02:26",
			"posX": "198946.3474848161",
			"posY": "440703.16398771387",
			"routeType": "3",
			"sectSpd": "43",
			"section": "121607532",
			"seq": "77",
			"station": "120000671",
			"stationNm": "남태령역",
			"stationNo": "22026",
			"transYn": "N",
			"fullSectDist": "1743",
			"trnstnid": "120000061"
		},
		{
			"arsId": "22028",
			"beginTm": "23:50",
			"busRouteAbrv": "N15",
			"busRouteId": "100100610",
			"busRouteNm": "N15",
			"direction": "우이동",
			"gpsX": "126.9819451802",
			"gpsY": "37.4743280355",
			"lastTm": "02:05",
			"posX": "198403.15312824197",
			"posY": "441661.27777923224",
			"routeType": "3",
			"sectSpd": "19",
			"section": "120603111",
			"seq": "78",
			"station": "121001315",
			"stationNm": "사당역",
			"stationNo": "22028",
			"transYn": "N",
			"fullSectDist": "1124",
			"trnstnid": "120000061"
		},
		{
			"arsId": "20141",
			"beginTm": "23:52",
			"busRouteAbrv": "N15",
			"busRouteId": "100100610",
			"busRouteNm": "N15",
			"direction": "우이동",
			"gpsX": "126.9779520334",
			"gpsY": "37.4767900987",
			"lastTm": "02:07",
			"posX": "198050.04580648238",
			"posY": "441934.5797107117",
			"routeType": "3",
			"sectSpd": "77",
			"section": "120602699",
			"seq": "79",
			"station": "119000048",
			"stationNm": "사당1동관악시장앞",
			"stationNo": "20141",
			"transYn": "N",
			"fullSectDist": "581",
			"trnstnid": "120000061"
		},
		{
			"arsId": "20142",
			"beginTm": "23:55",
			"busRouteAbrv": "N15",
			"busRouteId": "100100610",
			"busRouteNm": "N15",
			"direction": "우이동",
			"gpsX": "126.972845088",
			"gpsY": "37.4760492272",
			"lastTm": "02:09",
			"posX": "197598.35641964874",
			"posY": "441852.4797001127",
			"routeType": "3",
			"sectSpd": "35",
			"section": "120602700",
			"seq": "80",
			"station": "119000049",
			"stationNm": "예술인마을",
			"stationNo": "20142",
			"transYn": "N",
			"fullSectDist": "461",
			"trnstnid": "120000061"
		},
		{
			"arsId": "21101",
			"beginTm": "23:56",
			"busRouteAbrv": "N15",
			"busRouteId": "100100610",
			"busRouteNm": "N15",
			"direction": "우이동",
			"gpsX": "126.9655544411",
			"gpsY": "37.4764663412",
			"lastTm": "02:10",
			"posX": "196953.57156345915",
			"posY": "441898.97970538354",
			"routeType": "3",
			"sectSpd": "83",
			"section": "120602703",
			"seq": "81",
			"station": "120000002",
			"stationNm": "서울미술고.인헌중고",
			"stationNo": "21101",
			"transYn": "N",
			"fullSectDist": "685",
			"trnstnid": "120000061"
		},
		{
			"arsId": "21102",
			"beginTm": "23:58",
			"busRouteAbrv": "N15",
			"busRouteId": "100100610",
			"busRouteNm": "N15",
			"direction": "우이동",
			"gpsX": "126.9618756708",
			"gpsY": "37.4779096847",
			"lastTm": "02:12",
			"posX": "196628.27920476784",
			"posY": "442059.27973889094",
			"routeType": "3",
			"sectSpd": "10",
			"section": "120601932",
			"seq": "82",
			"station": "120000003",
			"stationNm": "낙성대입구",
			"stationNo": "21102",
			"transYn": "N",
			"fullSectDist": "366",
			"trnstnid": "120000061"
		},
		{
			"arsId": "21103",
			"beginTm": "23:58",
			"busRouteAbrv": "N15",
			"busRouteId": "100100610",
			"busRouteNm": "N15",
			"direction": "우이동",
			"gpsX": "126.9568690307",
			"gpsY": "37.4798444396",
			"lastTm": "02:12",
			"posX": "196185.58960892685",
			"posY": "442274.1797629534",
			"routeType": "3",
			"sectSpd": "43",
			"section": "120602705",
			"seq": "83",
			"station": "120000004",
			"stationNm": "행운동주민센터",
			"stationNo": "21103",
			"transYn": "N",
			"fullSectDist": "492",
			"trnstnid": "120000061"
		},
		{
			"arsId": "21104",
			"beginTm": "00:00",
			"busRouteAbrv": "N15",
			"busRouteId": "100100610",
			"busRouteNm": "N15",
			"direction": "우이동",
			"gpsX": "126.951014176",
			"gpsY": "37.4816281486",
			"lastTm": "02:14",
			"posX": "195667.90177146063",
			"posY": "442472.37980224844",
			"routeType": "3",
			"sectSpd": "46",
			"section": "120602709",
			"seq": "84",
			"station": "120000005",
			"stationNm": "서울대입구역5번출구",
			"stationNo": "21104",
			"transYn": "N",
			"fullSectDist": "558",
			"trnstnid": "120000061"
		},
		{
			"arsId": "21105",
			"beginTm": "00:02",
			"busRouteAbrv": "N15",
			"busRouteId": "100100610",
			"busRouteNm": "N15",
			"direction": "우이동",
			"gpsX": "126.9473106208",
			"gpsY": "37.4819632489",
			"lastTm": "02:16",
			"posX": "195340.39586566653",
			"posY": "442509.7443391257",
			"routeType": "3",
			"sectSpd": "18",
			"section": "120900062",
			"seq": "85",
			"station": "120000006",
			"stationNm": "KT관악지점",
			"stationNo": "21105",
			"transYn": "N",
			"fullSectDist": "332",
			"trnstnid": "120000061"
		},
		{
			"arsId": "21106",
			"beginTm": "00:03",
			"busRouteAbrv": "N15",
			"busRouteId": "100100610",
			"busRouteNm": "N15",
			"direction": "우이동",
			"gpsX": "126.9433347778",
			"gpsY": "37.4823672261",
			"lastTm": "02:17",
			"posX": "194988.81771680462",
			"posY": "442554.7798220962",
			"routeType": "3",
			"sectSpd": "32",
			"section": "120601935",
			"seq": "86",
			"station": "120000007",
			"stationNm": "봉천역.관악초등학교",
			"stationNo": "21106",
			"transYn": "N",
			"fullSectDist": "355",
			"trnstnid": "120000061"
		},
		{
			"arsId": "21107",
			"beginTm": "00:05",
			"busRouteAbrv": "N15",
			"busRouteId": "100100610",
			"busRouteNm": "N15",
			"direction": "우이동",
			"gpsX": "126.9373129096",
			"gpsY": "37.4844754738",
			"lastTm": "02:19",
			"posX": "194456.43022916166",
			"posY": "442789.0798546984",
			"routeType": "3",
			"sectSpd": "22",
			"section": "120900064",
			"seq": "87",
			"station": "120000008",
			"stationNm": "KT&G관악지점",
			"stationNo": "21107",
			"transYn": "N",
			"fullSectDist": "585",
			"trnstnid": "120000061"
		},
		{
			"arsId": "21261",
			"beginTm": "00:06",
			"busRouteAbrv": "N15",
			"busRouteId": "100100610",
			"busRouteNm": "N15",
			"direction": "우이동",
			"gpsX": "126.933156959",
			"gpsY": "37.4848480554",
			"lastTm": "02:54",
			"posX": "194088.93886162087",
			"posY": "442830.6798674618",
			"routeType": "3",
			"sectSpd": "49",
			"section": "120602711",
			"seq": "88",
			"station": "120000159",
			"stationNm": "관악우체국(양지병원)",
			"stationNo": "21261",
			"transYn": "N",
			"fullSectDist": "380",
			"trnstnid": "120000061"
		},
		{
			"arsId": "21149",
			"beginTm": "00:07",
			"busRouteAbrv": "N15",
			"busRouteId": "100100610",
			"busRouteNm": "N15",
			"direction": "우이동",
			"gpsX": "126.929553188",
			"gpsY": "37.4860047824",
			"lastTm": "02:55",
			"posX": "193770.34633924084",
			"posY": "442959.27989478316",
			"routeType": "3",
			"sectSpd": "22",
			"section": "120602652",
			"seq": "89",
			"station": "120000048",
			"stationNm": "신림동별빛거리입구",
			"stationNo": "21149",
			"transYn": "N",
			"fullSectDist": "489",
			"trnstnid": "120000061"
		},
		{
			"arsId": "21150",
			"beginTm": "00:09",
			"busRouteAbrv": "N15",
			"busRouteId": "100100610",
			"busRouteNm": "N15",
			"direction": "우이동",
			"gpsX": "126.9274978564",
			"gpsY": "37.4905174946",
			"lastTm": "02:56",
			"posX": "193588.97779698137",
			"posY": "443460.21594789485",
			"routeType": "3",
			"sectSpd": "30",
			"section": "120601961",
			"seq": "90",
			"station": "120000049",
			"stationNm": "보라매공원.보라매병원",
			"stationNo": "21150",
			"transYn": "N",
			"fullSectDist": "536",
			"trnstnid": "120000061"
		},
		{
			"arsId": "21263",
			"beginTm": "00:11",
			"busRouteAbrv": "N15",
			"busRouteId": "100100610",
			"busRouteNm": "N15",
			"direction": "우이동",
			"gpsX": "126.9273975559",
			"gpsY": "37.4945144044",
			"lastTm": "02:39",
			"posX": "193580.45080224273",
			"posY": "443903.7800215604",
			"routeType": "3",
			"sectSpd": "33",
			"section": "120600456",
			"seq": "91",
			"station": "120000161",
			"stationNm": "보라매삼성아파트.모자원고개",
			"stationNo": "21263",
			"transYn": "N",
			"fullSectDist": "456",
			"trnstnid": "120000061"
		},
		{
			"arsId": "20187",
			"beginTm": "00:13",
			"busRouteAbrv": "N15",
			"busRouteId": "100100610",
			"busRouteNm": "N15",
			"direction": "우이동",
			"gpsX": "126.9282287113",
			"gpsY": "37.4981427531",
			"lastTm": "02:41",
			"posX": "193654.24907472503",
			"posY": "444306.38007445075",
			"routeType": "3",
			"sectSpd": "22",
			"section": "120602658",
			"seq": "92",
			"station": "119000094",
			"stationNm": "신대방삼거리",
			"stationNo": "20187",
			"transYn": "N",
			"fullSectDist": "418",
			"trnstnid": "120000061"
		},
		{
			"arsId": "20148",
			"beginTm": "00:14",
			"busRouteAbrv": "N15",
			"busRouteId": "100100610",
			"busRouteNm": "N15",
			"direction": "우이동",
			"gpsX": "126.9315972486",
			"gpsY": "37.5001190674",
			"lastTm": "02:26",
			"posX": "193952.24207356182",
			"posY": "444525.480102221",
			"routeType": "3",
			"sectSpd": "25",
			"section": "119600696",
			"seq": "93",
			"station": "119000055",
			"stationNm": "성대시장",
			"stationNo": "20148",
			"transYn": "N",
			"fullSectDist": "492",
			"trnstnid": "120000061"
		},
		{
			"arsId": "20149",
			"beginTm": "00:16",
			"busRouteAbrv": "N15",
			"busRouteId": "100100610",
			"busRouteNm": "N15",
			"direction": "우이동",
			"gpsX": "126.9367655685",
			"gpsY": "37.5033055411",
			"lastTm": "02:28",
			"posX": "194409.43133468958",
			"posY": "444878.7801370779",
			"routeType": "3",
			"sectSpd": "28",
			"section": "119605360",
			"seq": "94",
			"station": "119000056",
			"stationNm": "상도초등학교입구",
			"stationNo": "20149",
			"transYn": "N",
			"fullSectDist": "580",
			"trnstnid": "120000061"
		},
		{
			"arsId": "20193",
			"beginTm": "00:19",
			"busRouteAbrv": "N15",
			"busRouteId": "100100610",
			"busRouteNm": "N15",
			"direction": "우이동",
			"gpsX": "126.9400798321",
			"gpsY": "37.5072450833",
			"lastTm": "02:26",
			"posX": "194702.72444283037",
			"posY": "445315.78019792354",
			"routeType": "3",
			"sectSpd": "23",
			"section": "119605367",
			"seq": "95",
			"station": "119000100",
			"stationNm": "청화병원",
			"stationNo": "20193",
			"transYn": "N",
			"fullSectDist": "548",
			"trnstnid": "120000061"
		},
		{
			"arsId": "20191",
			"beginTm": "00:22",
			"busRouteAbrv": "N15",
			"busRouteId": "100100610",
			"busRouteNm": "N15",
			"direction": "우이동",
			"gpsX": "126.940337",
			"gpsY": "37.510453",
			"lastTm": "02:33",
			"posX": "194725.685238305",
			"posY": "445671.7654066826",
			"routeType": "3",
			"sectSpd": "14",
			"section": "119601729",
			"seq": "96",
			"station": "119000098",
			"stationNm": "동작구청.노량진초등학교앞",
			"stationNo": "20191",
			"transYn": "N",
			"fullSectDist": "356",
			"trnstnid": "120000061"
		},
		{
			"arsId": "20114",
			"beginTm": "00:22",
			"busRouteAbrv": "N15",
			"busRouteId": "100100610",
			"busRouteNm": "N15",
			"direction": "우이동",
			"gpsX": "126.9417570377",
			"gpsY": "37.5133914307",
			"lastTm": "02:34",
			"posX": "194851.4209487721",
			"posY": "445997.78027796326",
			"routeType": "3",
			"sectSpd": "34",
			"section": "119605370",
			"seq": "97",
			"station": "119000024",
			"stationNm": "노량진역3번출구",
			"stationNo": "20114",
			"transYn": "N",
			"fullSectDist": "456",
			"trnstnid": "120000061"
		},
		{
			"arsId": "20011",
			"beginTm": "00:24",
			"busRouteAbrv": "N15",
			"busRouteId": "100100610",
			"busRouteNm": "N15",
			"direction": "우이동",
			"gpsX": "126.943811",
			"gpsY": "37.513733",
			"lastTm": "02:54",
			"posX": "195033.01038407403",
			"posY": "446035.57566703996",
			"routeType": "3",
			"sectSpd": "18",
			"section": "119601096",
			"seq": "98",
			"station": "119000011",
			"stationNm": "노량진역",
			"stationNo": "20011",
			"transYn": "N",
			"fullSectDist": "195",
			"trnstnid": "120000061"
		},
		{
			"arsId": "20013",
			"beginTm": "00:25",
			"busRouteAbrv": "N15",
			"busRouteId": "100100610",
			"busRouteNm": "N15",
			"direction": "우이동",
			"gpsX": "126.949256",
			"gpsY": "37.512825",
			"lastTm": "02:55",
			"posX": "195514.28264009702",
			"posY": "445934.5364690791",
			"routeType": "3",
			"sectSpd": "50",
			"section": "119605314",
			"seq": "99",
			"station": "119000013",
			"stationNm": "노들역",
			"stationNo": "20013",
			"transYn": "N",
			"fullSectDist": "495",
			"trnstnid": "120000061"
		},
		{
			"arsId": "03341",
			"beginTm": "00:26",
			"busRouteAbrv": "N15",
			"busRouteId": "100100610",
			"busRouteNm": "N15",
			"direction": "우이동",
			"gpsX": "126.959037665",
			"gpsY": "37.5173638437",
			"lastTm": "02:39",
			"posX": "196379.191099568",
			"posY": "446437.8153110212",
			"routeType": "3",
			"sectSpd": "13",
			"section": "119605201",
			"seq": "100",
			"station": "102000248",
			"stationNm": "노들섬",
			"stationNo": "03341",
			"transYn": "N",
			"fullSectDist": "1132",
			"trnstnid": "120000061"
		},
		{
			"arsId": "03001",
			"beginTm": "00:30",
			"busRouteAbrv": "N15",
			"busRouteId": "100100610",
			"busRouteNm": "N15",
			"direction": "우이동",
			"gpsX": "126.9631917349",
			"gpsY": "37.5240898013",
			"lastTm": "02:08",
			"posX": "196746.67642737247",
			"posY": "447184.08042700216",
			"routeType": "3",
			"sectSpd": "40",
			"section": "102602931",
			"seq": "101",
			"station": "102000001",
			"stationNm": "한강대교북단.LG유플러스",
			"stationNo": "03001",
			"transYn": "N",
			"fullSectDist": "837",
			"trnstnid": "120000061"
		},
		{
			"arsId": "03003",
			"beginTm": "00:32",
			"busRouteAbrv": "N15",
			"busRouteId": "100100610",
			"busRouteNm": "N15",
			"direction": "우이동",
			"gpsX": "126.966207",
			"gpsY": "37.527293",
			"lastTm": "02:10",
			"posX": "197013.31040487625",
			"posY": "447539.4574664966",
			"routeType": "3",
			"sectSpd": "29",
			"section": "102602232",
			"seq": "102",
			"station": "102000003",
			"stationNm": "신용산역",
			"stationNo": "03003",
			"transYn": "N",
			"fullSectDist": "445",
			"trnstnid": "120000061"
		},
		{
			"arsId": "03005",
			"beginTm": "00:34",
			"busRouteAbrv": "N15",
			"busRouteId": "100100610",
			"busRouteNm": "N15",
			"direction": "우이동",
			"gpsX": "126.9702350163",
			"gpsY": "37.5314970129",
			"lastTm": "02:11",
			"posX": "197369.4617993161",
			"posY": "448005.88053145166",
			"routeType": "3",
			"sectSpd": "33",
			"section": "102602269",
			"seq": "103",
			"station": "102000005",
			"stationNm": "용산우체국",
			"stationNo": "03005",
			"transYn": "N",
			"fullSectDist": "595",
			"trnstnid": "120000061"
		},
		{
			"arsId": "03007",
			"beginTm": "00:35",
			"busRouteAbrv": "N15",
			"busRouteId": "100100610",
			"busRouteNm": "N15",
			"direction": "우이동",
			"gpsX": "126.9740117531",
			"gpsY": "37.5352698987",
			"lastTm": "02:12",
			"posX": "197703.35395241054",
			"posY": "448424.4805846899",
			"routeType": "3",
			"sectSpd": "29",
			"section": "102602935",
			"seq": "104",
			"station": "102000007",
			"stationNm": "삼각지역",
			"stationNo": "03007",
			"transYn": "N",
			"fullSectDist": "539",
			"trnstnid": "120000061"
		},
		{
			"arsId": "03009",
			"beginTm": "00:37",
			"busRouteAbrv": "N15",
			"busRouteId": "100100610",
			"busRouteNm": "N15",
			"direction": "우이동",
			"gpsX": "126.9725377982",
			"gpsY": "37.543295633",
			"lastTm": "02:14",
			"posX": "197573.35700546548",
			"posY": "449315.180701246",
			"routeType": "3",
			"sectSpd": "27",
			"section": "102602236",
			"seq": "105",
			"station": "102000009",
			"stationNm": "숙대입구역",
			"stationNo": "03009",
			"transYn": "N",
			"fullSectDist": "915",
			"trnstnid": "120000061"
		},
		{
			"arsId": "03011",
			"beginTm": "00:39",
			"busRouteAbrv": "N15",
			"busRouteId": "100100610",
			"busRouteNm": "N15",
			"direction": "우이동",
			"gpsX": "126.9722373211",
			"gpsY": "37.5509755993",
			"lastTm": "02:16",
			"posX": "197547.0576219871",
			"posY": "450167.48081638385",
			"routeType": "3",
			"sectSpd": "21",
			"section": "102602941",
			"seq": "106",
			"station": "102000011",
			"stationNm": "갈월동",
			"stationNo": "03011",
			"transYn": "N",
			"fullSectDist": "862",
			"trnstnid": "120000061"
		},
		{
			"arsId": "02007",
			"beginTm": "00:41",
			"busRouteAbrv": "N15",
			"busRouteId": "100100610",
			"busRouteNm": "N15",
			"direction": "우이동",
			"gpsX": "126.9729705525",
			"gpsY": "37.555613815",
			"lastTm": "02:56",
			"posX": "197611.98951996095",
			"posY": "450682.1933267554",
			"routeType": "3",
			"sectSpd": "45",
			"section": "101604440",
			"seq": "107",
			"station": "101000007",
			"stationNm": "서울역버스환승센터.강우규의거터",
			"stationNo": "02007",
			"transYn": "N",
			"fullSectDist": "521",
			"trnstnid": "120000061"
		},
		{
			"arsId": "02122",
			"beginTm": "00:42",
			"busRouteAbrv": "N15",
			"busRouteId": "100100610",
			"busRouteNm": "N15",
			"direction": "우이동",
			"gpsX": "126.9740436876",
			"gpsY": "37.5584195299",
			"lastTm": "02:17",
			"posX": "197706.885354797",
			"posY": "450993.5342799411",
			"routeType": "3",
			"sectSpd": "12",
			"section": "101604498",
			"seq": "108",
			"station": "101000027",
			"stationNm": "숭례문",
			"stationNo": "02122",
			"transYn": "N",
			"fullSectDist": "373",
			"trnstnid": "120000061"
		},
		{
			"arsId": "02219",
			"beginTm": "00:44",
			"busRouteAbrv": "N15",
			"busRouteId": "100100610",
			"busRouteNm": "N15",
			"direction": "우이동",
			"gpsX": "126.978580386",
			"gpsY": "37.5609394169",
			"lastTm": "02:21",
			"posX": "198107.7444491846",
			"posY": "451273.0809670035",
			"routeType": "3",
			"sectSpd": "37",
			"section": "101604445",
			"seq": "109",
			"station": "101000114",
			"stationNm": "남대문시장앞.이회영활동터",
			"stationNo": "02219",
			"transYn": "N",
			"fullSectDist": "548",
			"trnstnid": "120000061"
		},
		{
			"arsId": "02142",
			"beginTm": "00:46",
			"busRouteAbrv": "N15",
			"busRouteId": "100100610",
			"busRouteNm": "N15",
			"direction": "우이동",
			"gpsX": "126.982008",
			"gpsY": "37.562885",
			"lastTm": "02:19",
			"posX": "198410.58870350046",
			"posY": "451488.93114278605",
			"routeType": "3",
			"sectSpd": "15",
			"section": "101602310",
			"seq": "110",
			"station": "101000043",
			"stationNm": "롯데영프라자",
			"stationNo": "02142",
			"transYn": "N",
			"fullSectDist": "721",
			"trnstnid": "120000061"
		},
		{
			"arsId": "02139",
			"beginTm": "00:47",
			"busRouteAbrv": "N15",
			"busRouteId": "100100610",
			"busRouteNm": "N15",
			"direction": "우이동",
			"gpsX": "126.9829289124",
			"gpsY": "37.5675190047",
			"lastTm": "02:20",
			"posX": "198492.03542086759",
			"posY": "452003.1810640185",
			"routeType": "3",
			"sectSpd": "35",
			"section": "101604588",
			"seq": "111",
			"station": "101000040",
			"stationNm": "우리은행종로지점",
			"stationNo": "02139",
			"transYn": "N",
			"fullSectDist": "525",
			"trnstnid": "120000061"
		},
		{
			"arsId": "01013",
			"beginTm": "00:48",
			"busRouteAbrv": "N15",
			"busRouteId": "100100610",
			"busRouteNm": "N15",
			"direction": "우이동",
			"gpsX": "126.9855426998",
			"gpsY": "37.5701386788",
			"lastTm": "02:19",
			"posX": "198722.9675375287",
			"posY": "452293.8644756656",
			"routeType": "3",
			"sectSpd": "66",
			"section": "100602881",
			"seq": "112",
			"station": "100000388",
			"stationNm": "종로2가",
			"stationNo": "01013",
			"transYn": "N",
			"fullSectDist": "492",
			"trnstnid": "120000061"
		},
		{
			"arsId": "01015",
			"beginTm": "00:49",
			"busRouteAbrv": "N15",
			"busRouteId": "100100610",
			"busRouteNm": "N15",
			"direction": "우이동",
			"gpsX": "126.9895646721",
			"gpsY": "37.5702449756",
			"lastTm": "02:24",
			"posX": "199078.23498555293",
			"posY": "452305.61386473756",
			"routeType": "3",
			"sectSpd": "44",
			"section": "100602885",
			"seq": "113",
			"station": "100000390",
			"stationNm": "종로3가.탑골공원",
			"stationNo": "01015",
			"transYn": "N",
			"fullSectDist": "358",
			"trnstnid": "120000061"
		},
		{
			"arsId": "01017",
			"beginTm": "00:50",
			"busRouteAbrv": "N15",
			"busRouteId": "100100610",
			"busRouteNm": "N15",
			"direction": "우이동",
			"gpsX": "126.9947218896",
			"gpsY": "37.5705069968",
			"lastTm": "02:25",
			"posX": "199533.77981926294",
			"posY": "452334.6539678569",
			"routeType": "3",
			"sectSpd": "102",
			"section": "100602887",
			"seq": "114",
			"station": "100000392",
			"stationNm": "종로4가.종묘",
			"stationNo": "01017",
			"transYn": "N",
			"fullSectDist": "457",
			"trnstnid": "120000061"
		},
		{
			"arsId": "01019",
			"beginTm": "00:52",
			"busRouteAbrv": "N15",
			"busRouteId": "100100610",
			"busRouteNm": "N15",
			"direction": "우이동",
			"gpsX": "126.9988498093",
			"gpsY": "37.570756793",
			"lastTm": "02:24",
			"posX": "199898.40297299463",
			"posY": "452362.36300083343",
			"routeType": "3",
			"sectSpd": "25",
			"section": "100602439",
			"seq": "115",
			"station": "100000394",
			"stationNm": "종로5가.광장시장",
			"stationNo": "01019",
			"transYn": "N",
			"fullSectDist": "366",
			"trnstnid": "120000061"
		},
		{
			"arsId": "01021",
			"beginTm": "00:53",
			"busRouteAbrv": "N15",
			"busRouteId": "100100610",
			"busRouteNm": "N15",
			"direction": "우이동",
			"gpsX": "127.0047701151",
			"gpsY": "37.5709220832",
			"lastTm": "02:25",
			"posX": "200421.34616609773",
			"posY": "452380.71640000027",
			"routeType": "3",
			"sectSpd": "49",
			"section": "100602447",
			"seq": "116",
			"station": "100000396",
			"stationNm": "종로6가.동대문종합시장",
			"stationNo": "01021",
			"transYn": "N",
			"fullSectDist": "522",
			"trnstnid": "120000061"
		},
		{
			"arsId": "01023",
			"beginTm": "00:57",
			"busRouteAbrv": "N15",
			"busRouteId": "100100610",
			"busRouteNm": "N15",
			"direction": "우이동",
			"gpsX": "127.0134512388",
			"gpsY": "37.5723023219",
			"lastTm": "02:27",
			"posX": "201188.13135412327",
			"posY": "452533.96481558215",
			"routeType": "3",
			"sectSpd": "27",
			"section": "100602449",
			"seq": "117",
			"station": "100000398",
			"stationNm": "동대문역.흥인지문",
			"stationNo": "01023",
			"transYn": "N",
			"fullSectDist": "962",
			"trnstnid": "120000061"
		},
		{
			"arsId": "01041",
			"beginTm": "00:59",
			"busRouteAbrv": "N15",
			"busRouteId": "100100610",
			"busRouteNm": "N15",
			"direction": "우이동",
			"gpsX": "127.018408522",
			"gpsY": "37.5737786638",
			"lastTm": "02:13",
			"posX": "201625.969977258",
			"posY": "452697.87835549144",
			"routeType": "3",
			"sectSpd": "41",
			"section": "100603270",
			"seq": "118",
			"station": "100000366",
			"stationNm": "동묘앞",
			"stationNo": "01041",
			"transYn": "N",
			"fullSectDist": "466",
			"trnstnid": "120000061"
		},
		{
			"arsId": "06107",
			"beginTm": "01:00",
			"busRouteAbrv": "N15",
			"busRouteId": "100100610",
			"busRouteNm": "N15",
			"direction": "우이동",
			"gpsX": "127.0233166791",
			"gpsY": "37.5766303332",
			"lastTm": "02:14",
			"posX": "202059.41435946868",
			"posY": "453014.44311721297",
			"routeType": "3",
			"sectSpd": "38",
			"section": "105602655",
			"seq": "119",
			"station": "105000552",
			"stationNm": "신설동역1번출구",
			"stationNo": "06107",
			"transYn": "N",
			"fullSectDist": "587",
			"trnstnid": "120000061"
		},
		{
			"arsId": "08184",
			"beginTm": "01:03",
			"busRouteAbrv": "N15",
			"busRouteId": "100100610",
			"busRouteNm": "N15",
			"direction": "우이동",
			"gpsX": "127.0224862724",
			"gpsY": "37.5798350036",
			"lastTm": "02:18",
			"posX": "201985.98468102262",
			"posY": "453370.0687680668",
			"routeType": "3",
			"sectSpd": "35",
			"section": "107603352",
			"seq": "120",
			"station": "107000094",
			"stationNm": "보문동주민센터",
			"stationNo": "08184",
			"transYn": "N",
			"fullSectDist": "368",
			"trnstnid": "120000061"
		},
		{
			"arsId": "08182",
			"beginTm": "01:05",
			"busRouteAbrv": "N15",
			"busRouteId": "100100610",
			"busRouteNm": "N15",
			"direction": "우이동",
			"gpsX": "127.0211155216",
			"gpsY": "37.582398971",
			"lastTm": "02:59",
			"posX": "201864.85618974493",
			"posY": "453654.5812803549",
			"routeType": "3",
			"sectSpd": "25",
			"section": "107600551",
			"seq": "121",
			"station": "107000092",
			"stationNm": "보문동성당",
			"stationNo": "08182",
			"transYn": "N",
			"fullSectDist": "382",
			"trnstnid": "120000061"
		},
		{
			"arsId": "08180",
			"beginTm": "01:06",
			"busRouteAbrv": "N15",
			"busRouteId": "100100610",
			"busRouteNm": "N15",
			"direction": "우이동",
			"gpsX": "127.0199894815",
			"gpsY": "37.5844887946",
			"lastTm": "02:59",
			"posX": "201765.3585313928",
			"posY": "453886.4813122023",
			"routeType": "3",
			"sectSpd": "22",
			"section": "107603355",
			"seq": "122",
			"station": "107000090",
			"stationNm": "보문역",
			"stationNo": "08180",
			"transYn": "N",
			"fullSectDist": "257",
			"trnstnid": "120000061"
		},
		{
			"arsId": "08178",
			"beginTm": "01:06",
			"busRouteAbrv": "N15",
			"busRouteId": "100100610",
			"busRouteNm": "N15",
			"direction": "우이동",
			"gpsX": "127.0172299027",
			"gpsY": "37.5886054063",
			"lastTm": "02:21",
			"posX": "201521.56425740678",
			"posY": "454343.2813740615",
			"routeType": "3",
			"sectSpd": "38",
			"section": "107600555",
			"seq": "123",
			"station": "107000088",
			"stationNm": "성북구청.성북경찰서",
			"stationNo": "08178",
			"transYn": "N",
			"fullSectDist": "521",
			"trnstnid": "120000061"
		},
		{
			"arsId": "08176",
			"beginTm": "01:09",
			"busRouteAbrv": "N15",
			"busRouteId": "100100610",
			"busRouteNm": "N15",
			"direction": "우이동",
			"gpsX": "127.0147153546",
			"gpsY": "37.5906917676",
			"lastTm": "02:23",
			"posX": "201299.4694712892",
			"posY": "454574.7814089097",
			"routeType": "3",
			"sectSpd": "36",
			"section": "107600557",
			"seq": "124",
			"station": "107000086",
			"stationNm": "삼선동주민센터",
			"stationNo": "08176",
			"transYn": "N",
			"fullSectDist": "329",
			"trnstnid": "120000061"
		},
		{
			"arsId": "08008",
			"beginTm": "01:11",
			"busRouteAbrv": "N15",
			"busRouteId": "100100610",
			"busRouteNm": "N15",
			"direction": "우이동",
			"gpsX": "127.017839099",
			"gpsY": "37.593306296",
			"lastTm": "02:24",
			"posX": "201575.26299748206",
			"posY": "454864.981444628",
			"routeType": "3",
			"sectSpd": "40",
			"section": "107600045",
			"seq": "125",
			"station": "107000008",
			"stationNm": "돈암사거리.성신여대입구",
			"stationNo": "08008",
			"transYn": "N",
			"fullSectDist": "641",
			"trnstnid": "120000061"
		},
		{
			"arsId": "08006",
			"beginTm": "01:12",
			"busRouteAbrv": "N15",
			"busRouteId": "100100610",
			"busRouteNm": "N15",
			"direction": "우이동",
			"gpsX": "127.0218209221",
			"gpsY": "37.5979210002",
			"lastTm": "02:27",
			"posX": "201926.75473547154",
			"posY": "455377.18152100686",
			"routeType": "3",
			"sectSpd": "52",
			"section": "107603143",
			"seq": "126",
			"station": "107000006",
			"stationNm": "미아리고개.미아리예술극장",
			"stationNo": "08006",
			"transYn": "N",
			"fullSectDist": "636",
			"trnstnid": "120000061"
		},
		{
			"arsId": "08004",
			"beginTm": "01:13",
			"busRouteAbrv": "N15",
			"busRouteId": "100100610",
			"busRouteNm": "N15",
			"direction": "우이동",
			"gpsX": "127.023685545",
			"gpsY": "37.6031820895",
			"lastTm": "02:28",
			"posX": "202091.25087579718",
			"posY": "455961.0815928336",
			"routeType": "3",
			"sectSpd": "108",
			"section": "107603149",
			"seq": "127",
			"station": "107000004",
			"stationNm": "길음뉴타운",
			"stationNo": "08004",
			"transYn": "N",
			"fullSectDist": "646",
			"trnstnid": "120000061"
		},
		{
			"arsId": "08002",
			"beginTm": "01:15",
			"busRouteAbrv": "N15",
			"busRouteId": "100100610",
			"busRouteNm": "N15",
			"direction": "우이동",
			"gpsX": "127.0274048151",
			"gpsY": "37.6059782576",
			"lastTm": "02:29",
			"posX": "202419.543164495",
			"posY": "456271.481636371",
			"routeType": "3",
			"sectSpd": "37",
			"section": "107602099",
			"seq": "128",
			"station": "107000002",
			"stationNm": "월곡뉴타운",
			"stationNo": "08002",
			"transYn": "N",
			"fullSectDist": "453",
			"trnstnid": "120000061"
		},
		{
			"arsId": "09012",
			"beginTm": "01:16",
			"busRouteAbrv": "N15",
			"busRouteId": "100100610",
			"busRouteNm": "N15",
			"direction": "우이동",
			"gpsX": "127.0302131064",
			"gpsY": "37.6128943078",
			"lastTm": "02:30",
			"posX": "202667.23734211593",
			"posY": "457039.08173991647",
			"routeType": "3",
			"sectSpd": "73",
			"section": "107603091",
			"seq": "129",
			"station": "108000012",
			"stationNm": "미아사거리역",
			"stationNo": "09012",
			"transYn": "N",
			"fullSectDist": "850",
			"trnstnid": "120000061"
		},
		{
			"arsId": "09010",
			"beginTm": "01:17",
			"busRouteAbrv": "N15",
			"busRouteId": "100100610",
			"busRouteNm": "N15",
			"direction": "우이동",
			"gpsX": "127.0292480892",
			"gpsY": "37.6188372063",
			"lastTm": "02:34",
			"posX": "202581.83934813953",
			"posY": "457698.58183374023",
			"routeType": "3",
			"sectSpd": "45",
			"section": "108601710",
			"seq": "130",
			"station": "108000010",
			"stationNm": "도봉세무서.성북시장",
			"stationNo": "09010",
			"transYn": "N",
			"fullSectDist": "671",
			"trnstnid": "120000061"
		},
		{
			"arsId": "09008",
			"beginTm": "01:20",
			"busRouteAbrv": "N15",
			"busRouteId": "100100610",
			"busRouteNm": "N15",
			"direction": "우이동",
			"gpsX": "127.0271350445",
			"gpsY": "37.6241099542",
			"lastTm": "02:21",
			"posX": "202395.1437307372",
			"posY": "458283.68190736696",
			"routeType": "3",
			"sectSpd": "33",
			"section": "108602399",
			"seq": "131",
			"station": "108000008",
			"stationNm": "미아역.신일중고",
			"stationNo": "09008",
			"transYn": "N",
			"fullSectDist": "615",
			"trnstnid": "120000061"
		},
		{
			"arsId": "09006",
			"beginTm": "01:22",
			"busRouteAbrv": "N15",
			"busRouteId": "100100610",
			"busRouteNm": "N15",
			"direction": "우이동",
			"gpsX": "127.0245722894",
			"gpsY": "37.6305307337",
			"lastTm": "02:23",
			"posX": "202168.74905228452",
			"posY": "458996.18200657656",
			"routeType": "3",
			"sectSpd": "60",
			"section": "108602415",
			"seq": "132",
			"station": "108000006",
			"stationNm": "수유시장.성신여대미아캠퍼스앞",
			"stationNo": "09006",
			"transYn": "N",
			"fullSectDist": "750",
			"trnstnid": "120000061"
		},
		{
			"arsId": "09004",
			"beginTm": "01:24",
			"busRouteAbrv": "N15",
			"busRouteId": "100100610",
			"busRouteNm": "N15",
			"direction": "우이동",
			"gpsX": "127.0252317763",
			"gpsY": "37.6374887513",
			"lastTm": "02:24",
			"posX": "202226.74768875734",
			"posY": "459768.3821116863",
			"routeType": "3",
			"sectSpd": "31",
			"section": "108602310",
			"seq": "133",
			"station": "108000004",
			"stationNm": "수유역.강북구청",
			"stationNo": "09004",
			"transYn": "N",
			"fullSectDist": "848",
			"trnstnid": "120000061"
		},
		{
			"arsId": "09002",
			"beginTm": "01:27",
			"busRouteAbrv": "N15",
			"busRouteId": "100100610",
			"busRouteNm": "N15",
			"direction": "우이동",
			"gpsX": "127.0286651472",
			"gpsY": "37.640674191",
			"lastTm": "02:21",
			"posX": "202529.6405765793",
			"posY": "460121.98215719545",
			"routeType": "3",
			"sectSpd": "35",
			"section": "108600376",
			"seq": "134",
			"station": "108000002",
			"stationNm": "수유3동우체국",
			"stationNo": "09002",
			"transYn": "N",
			"fullSectDist": "466",
			"trnstnid": "120000061"
		},
		{
			"arsId": "10018",
			"beginTm": "01:29",
			"busRouteAbrv": "N15",
			"busRouteId": "100100610",
			"busRouteNm": "N15",
			"direction": "우이동",
			"gpsX": "127.03242",
			"gpsY": "37.644652",
			"lastTm": "02:29",
			"posX": "202860.8461032383",
			"posY": "460563.53870392963",
			"routeType": "3",
			"sectSpd": "41",
			"section": "109600323",
			"seq": "135",
			"station": "109000018",
			"stationNm": "우이1교앞",
			"stationNo": "10018",
			"transYn": "N",
			"fullSectDist": "561",
			"trnstnid": "120000061"
		},
		{
			"arsId": "10016",
			"beginTm": "01:32",
			"busRouteAbrv": "N15",
			"busRouteId": "100100610",
			"busRouteNm": "N15",
			"direction": "우이동",
			"gpsX": "127.0344600639",
			"gpsY": "37.6480714136",
			"lastTm": "02:32",
			"posX": "203040.72856802054",
			"posY": "460943.08227009326",
			"routeType": "3",
			"sectSpd": "47",
			"section": "109600012",
			"seq": "136",
			"station": "109000016",
			"stationNm": "쌍문역",
			"stationNo": "10016",
			"transYn": "N",
			"fullSectDist": "420",
			"trnstnid": "120000061"
		},
		{
			"arsId": "10014",
			"beginTm": "01:33",
			"busRouteAbrv": "N15",
			"busRouteId": "100100610",
			"busRouteNm": "N15",
			"direction": "우이동",
			"gpsX": "127.037977",
			"gpsY": "37.653968",
			"lastTm": "02:33",
			"posX": "203350.7952574543",
			"posY": "461597.5934853349",
			"routeType": "3",
			"sectSpd": "46",
			"section": "109600326",
			"seq": "137",
			"station": "109000014",
			"stationNm": "도봉구민회관.도봉문화원",
			"stationNo": "10014",
			"transYn": "N",
			"fullSectDist": "725",
			"trnstnid": "120000061"
		},
		{
			"arsId": "10012",
			"beginTm": "01:36",
			"busRouteAbrv": "N15",
			"busRouteId": "100100610",
			"busRouteNm": "N15",
			"direction": "우이동",
			"gpsX": "127.040517",
			"gpsY": "37.658205",
			"lastTm": "02:09",
			"posX": "203574.70197740613",
			"posY": "462067.90147754503",
			"routeType": "3",
			"sectSpd": "43",
			"section": "109600328",
			"seq": "138",
			"station": "109000012",
			"stationNm": "도봉보건소.북한산아이파크아파트",
			"stationNo": "10012",
			"transYn": "N",
			"fullSectDist": "521",
			"trnstnid": "120000061"
		},
		{
			"arsId": "10196",
			"beginTm": "01:37",
			"busRouteAbrv": "N15",
			"busRouteId": "100100610",
			"busRouteNm": "N15",
			"direction": "우이동",
			"gpsX": "127.0405809384",
			"gpsY": "37.6629354664",
			"lastTm": "02:12",
			"posX": "203580.1158998977",
			"posY": "462592.8824919318",
			"routeType": "3",
			"sectSpd": "34",
			"section": "109602323",
			"seq": "139",
			"station": "109000111",
			"stationNm": "방학사거리",
			"stationNo": "10196",
			"transYn": "N",
			"fullSectDist": "691",
			"trnstnid": "120000061"
		},
		{
			"arsId": "10194",
			"beginTm": "01:40",
			"busRouteAbrv": "N15",
			"busRouteId": "100100610",
			"busRouteNm": "N15",
			"direction": "우이동",
			"gpsX": "127.036807",
			"gpsY": "37.662933",
			"lastTm": "02:37",
			"posX": "203247.17305668525",
			"posY": "462592.471389235",
			"routeType": "3",
			"sectSpd": "21",
			"section": "109600838",
			"seq": "140",
			"station": "109000109",
			"stationNm": "신한은행방학동지점",
			"stationNo": "10194",
			"transYn": "N",
			"fullSectDist": "334",
			"trnstnid": "120000061"
		},
		{
			"arsId": "10192",
			"beginTm": "01:42",
			"busRouteAbrv": "N15",
			"busRouteId": "100100610",
			"busRouteNm": "N15",
			"direction": "우이동",
			"gpsX": "127.034113",
			"gpsY": "37.662595",
			"lastTm": "02:38",
			"posX": "203009.51765921366",
			"posY": "462554.8708740999",
			"routeType": "3",
			"sectSpd": "11",
			"section": "109600697",
			"seq": "141",
			"station": "109000107",
			"stationNm": "국민은행방학지점",
			"stationNo": "10192",
			"transYn": "N",
			"fullSectDist": "244",
			"trnstnid": "120000061"
		},
		{
			"arsId": "10190",
			"beginTm": "01:42",
			"busRouteAbrv": "N15",
			"busRouteId": "100100610",
			"busRouteNm": "N15",
			"direction": "우이동",
			"gpsX": "127.03202",
			"gpsY": "37.662362",
			"lastTm": "02:54",
			"posX": "202824.87780272274",
			"posY": "462528.9478373481",
			"routeType": "3",
			"sectSpd": "17",
			"section": "109601668",
			"seq": "142",
			"station": "109000105",
			"stationNm": "방학동신동아아파트",
			"stationNo": "10190",
			"transYn": "N",
			"fullSectDist": "182",
			"trnstnid": "120000061"
		},
		{
			"arsId": "10187",
			"beginTm": "01:43",
			"busRouteAbrv": "N15",
			"busRouteId": "100100610",
			"busRouteNm": "N15",
			"direction": "우이동",
			"gpsX": "127.028692",
			"gpsY": "37.662028",
			"lastTm": "02:55",
			"posX": "202531.28534860624",
			"posY": "462491.7860694011",
			"routeType": "3",
			"sectSpd": "40",
			"section": "109602325",
			"seq": "143",
			"station": "109000102",
			"stationNm": "방학동신동아타워",
			"stationNo": "10187",
			"transYn": "N",
			"fullSectDist": "298",
			"trnstnid": "120000061"
		},
		{
			"arsId": "10185",
			"beginTm": "01:44",
			"busRouteAbrv": "N15",
			"busRouteId": "100100610",
			"busRouteNm": "N15",
			"direction": "우이동",
			"gpsX": "127.0231445962",
			"gpsY": "37.6620015247",
			"lastTm": "02:38",
			"posX": "202041.87919451285",
			"posY": "462488.71261947975",
			"routeType": "3",
			"sectSpd": "35",
			"section": "109602328",
			"seq": "144",
			"station": "109000100",
			"stationNm": "연산군정의공주묘",
			"stationNo": "10185",
			"transYn": "N",
			"fullSectDist": "529",
			"trnstnid": "120000061"
		},
		{
			"arsId": "10343",
			"beginTm": "01:45",
			"busRouteAbrv": "N15",
			"busRouteId": "100100610",
			"busRouteNm": "N15",
			"direction": "우이동",
			"gpsX": "127.014675",
			"gpsY": "37.662163",
			"lastTm": "02:39",
			"posX": "201294.66558359022",
			"posY": "462506.482180675",
			"routeType": "3",
			"sectSpd": "33",
			"section": "108602718",
			"seq": "145",
			"station": "108000385",
			"stationNm": "한국사회봉사회",
			"stationNo": "10343",
			"transYn": "N",
			"fullSectDist": "867",
			"trnstnid": "120000061"
		},
		{
			"arsId": "09102",
			"beginTm": "23:54",
			"busRouteAbrv": "N15",
			"busRouteId": "100100610",
			"busRouteNm": "N15",
			"direction": "우이동",
			"gpsX": "127.0128184738",
			"gpsY": "37.6624998842",
			"lastTm": "02:23",
			"posX": "201130.87303927453",
			"posY": "462543.8449762054",
			"routeType": "3",
			"sectSpd": "56",
			"section": "108600486",
			"seq": "146",
			"station": "108000014",
			"stationNm": "우이동도선사입구.북한산우이역",
			"stationNo": "09102",
			"transYn": "N",
			"fullSectDist": "367",
			"trnstnid": "120000061"
		}
	]
}