{
	"count": 95,
	"result": [
		{
			"arsId": "03120",
			"beginTm": ":",
			"busRouteAbrv": "0411",
			"busRouteId": "104000012",
			"busRouteNm": "0411",
			"direction": "AT센터.양재꽃시장",
			"gpsX": "126.9632801223",
			"gpsY": "37.5321908425",
			"lastTm": ":",
			"posX": "196754.83958741918",
			"posY": "448083.0960507407",
			"routeType": "4",
			"sectSpd": "0",
			"section": "0",
			"seq": "1",
			"station": "102000317",
			"stationNm": "서울드래곤시티",
			"stationNo": "03120",
			"transYn": "N",
			"fullSectDist": "0",
			"trnstnid": "121000222"
		},
		{
			"arsId": "03137",
			"beginTm": ":",
			"busRouteAbrv": "0411",
			"busRouteId": "104000012",
			"busRouteNm": "0411",
			"direction": "AT센터.양재꽃시장",
			"gpsX": "126.9582528287",
			"gpsY": "37.5329991195",
			"lastTm": ":",
			"posX": "196310.5866699836",
			"posY": "448172.98056144454",
			"routeType": "4",
			"sectSpd": "31",
			"section": "102603189",
			"seq": "2",
			"station": "102000043",
			"stationNm": "용산전자상가.전자랜드",
			"stationNo": "03137",
			"transYn": "N",
			"fullSectDist": "537",
			"trnstnid": "121000222"
		},
		{
			"arsId": "03147",
			"beginTm": ":",
			"busRouteAbrv": "0411",
			"busRouteId": "104000012",
			"busRouteNm": "0411",
			"direction": "AT센터.양재꽃시장",
			"gpsX": "126.9583248022",
			"gpsY": "37.5337957151",
			"lastTm": ":",
			"posX": "196316.98651535992",
			"posY": "448261.3805707423",
			"routeType": "4",
			"sectSpd": "40",
			"section": "102601656",
			"seq": "3",
			"station": "102000053",
			"stationNm": "원효로3가",
			"stationNo": "03147",
			"transYn": "N",
			"fullSectDist": "362",
			"trnstnid": "121000222"
		},
		{
			"arsId": "03145",
			"beginTm": ":",
			"busRouteAbrv": "0411",
			"busRouteId": "104000012",
			"busRouteNm": "0411",
			"direction": "AT센터.양재꽃시장",
			"gpsX": "126.9610704217",
			"gpsY": "37.5349338369",
			"lastTm": ":",
			"posX": "196559.68081666922",
			"posY": "448387.58058108157",
			"routeType": "4",
			"sectSpd": "63",
			"section": "102603080",
			"seq": "4",
			"station": "102000051",
			"stationNm": "원효로2가사거리",
			"stationNo": "03145",
			"transYn": "N",
			"fullSectDist": "276",
			"trnstnid": "121000222"
		},
		{
			"arsId": "03143",
			"beginTm": ":",
			"busRouteAbrv": "0411",
			"busRouteId": "104000012",
			"busRouteNm": "0411",
			"direction": "AT센터.양재꽃시장",
			"gpsX": "126.9636632444",
			"gpsY": "37.5363187485",
			"lastTm": ":",
			"posX": "196788.87543542715",
			"posY": "448541.180610748",
			"routeType": "4",
			"sectSpd": "31",
			"section": "102601602",
			"seq": "5",
			"station": "102000049",
			"stationNm": "남정초등학교",
			"stationNo": "03143",
			"transYn": "N",
			"fullSectDist": "284",
			"trnstnid": "121000222"
		},
		{
			"arsId": "03181",
			"beginTm": ":",
			"busRouteAbrv": "0411",
			"busRouteId": "104000012",
			"busRouteNm": "0411",
			"direction": "AT센터.양재꽃시장",
			"gpsX": "126.9649997667",
			"gpsY": "37.5384268178",
			"lastTm": ":",
			"posX": "196907.07266120234",
			"posY": "448775.08063307963",
			"routeType": "4",
			"sectSpd": "43",
			"section": "102600577",
			"seq": "6",
			"station": "102000087",
			"stationNm": "용산꿈나무종합타운.보건분소",
			"stationNo": "03181",
			"transYn": "N",
			"fullSectDist": "444",
			"trnstnid": "121000222"
		},
		{
			"arsId": "03179",
			"beginTm": ":",
			"busRouteAbrv": "0411",
			"busRouteId": "104000012",
			"busRouteNm": "0411",
			"direction": "AT센터.양재꽃시장",
			"gpsX": "126.9620345918",
			"gpsY": "37.5392080537",
			"lastTm": ":",
			"posX": "196645.0788159964",
			"posY": "448861.8806449501",
			"routeType": "4",
			"sectSpd": "15",
			"section": "102600692",
			"seq": "7",
			"station": "102000085",
			"stationNm": "효창공원앞역.이봉창역사울림관",
			"stationNo": "03179",
			"transYn": "N",
			"fullSectDist": "275",
			"trnstnid": "121000222"
		},
		{
			"arsId": "03240",
			"beginTm": ":",
			"busRouteAbrv": "0411",
			"busRouteId": "104000012",
			"busRouteNm": "0411",
			"direction": "AT센터.양재꽃시장",
			"gpsX": "126.9622336676",
			"gpsY": "37.5416239572",
			"lastTm": ":",
			"posX": "196662.77839811036",
			"posY": "449129.98068874096",
			"routeType": "4",
			"sectSpd": "19",
			"section": "102600694",
			"seq": "8",
			"station": "102000146",
			"stationNm": "국민은행효창동지점",
			"stationNo": "03240",
			"transYn": "N",
			"fullSectDist": "329",
			"trnstnid": "121000222"
		},
		{
			"arsId": "03344",
			"beginTm": ":",
			"busRouteAbrv": "0411",
			"busRouteId": "104000012",
			"busRouteNm": "0411",
			"direction": "AT센터.양재꽃시장",
			"gpsX": "126.9638368968",
			"gpsY": "37.5446070869",
			"lastTm": ":",
			"posX": "196804.5750646752",
			"posY": "449460.9807261019",
			"routeType": "4",
			"sectSpd": "27",
			"section": "102603407",
			"seq": "9",
			"station": "102000266",
			"stationNm": "효창공원삼거리.윤봉길의사등묘역",
			"stationNo": "03344",
			"transYn": "N",
			"fullSectDist": "418",
			"trnstnid": "121000222"
		},
		{
			"arsId": "03235",
			"beginTm": ":",
			"busRouteAbrv": "0411",
			"busRouteId": "104000012",
			"busRouteNm": "0411",
			"direction": "AT센터.양재꽃시장",
			"gpsX": "126.9632082782",
			"gpsY": "37.5459093844",
			"lastTm": ":",
			"posX": "196749.08595438726",
			"posY": "449605.5260645291",
			"routeType": "4",
			"sectSpd": "26",
			"section": "102600711",
			"seq": "10",
			"station": "102000141",
			"stationNm": "숙명여대후문.이봉창활동터",
			"stationNo": "03235",
			"transYn": "N",
			"fullSectDist": "152",
			"trnstnid": "121000222"
		},
		{
			"arsId": "03236",
			"beginTm": ":",
			"busRouteAbrv": "0411",
			"busRouteId": "104000012",
			"busRouteNm": "0411",
			"direction": "AT센터.양재꽃시장",
			"gpsX": "126.962663621",
			"gpsY": "37.5468981943",
			"lastTm": ":",
			"posX": "196701.00365719627",
			"posY": "449715.27924158005",
			"routeType": "4",
			"sectSpd": "59",
			"section": "102603219",
			"seq": "11",
			"station": "102000142",
			"stationNm": "효창공원후문",
			"stationNo": "03236",
			"transYn": "N",
			"fullSectDist": "166",
			"trnstnid": "121000222"
		},
		{
			"arsId": "03237",
			"beginTm": ":",
			"busRouteAbrv": "0411",
			"busRouteId": "104000012",
			"busRouteNm": "0411",
			"direction": "AT센터.양재꽃시장",
			"gpsX": "126.9591928852",
			"gpsY": "37.5458806239",
			"lastTm": ":",
			"posX": "196394.28470081248",
			"posY": "449602.4807536886",
			"routeType": "4",
			"sectSpd": "29",
			"section": "102603221",
			"seq": "12",
			"station": "102000143",
			"stationNm": "한겨레신문사입구",
			"stationNo": "03237",
			"transYn": "N",
			"fullSectDist": "334",
			"trnstnid": "121000222"
		},
		{
			"arsId": "03238",
			"beginTm": ":",
			"busRouteAbrv": "0411",
			"busRouteId": "104000012",
			"busRouteNm": "0411",
			"direction": "AT센터.양재꽃시장",
			"gpsX": "126.9576924158",
			"gpsY": "37.5435687851",
			"lastTm": ":",
			"posX": "196261.58782235786",
			"posY": "449345.98071302753",
			"routeType": "4",
			"sectSpd": "26",
			"section": "102600103",
			"seq": "13",
			"station": "102000144",
			"stationNm": "대한노인회",
			"stationNo": "03238",
			"transYn": "N",
			"fullSectDist": "327",
			"trnstnid": "121000222"
		},
		{
			"arsId": "03239",
			"beginTm": ":",
			"busRouteAbrv": "0411",
			"busRouteId": "104000012",
			"busRouteNm": "0411",
			"direction": "AT센터.양재꽃시장",
			"gpsX": "126.9617671315",
			"gpsY": "37.5422095196",
			"lastTm": ":",
			"posX": "196621.57936176404",
			"posY": "449194.98069501435",
			"routeType": "4",
			"sectSpd": "21",
			"section": "102600104",
			"seq": "14",
			"station": "102000145",
			"stationNm": "효창운동장.효창동주민센터",
			"stationNo": "03239",
			"transYn": "N",
			"fullSectDist": "429",
			"trnstnid": "121000222"
		},
		{
			"arsId": "03241",
			"beginTm": ":",
			"busRouteAbrv": "0411",
			"busRouteId": "104000012",
			"busRouteNm": "0411",
			"direction": "AT센터.양재꽃시장",
			"gpsX": "126.9619135936",
			"gpsY": "37.5412679213",
			"lastTm": ":",
			"posX": "196634.47905682554",
			"posY": "449090.4806761169",
			"routeType": "4",
			"sectSpd": "17",
			"section": "102603223",
			"seq": "15",
			"station": "102000147",
			"stationNm": "서울금양초등학교.국민은행효창동지점",
			"stationNo": "03241",
			"transYn": "N",
			"fullSectDist": "131",
			"trnstnid": "121000222"
		},
		{
			"arsId": "03180",
			"beginTm": ":",
			"busRouteAbrv": "0411",
			"busRouteId": "104000012",
			"busRouteNm": "0411",
			"direction": "AT센터.양재꽃시장",
			"gpsX": "126.9624982594",
			"gpsY": "37.5388068257",
			"lastTm": ":",
			"posX": "196686.03436479415",
			"posY": "448817.33756535547",
			"routeType": "4",
			"sectSpd": "11",
			"section": "102601663",
			"seq": "16",
			"station": "102000086",
			"stationNm": "효창공원앞역.이봉창역사울림관",
			"stationNo": "03180",
			"transYn": "N",
			"fullSectDist": "330",
			"trnstnid": "121000222"
		},
		{
			"arsId": "03182",
			"beginTm": ":",
			"busRouteAbrv": "0411",
			"busRouteId": "104000012",
			"busRouteNm": "0411",
			"direction": "AT센터.양재꽃시장",
			"gpsX": "126.964648",
			"gpsY": "37.538295",
			"lastTm": ":",
			"posX": "196875.98197228802",
			"posY": "448760.46366387885",
			"routeType": "4",
			"sectSpd": "3",
			"section": "102600252",
			"seq": "17",
			"station": "102000088",
			"stationNm": "용산꿈나무종합타운.보건분소",
			"stationNo": "03182",
			"transYn": "N",
			"fullSectDist": "185",
			"trnstnid": "121000222"
		},
		{
			"arsId": "03144",
			"beginTm": ":",
			"busRouteAbrv": "0411",
			"busRouteId": "104000012",
			"busRouteNm": "0411",
			"direction": "AT센터.양재꽃시장",
			"gpsX": "126.9629911361",
			"gpsY": "37.536237441",
			"lastTm": ":",
			"posX": "196729.47683069343",
			"posY": "448532.18060407555",
			"routeType": "4",
			"sectSpd": "37",
			"section": "102603073",
			"seq": "18",
			"station": "102000050",
			"stationNm": "원효로2가",
			"stationNo": "03144",
			"transYn": "N",
			"fullSectDist": "452",
			"trnstnid": "121000222"
		},
		{
			"arsId": "03146",
			"beginTm": ":",
			"busRouteAbrv": "0411",
			"busRouteId": "104000012",
			"busRouteNm": "0411",
			"direction": "AT센터.양재꽃시장",
			"gpsX": "126.9581798302",
			"gpsY": "37.5340407624",
			"lastTm": ":",
			"posX": "196304.18681896158",
			"posY": "448288.5805794038",
			"routeType": "4",
			"sectSpd": "56",
			"section": "102603075",
			"seq": "19",
			"station": "102000052",
			"stationNm": "원효로3가",
			"stationNo": "03146",
			"transYn": "N",
			"fullSectDist": "490",
			"trnstnid": "121000222"
		},
		{
			"arsId": "03303",
			"beginTm": ":",
			"busRouteAbrv": "0411",
			"busRouteId": "104000012",
			"busRouteNm": "0411",
			"direction": "AT센터.양재꽃시장",
			"gpsX": "126.9558357777",
			"gpsY": "37.5328096308",
			"lastTm": ":",
			"posX": "196096.96949294079",
			"posY": "448152.04946728656",
			"routeType": "4",
			"sectSpd": "61",
			"section": "102600941",
			"seq": "20",
			"station": "102000209",
			"stationNm": "원효풍전아파트",
			"stationNo": "03303",
			"transYn": "N",
			"fullSectDist": "255",
			"trnstnid": "121000222"
		},
		{
			"arsId": "03289",
			"beginTm": ":",
			"busRouteAbrv": "0411",
			"busRouteId": "104000012",
			"busRouteNm": "0411",
			"direction": "AT센터.양재꽃시장",
			"gpsX": "126.954351091",
			"gpsY": "37.529747416",
			"lastTm": ":",
			"posX": "195965.59477102698",
			"posY": "447812.2805118812",
			"routeType": "4",
			"sectSpd": "61",
			"section": "102603150",
			"seq": "21",
			"station": "102000195",
			"stationNm": "성촌공원.포르쉐센터용산",
			"stationNo": "03289",
			"transYn": "N",
			"fullSectDist": "946",
			"trnstnid": "121000222"
		},
		{
			"arsId": "03291",
			"beginTm": ":",
			"busRouteAbrv": "0411",
			"busRouteId": "104000012",
			"busRouteNm": "0411",
			"direction": "AT센터.양재꽃시장",
			"gpsX": "126.9546791793",
			"gpsY": "37.5279372361",
			"lastTm": ":",
			"posX": "195994.49409274233",
			"posY": "447611.38048752304",
			"routeType": "4",
			"sectSpd": "11",
			"section": "102600845",
			"seq": "22",
			"station": "102000197",
			"stationNm": "이촌2동주민센터",
			"stationNo": "03291",
			"transYn": "N",
			"fullSectDist": "205",
			"trnstnid": "121000222"
		},
		{
			"arsId": "03293",
			"beginTm": ":",
			"busRouteAbrv": "0411",
			"busRouteId": "104000012",
			"busRouteNm": "0411",
			"direction": "AT센터.양재꽃시장",
			"gpsX": "126.9561658719",
			"gpsY": "37.5260292706",
			"lastTm": ":",
			"posX": "196125.7910140673",
			"posY": "447399.58045431925",
			"routeType": "4",
			"sectSpd": "17",
			"section": "102600846",
			"seq": "23",
			"station": "102000199",
			"stationNm": "이촌2동대림아파트.새남터성지",
			"stationNo": "03293",
			"transYn": "N",
			"fullSectDist": "246",
			"trnstnid": "121000222"
		},
		{
			"arsId": "03295",
			"beginTm": ":",
			"busRouteAbrv": "0411",
			"busRouteId": "104000012",
			"busRouteNm": "0411",
			"direction": "AT센터.양재꽃시장",
			"gpsX": "126.9597809746",
			"gpsY": "37.5234462055",
			"lastTm": ":",
			"posX": "196445.18350559822",
			"posY": "447112.7804149189",
			"routeType": "4",
			"sectSpd": "21",
			"section": "102603153",
			"seq": "24",
			"station": "102000201",
			"stationNm": "이촌2동강변아파트",
			"stationNo": "03295",
			"transYn": "N",
			"fullSectDist": "430",
			"trnstnid": "121000222"
		},
		{
			"arsId": "03214",
			"beginTm": ":",
			"busRouteAbrv": "0411",
			"busRouteId": "104000012",
			"busRouteNm": "0411",
			"direction": "AT센터.양재꽃시장",
			"gpsX": "126.9661231869",
			"gpsY": "37.5214756887",
			"lastTm": ":",
			"posX": "197005.67034142007",
			"posY": "446893.88038237486",
			"routeType": "4",
			"sectSpd": "63",
			"section": "102602883",
			"seq": "25",
			"station": "102000120",
			"stationNm": "이촌동동부센트레빌",
			"stationNo": "03214",
			"transYn": "N",
			"fullSectDist": "668",
			"trnstnid": "121000222"
		},
		{
			"arsId": "03216",
			"beginTm": ":",
			"busRouteAbrv": "0411",
			"busRouteId": "104000012",
			"busRouteNm": "0411",
			"direction": "AT센터.양재꽃시장",
			"gpsX": "126.9683361998",
			"gpsY": "37.5212059729",
			"lastTm": ":",
			"posX": "197201.2657481657",
			"posY": "446863.8803795129",
			"routeType": "4",
			"sectSpd": "96",
			"section": "102602885",
			"seq": "26",
			"station": "102000122",
			"stationNm": "이촌1동충신교회앞",
			"stationNo": "03216",
			"transYn": "N",
			"fullSectDist": "199",
			"trnstnid": "121000222"
		},
		{
			"arsId": "03218",
			"beginTm": ":",
			"busRouteAbrv": "0411",
			"busRouteId": "104000012",
			"busRouteNm": "0411",
			"direction": "AT센터.양재꽃시장",
			"gpsX": "126.9728630793",
			"gpsY": "37.5200771209",
			"lastTm": ":",
			"posX": "197601.35634488458",
			"posY": "446738.48035621084",
			"routeType": "4",
			"sectSpd": "18",
			"section": "102602887",
			"seq": "27",
			"station": "102000124",
			"stationNm": "이촌동한강맨션.이촌역",
			"stationNo": "03218",
			"transYn": "N",
			"fullSectDist": "424",
			"trnstnid": "121000222"
		},
		{
			"arsId": "03220",
			"beginTm": ":",
			"busRouteAbrv": "0411",
			"busRouteId": "104000012",
			"busRouteNm": "0411",
			"direction": "AT센터.양재꽃시장",
			"gpsX": "126.9761068945",
			"gpsY": "37.5190514691",
			"lastTm": ":",
			"posX": "197888.04960938453",
			"posY": "446624.580339415",
			"routeType": "4",
			"sectSpd": "16",
			"section": "102602889",
			"seq": "28",
			"station": "102000126",
			"stationNm": "신용산초등학교.중경고등학교",
			"stationNo": "03220",
			"transYn": "N",
			"fullSectDist": "308",
			"trnstnid": "121000222"
		},
		{
			"arsId": "03222",
			"beginTm": ":",
			"busRouteAbrv": "0411",
			"busRouteId": "104000012",
			"busRouteNm": "0411",
			"direction": "AT센터.양재꽃시장",
			"gpsX": "126.9783561291",
			"gpsY": "37.5183400338",
			"lastTm": ":",
			"posX": "198086.8449462006",
			"posY": "446545.580325183",
			"routeType": "4",
			"sectSpd": "22",
			"section": "102602891",
			"seq": "29",
			"station": "102000128",
			"stationNm": "이촌동점보아파트",
			"stationNo": "03222",
			"transYn": "N",
			"fullSectDist": "218",
			"trnstnid": "121000222"
		},
		{
			"arsId": "03224",
			"beginTm": ":",
			"busRouteAbrv": "0411",
			"busRouteId": "104000012",
			"busRouteNm": "0411",
			"direction": "AT센터.양재꽃시장",
			"gpsX": "126.9811234284",
			"gpsY": "37.517704332",
			"lastTm": ":",
			"posX": "198331.4391939874",
			"posY": "446474.9803227093",
			"routeType": "4",
			"sectSpd": "18",
			"section": "102600593",
			"seq": "30",
			"station": "102000130",
			"stationNm": "금강병원.반도아파트",
			"stationNo": "03224",
			"transYn": "N",
			"fullSectDist": "263",
			"trnstnid": "121000222"
		},
		{
			"arsId": "03226",
			"beginTm": ":",
			"busRouteAbrv": "0411",
			"busRouteId": "104000012",
			"busRouteNm": "0411",
			"direction": "AT센터.양재꽃시장",
			"gpsX": "126.985371435",
			"gpsY": "37.5174859672",
			"lastTm": ":",
			"posX": "198706.93037874432",
			"posY": "446450.6803187723",
			"routeType": "4",
			"sectSpd": "35",
			"section": "102600595",
			"seq": "31",
			"station": "102000132",
			"stationNm": "서빙고신동아아파트",
			"stationNo": "03226",
			"transYn": "N",
			"fullSectDist": "430",
			"trnstnid": "121000222"
		},
		{
			"arsId": "22396",
			"beginTm": ":",
			"busRouteAbrv": "0411",
			"busRouteId": "104000012",
			"busRouteNm": "0411",
			"direction": "AT센터.양재꽃시장",
			"gpsX": "126.9802792405",
			"gpsY": "37.5057628053",
			"lastTm": ":",
			"posX": "198256.54095917882",
			"posY": "445149.7801351743",
			"routeType": "4",
			"sectSpd": "65",
			"section": "121602675",
			"seq": "32",
			"station": "121000314",
			"stationNm": "동작대교전망카페",
			"stationNo": "22396",
			"transYn": "N",
			"fullSectDist": "3284",
			"trnstnid": "121000222"
		},
		{
			"arsId": "22024",
			"beginTm": ":",
			"busRouteAbrv": "0411",
			"busRouteId": "104000012",
			"busRouteNm": "0411",
			"direction": "AT센터.양재꽃시장",
			"gpsX": "126.9888988467",
			"gpsY": "37.5016386844",
			"lastTm": ":",
			"posX": "199018.52305957873",
			"posY": "444691.98007539706",
			"routeType": "4",
			"sectSpd": "36",
			"section": "121603090",
			"seq": "33",
			"station": "121000024",
			"stationNm": "구반포역.세화고등학교",
			"stationNo": "22024",
			"transYn": "N",
			"fullSectDist": "1432",
			"trnstnid": "121000222"
		},
		{
			"arsId": "22022",
			"beginTm": ":",
			"busRouteAbrv": "0411",
			"busRouteId": "104000012",
			"busRouteNm": "0411",
			"direction": "AT센터.양재꽃시장",
			"gpsX": "126.9944510234",
			"gpsY": "37.5029429707",
			"lastTm": ":",
			"posX": "199509.41152857104",
			"posY": "444836.6800918444",
			"routeType": "4",
			"sectSpd": "11",
			"section": "121603091",
			"seq": "34",
			"station": "121000022",
			"stationNm": "신반포역.세화여중고",
			"stationNo": "22022",
			"transYn": "N",
			"fullSectDist": "246",
			"trnstnid": "121000222"
		},
		{
			"arsId": "22020",
			"beginTm": ":",
			"busRouteAbrv": "0411",
			"busRouteId": "104000012",
			"busRouteNm": "0411",
			"direction": "AT센터.양재꽃시장",
			"gpsX": "127.003792583",
			"gpsY": "37.5057382586",
			"lastTm": ":",
			"posX": "200335.29211953797",
			"posY": "445146.8801366212",
			"routeType": "4",
			"sectSpd": "40",
			"section": "121608080",
			"seq": "35",
			"station": "121000020",
			"stationNm": "고속터미널",
			"stationNo": "22020",
			"transYn": "N",
			"fullSectDist": "1638",
			"trnstnid": "121000222"
		},
		{
			"arsId": "22218",
			"beginTm": ":",
			"busRouteAbrv": "0411",
			"busRouteId": "104000012",
			"busRouteNm": "0411",
			"direction": "AT센터.양재꽃시장",
			"gpsX": "127.0115829859",
			"gpsY": "37.5017017153",
			"lastTm": ":",
			"posX": "201024.07594054198",
			"posY": "444698.98007548414",
			"routeType": "4",
			"sectSpd": "71",
			"section": "121602980",
			"seq": "36",
			"station": "121000142",
			"stationNm": "반포미도아파트앞",
			"stationNo": "22218",
			"transYn": "N",
			"fullSectDist": "1130",
			"trnstnid": "121000222"
		},
		{
			"arsId": "22133",
			"beginTm": ":",
			"busRouteAbrv": "0411",
			"busRouteId": "104000012",
			"busRouteNm": "0411",
			"direction": "AT센터.양재꽃시장",
			"gpsX": "127.0128545076",
			"gpsY": "37.4964580666",
			"lastTm": ":",
			"posX": "201136.57330295414",
			"posY": "444117.0800008783",
			"routeType": "4",
			"sectSpd": "12",
			"section": "121602981",
			"seq": "37",
			"station": "121000057",
			"stationNm": "법조단지",
			"stationNo": "22133",
			"transYn": "N",
			"fullSectDist": "600",
			"trnstnid": "121000222"
		},
		{
			"arsId": "22103",
			"beginTm": ":",
			"busRouteAbrv": "0411",
			"busRouteId": "104000012",
			"busRouteNm": "0411",
			"direction": "AT센터.양재꽃시장",
			"gpsX": "127.0152335311",
			"gpsY": "37.4939013534",
			"lastTm": ":",
			"posX": "201346.96836163846",
			"posY": "443833.37995677674",
			"routeType": "4",
			"sectSpd": "36",
			"section": "121608137",
			"seq": "38",
			"station": "121000027",
			"stationNm": "지하철2호선교대역2",
			"stationNo": "22103",
			"transYn": "N",
			"fullSectDist": "465",
			"trnstnid": "121000222"
		},
		{
			"arsId": "22104",
			"beginTm": ":",
			"busRouteAbrv": "0411",
			"busRouteId": "104000012",
			"busRouteNm": "0411",
			"direction": "AT센터.양재꽃시장",
			"gpsX": "127.020216043",
			"gpsY": "37.495456936",
			"lastTm": ":",
			"posX": "201787.49138342432",
			"posY": "444006.09378946153",
			"routeType": "4",
			"sectSpd": "20",
			"section": "121600786",
			"seq": "39",
			"station": "121000028",
			"stationNm": "서초동유원아파트",
			"stationNo": "22104",
			"transYn": "N",
			"fullSectDist": "472",
			"trnstnid": "121000222"
		},
		{
			"arsId": "22114",
			"beginTm": ":",
			"busRouteAbrv": "0411",
			"busRouteId": "104000012",
			"busRouteNm": "0411",
			"direction": "AT센터.양재꽃시장",
			"gpsX": "127.0240035889",
			"gpsY": "37.4966572734",
			"lastTm": ":",
			"posX": "202122.3501394365",
			"posY": "444139.3800023277",
			"routeType": "4",
			"sectSpd": "13",
			"section": "121608140",
			"seq": "40",
			"station": "121000038",
			"stationNm": "롯데칠성",
			"stationNo": "22114",
			"transYn": "N",
			"fullSectDist": "363",
			"trnstnid": "121000222"
		},
		{
			"arsId": "22009",
			"beginTm": ":",
			"busRouteAbrv": "0411",
			"busRouteId": "104000012",
			"busRouteNm": "0411",
			"direction": "AT센터.양재꽃시장",
			"gpsX": "127.0284005454",
			"gpsY": "37.4960417459",
			"lastTm": ":",
			"posX": "202511.14100733981",
			"posY": "444071.18000231823",
			"routeType": "4",
			"sectSpd": "10",
			"section": "121607992",
			"seq": "41",
			"station": "121000009",
			"stationNm": "신분당선강남역",
			"stationNo": "22009",
			"transYn": "N",
			"fullSectDist": "520",
			"trnstnid": "121000222"
		},
		{
			"arsId": "22007",
			"beginTm": ":",
			"busRouteAbrv": "0411",
			"busRouteId": "104000012",
			"busRouteNm": "0411",
			"direction": "AT센터.양재꽃시장",
			"gpsX": "127.030405",
			"gpsY": "37.491895",
			"lastTm": ":",
			"posX": "202688.52104726582",
			"posY": "443611.0500253136",
			"routeType": "4",
			"sectSpd": "25",
			"section": "122600078",
			"seq": "42",
			"station": "121000007",
			"stationNm": "래미안아파트.파이낸셜뉴스",
			"stationNo": "22007",
			"transYn": "N",
			"fullSectDist": "494",
			"trnstnid": "121000222"
		},
		{
			"arsId": "22005",
			"beginTm": ":",
			"busRouteAbrv": "0411",
			"busRouteId": "104000012",
			"busRouteNm": "0411",
			"direction": "AT센터.양재꽃시장",
			"gpsX": "127.032432",
			"gpsY": "37.487667",
			"lastTm": ":",
			"posX": "202867.9174351576",
			"posY": "443141.90765884984",
			"routeType": "4",
			"sectSpd": "19",
			"section": "121607998",
			"seq": "43",
			"station": "121000005",
			"stationNm": "뱅뱅사거리",
			"stationNo": "22005",
			"transYn": "N",
			"fullSectDist": "508",
			"trnstnid": "121000222"
		},
		{
			"arsId": "22003",
			"beginTm": ":",
			"busRouteAbrv": "0411",
			"busRouteId": "104000012",
			"busRouteNm": "0411",
			"direction": "AT센터.양재꽃시장",
			"gpsX": "127.035902",
			"gpsY": "37.48261",
			"lastTm": ":",
			"posX": "203174.97880732594",
			"posY": "442580.81901485845",
			"routeType": "4",
			"sectSpd": "12",
			"section": "121608025",
			"seq": "44",
			"station": "121000003",
			"stationNm": "양재역.서초문화예술회관",
			"stationNo": "22003",
			"transYn": "N",
			"fullSectDist": "656",
			"trnstnid": "121000222"
		},
		{
			"arsId": "22001",
			"beginTm": ":",
			"busRouteAbrv": "0411",
			"busRouteId": "104000012",
			"busRouteNm": "0411",
			"direction": "AT센터.양재꽃시장",
			"gpsX": "127.038482",
			"gpsY": "37.47859",
			"lastTm": ":",
			"posX": "203403.3223961142",
			"posY": "442134.79043208016",
			"routeType": "4",
			"sectSpd": "39",
			"section": "121608027",
			"seq": "45",
			"station": "121000001",
			"stationNm": "교육개발원입구",
			"stationNo": "22001",
			"transYn": "N",
			"fullSectDist": "509",
			"trnstnid": "121000222"
		},
		{
			"arsId": "22294",
			"beginTm": ":",
			"busRouteAbrv": "0411",
			"busRouteId": "104000012",
			"busRouteNm": "0411",
			"direction": "AT센터.양재꽃시장",
			"gpsX": "127.038353",
			"gpsY": "37.473135",
			"lastTm": ":",
			"posX": "203392.16027645615",
			"posY": "441529.41871323716",
			"routeType": "4",
			"sectSpd": "47",
			"section": "121600670",
			"seq": "46",
			"station": "121000218",
			"stationNm": "매헌시민의숲",
			"stationNo": "22294",
			"transYn": "N",
			"fullSectDist": "611",
			"trnstnid": "121000222"
		},
		{
			"arsId": "22298",
			"beginTm": ":",
			"busRouteAbrv": "0411",
			"busRouteId": "104000012",
			"busRouteNm": "0411",
			"direction": "AT센터.양재꽃시장",
			"gpsX": "127.039655",
			"gpsY": "37.468707",
			"lastTm": ":",
			"posX": "203507.52356935103",
			"posY": "441038.0707820216",
			"routeType": "4",
			"sectSpd": "47",
			"section": "121601369",
			"seq": "47",
			"station": "121000222",
			"stationNm": "AT센터.양재꽃시장",
			"stationNo": "22298",
			"transYn": "Y",
			"fullSectDist": "522",
			"trnstnid": "121000222"
		},
		{
			"arsId": "22293",
			"beginTm": ":",
			"busRouteAbrv": "0411",
			"busRouteId": "104000012",
			"busRouteNm": "0411",
			"direction": "용산차고지",
			"gpsX": "127.0394643327",
			"gpsY": "37.4695857229",
			"lastTm": ":",
			"posX": "203490.61799831473",
			"posY": "441135.57961051725",
			"routeType": "4",
			"sectSpd": "18",
			"section": "121600693",
			"seq": "48",
			"station": "121000217",
			"stationNm": "양재2동주민센터.양재꽃시장",
			"stationNo": "22293",
			"transYn": "N",
			"fullSectDist": "963",
			"trnstnid": "121000222"
		},
		{
			"arsId": "22295",
			"beginTm": ":",
			"busRouteAbrv": "0411",
			"busRouteId": "104000012",
			"busRouteNm": "0411",
			"direction": "용산차고지",
			"gpsX": "127.0389281035",
			"gpsY": "37.4732795382",
			"lastTm": ":",
			"posX": "203443.01911489406",
			"posY": "441545.47966159694",
			"routeType": "4",
			"sectSpd": "19",
			"section": "121600695",
			"seq": "49",
			"station": "121000219",
			"stationNm": "언남고교",
			"stationNo": "22295",
			"transYn": "N",
			"fullSectDist": "431",
			"trnstnid": "121000222"
		},
		{
			"arsId": "22002",
			"beginTm": ":",
			"busRouteAbrv": "0411",
			"busRouteId": "104000012",
			"busRouteNm": "0411",
			"direction": "용산차고지",
			"gpsX": "127.038758",
			"gpsY": "37.477818",
			"lastTm": ":",
			"posX": "203427.76691603122",
			"posY": "442049.1279299697",
			"routeType": "4",
			"sectSpd": "18",
			"section": "121600697",
			"seq": "50",
			"station": "121000002",
			"stationNm": "교육개발원입구",
			"stationNo": "22002",
			"transYn": "N",
			"fullSectDist": "503",
			"trnstnid": "121000222"
		},
		{
			"arsId": "22004",
			"beginTm": ":",
			"busRouteAbrv": "0411",
			"busRouteId": "104000012",
			"busRouteNm": "0411",
			"direction": "용산차고지",
			"gpsX": "127.036827",
			"gpsY": "37.481927",
			"lastTm": ":",
			"posX": "203256.81045630766",
			"posY": "442505.0547967288",
			"routeType": "4",
			"sectSpd": "36",
			"section": "121600699",
			"seq": "51",
			"station": "121000004",
			"stationNm": "양재역.서초문화예술회관",
			"stationNo": "22004",
			"transYn": "N",
			"fullSectDist": "499",
			"trnstnid": "121000222"
		},
		{
			"arsId": "22006",
			"beginTm": ":",
			"busRouteAbrv": "0411",
			"busRouteId": "104000012",
			"busRouteNm": "0411",
			"direction": "용산차고지",
			"gpsX": "127.033097",
			"gpsY": "37.486653",
			"lastTm": ":",
			"posX": "202926.7620381757",
			"posY": "443029.3995510191",
			"routeType": "4",
			"sectSpd": "24",
			"section": "121607959",
			"seq": "52",
			"station": "121000006",
			"stationNm": "뱅뱅사거리",
			"stationNo": "22006",
			"transYn": "N",
			"fullSectDist": "650",
			"trnstnid": "121000222"
		},
		{
			"arsId": "22008",
			"beginTm": ":",
			"busRouteAbrv": "0411",
			"busRouteId": "104000012",
			"busRouteNm": "0411",
			"direction": "용산차고지",
			"gpsX": "127.030987",
			"gpsY": "37.491087",
			"lastTm": ":",
			"posX": "202740.01312882834",
			"posY": "443521.39900224144",
			"routeType": "4",
			"sectSpd": "27",
			"section": "121607963",
			"seq": "53",
			"station": "121000008",
			"stationNm": "래미안아파트.파이낸셜뉴스",
			"stationNo": "22008",
			"transYn": "N",
			"fullSectDist": "526",
			"trnstnid": "121000222"
		},
		{
			"arsId": "22010",
			"beginTm": ":",
			"busRouteAbrv": "0411",
			"busRouteId": "104000012",
			"busRouteNm": "0411",
			"direction": "용산차고지",
			"gpsX": "127.029112",
			"gpsY": "37.494993",
			"lastTm": ":",
			"posX": "202574.0829385011",
			"posY": "443954.8145600953",
			"routeType": "4",
			"sectSpd": "24",
			"section": "121607964",
			"seq": "54",
			"station": "121000010",
			"stationNm": "신분당선강남역",
			"stationNo": "22010",
			"transYn": "N",
			"fullSectDist": "465",
			"trnstnid": "121000222"
		},
		{
			"arsId": "22168",
			"beginTm": ":",
			"busRouteAbrv": "0411",
			"busRouteId": "104000012",
			"busRouteNm": "0411",
			"direction": "용산차고지",
			"gpsX": "127.0227753379",
			"gpsY": "37.4965791206",
			"lastTm": ":",
			"posX": "202013.75269784985",
			"posY": "444130.680001508",
			"routeType": "4",
			"sectSpd": "47",
			"section": "121601123",
			"seq": "55",
			"station": "121000092",
			"stationNm": "서초동진흥아파트",
			"stationNo": "22168",
			"transYn": "N",
			"fullSectDist": "803",
			"trnstnid": "121000222"
		},
		{
			"arsId": "22169",
			"beginTm": ":",
			"busRouteAbrv": "0411",
			"busRouteId": "104000012",
			"busRouteNm": "0411",
			"direction": "용산차고지",
			"gpsX": "127.0199020569",
			"gpsY": "37.4957082412",
			"lastTm": ":",
			"posX": "201759.72300838825",
			"posY": "444033.9764877013",
			"routeType": "4",
			"sectSpd": "141",
			"section": "121608640",
			"seq": "56",
			"station": "121000093",
			"stationNm": "서초동유원아파트",
			"stationNo": "22169",
			"transYn": "N",
			"fullSectDist": "273",
			"trnstnid": "121000222"
		},
		{
			"arsId": "22170",
			"beginTm": ":",
			"busRouteAbrv": "0411",
			"busRouteId": "104000012",
			"busRouteNm": "0411",
			"direction": "용산차고지",
			"gpsX": "127.0158386954",
			"gpsY": "37.4944725735",
			"lastTm": ":",
			"posX": "201400.46709914782",
			"posY": "443896.77996891504",
			"routeType": "4",
			"sectSpd": "19",
			"section": "121604105",
			"seq": "57",
			"station": "121000094",
			"stationNm": "지하철2호선교대역4출구",
			"stationNo": "22170",
			"transYn": "N",
			"fullSectDist": "381",
			"trnstnid": "121000222"
		},
		{
			"arsId": "22171",
			"beginTm": ":",
			"busRouteAbrv": "0411",
			"busRouteId": "104000012",
			"busRouteNm": "0411",
			"direction": "용산차고지",
			"gpsX": "127.0132446587",
			"gpsY": "37.4962850117",
			"lastTm": ":",
			"posX": "201171.07249017313",
			"posY": "444097.87999979034",
			"routeType": "4",
			"sectSpd": "72",
			"section": "121608195",
			"seq": "58",
			"station": "121000095",
			"stationNm": "법조단지",
			"stationNo": "22171",
			"transYn": "N",
			"fullSectDist": "469",
			"trnstnid": "121000222"
		},
		{
			"arsId": "22197",
			"beginTm": ":",
			"busRouteAbrv": "0411",
			"busRouteId": "104000012",
			"busRouteNm": "0411",
			"direction": "용산차고지",
			"gpsX": "127.012449163",
			"gpsY": "37.4996628214",
			"lastTm": ":",
			"posX": "201100.68639433448",
			"posY": "444472.7232474475",
			"routeType": "4",
			"sectSpd": "15",
			"section": "121602954",
			"seq": "59",
			"station": "121000121",
			"stationNm": "디에이치반포라클라스",
			"stationNo": "22197",
			"transYn": "N",
			"fullSectDist": "380",
			"trnstnid": "121000222"
		},
		{
			"arsId": "22199",
			"beginTm": ":",
			"busRouteAbrv": "0411",
			"busRouteId": "104000012",
			"busRouteNm": "0411",
			"direction": "용산차고지",
			"gpsX": "127.0116012521",
			"gpsY": "37.5027974539",
			"lastTm": ":",
			"posX": "201025.67590366263",
			"posY": "444820.5800883891",
			"routeType": "4",
			"sectSpd": "8",
			"section": "121602956",
			"seq": "60",
			"station": "121000123",
			"stationNm": "삼호가든사거리.반포도서관",
			"stationNo": "22199",
			"transYn": "N",
			"fullSectDist": "359",
			"trnstnid": "121000222"
		},
		{
			"arsId": "22019",
			"beginTm": ":",
			"busRouteAbrv": "0411",
			"busRouteId": "104000012",
			"busRouteNm": "0411",
			"direction": "용산차고지",
			"gpsX": "127.0052834138",
			"gpsY": "37.5062923789",
			"lastTm": ":",
			"posX": "200467.08903079625",
			"posY": "445208.3801442161",
			"routeType": "4",
			"sectSpd": "43",
			"section": "121608051",
			"seq": "61",
			"station": "121000019",
			"stationNm": "고속터미널",
			"stationNo": "22019",
			"transYn": "N",
			"fullSectDist": "917",
			"trnstnid": "121000222"
		},
		{
			"arsId": "22021",
			"beginTm": ":",
			"busRouteAbrv": "0411",
			"busRouteId": "104000012",
			"busRouteNm": "0411",
			"direction": "용산차고지",
			"gpsX": "126.9958263651",
			"gpsY": "37.5034152049",
			"lastTm": ":",
			"posX": "199631.00866763262",
			"posY": "444889.0801053378",
			"routeType": "4",
			"sectSpd": "33",
			"section": "121608164",
			"seq": "62",
			"station": "121000021",
			"stationNm": "신반포역.세화여중고",
			"stationNo": "22021",
			"transYn": "N",
			"fullSectDist": "894",
			"trnstnid": "121000222"
		},
		{
			"arsId": "22023",
			"beginTm": ":",
			"busRouteAbrv": "0411",
			"busRouteId": "104000012",
			"busRouteNm": "0411",
			"direction": "용산차고지",
			"gpsX": "126.9900264523",
			"gpsY": "37.5019451598",
			"lastTm": ":",
			"posX": "199118.22071075984",
			"posY": "444725.9800805808",
			"routeType": "4",
			"sectSpd": "17",
			"section": "121600027",
			"seq": "63",
			"station": "121000023",
			"stationNm": "구반포역.세화고등학교",
			"stationNo": "22023",
			"transYn": "N",
			"fullSectDist": "542",
			"trnstnid": "121000222"
		},
		{
			"arsId": "22397",
			"beginTm": ":",
			"busRouteAbrv": "0411",
			"busRouteId": "104000012",
			"busRouteNm": "0411",
			"direction": "용산차고지",
			"gpsX": "126.9808957772",
			"gpsY": "37.5060918841",
			"lastTm": ":",
			"posX": "198311.0547167364",
			"posY": "445186.2885012813",
			"routeType": "4",
			"sectSpd": "63",
			"section": "121602967",
			"seq": "64",
			"station": "121000315",
			"stationNm": "동작대교전망카페",
			"stationNo": "22397",
			"transYn": "N",
			"fullSectDist": "1377",
			"trnstnid": "121000222"
		},
		{
			"arsId": "03325",
			"beginTm": ":",
			"busRouteAbrv": "0411",
			"busRouteId": "104000012",
			"busRouteNm": "0411",
			"direction": "용산차고지",
			"gpsX": "126.9892332591",
			"gpsY": "37.5200013519",
			"lastTm": ":",
			"posX": "199048.32235997965",
			"posY": "446729.7803547457",
			"routeType": "4",
			"sectSpd": "37",
			"section": "102601687",
			"seq": "65",
			"station": "102000231",
			"stationNm": "서빙고역1번출구",
			"stationNo": "03325",
			"transYn": "N",
			"fullSectDist": "2008",
			"trnstnid": "121000222"
		},
		{
			"arsId": "03225",
			"beginTm": ":",
			"busRouteAbrv": "0411",
			"busRouteId": "104000012",
			"busRouteNm": "0411",
			"direction": "용산차고지",
			"gpsX": "126.9851948708",
			"gpsY": "37.5179148687",
			"lastTm": ":",
			"posX": "198691.330746745",
			"posY": "446498.2803159463",
			"routeType": "4",
			"sectSpd": "13",
			"section": "102600619",
			"seq": "66",
			"station": "102000131",
			"stationNm": "서빙고신동아아파트",
			"stationNo": "03225",
			"transYn": "N",
			"fullSectDist": "1236",
			"trnstnid": "121000222"
		},
		{
			"arsId": "03223",
			"beginTm": ":",
			"busRouteAbrv": "0411",
			"busRouteId": "104000012",
			"busRouteNm": "0411",
			"direction": "용산차고지",
			"gpsX": "126.9787120007",
			"gpsY": "37.5185336834",
			"lastTm": ":",
			"posX": "198118.30617663843",
			"posY": "446567.06351071876",
			"routeType": "4",
			"sectSpd": "50",
			"section": "102603546",
			"seq": "67",
			"station": "102000129",
			"stationNm": "이촌동현대아파트",
			"stationNo": "03223",
			"transYn": "N",
			"fullSectDist": "698",
			"trnstnid": "121000222"
		},
		{
			"arsId": "03221",
			"beginTm": ":",
			"busRouteAbrv": "0411",
			"busRouteId": "104000012",
			"busRouteNm": "0411",
			"direction": "용산차고지",
			"gpsX": "126.9776115957",
			"gpsY": "37.5188201813",
			"lastTm": ":",
			"posX": "198021.0464851278",
			"posY": "446598.88034057524",
			"routeType": "4",
			"sectSpd": "50",
			"section": "102600621",
			"seq": "68",
			"station": "102000127",
			"stationNm": "중경고등학교. 이촌동 강촌아파트",
			"stationNo": "03221",
			"transYn": "N",
			"fullSectDist": "14",
			"trnstnid": "121000222"
		},
		{
			"arsId": "03219",
			"beginTm": ":",
			"busRouteAbrv": "0411",
			"busRouteId": "104000012",
			"busRouteNm": "0411",
			"direction": "용산차고지",
			"gpsX": "126.9745986221",
			"gpsY": "37.5197783418",
			"lastTm": ":",
			"posX": "197754.752741258",
			"posY": "446705.28034892306",
			"routeType": "4",
			"sectSpd": "27",
			"section": "102600623",
			"seq": "69",
			"station": "102000125",
			"stationNm": "신용산초등학교",
			"stationNo": "03219",
			"transYn": "N",
			"fullSectDist": "288",
			"trnstnid": "121000222"
		},
		{
			"arsId": "03217",
			"beginTm": ":",
			"busRouteAbrv": "0411",
			"busRouteId": "104000012",
			"busRouteNm": "0411",
			"direction": "용산차고지",
			"gpsX": "126.9718842721",
			"gpsY": "37.520656299",
			"lastTm": ":",
			"posX": "197514.8583793095",
			"posY": "446802.78036907455",
			"routeType": "4",
			"sectSpd": "79",
			"section": "102602924",
			"seq": "70",
			"station": "102000123",
			"stationNm": "이촌동한가람아파트.이촌역",
			"stationNo": "03217",
			"transYn": "N",
			"fullSectDist": "259",
			"trnstnid": "121000222"
		},
		{
			"arsId": "03215",
			"beginTm": ":",
			"busRouteAbrv": "0411",
			"busRouteId": "104000012",
			"busRouteNm": "0411",
			"direction": "용산차고지",
			"gpsX": "126.9677862417",
			"gpsY": "37.5215067914",
			"lastTm": ":",
			"posX": "197152.6668867878",
			"posY": "446897.28038653405",
			"routeType": "4",
			"sectSpd": "37",
			"section": "102600626",
			"seq": "71",
			"station": "102000121",
			"stationNm": "이촌동두산위브트레지움.한강대우아파트",
			"stationNo": "03215",
			"transYn": "N",
			"fullSectDist": "379",
			"trnstnid": "121000222"
		},
		{
			"arsId": "03294",
			"beginTm": ":",
			"busRouteAbrv": "0411",
			"busRouteId": "104000012",
			"busRouteNm": "0411",
			"direction": "용산차고지",
			"gpsX": "126.9596959751",
			"gpsY": "37.5237192095",
			"lastTm": ":",
			"posX": "196437.68368312885",
			"posY": "447143.0804160051",
			"routeType": "4",
			"sectSpd": "18",
			"section": "102603405",
			"seq": "72",
			"station": "102000200",
			"stationNm": "서부이촌동입구",
			"stationNo": "03294",
			"transYn": "N",
			"fullSectDist": "786",
			"trnstnid": "121000222"
		},
		{
			"arsId": "03292",
			"beginTm": ":",
			"busRouteAbrv": "0411",
			"busRouteId": "104000012",
			"busRouteNm": "0411",
			"direction": "용산차고지",
			"gpsX": "126.9563230524",
			"gpsY": "37.5261753068",
			"lastTm": ":",
			"posX": "196139.69068616853",
			"posY": "447415.78045561817",
			"routeType": "4",
			"sectSpd": "73",
			"section": "102603332",
			"seq": "73",
			"station": "102000198",
			"stationNm": "이촌2동대림아파트.새남터성지",
			"stationNo": "03292",
			"transYn": "N",
			"fullSectDist": "397",
			"trnstnid": "121000222"
		},
		{
			"arsId": "03290",
			"beginTm": ":",
			"busRouteAbrv": "0411",
			"busRouteId": "104000012",
			"busRouteNm": "0411",
			"direction": "용산차고지",
			"gpsX": "126.9550639882",
			"gpsY": "37.5277364382",
			"lastTm": ":",
			"posX": "196028.49329866018",
			"posY": "447589.08048401633",
			"routeType": "4",
			"sectSpd": "13",
			"section": "102601561",
			"seq": "74",
			"station": "102000196",
			"stationNm": "이촌2동주민센터",
			"stationNo": "03290",
			"transYn": "N",
			"fullSectDist": "207",
			"trnstnid": "121000222"
		},
		{
			"arsId": "03288",
			"beginTm": ":",
			"busRouteAbrv": "0411",
			"busRouteId": "104000012",
			"busRouteNm": "0411",
			"direction": "용산차고지",
			"gpsX": "126.9546065451",
			"gpsY": "37.5301710306",
			"lastTm": ":",
			"posX": "195988.19424117415",
			"posY": "447859.2805254841",
			"routeType": "4",
			"sectSpd": "18",
			"section": "102600838",
			"seq": "75",
			"station": "102000194",
			"stationNm": "성촌공원.포르쉐센터용산",
			"stationNo": "03288",
			"transYn": "N",
			"fullSectDist": "280",
			"trnstnid": "121000222"
		},
		{
			"arsId": "03287",
			"beginTm": ":",
			"busRouteAbrv": "0411",
			"busRouteId": "104000012",
			"busRouteNm": "0411",
			"direction": "용산차고지",
			"gpsX": "126.9530904093",
			"gpsY": "37.5301163722",
			"lastTm": ":",
			"posX": "195854.19739015144",
			"posY": "447853.28051892295",
			"routeType": "4",
			"sectSpd": "28",
			"section": "102603334",
			"seq": "76",
			"station": "102000193",
			"stationNm": "이촌119안전센터.성촌공원",
			"stationNo": "03287",
			"transYn": "N",
			"fullSectDist": "250",
			"trnstnid": "121000222"
		},
		{
			"arsId": "03301",
			"beginTm": ":",
			"busRouteAbrv": "0411",
			"busRouteId": "104000012",
			"busRouteNm": "0411",
			"direction": "용산차고지",
			"gpsX": "126.9535225314",
			"gpsY": "37.5321286462",
			"lastTm": ":",
			"posX": "195892.49808288304",
			"posY": "448076.5751846642",
			"routeType": "4",
			"sectSpd": "111",
			"section": "102603130",
			"seq": "77",
			"station": "102000207",
			"stationNm": "원효로풍전아파트",
			"stationNo": "03301",
			"transYn": "N",
			"fullSectDist": "536",
			"trnstnid": "121000222"
		},
		{
			"arsId": "03147",
			"beginTm": ":",
			"busRouteAbrv": "0411",
			"busRouteId": "104000012",
			"busRouteNm": "0411",
			"direction": "용산차고지",
			"gpsX": "126.9583248022",
			"gpsY": "37.5337957151",
			"lastTm": ":",
			"posX": "196316.98651535992",
			"posY": "448261.3805707423",
			"routeType": "4",
			"sectSpd": "40",
			"section": "102601656",
			"seq": "78",
			"station": "102000053",
			"stationNm": "원효로3가",
			"stationNo": "03147",
			"transYn": "N",
			"fullSectDist": "482",
			"trnstnid": "121000222"
		},
		{
			"arsId": "03145",
			"beginTm": ":",
			"busRouteAbrv": "0411",
			"busRouteId": "104000012",
			"busRouteNm": "0411",
			"direction": "용산차고지",
			"gpsX": "126.9610704217",
			"gpsY": "37.5349338369",
			"lastTm": ":",
			"posX": "196559.68081666922",
			"posY": "448387.58058108157",
			"routeType": "4",
			"sectSpd": "63",
			"section": "102603080",
			"seq": "79",
			"station": "102000051",
			"stationNm": "원효로2가사거리",
			"stationNo": "03145",
			"transYn": "N",
			"fullSectDist": "276",
			"trnstnid": "121000222"
		},
		{
			"arsId": "03143",
			"beginTm": ":",
			"busRouteAbrv": "0411",
			"busRouteId": "104000012",
			"busRouteNm": "0411",
			"direction": "용산차고지",
			"gpsX": "126.9636632444",
			"gpsY": "37.5363187485",
			"lastTm": ":",
			"posX": "196788.87543542715",
			"posY": "448541.180610748",
			"routeType": "4",
			"sectSpd": "31",
			"section": "102601602",
			"seq": "80",
			"station": "102000049",
			"stationNm": "남정초등학교",
			"stationNo": "03143",
			"transYn": "N",
			"fullSectDist": "284",
			"trnstnid": "121000222"
		},
		{
			"arsId": "03181",
			"beginTm": ":",
			"busRouteAbrv": "0411",
			"busRouteId": "104000012",
			"busRouteNm": "0411",
			"direction": "용산차고지",
			"gpsX": "126.9649997667",
			"gpsY": "37.5384268178",
			"lastTm": ":",
			"posX": "196907.07266120234",
			"posY": "448775.08063307963",
			"routeType": "4",
			"sectSpd": "43",
			"section": "102600577",
			"seq": "81",
			"station": "102000087",
			"stationNm": "용산꿈나무종합타운.보건분소",
			"stationNo": "03181",
			"transYn": "N",
			"fullSectDist": "444",
			"trnstnid": "121000222"
		},
		{
			"arsId": "03179",
			"beginTm": ":",
			"busRouteAbrv": "0411",
			"busRouteId": "104000012",
			"busRouteNm": "0411",
			"direction": "용산차고지",
			"gpsX": "126.9620345918",
			"gpsY": "37.5392080537",
			"lastTm": ":",
			"posX": "196645.0788159964",
			"posY": "448861.8806449501",
			"routeType": "4",
			"sectSpd": "15",
			"section": "102600692",
			"seq": "82",
			"station": "102000085",
			"stationNm": "효창공원앞역.이봉창역사울림관",
			"stationNo": "03179",
			"transYn": "N",
			"fullSectDist": "275",
			"trnstnid": "121000222"
		},
		{
			"arsId": "03240",
			"beginTm": ":",
			"busRouteAbrv": "0411",
			"busRouteId": "104000012",
			"busRouteNm": "0411",
			"direction": "용산차고지",
			"gpsX": "126.9622336676",
			"gpsY": "37.5416239572",
			"lastTm": ":",
			"posX": "196662.77839811036",
			"posY": "449129.98068874096",
			"routeType": "4",
			"sectSpd": "19",
			"section": "102600694",
			"seq": "83",
			"station": "102000146",
			"stationNm": "국민은행효창동지점",
			"stationNo": "03240",
			"transYn": "N",
			"fullSectDist": "329",
			"trnstnid": "121000222"
		},
		{
			"arsId": "03344",
			"beginTm": ":",
			"busRouteAbrv": "0411",
			"busRouteId": "104000012",
			"busRouteNm": "0411",
			"direction": "용산차고지",
			"gpsX": "126.9638368968",
			"gpsY": "37.5446070869",
			"lastTm": ":",
			"posX": "196804.5750646752",
			"posY": "449460.9807261019",
			"routeType": "4",
			"sectSpd": "27",
			"section": "102603407",
			"seq": "84",
			"station": "102000266",
			"stationNm": "효창공원삼거리.윤봉길의사등묘역",
			"stationNo": "03344",
			"transYn": "N",
			"fullSectDist": "418",
			"trnstnid": "121000222"
		},
		{
			"arsId": "03235",
			"beginTm": ":",
			"busRouteAbrv": "0411",
			"busRouteId": "104000012",
			"busRouteNm": "0411",
			"direction": "용산차고지",
			"gpsX": "126.9632082782",
			"gpsY": "37.5459093844",
			"lastTm": ":",
			"posX": "196749.08595438726",
			"posY": "449605.5260645291",
			"routeType": "4",
			"sectSpd": "26",
			"section": "102600711",
			"seq": "85",
			"station": "102000141",
			"stationNm": "숙명여대후문.이봉창활동터",
			"stationNo": "03235",
			"transYn": "N",
			"fullSectDist": "152",
			"trnstnid": "121000222"
		},
		{
			"arsId": "03236",
			"beginTm": ":",
			"busRouteAbrv": "0411",
			"busRouteId": "104000012",
			"busRouteNm": "0411",
			"direction": "용산차고지",
			"gpsX": "126.962663621",
			"gpsY": "37.5468981943",
			"lastTm": ":",
			"posX": "196701.00365719627",
			"posY": "449715.27924158005",
			"routeType": "4",
			"sectSpd": "59",
			"section": "102603219",
			"seq": "86",
			"station": "102000142",
			"stationNm": "효창공원후문",
			"stationNo": "03236",
			"transYn": "N",
			"fullSectDist": "166",
			"trnstnid": "121000222"
		},
		{
			"arsId": "03237",
			"beginTm": ":",
			"busRouteAbrv": "0411",
			"busRouteId": "104000012",
			"busRouteNm": "0411",
			"direction": "용산차고지",
			"gpsX": "126.9591928852",
			"gpsY": "37.5458806239",
			"lastTm": ":",
			"posX": "196394.28470081248",
			"posY": "449602.4807536886",
			"routeType": "4",
			"sectSpd": "29",
			"section": "102603221",
			"seq": "87",
			"station": "102000143",
			"stationNm": "한겨레신문사입구",
			"stationNo": "03237",
			"transYn": "N",
			"fullSectDist": "334",
			"trnstnid": "121000222"
		},
		{
			"arsId": "03238",
			"beginTm": ":",
			"busRouteAbrv": "0411",
			"busRouteId": "104000012",
			"busRouteNm": "0411",
			"direction": "용산차고지",
			"gpsX": "126.9576924158",
			"gpsY": "37.5435687851",
			"lastTm": ":",
			"posX": "196261.58782235786",
			"posY": "449345.98071302753",
			"routeType": "4",
			"sectSpd": "26",
			"section": "102600103",
			"seq": "88",
			"station": "102000144",
			"stationNm": "대한노인회",
			"stationNo": "03238",
			"transYn": "N",
			"fullSectDist": "327",
			"trnstnid": "121000222"
		},
		{
			"arsId": "03239",
			"beginTm": ":",
			"busRouteAbrv": "0411",
			"busRouteId": "104000012",
			"busRouteNm": "0411",
			"direction": "용산차고지",
			"gpsX": "126.9617671315",
			"gpsY": "37.5422095196",
			"lastTm": ":",
			"posX": "196621.57936176404",
			"posY": "449194.98069501435",
			"routeType": "4",
			"sectSpd": "21",
			"section": "102600104",
			"seq": "89",
			"station": "102000145",
			"stationNm": "효창운동장.효창동주민센터",
			"stationNo": "03239",
			"transYn": "N",
			"fullSectDist": "429",
			"trnstnid": "121000222"
		},
		{
			"arsId": "03241",
			"beginTm": ":",
			"busRouteAbrv": "0411",
			"busRouteId": "104000012",
			"busRouteNm": "0411",
			"direction": "용산차고지",
			"gpsX": "126.9619135936",
			"gpsY": "37.5412679213",
			"lastTm": ":",
			"posX": "196634.47905682554",
			"posY": "449090.4806761169",
			"routeType": "4",
			"sectSpd": "17",
			"section": "102603223",
			"seq": "90",
			"station": "102000147",
			"stationNm": "서울금양초등학교.국민은행효창동지점",
			"stationNo": "03241",
			"transYn": "N",
			"fullSectDist": "131",
			"trnstnid": "121000222"
		},
		{
			"arsId": "03180",
			"beginTm": ":",
			"busRouteAbrv": "0411",
			"busRouteId": "104000012",
			"busRouteNm": "0411",
			"direction": "용산차고지",
			"gpsX": "126.9624982594",
			"gpsY": "37.5388068257",
			"lastTm": ":",
			"posX": "196686.03436479415",
			"posY": "448817.33756535547",
			"routeType": "4",
			"sectSpd": "11",
			"section": "102601663",
			"seq": "91",
			"station": "102000086",
			"stationNm": "효창공원앞역.이봉창역사울림관",
			"stationNo": "03180",
			"transYn": "N",
			"fullSectDist": "330",
			"trnstnid": "121000222"
		},
		{
			"arsId": "03182",
			"beginTm": ":",
			"busRouteAbrv": "0411",
			"busRouteId": "104000012",
			"busRouteNm": "0411",
			"direction": "용산차고지",
			"gpsX": "126.964648",
			"gpsY": "37.538295",
			"lastTm": ":",
			"posX": "196875.98197228802",
			"posY": "448760.46366387885",
			"routeType": "4",
			"sectSpd": "3",
			"section": "102600252",
			"seq": "92",
			"station": "102000088",
			"stationNm": "용산꿈나무종합타운.보건분소",
			"stationNo": "03182",
			"transYn": "N",
			"fullSectDist": "185",
			"trnstnid": "121000222"
		},
		{
			"arsId": "03144",
			"beginTm": ":",
			"busRouteAbrv": "0411",
			"busRouteId": "104000012",
			"busRouteNm": "0411",
			"direction": "용산차고지",
			"gpsX": "126.9629911361",
			"gpsY": "37.536237441",
			"lastTm": ":",
			"posX": "196729.47683069343",
			"posY": "448532.18060407555",
			"routeType": "4",
			"sectSpd": "37",
			"section": "102603073",
			"seq": "93",
			"station": "102000050",
			"stationNm": "원효로2가",
			"stationNo": "03144",
			"transYn": "N",
			"fullSectDist": "452",
			"trnstnid": "121000222"
		},
		{
			"arsId": "03250",
			"beginTm": ":",
			"busRouteAbrv": "0411",
			"busRouteId": "104000012",
			"busRouteNm": "0411",
			"direction": "용산차고지",
			"gpsX": "126.9620268068",
			"gpsY": "37.5344763909",
			"lastTm": ":",
			"posX": "196644.1788328243",
			"posY": "448336.7805799595",
			"routeType": "4",
			"sectSpd": "55",
			"section": "102600041",
			"seq": "94",
			"station": "102000156",
			"stationNm": "용산전자상가입구",
			"stationNo": "03250",
			"transYn": "N",
			"fullSectDist": "265",
			"trnstnid": "121000222"
		},
		{
			"arsId": "03121",
			"beginTm": ":",
			"busRouteAbrv": "0411",
			"busRouteId": "104000012",
			"busRouteNm": "0411",
			"direction": "용산차고지",
			"gpsX": "126.9639909076",
			"gpsY": "37.5318101046",
			"lastTm": ":",
			"posX": "196817.6398607223",
			"posY": "448040.8190820976",
			"routeType": "4",
			"sectSpd": "21",
			"section": "102603544",
			"seq": "95",
			"station": "102000318",
			"stationNm": "용산역3번출구.용산차고지",
			"stationNo": "03121",
			"transYn": "N",
			"fullSectDist": "603",
			"trnstnid": "121000222"
		}
	]
}