{
	"count": 30,
	"result": [
		{
			"arsId": "08107",
			"beginTm": ":",
			"busRouteAbrv": "1116",
			"busRouteId": "107000001",
			"busRouteNm": "1116",
			"direction": "미아삼거리역",
			"gpsX": "126.9940273315",
			"gpsY": "37.6106795513",
			"lastTm": ":",
			"posX": "199472.71238794975",
			"posY": "456792.88169837976",
			"routeType": "4",
			"sectSpd": "0",
			"section": "0",
			"seq": "1",
			"station": "107000017",
			"stationNm": "국민대앞",
			"stationNo": "08107",
			"transYn": "N",
			"fullSectDist": "0",
			"trnstnid": "107000231"
		},
		{
			"arsId": "08395",
			"beginTm": ":",
			"busRouteAbrv": "1116",
			"busRouteId": "107000001",
			"busRouteNm": "1116",
			"direction": "미아삼거리역",
			"gpsX": "126.9995106864",
			"gpsY": "37.6094614333",
			"lastTm": ":",
			"posX": "199956.8010165344",
			"posY": "456657.68167877244",
			"routeType": "4",
			"sectSpd": "8",
			"section": "107603606",
			"seq": "2",
			"station": "107000295",
			"stationNm": "고려대사범대학부속고등학교.후문",
			"stationNo": "08395",
			"transYn": "N",
			"fullSectDist": "632",
			"trnstnid": "107000231"
		},
		{
			"arsId": "08393",
			"beginTm": "05:03",
			"busRouteAbrv": "1116",
			"busRouteId": "107000001",
			"busRouteNm": "1116",
			"direction": "미아삼거리역",
			"gpsX": "127.0000339808",
			"gpsY": "37.6110094999",
			"lastTm": "23:33",
			"posX": "200002.9999280412",
			"posY": "456829.4817122258",
			"routeType": "4",
			"sectSpd": "16",
			"section": "107603608",
			"seq": "3",
			"station": "107000293",
			"stationNm": "국민대후문",
			"stationNo": "08393",
			"transYn": "N",
			"fullSectDist": "264",
			"trnstnid": "107000231"
		},
		{
			"arsId": "08391",
			"beginTm": "05:04",
			"busRouteAbrv": "1116",
			"busRouteId": "107000001",
			"busRouteNm": "1116",
			"direction": "미아삼거리역",
			"gpsX": "127.0040415091",
			"gpsY": "37.6120682063",
			"lastTm": "23:34",
			"posX": "200356.79161779245",
			"posY": "456946.9817228243",
			"routeType": "4",
			"sectSpd": "20",
			"section": "107601157",
			"seq": "4",
			"station": "107000291",
			"stationNm": "정릉연립",
			"stationNo": "08391",
			"transYn": "N",
			"fullSectDist": "389",
			"trnstnid": "107000231"
		},
		{
			"arsId": "08325",
			"beginTm": "05:06",
			"busRouteAbrv": "1116",
			"busRouteId": "107000001",
			"busRouteNm": "1116",
			"direction": "미아삼거리역",
			"gpsX": "127.0072777201",
			"gpsY": "37.6126699762",
			"lastTm": "23:35",
			"posX": "200642.4849088104",
			"posY": "457013.78172822064",
			"routeType": "4",
			"sectSpd": "18",
			"section": "107603604",
			"seq": "5",
			"station": "107000229",
			"stationNm": "솔샘사거리",
			"stationNo": "08325",
			"transYn": "N",
			"fullSectDist": "307",
			"trnstnid": "107000231"
		},
		{
			"arsId": "08338",
			"beginTm": "05:07",
			"busRouteAbrv": "1116",
			"busRouteId": "107000001",
			"busRouteNm": "1116",
			"direction": "미아삼거리역",
			"gpsX": "127.0089068708",
			"gpsY": "37.6151911012",
			"lastTm": "23:36",
			"posX": "200786.281527414",
			"posY": "457293.5817745747",
			"routeType": "4",
			"sectSpd": "27",
			"section": "107600941",
			"seq": "6",
			"station": "107000240",
			"stationNm": "청소년문화의집.정릉e편한세상",
			"stationNo": "08338",
			"transYn": "N",
			"fullSectDist": "334",
			"trnstnid": "107000231"
		},
		{
			"arsId": "08328",
			"beginTm": "05:09",
			"busRouteAbrv": "1116",
			"busRouteId": "107000001",
			"busRouteNm": "1116",
			"direction": "미아삼거리역",
			"gpsX": "127.008999909",
			"gpsY": "37.6164526131",
			"lastTm": "23:38",
			"posX": "200794.48133919446",
			"posY": "457433.581789047",
			"routeType": "4",
			"sectSpd": "11",
			"section": "107603610",
			"seq": "7",
			"station": "107000232",
			"stationNm": "정릉동풍림아파트",
			"stationNo": "08328",
			"transYn": "N",
			"fullSectDist": "148",
			"trnstnid": "107000231"
		},
		{
			"arsId": "09225",
			"beginTm": "05:10",
			"busRouteAbrv": "1116",
			"busRouteId": "107000001",
			"busRouteNm": "1116",
			"direction": "미아삼거리역",
			"gpsX": "127.0111968544",
			"gpsY": "37.6197323732",
			"lastTm": "23:40",
			"posX": "200988.37678528274",
			"posY": "457797.58183478424",
			"routeType": "4",
			"sectSpd": "50",
			"section": "108602558",
			"seq": "8",
			"station": "108000137",
			"stationNm": "SK아파트.벽산아파트상가",
			"stationNo": "09225",
			"transYn": "N",
			"fullSectDist": "482",
			"trnstnid": "107000231"
		},
		{
			"arsId": "09223",
			"beginTm": "05:13",
			"busRouteAbrv": "1116",
			"busRouteId": "107000001",
			"busRouteNm": "1116",
			"direction": "미아삼거리역",
			"gpsX": "127.013398",
			"gpsY": "37.620197",
			"lastTm": "23:42",
			"posX": "201182.67053347715",
			"posY": "457849.1703723152",
			"routeType": "4",
			"sectSpd": "19",
			"section": "108601558",
			"seq": "9",
			"station": "108000135",
			"stationNm": "삼각산동SK아파트북한산시티미양초등학교",
			"stationNo": "09223",
			"transYn": "N",
			"fullSectDist": "158",
			"trnstnid": "107000231"
		},
		{
			"arsId": "09221",
			"beginTm": "05:15",
			"busRouteAbrv": "1116",
			"busRouteId": "107000001",
			"busRouteNm": "1116",
			"direction": "미아삼거리역",
			"gpsX": "127.0163558042",
			"gpsY": "37.6200029974",
			"lastTm": "23:45",
			"posX": "201443.7660819947",
			"posY": "457827.6818469954",
			"routeType": "4",
			"sectSpd": "56",
			"section": "108602517",
			"seq": "10",
			"station": "108000133",
			"stationNm": "두산위브아파트입구",
			"stationNo": "09221",
			"transYn": "N",
			"fullSectDist": "320",
			"trnstnid": "107000231"
		},
		{
			"arsId": "09219",
			"beginTm": "05:16",
			"busRouteAbrv": "1116",
			"busRouteId": "107000001",
			"busRouteNm": "1116",
			"direction": "미아삼거리역",
			"gpsX": "127.0182419347",
			"gpsY": "37.6198720636",
			"lastTm": "23:46",
			"posX": "201610.26217237164",
			"posY": "457813.1818369804",
			"routeType": "4",
			"sectSpd": "11",
			"section": "108600563",
			"seq": "11",
			"station": "108000131",
			"stationNm": "동북프라자",
			"stationNo": "09219",
			"transYn": "N",
			"fullSectDist": "166",
			"trnstnid": "107000231"
		},
		{
			"arsId": "09171",
			"beginTm": "05:18",
			"busRouteAbrv": "1116",
			"busRouteId": "107000001",
			"busRouteNm": "1116",
			"direction": "미아삼거리역",
			"gpsX": "127.0219030025",
			"gpsY": "37.6190766845",
			"lastTm": "23:48",
			"posX": "201933.45458039248",
			"posY": "457724.9818365704",
			"routeType": "4",
			"sectSpd": "100",
			"section": "108600487",
			"seq": "12",
			"station": "108000083",
			"stationNm": "삼양동사거리",
			"stationNo": "09171",
			"transYn": "N",
			"fullSectDist": "340",
			"trnstnid": "107000231"
		},
		{
			"arsId": "09173",
			"beginTm": "05:21",
			"busRouteAbrv": "1116",
			"busRouteId": "107000001",
			"busRouteNm": "1116",
			"direction": "미아삼거리역",
			"gpsX": "127.0255230955",
			"gpsY": "37.6179423926",
			"lastTm": "23:49",
			"posX": "202253.04707559166",
			"posY": "457599.18181227613",
			"routeType": "4",
			"sectSpd": "18",
			"section": "108600488",
			"seq": "13",
			"station": "108000085",
			"stationNm": "성암국제무역고등학교",
			"stationNo": "09173",
			"transYn": "N",
			"fullSectDist": "350",
			"trnstnid": "107000231"
		},
		{
			"arsId": "09175",
			"beginTm": "05:22",
			"busRouteAbrv": "1116",
			"busRouteId": "107000001",
			"busRouteNm": "1116",
			"direction": "미아삼거리역",
			"gpsX": "127.028487",
			"gpsY": "37.61706",
			"lastTm": "23:50",
			"posX": "202514.71498426364",
			"posY": "457501.33147273585",
			"routeType": "4",
			"sectSpd": "49",
			"section": "108602489",
			"seq": "14",
			"station": "108000087",
			"stationNm": "삼양동사거리입구",
			"stationNo": "09175",
			"transYn": "N",
			"fullSectDist": "289",
			"trnstnid": "107000231"
		},
		{
			"arsId": "09011",
			"beginTm": "05:23",
			"busRouteAbrv": "1116",
			"busRouteId": "107000001",
			"busRouteNm": "1116",
			"direction": "미아삼거리역",
			"gpsX": "127.0299325391",
			"gpsY": "37.6137621245",
			"lastTm": "23:51",
			"posX": "202642.43792619967",
			"posY": "457135.38175417343",
			"routeType": "4",
			"sectSpd": "32",
			"section": "108602305",
			"seq": "15",
			"station": "108000011",
			"stationNm": "미아사거리역",
			"stationNo": "09011",
			"transYn": "N",
			"fullSectDist": "493",
			"trnstnid": "107000231"
		},
		{
			"arsId": "08327",
			"beginTm": "05:25",
			"busRouteAbrv": "1116",
			"busRouteId": "107000001",
			"busRouteNm": "1116",
			"direction": "미아삼거리역",
			"gpsX": "127.0293808251",
			"gpsY": "37.6078214049",
			"lastTm": "23:52",
			"posX": "202593.9390654975",
			"posY": "456476.08166860044",
			"routeType": "4",
			"sectSpd": "72",
			"section": "107603481",
			"seq": "16",
			"station": "107000231",
			"stationNm": "성북우체국현대백화점",
			"stationNo": "08327",
			"transYn": "Y",
			"fullSectDist": "1406",
			"trnstnid": "107000231"
		},
		{
			"arsId": "09012",
			"beginTm": "05:31",
			"busRouteAbrv": "1116",
			"busRouteId": "107000001",
			"busRouteNm": "1116",
			"direction": "국민대학교",
			"gpsX": "127.0302131064",
			"gpsY": "37.6128943078",
			"lastTm": "23:59",
			"posX": "202667.23734211593",
			"posY": "457039.08173991647",
			"routeType": "4",
			"sectSpd": "73",
			"section": "107603091",
			"seq": "17",
			"station": "108000012",
			"stationNm": "미아사거리역",
			"stationNo": "09012",
			"transYn": "N",
			"fullSectDist": "584",
			"trnstnid": "107000231"
		},
		{
			"arsId": "09174",
			"beginTm": "05:34",
			"busRouteAbrv": "1116",
			"busRouteId": "107000001",
			"busRouteNm": "1116",
			"direction": "국민대학교",
			"gpsX": "127.0285496755",
			"gpsY": "37.6172649846",
			"lastTm": "00:02",
			"posX": "202520.2408002471",
			"posY": "457524.0818044697",
			"routeType": "4",
			"sectSpd": "29",
			"section": "108600494",
			"seq": "18",
			"station": "108000086",
			"stationNm": "삼양동사거리입구",
			"stationNo": "09174",
			"transYn": "N",
			"fullSectDist": "590",
			"trnstnid": "107000231"
		},
		{
			"arsId": "09172",
			"beginTm": "05:36",
			"busRouteAbrv": "1116",
			"busRouteId": "107000001",
			"busRouteNm": "1116",
			"direction": "국민대학교",
			"gpsX": "127.0252762472",
			"gpsY": "37.618243408",
			"lastTm": "00:05",
			"posX": "202231.24758629763",
			"posY": "457632.58181697456",
			"routeType": "4",
			"sectSpd": "22",
			"section": "108602491",
			"seq": "19",
			"station": "108000084",
			"stationNm": "성암국제무역고등학교",
			"stationNo": "09172",
			"transYn": "N",
			"fullSectDist": "321",
			"trnstnid": "107000231"
		},
		{
			"arsId": "09170",
			"beginTm": "05:37",
			"busRouteAbrv": "1116",
			"busRouteId": "107000001",
			"busRouteNm": "1116",
			"direction": "국민대학교",
			"gpsX": "127.022342",
			"gpsY": "37.619154",
			"lastTm": "00:06",
			"posX": "201972.20438213667",
			"posY": "457733.5712430272",
			"routeType": "4",
			"sectSpd": "14",
			"section": "108600496",
			"seq": "20",
			"station": "108000082",
			"stationNm": "삼양동사거리",
			"stationNo": "09170",
			"transYn": "N",
			"fullSectDist": "325",
			"trnstnid": "107000231"
		},
		{
			"arsId": "09220",
			"beginTm": "05:38",
			"busRouteAbrv": "1116",
			"busRouteId": "107000001",
			"busRouteNm": "1116",
			"direction": "국민대학교",
			"gpsX": "127.0189069254",
			"gpsY": "37.6199530566",
			"lastTm": "00:07",
			"posX": "201668.96079003823",
			"posY": "457822.18184692133",
			"routeType": "4",
			"sectSpd": "32",
			"section": "108600826",
			"seq": "21",
			"station": "108000132",
			"stationNm": "동북시장",
			"stationNo": "09220",
			"transYn": "N",
			"fullSectDist": "270",
			"trnstnid": "107000231"
		},
		{
			"arsId": "09222",
			"beginTm": "05:41",
			"busRouteAbrv": "1116",
			"busRouteId": "107000001",
			"busRouteNm": "1116",
			"direction": "국민대학교",
			"gpsX": "127.0161949742",
			"gpsY": "37.6201498963",
			"lastTm": "00:09",
			"posX": "201429.5664190154",
			"posY": "457843.98184589855",
			"routeType": "4",
			"sectSpd": "13",
			"section": "108600566",
			"seq": "22",
			"station": "108000134",
			"stationNm": "두산위브아파트입구",
			"stationNo": "09222",
			"transYn": "N",
			"fullSectDist": "240",
			"trnstnid": "107000231"
		},
		{
			"arsId": "09224",
			"beginTm": "05:42",
			"busRouteAbrv": "1116",
			"busRouteId": "107000001",
			"busRouteNm": "1116",
			"direction": "국민대학교",
			"gpsX": "127.012611",
			"gpsY": "37.620308",
			"lastTm": "00:11",
			"posX": "201113.19868029305",
			"posY": "457861.47924097814",
			"routeType": "4",
			"sectSpd": "69",
			"section": "108602520",
			"seq": "23",
			"station": "108000136",
			"stationNm": "삼양동벽산라이브파크미양초등학교",
			"stationNo": "09224",
			"transYn": "N",
			"fullSectDist": "300",
			"trnstnid": "107000231"
		},
		{
			"arsId": "09226",
			"beginTm": "05:44",
			"busRouteAbrv": "1116",
			"busRouteId": "107000001",
			"busRouteNm": "1116",
			"direction": "국민대학교",
			"gpsX": "127.0113418872",
			"gpsY": "37.6199369055",
			"lastTm": "00:12",
			"posX": "201001.17648215152",
			"posY": "457820.2818372976",
			"routeType": "4",
			"sectSpd": "46",
			"section": "108602561",
			"seq": "24",
			"station": "108000138",
			"stationNm": "SK아파트.벽산아파트상가",
			"stationNo": "09226",
			"transYn": "N",
			"fullSectDist": "142",
			"trnstnid": "107000231"
		},
		{
			"arsId": "08262",
			"beginTm": "05:46",
			"busRouteAbrv": "1116",
			"busRouteId": "107000001",
			"busRouteNm": "1116",
			"direction": "국민대학교",
			"gpsX": "127.0087971028",
			"gpsY": "37.616120128",
			"lastTm": "00:14",
			"posX": "200776.58175599508",
			"posY": "457396.68177806213",
			"routeType": "4",
			"sectSpd": "36",
			"section": "107603555",
			"seq": "25",
			"station": "107000167",
			"stationNm": "정릉동풍림아파트.청소년문화의집",
			"stationNo": "08262",
			"transYn": "N",
			"fullSectDist": "569",
			"trnstnid": "107000231"
		},
		{
			"arsId": "08324",
			"beginTm": "05:47",
			"busRouteAbrv": "1116",
			"busRouteId": "107000001",
			"busRouteNm": "1116",
			"direction": "국민대학교",
			"gpsX": "127.0070840346",
			"gpsY": "37.6127700085",
			"lastTm": "00:16",
			"posX": "200625.38530811496",
			"posY": "457024.8817327209",
			"routeType": "4",
			"sectSpd": "8",
			"section": "107601048",
			"seq": "26",
			"station": "107000228",
			"stationNm": "솔샘사거리",
			"stationNo": "08324",
			"transYn": "N",
			"fullSectDist": "438",
			"trnstnid": "107000231"
		},
		{
			"arsId": "08390",
			"beginTm": "05:50",
			"busRouteAbrv": "1116",
			"busRouteId": "107000001",
			"busRouteNm": "1116",
			"direction": "국민대학교",
			"gpsX": "127.0044096525",
			"gpsY": "37.6122826515",
			"lastTm": "00:18",
			"posX": "200389.29085463076",
			"posY": "456970.78172813635",
			"routeType": "4",
			"sectSpd": "44",
			"section": "107603616",
			"seq": "27",
			"station": "107000290",
			"stationNm": "국민커뮤니티센터",
			"stationNo": "08390",
			"transYn": "N",
			"fullSectDist": "272",
			"trnstnid": "107000231"
		},
		{
			"arsId": "08392",
			"beginTm": "05:51",
			"busRouteAbrv": "1116",
			"busRouteId": "107000001",
			"busRouteNm": "1116",
			"direction": "국민대학교",
			"gpsX": "127.0000838196",
			"gpsY": "37.6112753201",
			"lastTm": "00:19",
			"posX": "200007.39982206185",
			"posY": "456858.98170939647",
			"routeType": "4",
			"sectSpd": "16",
			"section": "107601789",
			"seq": "28",
			"station": "107000292",
			"stationNm": "국민대후문",
			"stationNo": "08392",
			"transYn": "N",
			"fullSectDist": "414",
			"trnstnid": "107000231"
		},
		{
			"arsId": "08394",
			"beginTm": "05:53",
			"busRouteAbrv": "1116",
			"busRouteId": "107000001",
			"busRouteNm": "1116",
			"direction": "국민대학교",
			"gpsX": "126.9991946966",
			"gpsY": "37.6097773522",
			"lastTm": "00:20",
			"posX": "199928.90420149997",
			"posY": "456692.74167236546",
			"routeType": "4",
			"sectSpd": "40",
			"section": "107603618",
			"seq": "29",
			"station": "107000294",
			"stationNm": "고려대사범대학부속고등학교.후문",
			"stationNo": "08394",
			"transYn": "N",
			"fullSectDist": "238",
			"trnstnid": "107000231"
		},
		{
			"arsId": "08108",
			"beginTm": "05:54",
			"busRouteAbrv": "1116",
			"busRouteId": "107000001",
			"busRouteNm": "1116",
			"direction": "국민대학교",
			"gpsX": "126.9943059539",
			"gpsY": "37.610930067",
			"lastTm": "00:21",
			"posX": "199497.31181303828",
			"posY": "456820.6817115615",
			"routeType": "4",
			"sectSpd": "10",
			"section": "107601292",
			"seq": "30",
			"station": "107000018",
			"stationNm": "국민대앞",
			"stationNo": "08108",
			"transYn": "N",
			"fullSectDist": "648",
			"trnstnid": "107000231"
		}
	]
}