{
	"count": 19,
	"result": [
		{
			"arsId": "08568",
			"beginTm": "05:44",
			"busRouteAbrv": "성북14-1",
			"busRouteId": "107900010",
			"busRouteNm": "성북14-1",
			"direction": "석계역문화공원",
			"gpsX": "127.0451511821",
			"gpsY": "37.6199450324",
			"lastTm": "16:46",
			"posX": "203985.60636958323",
			"posY": "457822.08185765846",
			"routeType": "2",
			"sectSpd": "0",
			"section": "0",
			"seq": "1",
			"station": "107900298",
			"stationNm": "북서울꿈의숲",
			"stationNo": "08568",
			"transYn": "N",
			"fullSectDist": "0",
			"trnstnid": "107000235"
		},
		{
			"arsId": "08980",
			"beginTm": "05:41",
			"busRouteAbrv": "성북14-1",
			"busRouteId": "107900010",
			"busRouteNm": "성북14-1",
			"direction": "석계역문화공원",
			"gpsX": "127.0456216446",
			"gpsY": "37.6208195823",
			"lastTm": "00:18",
			"posX": "204027.0880839325",
			"posY": "457919.1572400131",
			"routeType": "2",
			"sectSpd": "12",
			"section": "107602799",
			"seq": "2",
			"station": "107900117",
			"stationNm": "꿈의숲대명루첸아파트",
			"stationNo": "08980",
			"transYn": "N",
			"fullSectDist": "101",
			"trnstnid": "107000235"
		},
		{
			"arsId": "08450",
			"beginTm": "05:41",
			"busRouteAbrv": "성북14-1",
			"busRouteId": "107900010",
			"busRouteNm": "성북14-1",
			"direction": "석계역문화공원",
			"gpsX": "127.0484023045",
			"gpsY": "37.6232885677",
			"lastTm": "00:18",
			"posX": "204272.3996365628",
			"posY": "458193.2819177341",
			"routeType": "2",
			"sectSpd": "19",
			"section": "107602613",
			"seq": "3",
			"station": "107900305",
			"stationNm": "장월초교.참누리아파트",
			"stationNo": "08450",
			"transYn": "N",
			"fullSectDist": "381",
			"trnstnid": "107000235"
		},
		{
			"arsId": "11603",
			"beginTm": "05:43",
			"busRouteAbrv": "성북14-1",
			"busRouteId": "107900010",
			"busRouteNm": "성북14-1",
			"direction": "석계역문화공원",
			"gpsX": "127.0509399385",
			"gpsY": "37.6242668613",
			"lastTm": "00:19",
			"posX": "204496.3339139299",
			"posY": "458301.9690368897",
			"routeType": "2",
			"sectSpd": "8",
			"section": "107602614",
			"seq": "4",
			"station": "110900150",
			"stationNm": "장석교회",
			"stationNo": "11603",
			"transYn": "N",
			"fullSectDist": "365",
			"trnstnid": "107000235"
		},
		{
			"arsId": "11604",
			"beginTm": "05:44",
			"busRouteAbrv": "성북14-1",
			"busRouteId": "107900010",
			"busRouteNm": "성북14-1",
			"direction": "석계역문화공원",
			"gpsX": "127.0524302245",
			"gpsY": "37.6219654168",
			"lastTm": "00:19",
			"posX": "204628.02021518405",
			"posY": "458046.63295400515",
			"routeType": "2",
			"sectSpd": "19",
			"section": "110603331",
			"seq": "5",
			"station": "107900332",
			"stationNm": "교육촌.벼루말",
			"stationNo": "11604",
			"transYn": "N",
			"fullSectDist": "300",
			"trnstnid": "107000235"
		},
		{
			"arsId": "11605",
			"beginTm": "05:45",
			"busRouteAbrv": "성북14-1",
			"busRouteId": "107900010",
			"busRouteNm": "성북14-1",
			"direction": "석계역문화공원",
			"gpsX": "127.0537615304",
			"gpsY": "37.6206117189",
			"lastTm": "00:20",
			"posX": "204745.62075616306",
			"posY": "457896.4694886226",
			"routeType": "2",
			"sectSpd": "14",
			"section": "107602615",
			"seq": "6",
			"station": "107900333",
			"stationNm": "꿈의숲SK뷰아파트",
			"stationNo": "11605",
			"transYn": "N",
			"fullSectDist": "186",
			"trnstnid": "107000235"
		},
		{
			"arsId": "11333",
			"beginTm": "05:45",
			"busRouteAbrv": "성북14-1",
			"busRouteId": "107900010",
			"busRouteNm": "성북14-1",
			"direction": "석계역문화공원",
			"gpsX": "127.0563054062",
			"gpsY": "37.6189553524",
			"lastTm": "00:20",
			"posX": "204970.28324148522",
			"posY": "457712.78186109615",
			"routeType": "2",
			"sectSpd": "10",
			"section": "107603722",
			"seq": "7",
			"station": "110000232",
			"stationNm": "광운중.광운인공지능고등학교",
			"stationNo": "11333",
			"transYn": "N",
			"fullSectDist": "296",
			"trnstnid": "107000235"
		},
		{
			"arsId": "11607",
			"beginTm": "05:46",
			"busRouteAbrv": "성북14-1",
			"busRouteId": "107900010",
			"busRouteNm": "성북14-1",
			"direction": "석계역문화공원",
			"gpsX": "127.0643663812",
			"gpsY": "37.6152674558",
			"lastTm": "00:22",
			"posX": "205682.13557804344",
			"posY": "457303.9661583402",
			"routeType": "2",
			"sectSpd": "18",
			"section": "110604252",
			"seq": "8",
			"station": "107900337",
			"stationNm": "석계역문화공원",
			"stationNo": "11607",
			"transYn": "N",
			"fullSectDist": "866",
			"trnstnid": "107000235"
		},
		{
			"arsId": "08146",
			"beginTm": "05:49",
			"busRouteAbrv": "성북14-1",
			"busRouteId": "107900010",
			"busRouteNm": "성북14-1",
			"direction": "석계역문화공원",
			"gpsX": "127.0657965807",
			"gpsY": "37.6143314819",
			"lastTm": "00:24",
			"posX": "205808.46355354055",
			"posY": "457200.18180034123",
			"routeType": "2",
			"sectSpd": "5",
			"section": "107603748",
			"seq": "9",
			"station": "107000056",
			"stationNm": "석계역굴다리앞",
			"stationNo": "08146",
			"transYn": "N",
			"fullSectDist": "247",
			"trnstnid": "107000235"
		},
		{
			"arsId": "08332",
			"beginTm": "05:50",
			"busRouteAbrv": "성북14-1",
			"busRouteId": "107900010",
			"busRouteNm": "성북14-1",
			"direction": "석계역문화공원",
			"gpsX": "127.0654245016",
			"gpsY": "37.6137162476",
			"lastTm": "00:25",
			"posX": "205775.66432355446",
			"posY": "457131.88178852526",
			"routeType": "2",
			"sectSpd": "12",
			"section": "107603749",
			"seq": "10",
			"station": "107000235",
			"stationNm": "석계역",
			"stationNo": "08332",
			"transYn": "Y",
			"fullSectDist": "337",
			"trnstnid": "107000235"
		},
		{
			"arsId": "11457",
			"beginTm": "05:51",
			"busRouteAbrv": "성북14-1",
			"busRouteId": "107900010",
			"busRouteNm": "성북14-1",
			"direction": "북서울꿈의숲",
			"gpsX": "127.064901901",
			"gpsY": "37.6151070694",
			"lastTm": "00:26",
			"posX": "205729.42250794618",
			"posY": "457286.1994518256",
			"routeType": "2",
			"sectSpd": "9",
			"section": "107603750",
			"seq": "11",
			"station": "110000356",
			"stationNm": "석계역1번출구",
			"stationNo": "11457",
			"transYn": "N",
			"fullSectDist": "171",
			"trnstnid": "107000235"
		},
		{
			"arsId": "11334",
			"beginTm": "05:55",
			"busRouteAbrv": "성북14-1",
			"busRouteId": "107900010",
			"busRouteNm": "성북14-1",
			"direction": "북서울꿈의숲",
			"gpsX": "127.0566281734",
			"gpsY": "37.6188434634",
			"lastTm": "00:28",
			"posX": "204998.78257132144",
			"posY": "457700.3818498519",
			"routeType": "2",
			"sectSpd": "18",
			"section": "110604253",
			"seq": "12",
			"station": "110000233",
			"stationNm": "광운중.광운인공지능고등학교",
			"stationNo": "11334",
			"transYn": "N",
			"fullSectDist": "881",
			"trnstnid": "107000235"
		},
		{
			"arsId": "11609",
			"beginTm": "05:58",
			"busRouteAbrv": "성북14-1",
			"busRouteId": "107900010",
			"busRouteNm": "성북14-1",
			"direction": "북서울꿈의숲",
			"gpsX": "127.054001027",
			"gpsY": "37.6207022234",
			"lastTm": "00:31",
			"posX": "204766.7557469722",
			"posY": "457906.5255822558",
			"routeType": "2",
			"sectSpd": "10",
			"section": "110604247",
			"seq": "13",
			"station": "107900334",
			"stationNm": "꿈의숲SK뷰아파트",
			"stationNo": "11609",
			"transYn": "N",
			"fullSectDist": "322",
			"trnstnid": "107000235"
		},
		{
			"arsId": "11341",
			"beginTm": "06:00",
			"busRouteAbrv": "성북14-1",
			"busRouteId": "107900010",
			"busRouteNm": "성북14-1",
			"direction": "북서울꿈의숲",
			"gpsX": "127.0527861494",
			"gpsY": "37.6220971971",
			"lastTm": "00:33",
			"posX": "204659.42951245815",
			"posY": "458061.2752073887",
			"routeType": "2",
			"sectSpd": "35",
			"section": "107603701",
			"seq": "14",
			"station": "110000240",
			"stationNm": "교육촌.벼루말",
			"stationNo": "11341",
			"transYn": "N",
			"fullSectDist": "175",
			"trnstnid": "107000235"
		},
		{
			"arsId": "11611",
			"beginTm": "06:01",
			"busRouteAbrv": "성북14-1",
			"busRouteId": "107900010",
			"busRouteNm": "성북14-1",
			"direction": "북서울꿈의숲",
			"gpsX": "127.0506902464",
			"gpsY": "37.6240929913",
			"lastTm": "00:34",
			"posX": "204474.3046716236",
			"posY": "458282.6614451958",
			"routeType": "2",
			"sectSpd": "25",
			"section": "110604234",
			"seq": "15",
			"station": "110900151",
			"stationNm": "장석교회",
			"stationNo": "11611",
			"transYn": "N",
			"fullSectDist": "296",
			"trnstnid": "107000235"
		},
		{
			"arsId": "09186",
			"beginTm": "06:01",
			"busRouteAbrv": "성북14-1",
			"busRouteId": "107900010",
			"busRouteNm": "성북14-1",
			"direction": "북서울꿈의숲",
			"gpsX": "127.0479843518",
			"gpsY": "37.6234130879",
			"lastTm": "00:34",
			"posX": "204235.50050414837",
			"posY": "458207.08191326866",
			"routeType": "2",
			"sectSpd": "12",
			"section": "110603438",
			"seq": "16",
			"station": "108000098",
			"stationNm": "오현초등학교",
			"stationNo": "09186",
			"transYn": "N",
			"fullSectDist": "710",
			"trnstnid": "107000235"
		},
		{
			"arsId": "08895",
			"beginTm": "06:05",
			"busRouteAbrv": "성북14-1",
			"busRouteId": "107900010",
			"busRouteNm": "성북14-1",
			"direction": "북서울꿈의숲",
			"gpsX": "127.0459402566",
			"gpsY": "37.6205394615",
			"lastTm": "00:37",
			"posX": "204055.2276401258",
			"posY": "457888.0838693124",
			"routeType": "2",
			"sectSpd": "20",
			"section": "108602127",
			"seq": "17",
			"station": "107900338",
			"stationNm": "꿈의숲동문앞",
			"stationNo": "08895",
			"transYn": "N",
			"fullSectDist": "404",
			"trnstnid": "107000235"
		},
		{
			"arsId": "08896",
			"beginTm": "06:07",
			"busRouteAbrv": "성북14-1",
			"busRouteId": "107900010",
			"busRouteNm": "성북14-1",
			"direction": "북서울꿈의숲",
			"gpsX": "127.0469648604",
			"gpsY": "37.6191542749",
			"lastTm": "00:38",
			"posX": "204145.74815200426",
			"posY": "457734.40419278294",
			"routeType": "2",
			"sectSpd": "15",
			"section": "107602623",
			"seq": "18",
			"station": "107900339",
			"stationNm": "꿈의숲대명루첸아파트",
			"stationNo": "08896",
			"transYn": "N",
			"fullSectDist": "183",
			"trnstnid": "107000235"
		},
		{
			"arsId": "08883",
			"beginTm": "06:07",
			"busRouteAbrv": "성북14-1",
			"busRouteId": "107900010",
			"busRouteNm": "성북14-1",
			"direction": "북서울꿈의숲",
			"gpsX": "127.0458394179",
			"gpsY": "37.6189838031",
			"lastTm": "00:39",
			"posX": "204046.41074383858",
			"posY": "457715.4365621959",
			"routeType": "2",
			"sectSpd": "14",
			"section": "107602624",
			"seq": "19",
			"station": "107900203",
			"stationNm": "꿈의숲코오롱하늘채아파트",
			"stationNo": "08883",
			"transYn": "N",
			"fullSectDist": "212",
			"trnstnid": "107000235"
		}
	]
}