{
	"count": 66,
	"result": [
		{
			"arsId": "11291",
			"beginTm": ":",
			"busRouteAbrv": "노원14",
			"busRouteId": "109900011",
			"busRouteNm": "노원14",
			"direction": "세그루학원",
			"gpsX": "127.052187",
			"gpsY": "37.635412",
			"lastTm": ":",
			"posX": "204605.72089436025",
			"posY": "459538.8903894471",
			"routeType": "2",
			"sectSpd": "0",
			"section": "0",
			"seq": "1",
			"station": "110000191",
			"stationNm": "청백아파트1단지",
			"stationNo": "11291",
			"transYn": "N",
			"fullSectDist": "0",
			"trnstnid": "109000128"
		},
		{
			"arsId": "11292",
			"beginTm": ":",
			"busRouteAbrv": "노원14",
			"busRouteId": "109900011",
			"busRouteNm": "노원14",
			"direction": "세그루학원",
			"gpsX": "127.0521635327",
			"gpsY": "37.6331096709",
			"lastTm": ":",
			"posX": "204603.7918521761",
			"posY": "459283.38206116436",
			"routeType": "2",
			"sectSpd": "14",
			"section": "110600713",
			"seq": "2",
			"station": "110000192",
			"stationNm": "대우아파트",
			"stationNo": "11292",
			"transYn": "N",
			"fullSectDist": "256",
			"trnstnid": "109000128"
		},
		{
			"arsId": "11843",
			"beginTm": ":",
			"busRouteAbrv": "노원14",
			"busRouteId": "109900011",
			"busRouteNm": "노원14",
			"direction": "세그루학원",
			"gpsX": "127.0523645679",
			"gpsY": "37.6320381759",
			"lastTm": ":",
			"posX": "204621.6009571554",
			"posY": "459164.47993210284",
			"routeType": "2",
			"sectSpd": "12",
			"section": "110603194",
			"seq": "3",
			"station": "110900145",
			"stationNm": "청백아파트",
			"stationNo": "11843",
			"transYn": "N",
			"fullSectDist": "121",
			"trnstnid": "109000128"
		},
		{
			"arsId": "11845",
			"beginTm": ":",
			"busRouteAbrv": "노원14",
			"busRouteId": "109900011",
			"busRouteNm": "노원14",
			"direction": "세그루학원",
			"gpsX": "127.0547806016",
			"gpsY": "37.6289602783",
			"lastTm": ":",
			"posX": "204835.0350925375",
			"posY": "458823.0239030062",
			"routeType": "2",
			"sectSpd": "21",
			"section": "110603195",
			"seq": "4",
			"station": "110900146",
			"stationNm": "월계주공2단지앞",
			"stationNo": "11845",
			"transYn": "N",
			"fullSectDist": "435",
			"trnstnid": "109000128"
		},
		{
			"arsId": "11306",
			"beginTm": ":",
			"busRouteAbrv": "노원14",
			"busRouteId": "109900011",
			"busRouteNm": "노원14",
			"direction": "세그루학원",
			"gpsX": "127.0538076332",
			"gpsY": "37.6283500757",
			"lastTm": ":",
			"posX": "204749.19796205644",
			"posY": "458755.25540443324",
			"routeType": "2",
			"sectSpd": "7",
			"section": "110603196",
			"seq": "5",
			"station": "110000206",
			"stationNm": "월계주공2단지",
			"stationNo": "11306",
			"transYn": "N",
			"fullSectDist": "108",
			"trnstnid": "109000128"
		},
		{
			"arsId": "11303",
			"beginTm": ":",
			"busRouteAbrv": "노원14",
			"busRouteId": "109900011",
			"busRouteNm": "노원14",
			"direction": "세그루학원",
			"gpsX": "127.0518546625",
			"gpsY": "37.6271301634",
			"lastTm": ":",
			"posX": "204576.89861762943",
			"posY": "458619.775458782",
			"routeType": "2",
			"sectSpd": "17",
			"section": "110601270",
			"seq": "6",
			"station": "110000203",
			"stationNm": "월계공단",
			"stationNo": "11303",
			"transYn": "N",
			"fullSectDist": "218",
			"trnstnid": "109000128"
		},
		{
			"arsId": "11300",
			"beginTm": ":",
			"busRouteAbrv": "노원14",
			"busRouteId": "109900011",
			"busRouteNm": "노원14",
			"direction": "세그루학원",
			"gpsX": "127.0503112065",
			"gpsY": "37.6275401275",
			"lastTm": ":",
			"posX": "204440.64265592513",
			"posY": "458665.1981225014",
			"routeType": "2",
			"sectSpd": "10",
			"section": "110601271",
			"seq": "7",
			"station": "110000200",
			"stationNm": "염광고등학교",
			"stationNo": "11300",
			"transYn": "N",
			"fullSectDist": "226",
			"trnstnid": "109000128"
		},
		{
			"arsId": "11298",
			"beginTm": ":",
			"busRouteAbrv": "노원14",
			"busRouteId": "109900011",
			"busRouteNm": "노원14",
			"direction": "세그루학원",
			"gpsX": "127.0470968768",
			"gpsY": "37.6281207051",
			"lastTm": ":",
			"posX": "204156.90234700506",
			"posY": "458729.481977466",
			"routeType": "2",
			"sectSpd": "16",
			"section": "110600880",
			"seq": "8",
			"station": "110000198",
			"stationNm": "신창중학교후문",
			"stationNo": "11298",
			"transYn": "N",
			"fullSectDist": "380",
			"trnstnid": "109000128"
		},
		{
			"arsId": "11500",
			"beginTm": ":",
			"busRouteAbrv": "노원14",
			"busRouteId": "109900011",
			"busRouteNm": "노원14",
			"direction": "세그루학원",
			"gpsX": "127.0462390596",
			"gpsY": "37.6296727092",
			"lastTm": ":",
			"posX": "204081.10412498095",
			"posY": "458901.68200347805",
			"routeType": "2",
			"sectSpd": "16",
			"section": "110600881",
			"seq": "9",
			"station": "110000397",
			"stationNm": "유원극동아파트",
			"stationNo": "11500",
			"transYn": "N",
			"fullSectDist": "233",
			"trnstnid": "109000128"
		},
		{
			"arsId": "11297",
			"beginTm": ":",
			"busRouteAbrv": "노원14",
			"busRouteId": "109900011",
			"busRouteNm": "노원14",
			"direction": "세그루학원",
			"gpsX": "127.045424",
			"gpsY": "37.630397",
			"lastTm": ":",
			"posX": "204009.12726351887",
			"posY": "458982.0269335676",
			"routeType": "2",
			"sectSpd": "21",
			"section": "110600882",
			"seq": "10",
			"station": "110000197",
			"stationNm": "쌍용스윗닷홈아파트",
			"stationNo": "11297",
			"transYn": "N",
			"fullSectDist": "145",
			"trnstnid": "109000128"
		},
		{
			"arsId": "11295",
			"beginTm": ":",
			"busRouteAbrv": "노원14",
			"busRouteId": "109900011",
			"busRouteNm": "노원14",
			"direction": "세그루학원",
			"gpsX": "127.0444130172",
			"gpsY": "37.6320933659",
			"lastTm": ":",
			"posX": "203919.8087021425",
			"posY": "459170.2428979799",
			"routeType": "2",
			"sectSpd": "18",
			"section": "110600883",
			"seq": "11",
			"station": "110000195",
			"stationNm": "초안아파트.흥화브라운빌아파트",
			"stationNo": "11295",
			"transYn": "N",
			"fullSectDist": "177",
			"trnstnid": "109000128"
		},
		{
			"arsId": "10282",
			"beginTm": ":",
			"busRouteAbrv": "노원14",
			"busRouteId": "109900011",
			"busRouteNm": "노원14",
			"direction": "세그루학원",
			"gpsX": "127.0434224643",
			"gpsY": "37.6335421266",
			"lastTm": ":",
			"posX": "203832.30997389185",
			"posY": "459330.98205998493",
			"routeType": "2",
			"sectSpd": "16",
			"section": "110600884",
			"seq": "12",
			"station": "109000194",
			"stationNm": "한승미메이드아파트",
			"stationNo": "10282",
			"transYn": "N",
			"fullSectDist": "184",
			"trnstnid": "109000128"
		},
		{
			"arsId": "10280",
			"beginTm": ":",
			"busRouteAbrv": "노원14",
			"busRouteId": "109900011",
			"busRouteNm": "노원14",
			"direction": "세그루학원",
			"gpsX": "127.042349857",
			"gpsY": "37.6344925058",
			"lastTm": ":",
			"posX": "203737.59791699215",
			"posY": "459436.40967899514",
			"routeType": "2",
			"sectSpd": "13",
			"section": "109600736",
			"seq": "13",
			"station": "109000192",
			"stationNm": "창3동염광아트필",
			"stationNo": "10280",
			"transYn": "N",
			"fullSectDist": "160",
			"trnstnid": "109000128"
		},
		{
			"arsId": "10284",
			"beginTm": ":",
			"busRouteAbrv": "노원14",
			"busRouteId": "109900011",
			"busRouteNm": "노원14",
			"direction": "세그루학원",
			"gpsX": "127.0410838543",
			"gpsY": "37.6340400709",
			"lastTm": ":",
			"posX": "203625.88849093847",
			"posY": "459386.1498237732",
			"routeType": "2",
			"sectSpd": "15",
			"section": "109600737",
			"seq": "14",
			"station": "109000196",
			"stationNm": "북서울농협창동지점",
			"stationNo": "10284",
			"transYn": "N",
			"fullSectDist": "127",
			"trnstnid": "109000128"
		},
		{
			"arsId": "10286",
			"beginTm": ":",
			"busRouteAbrv": "노원14",
			"busRouteId": "109900011",
			"busRouteNm": "노원14",
			"direction": "세그루학원",
			"gpsX": "127.0402309119",
			"gpsY": "37.6337044602",
			"lastTm": ":",
			"posX": "203550.6273417966",
			"posY": "459348.87190864235",
			"routeType": "2",
			"sectSpd": "10",
			"section": "109600738",
			"seq": "15",
			"station": "109000198",
			"stationNm": "신화초교입구",
			"stationNo": "10286",
			"transYn": "N",
			"fullSectDist": "77",
			"trnstnid": "109000128"
		},
		{
			"arsId": "09177",
			"beginTm": ":",
			"busRouteAbrv": "노원14",
			"busRouteId": "109900011",
			"busRouteNm": "노원14",
			"direction": "세그루학원",
			"gpsX": "127.0385729384",
			"gpsY": "37.633285201",
			"lastTm": ":",
			"posX": "203404.32002500468",
			"posY": "459302.2820528913",
			"routeType": "2",
			"sectSpd": "5",
			"section": "109601920",
			"seq": "16",
			"station": "108000089",
			"stationNm": "신창교",
			"stationNo": "09177",
			"transYn": "N",
			"fullSectDist": "203",
			"trnstnid": "109000128"
		},
		{
			"arsId": "09155",
			"beginTm": ":",
			"busRouteAbrv": "노원14",
			"busRouteId": "109900011",
			"busRouteNm": "노원14",
			"direction": "세그루학원",
			"gpsX": "127.0352743398",
			"gpsY": "37.6349568396",
			"lastTm": ":",
			"posX": "203113.1268658554",
			"posY": "459487.6820799825",
			"routeType": "2",
			"sectSpd": "20",
			"section": "108600789",
			"seq": "17",
			"station": "108000067",
			"stationNm": "북부수도사업소",
			"stationNo": "09155",
			"transYn": "N",
			"fullSectDist": "363",
			"trnstnid": "109000128"
		},
		{
			"arsId": "09153",
			"beginTm": ":",
			"busRouteAbrv": "노원14",
			"busRouteId": "109900011",
			"busRouteNm": "노원14",
			"direction": "세그루학원",
			"gpsX": "127.0343368785",
			"gpsY": "37.635586836",
			"lastTm": ":",
			"posX": "203030.3658958963",
			"posY": "459557.56694619823",
			"routeType": "2",
			"sectSpd": "24",
			"section": "108601821",
			"seq": "18",
			"station": "108000065",
			"stationNm": "번동사거리",
			"stationNo": "09153",
			"transYn": "N",
			"fullSectDist": "288",
			"trnstnid": "109000128"
		},
		{
			"arsId": "10250",
			"beginTm": ":",
			"busRouteAbrv": "노원14",
			"busRouteId": "109900011",
			"busRouteNm": "노원14",
			"direction": "세그루학원",
			"gpsX": "127.0372884977",
			"gpsY": "37.6376634347",
			"lastTm": ":",
			"posX": "203290.76643269355",
			"posY": "459788.12258786336",
			"routeType": "2",
			"sectSpd": "15",
			"section": "108601825",
			"seq": "19",
			"station": "109000164",
			"stationNm": "창동서울탁주앞",
			"stationNo": "10250",
			"transYn": "N",
			"fullSectDist": "355",
			"trnstnid": "109000128"
		},
		{
			"arsId": "10330",
			"beginTm": ":",
			"busRouteAbrv": "노원14",
			"busRouteId": "109900011",
			"busRouteNm": "노원14",
			"direction": "세그루학원",
			"gpsX": "127.0384760994",
			"gpsY": "37.6388467098",
			"lastTm": ":",
			"posX": "203395.52023366443",
			"posY": "459919.48213004554",
			"routeType": "2",
			"sectSpd": "11",
			"section": "109600298",
			"seq": "20",
			"station": "109000241",
			"stationNm": "창동.신창시장",
			"stationNo": "10330",
			"transYn": "N",
			"fullSectDist": "168",
			"trnstnid": "109000128"
		},
		{
			"arsId": "10248",
			"beginTm": ":",
			"busRouteAbrv": "노원14",
			"busRouteId": "109900011",
			"busRouteNm": "노원14",
			"direction": "세그루학원",
			"gpsX": "127.0394443113",
			"gpsY": "37.6398501948",
			"lastTm": ":",
			"posX": "203480.91822882692",
			"posY": "460030.8821545183",
			"routeType": "2",
			"sectSpd": "11",
			"section": "109600624",
			"seq": "21",
			"station": "109000162",
			"stationNm": "국립현대미술관창동레지던시",
			"stationNo": "10248",
			"transYn": "N",
			"fullSectDist": "139",
			"trnstnid": "109000128"
		},
		{
			"arsId": "10246",
			"beginTm": ":",
			"busRouteAbrv": "노원14",
			"busRouteId": "109900011",
			"busRouteNm": "노원14",
			"direction": "세그루학원",
			"gpsX": "127.0410384214",
			"gpsY": "37.6415355739",
			"lastTm": ":",
			"posX": "203621.51492683572",
			"posY": "460217.9821781283",
			"routeType": "2",
			"sectSpd": "10",
			"section": "109601921",
			"seq": "22",
			"station": "109000160",
			"stationNm": "창림초교창동신창아파트앞",
			"stationNo": "10246",
			"transYn": "N",
			"fullSectDist": "242",
			"trnstnid": "109000128"
		},
		{
			"arsId": "10244",
			"beginTm": ":",
			"busRouteAbrv": "노원14",
			"busRouteId": "109900011",
			"busRouteNm": "노원14",
			"direction": "세그루학원",
			"gpsX": "127.044235404",
			"gpsY": "37.6440304124",
			"lastTm": ":",
			"posX": "203903.50830434132",
			"posY": "460494.98221244337",
			"routeType": "2",
			"sectSpd": "20",
			"section": "109600302",
			"seq": "23",
			"station": "109000158",
			"stationNm": "도봉문화정보도서관",
			"stationNo": "10244",
			"transYn": "N",
			"fullSectDist": "397",
			"trnstnid": "109000128"
		},
		{
			"arsId": "10241",
			"beginTm": ":",
			"busRouteAbrv": "노원14",
			"busRouteId": "109900011",
			"busRouteNm": "노원14",
			"direction": "세그루학원",
			"gpsX": "127.0486148196",
			"gpsY": "37.6451811712",
			"lastTm": ":",
			"posX": "204289.89922612577",
			"posY": "460622.8822420337",
			"routeType": "2",
			"sectSpd": "31",
			"section": "109601922",
			"seq": "24",
			"station": "109000155",
			"stationNm": "창동주공4단지",
			"stationNo": "10241",
			"transYn": "N",
			"fullSectDist": "410",
			"trnstnid": "109000128"
		},
		{
			"arsId": "10700",
			"beginTm": ":",
			"busRouteAbrv": "노원14",
			"busRouteId": "109900011",
			"busRouteNm": "노원14",
			"direction": "세그루학원",
			"gpsX": "127.0505136573",
			"gpsY": "37.6455815548",
			"lastTm": ":",
			"posX": "204457.43373047834",
			"posY": "460667.404504335",
			"routeType": "2",
			"sectSpd": "13",
			"section": "109601923",
			"seq": "25",
			"station": "109900170",
			"stationNm": "녹천북부역",
			"stationNo": "10700",
			"transYn": "N",
			"fullSectDist": "174",
			"trnstnid": "109000128"
		},
		{
			"arsId": "10701",
			"beginTm": ":",
			"busRouteAbrv": "노원14",
			"busRouteId": "109900011",
			"busRouteNm": "노원14",
			"direction": "세그루학원",
			"gpsX": "127.0486325542",
			"gpsY": "37.6469959833",
			"lastTm": ":",
			"posX": "204291.3597575654",
			"posY": "460824.2871176391",
			"routeType": "2",
			"sectSpd": "16",
			"section": "109601924",
			"seq": "26",
			"station": "109900171",
			"stationNm": "창1동대우그린아파트",
			"stationNo": "10701",
			"transYn": "N",
			"fullSectDist": "354",
			"trnstnid": "109000128"
		},
		{
			"arsId": "10702",
			"beginTm": ":",
			"busRouteAbrv": "노원14",
			"busRouteId": "109900011",
			"busRouteNm": "노원14",
			"direction": "세그루학원",
			"gpsX": "127.047867374",
			"gpsY": "37.6486610411",
			"lastTm": ":",
			"posX": "204223.7455915101",
			"posY": "461009.0370862023",
			"routeType": "2",
			"sectSpd": "12",
			"section": "109601888",
			"seq": "27",
			"station": "109900172",
			"stationNm": "창일중학교",
			"stationNo": "10702",
			"transYn": "N",
			"fullSectDist": "197",
			"trnstnid": "109000128"
		},
		{
			"arsId": "10703",
			"beginTm": ":",
			"busRouteAbrv": "노원14",
			"busRouteId": "109900011",
			"busRouteNm": "노원14",
			"direction": "세그루학원",
			"gpsX": "127.0463383955",
			"gpsY": "37.6523291893",
			"lastTm": ":",
			"posX": "204088.62969115973",
			"posY": "461416.0530808284",
			"routeType": "2",
			"sectSpd": "10",
			"section": "109601925",
			"seq": "28",
			"station": "109900173",
			"stationNm": "창동역서측",
			"stationNo": "10703",
			"transYn": "N",
			"fullSectDist": "430",
			"trnstnid": "109000128"
		},
		{
			"arsId": "10704",
			"beginTm": ":",
			"busRouteAbrv": "노원14",
			"busRouteId": "109900011",
			"busRouteNm": "노원14",
			"direction": "세그루학원",
			"gpsX": "127.0429967888",
			"gpsY": "37.6531644042",
			"lastTm": ":",
			"posX": "203793.74330315445",
			"posY": "461508.60317855095",
			"routeType": "2",
			"sectSpd": "10",
			"section": "109601891",
			"seq": "29",
			"station": "109900174",
			"stationNm": "상아아파트",
			"stationNo": "10704",
			"transYn": "N",
			"fullSectDist": "394",
			"trnstnid": "109000128"
		},
		{
			"arsId": "10228",
			"beginTm": ":",
			"busRouteAbrv": "노원14",
			"busRouteId": "109900011",
			"busRouteNm": "노원14",
			"direction": "세그루학원",
			"gpsX": "127.0410046287",
			"gpsY": "37.6542705499",
			"lastTm": ":",
			"posX": "203617.91500950622",
			"posY": "461631.2823653645",
			"routeType": "2",
			"sectSpd": "15",
			"section": "109601892",
			"seq": "30",
			"station": "109000142",
			"stationNm": "창동주공1단지",
			"stationNo": "10228",
			"transYn": "N",
			"fullSectDist": "256",
			"trnstnid": "109000128"
		},
		{
			"arsId": "10298",
			"beginTm": ":",
			"busRouteAbrv": "노원14",
			"busRouteId": "109900011",
			"busRouteNm": "노원14",
			"direction": "세그루학원",
			"gpsX": "127.0405307222",
			"gpsY": "37.6560503446",
			"lastTm": ":",
			"posX": "203576.01599187238",
			"posY": "461828.78239460243",
			"routeType": "2",
			"sectSpd": "18",
			"section": "109600546",
			"seq": "31",
			"station": "109000210",
			"stationNm": "창5동현대1차아파트",
			"stationNo": "10298",
			"transYn": "N",
			"fullSectDist": "200",
			"trnstnid": "109000128"
		},
		{
			"arsId": "10217",
			"beginTm": ":",
			"busRouteAbrv": "노원14",
			"busRouteId": "109900011",
			"busRouteNm": "노원14",
			"direction": "세그루학원",
			"gpsX": "127.0375891737",
			"gpsY": "37.6574389797",
			"lastTm": ":",
			"posX": "203316.422088227",
			"posY": "461982.7824065783",
			"routeType": "2",
			"sectSpd": "9",
			"section": "109601926",
			"seq": "32",
			"station": "109000132",
			"stationNm": "도봉구보건소앞",
			"stationNo": "10217",
			"transYn": "N",
			"fullSectDist": "315",
			"trnstnid": "109000128"
		},
		{
			"arsId": "10215",
			"beginTm": ":",
			"busRouteAbrv": "노원14",
			"busRouteId": "109900011",
			"busRouteNm": "노원14",
			"direction": "세그루학원",
			"gpsX": "127.0345433384",
			"gpsY": "37.6582514168",
			"lastTm": ":",
			"posX": "203047.66054954892",
			"posY": "462072.8418130446",
			"routeType": "2",
			"sectSpd": "13",
			"section": "109601927",
			"seq": "33",
			"station": "109000130",
			"stationNm": "쌍문동금호1차삼익아파트",
			"stationNo": "10215",
			"transYn": "N",
			"fullSectDist": "284",
			"trnstnid": "109000128"
		},
		{
			"arsId": "10213",
			"beginTm": ":",
			"busRouteAbrv": "노원14",
			"busRouteId": "109900011",
			"busRouteNm": "노원14",
			"direction": "세그루학원",
			"gpsX": "127.0313205806",
			"gpsY": "37.6580003804",
			"lastTm": ":",
			"posX": "202763.3350872105",
			"posY": "462044.8824152178",
			"routeType": "2",
			"sectSpd": "14",
			"section": "109600276",
			"seq": "34",
			"station": "109000128",
			"stationNm": "쌍문동현대.한양아파트",
			"stationNo": "10213",
			"transYn": "Y",
			"fullSectDist": "290",
			"trnstnid": "109000128"
		},
		{
			"arsId": "10211",
			"beginTm": ":",
			"busRouteAbrv": "노원14",
			"busRouteId": "109900011",
			"busRouteNm": "노원14",
			"direction": "청백아파트",
			"gpsX": "127.0285379978",
			"gpsY": "37.6578235739",
			"lastTm": ":",
			"posX": "202517.8408565111",
			"posY": "462025.1824120078",
			"routeType": "2",
			"sectSpd": "18",
			"section": "109600277",
			"seq": "35",
			"station": "109000126",
			"stationNm": "쌍문동성원아파트",
			"stationNo": "10211",
			"transYn": "N",
			"fullSectDist": "246",
			"trnstnid": "109000128"
		},
		{
			"arsId": "10277",
			"beginTm": ":",
			"busRouteAbrv": "노원14",
			"busRouteId": "109900011",
			"busRouteNm": "노원14",
			"direction": "청백아파트",
			"gpsX": "127.0278333324",
			"gpsY": "37.6556242091",
			"lastTm": ":",
			"posX": "202455.74231348946",
			"posY": "461781.08238063287",
			"routeType": "2",
			"sectSpd": "6",
			"section": "109601928",
			"seq": "36",
			"station": "109000189",
			"stationNm": "세그루학원",
			"stationNo": "10277",
			"transYn": "N",
			"fullSectDist": "288",
			"trnstnid": "109000128"
		},
		{
			"arsId": "10227",
			"beginTm": ":",
			"busRouteAbrv": "노원14",
			"busRouteId": "109900011",
			"busRouteNm": "노원14",
			"direction": "청백아파트",
			"gpsX": "127.0283111223",
			"gpsY": "37.6513412658",
			"lastTm": ":",
			"posX": "202498.0413211038",
			"posY": "461305.78231115965",
			"routeType": "2",
			"sectSpd": "16",
			"section": "109600532",
			"seq": "37",
			"station": "109000141",
			"stationNm": "둘리뮤지엄.대우이안극동아파트",
			"stationNo": "10227",
			"transYn": "N",
			"fullSectDist": "483",
			"trnstnid": "109000128"
		},
		{
			"arsId": "10705",
			"beginTm": ":",
			"busRouteAbrv": "노원14",
			"busRouteId": "109900011",
			"busRouteNm": "노원14",
			"direction": "청백아파트",
			"gpsX": "127.0315854369",
			"gpsY": "37.6508570874",
			"lastTm": ":",
			"posX": "202786.96966399893",
			"posY": "461252.14140527975",
			"routeType": "2",
			"sectSpd": "11",
			"section": "109601929",
			"seq": "38",
			"station": "109900175",
			"stationNm": "옛고을길입구",
			"stationNo": "10705",
			"transYn": "N",
			"fullSectDist": "336",
			"trnstnid": "109000128"
		},
		{
			"arsId": "10306",
			"beginTm": ":",
			"busRouteAbrv": "노원14",
			"busRouteId": "109900011",
			"busRouteNm": "노원14",
			"direction": "청백아파트",
			"gpsX": "127.0332340435",
			"gpsY": "37.650980451",
			"lastTm": ":",
			"posX": "202932.43111529373",
			"posY": "461265.88231405197",
			"routeType": "2",
			"sectSpd": "10",
			"section": "109601894",
			"seq": "39",
			"station": "109000218",
			"stationNm": "정의여중고입구",
			"stationNo": "10306",
			"transYn": "N",
			"fullSectDist": "137",
			"trnstnid": "109000128"
		},
		{
			"arsId": "10305",
			"beginTm": ":",
			"busRouteAbrv": "노원14",
			"busRouteId": "109900011",
			"busRouteNm": "노원14",
			"direction": "청백아파트",
			"gpsX": "127.0385652526",
			"gpsY": "37.6512951076",
			"lastTm": ":",
			"posX": "203402.8200656376",
			"posY": "461300.98231783323",
			"routeType": "2",
			"sectSpd": "10",
			"section": "109601930",
			"seq": "40",
			"station": "109000217",
			"stationNm": "창동고등학교",
			"stationNo": "10305",
			"transYn": "N",
			"fullSectDist": "482",
			"trnstnid": "109000128"
		},
		{
			"arsId": "10234",
			"beginTm": ":",
			"busRouteAbrv": "노원14",
			"busRouteId": "109900011",
			"busRouteNm": "노원14",
			"direction": "청백아파트",
			"gpsX": "127.0461227769",
			"gpsY": "37.652335845",
			"lastTm": ":",
			"posX": "204069.6043994807",
			"posY": "461416.7823400218",
			"routeType": "2",
			"sectSpd": "12",
			"section": "109601931",
			"seq": "41",
			"station": "109000148",
			"stationNm": "창동역서측",
			"stationNo": "10234",
			"transYn": "N",
			"fullSectDist": "842",
			"trnstnid": "109000128"
		},
		{
			"arsId": "10706",
			"beginTm": ":",
			"busRouteAbrv": "노원14",
			"busRouteId": "109900011",
			"busRouteNm": "노원14",
			"direction": "청백아파트",
			"gpsX": "127.0474971727",
			"gpsY": "37.6488028481",
			"lastTm": ":",
			"posX": "204191.0716108212",
			"posY": "461024.7579333624",
			"routeType": "2",
			"sectSpd": "9",
			"section": "109601932",
			"seq": "42",
			"station": "109900176",
			"stationNm": "창일중학교",
			"stationNo": "10706",
			"transYn": "N",
			"fullSectDist": "413",
			"trnstnid": "109000128"
		},
		{
			"arsId": "10707",
			"beginTm": ":",
			"busRouteAbrv": "노원14",
			"busRouteId": "109900011",
			"busRouteNm": "노원14",
			"direction": "청백아파트",
			"gpsX": "127.0483171871",
			"gpsY": "37.646858824",
			"lastTm": ":",
			"posX": "204263.53945319858",
			"posY": "460809.05108175334",
			"routeType": "2",
			"sectSpd": "12",
			"section": "109601896",
			"seq": "43",
			"station": "109900177",
			"stationNm": "주공4단지후문",
			"stationNo": "10707",
			"transYn": "N",
			"fullSectDist": "226",
			"trnstnid": "109000128"
		},
		{
			"arsId": "10242",
			"beginTm": ":",
			"busRouteAbrv": "노원14",
			"busRouteId": "109900011",
			"busRouteNm": "노원14",
			"direction": "청백아파트",
			"gpsX": "127.0480754907",
			"gpsY": "37.6453057413",
			"lastTm": ":",
			"posX": "204242.30034115733",
			"posY": "460636.6822433411",
			"routeType": "2",
			"sectSpd": "15",
			"section": "109601933",
			"seq": "44",
			"station": "109000156",
			"stationNm": "창동주공4단지",
			"stationNo": "10242",
			"transYn": "N",
			"fullSectDist": "274",
			"trnstnid": "109000128"
		},
		{
			"arsId": "10245",
			"beginTm": ":",
			"busRouteAbrv": "노원14",
			"busRouteId": "109900011",
			"busRouteNm": "노원14",
			"direction": "청백아파트",
			"gpsX": "127.0440281367",
			"gpsY": "37.6442125083",
			"lastTm": ":",
			"posX": "203885.20872637766",
			"posY": "460515.1822246243",
			"routeType": "2",
			"sectSpd": "18",
			"section": "109601934",
			"seq": "45",
			"station": "109000159",
			"stationNm": "도봉문화정보도서관",
			"stationNo": "10245",
			"transYn": "N",
			"fullSectDist": "381",
			"trnstnid": "109000128"
		},
		{
			"arsId": "10247",
			"beginTm": ":",
			"busRouteAbrv": "노원14",
			"busRouteId": "109900011",
			"busRouteNm": "노원14",
			"direction": "청백아파트",
			"gpsX": "127.0407268539",
			"gpsY": "37.6416284932",
			"lastTm": ":",
			"posX": "203594.01557192617",
			"posY": "460228.2821787605",
			"routeType": "2",
			"sectSpd": "25",
			"section": "109600290",
			"seq": "46",
			"station": "109000161",
			"stationNm": "창림초교창동신창아파트앞",
			"stationNo": "10247",
			"transYn": "N",
			"fullSectDist": "411",
			"trnstnid": "109000128"
		},
		{
			"arsId": "10249",
			"beginTm": ":",
			"busRouteAbrv": "노원14",
			"busRouteId": "109900011",
			"busRouteNm": "노원14",
			"direction": "청백아파트",
			"gpsX": "127.0394808042",
			"gpsY": "37.6402899102",
			"lastTm": ":",
			"posX": "203484.1181526927",
			"posY": "460079.6821564506",
			"routeType": "2",
			"sectSpd": "12",
			"section": "109601935",
			"seq": "47",
			"station": "109000163",
			"stationNm": "국립현대미술관창동레지던시",
			"stationNo": "10249",
			"transYn": "N",
			"fullSectDist": "187",
			"trnstnid": "109000128"
		},
		{
			"arsId": "10331",
			"beginTm": ":",
			"busRouteAbrv": "노원14",
			"busRouteId": "109900011",
			"busRouteNm": "노원14",
			"direction": "청백아파트",
			"gpsX": "127.0383504426",
			"gpsY": "37.6390783287",
			"lastTm": ":",
			"posX": "203384.4204989581",
			"posY": "459945.18214069726",
			"routeType": "2",
			"sectSpd": "11",
			"section": "109600293",
			"seq": "48",
			"station": "109000242",
			"stationNm": "신창.창동시장",
			"stationNo": "10331",
			"transYn": "N",
			"fullSectDist": "171",
			"trnstnid": "109000128"
		},
		{
			"arsId": "10251",
			"beginTm": ":",
			"busRouteAbrv": "노원14",
			"busRouteId": "109900011",
			"busRouteNm": "노원14",
			"direction": "청백아파트",
			"gpsX": "127.036931039",
			"gpsY": "37.6375883927",
			"lastTm": ":",
			"posX": "203259.22343765709",
			"posY": "459779.78211816493",
			"routeType": "2",
			"sectSpd": "10",
			"section": "109600294",
			"seq": "49",
			"station": "109000165",
			"stationNm": "창동서울탁주앞",
			"stationNo": "10251",
			"transYn": "N",
			"fullSectDist": "208",
			"trnstnid": "109000128"
		},
		{
			"arsId": "09903",
			"beginTm": ":",
			"busRouteAbrv": "노원14",
			"busRouteId": "109900011",
			"busRouteNm": "노원14",
			"direction": "청백아파트",
			"gpsX": "127.0356137854",
			"gpsY": "37.6363426016",
			"lastTm": ":",
			"posX": "203143.0261689912",
			"posY": "459641.48209633306",
			"routeType": "2",
			"sectSpd": "9",
			"section": "109601936",
			"seq": "50",
			"station": "108000379",
			"stationNm": "우이3교",
			"stationNo": "09903",
			"transYn": "N",
			"fullSectDist": "191",
			"trnstnid": "109000128"
		},
		{
			"arsId": "09154",
			"beginTm": ":",
			"busRouteAbrv": "노원14",
			"busRouteId": "109900011",
			"busRouteNm": "노원14",
			"direction": "청백아파트",
			"gpsX": "127.0361604414",
			"gpsY": "37.6342350364",
			"lastTm": ":",
			"posX": "203191.3603849872",
			"posY": "459407.60779290274",
			"routeType": "2",
			"sectSpd": "12",
			"section": "108601826",
			"seq": "51",
			"station": "108000066",
			"stationNm": "북부수도사업소",
			"stationNo": "09154",
			"transYn": "N",
			"fullSectDist": "421",
			"trnstnid": "109000128"
		},
		{
			"arsId": "10287",
			"beginTm": ":",
			"busRouteAbrv": "노원14",
			"busRouteId": "109900011",
			"busRouteNm": "노원14",
			"direction": "청백아파트",
			"gpsX": "127.0400822024",
			"gpsY": "37.6334072452",
			"lastTm": ":",
			"posX": "203537.51689600424",
			"posY": "459315.8820616859",
			"routeType": "2",
			"sectSpd": "10",
			"section": "108601827",
			"seq": "52",
			"station": "109000199",
			"stationNm": "신화초교입구",
			"stationNo": "10287",
			"transYn": "N",
			"fullSectDist": "431",
			"trnstnid": "109000128"
		},
		{
			"arsId": "10285",
			"beginTm": ":",
			"busRouteAbrv": "노원14",
			"busRouteId": "109900011",
			"busRouteNm": "노원14",
			"direction": "청백아파트",
			"gpsX": "127.0412154818",
			"gpsY": "37.6338519893",
			"lastTm": ":",
			"posX": "203637.51455041647",
			"posY": "459365.28205778403",
			"routeType": "2",
			"sectSpd": "13",
			"section": "109600744",
			"seq": "53",
			"station": "109000197",
			"stationNm": "북서울농협창동지점",
			"stationNo": "10285",
			"transYn": "N",
			"fullSectDist": "110",
			"trnstnid": "109000128"
		},
		{
			"arsId": "10281",
			"beginTm": ":",
			"busRouteAbrv": "노원14",
			"busRouteId": "109900011",
			"busRouteNm": "노원14",
			"direction": "청백아파트",
			"gpsX": "127.04252",
			"gpsY": "37.634407",
			"lastTm": ":",
			"posX": "203752.6182336554",
			"posY": "459426.9272333514",
			"routeType": "2",
			"sectSpd": "20",
			"section": "109600745",
			"seq": "54",
			"station": "109000193",
			"stationNm": "창3동염광아트빌",
			"stationNo": "10281",
			"transYn": "N",
			"fullSectDist": "192",
			"trnstnid": "109000128"
		},
		{
			"arsId": "10283",
			"beginTm": ":",
			"busRouteAbrv": "노원14",
			"busRouteId": "109900011",
			"busRouteNm": "노원14",
			"direction": "청백아파트",
			"gpsX": "127.0433169999",
			"gpsY": "37.6333835749",
			"lastTm": ":",
			"posX": "203823.01018909487",
			"posY": "459313.38205865445",
			"routeType": "2",
			"sectSpd": "8",
			"section": "109600746",
			"seq": "55",
			"station": "109000195",
			"stationNm": "한승미메이드아파트",
			"stationNo": "10283",
			"transYn": "N",
			"fullSectDist": "121",
			"trnstnid": "109000128"
		},
		{
			"arsId": "11296",
			"beginTm": ":",
			"busRouteAbrv": "노원14",
			"busRouteId": "109900011",
			"busRouteNm": "노원14",
			"direction": "청백아파트",
			"gpsX": "127.0439520785",
			"gpsY": "37.6324444123",
			"lastTm": ":",
			"posX": "203879.1088761871",
			"posY": "459209.1820492591",
			"routeType": "2",
			"sectSpd": "17",
			"section": "109600747",
			"seq": "56",
			"station": "110000196",
			"stationNm": "초안아파트.흥화브라운빌아파트",
			"stationNo": "11296",
			"transYn": "N",
			"fullSectDist": "128",
			"trnstnid": "109000128"
		},
		{
			"arsId": "11344",
			"beginTm": ":",
			"busRouteAbrv": "노원14",
			"busRouteId": "109900011",
			"busRouteNm": "노원14",
			"direction": "청백아파트",
			"gpsX": "127.0450262042",
			"gpsY": "37.6306057989",
			"lastTm": ":",
			"posX": "203974.0066417896",
			"posY": "459005.1820182926",
			"routeType": "2",
			"sectSpd": "16",
			"section": "110600885",
			"seq": "57",
			"station": "110000243",
			"stationNm": "쌍용스윗닷홈아파트",
			"stationNo": "11344",
			"transYn": "N",
			"fullSectDist": "228",
			"trnstnid": "109000128"
		},
		{
			"arsId": "11499",
			"beginTm": ":",
			"busRouteAbrv": "노원14",
			"busRouteId": "109900011",
			"busRouteNm": "노원14",
			"direction": "청백아파트",
			"gpsX": "127.0461279839",
			"gpsY": "37.6296015672",
			"lastTm": ":",
			"posX": "204071.30435665938",
			"posY": "458893.7820098894",
			"routeType": "2",
			"sectSpd": "16",
			"section": "110600886",
			"seq": "58",
			"station": "110000396",
			"stationNm": "유원극동아파트",
			"stationNo": "11499",
			"transYn": "N",
			"fullSectDist": "153",
			"trnstnid": "109000128"
		},
		{
			"arsId": "11299",
			"beginTm": ":",
			"busRouteAbrv": "노원14",
			"busRouteId": "109900011",
			"busRouteNm": "노원14",
			"direction": "청백아파트",
			"gpsX": "127.0474874418",
			"gpsY": "37.6276429746",
			"lastTm": ":",
			"posX": "204191.40153874306",
			"posY": "458676.48197791167",
			"routeType": "2",
			"sectSpd": "18",
			"section": "110600887",
			"seq": "59",
			"station": "110000199",
			"stationNm": "신창중학교후문",
			"stationNo": "11299",
			"transYn": "N",
			"fullSectDist": "296",
			"trnstnid": "109000128"
		},
		{
			"arsId": "11301",
			"beginTm": ":",
			"busRouteAbrv": "노원14",
			"busRouteId": "109900011",
			"busRouteNm": "노원14",
			"direction": "청백아파트",
			"gpsX": "127.0501654748",
			"gpsY": "37.6274263434",
			"lastTm": ":",
			"posX": "204427.78661680332",
			"posY": "458652.563754193",
			"routeType": "2",
			"sectSpd": "9",
			"section": "110600888",
			"seq": "60",
			"station": "110000201",
			"stationNm": "염광고등학교",
			"stationNo": "11301",
			"transYn": "N",
			"fullSectDist": "304",
			"trnstnid": "109000128"
		},
		{
			"arsId": "11302",
			"beginTm": ":",
			"busRouteAbrv": "노원14",
			"busRouteId": "109900011",
			"busRouteNm": "노원14",
			"direction": "청백아파트",
			"gpsX": "127.0513624918",
			"gpsY": "37.6265402278",
			"lastTm": ":",
			"posX": "204533.49350429873",
			"posY": "458554.2819592245",
			"routeType": "2",
			"sectSpd": "7",
			"section": "110600889",
			"seq": "61",
			"station": "110000202",
			"stationNm": "월계주공1단지상가",
			"stationNo": "11302",
			"transYn": "N",
			"fullSectDist": "153",
			"trnstnid": "109000128"
		},
		{
			"arsId": "11307",
			"beginTm": ":",
			"busRouteAbrv": "노원14",
			"busRouteId": "109900011",
			"busRouteNm": "노원14",
			"direction": "청백아파트",
			"gpsX": "127.0540294401",
			"gpsY": "37.6281501735",
			"lastTm": ":",
			"posX": "204768.7879748624",
			"posY": "458733.08198956866",
			"routeType": "2",
			"sectSpd": "19",
			"section": "110601272",
			"seq": "62",
			"station": "110000207",
			"stationNm": "월계주공1단지",
			"stationNo": "11307",
			"transYn": "N",
			"fullSectDist": "293",
			"trnstnid": "109000128"
		},
		{
			"arsId": "11846",
			"beginTm": ":",
			"busRouteAbrv": "노원14",
			"busRouteId": "109900011",
			"busRouteNm": "노원14",
			"direction": "청백아파트",
			"gpsX": "127.0547376407",
			"gpsY": "37.6295406121",
			"lastTm": ":",
			"posX": "204831.2057183938",
			"posY": "458887.4257439119",
			"routeType": "2",
			"sectSpd": "12",
			"section": "110603197",
			"seq": "63",
			"station": "110900147",
			"stationNm": "인덕대앞",
			"stationNo": "11846",
			"transYn": "N",
			"fullSectDist": "191",
			"trnstnid": "109000128"
		},
		{
			"arsId": "11844",
			"beginTm": ":",
			"busRouteAbrv": "노원14",
			"busRouteId": "109900011",
			"busRouteNm": "노원14",
			"direction": "청백아파트",
			"gpsX": "127.0525501962",
			"gpsY": "37.6325284238",
			"lastTm": ":",
			"posX": "204637.95370313726",
			"posY": "459218.89565453166",
			"routeType": "2",
			"sectSpd": "15",
			"section": "110603199",
			"seq": "64",
			"station": "110900148",
			"stationNm": "청백아파트",
			"stationNo": "11844",
			"transYn": "N",
			"fullSectDist": "407",
			"trnstnid": "109000128"
		},
		{
			"arsId": "11330",
			"beginTm": ":",
			"busRouteAbrv": "노원14",
			"busRouteId": "109900011",
			"busRouteNm": "노원14",
			"direction": "청백아파트",
			"gpsX": "127.0523147751",
			"gpsY": "37.6338935455",
			"lastTm": ":",
			"posX": "204617.09153739575",
			"posY": "459370.38207742805",
			"routeType": "2",
			"sectSpd": "15",
			"section": "110603201",
			"seq": "65",
			"station": "110000229",
			"stationNm": "대우아파트",
			"stationNo": "11330",
			"transYn": "N",
			"fullSectDist": "144",
			"trnstnid": "109000128"
		},
		{
			"arsId": "11848",
			"beginTm": ":",
			"busRouteAbrv": "노원14",
			"busRouteId": "109900011",
			"busRouteNm": "노원14",
			"direction": "청백아파트",
			"gpsX": "127.0524831681",
			"gpsY": "37.6355589675",
			"lastTm": ":",
			"posX": "204631.84984588306",
			"posY": "459555.21508616535",
			"routeType": "2",
			"sectSpd": "35",
			"section": "110603193",
			"seq": "66",
			"station": "110900144",
			"stationNm": "청백아파트종점",
			"stationNo": "11848",
			"transYn": "N",
			"fullSectDist": "188",
			"trnstnid": "109000128"
		}
	]
}