{
	"count": 82,
	"result": [
		{
			"arsId": "11291",
			"beginTm": "05:00",
			"busRouteAbrv": "노원15",
			"busRouteId": "109900010",
			"busRouteNm": "노원15",
			"direction": "덕성여대",
			"gpsX": "127.052187",
			"gpsY": "37.635412",
			"lastTm": "01:14",
			"posX": "204605.72089436025",
			"posY": "459538.8903894471",
			"routeType": "2",
			"sectSpd": "0",
			"section": "0",
			"seq": "1",
			"station": "110000191",
			"stationNm": "청백아파트1단지",
			"stationNo": "11291",
			"transYn": "N",
			"fullSectDist": "0",
			"trnstnid": "109000135"
		},
		{
			"arsId": "11292",
			"beginTm": ":",
			"busRouteAbrv": "노원15",
			"busRouteId": "109900010",
			"busRouteNm": "노원15",
			"direction": "덕성여대",
			"gpsX": "127.0521635327",
			"gpsY": "37.6331096709",
			"lastTm": ":",
			"posX": "204603.7918521761",
			"posY": "459283.38206116436",
			"routeType": "2",
			"sectSpd": "14",
			"section": "110600713",
			"seq": "2",
			"station": "110000192",
			"stationNm": "대우아파트",
			"stationNo": "11292",
			"transYn": "N",
			"fullSectDist": "256",
			"trnstnid": "109000135"
		},
		{
			"arsId": "11293",
			"beginTm": ":",
			"busRouteAbrv": "노원15",
			"busRouteId": "109900010",
			"busRouteNm": "노원15",
			"direction": "덕성여대",
			"gpsX": "127.0508507",
			"gpsY": "37.6319577596",
			"lastTm": ":",
			"posX": "204487.9945731837",
			"posY": "459155.4820376653",
			"routeType": "2",
			"sectSpd": "14",
			"section": "110600714",
			"seq": "3",
			"station": "110000193",
			"stationNm": "청백아파트3단지4단지",
			"stationNo": "11293",
			"transYn": "N",
			"fullSectDist": "251",
			"trnstnid": "109000135"
		},
		{
			"arsId": "11475",
			"beginTm": ":",
			"busRouteAbrv": "노원15",
			"busRouteId": "109900010",
			"busRouteNm": "노원15",
			"direction": "덕성여대",
			"gpsX": "127.0510739268",
			"gpsY": "37.6303366157",
			"lastTm": ":",
			"posX": "204507.79410714205",
			"posY": "458975.58201988554",
			"routeType": "2",
			"sectSpd": "14",
			"section": "110600715",
			"seq": "4",
			"station": "110000374",
			"stationNm": "염광중학교후문",
			"stationNo": "11475",
			"transYn": "N",
			"fullSectDist": "184",
			"trnstnid": "109000135"
		},
		{
			"arsId": "11301",
			"beginTm": ":",
			"busRouteAbrv": "노원15",
			"busRouteId": "109900010",
			"busRouteNm": "노원15",
			"direction": "덕성여대",
			"gpsX": "127.0501654748",
			"gpsY": "37.6274263434",
			"lastTm": ":",
			"posX": "204427.78661680332",
			"posY": "458652.563754193",
			"routeType": "2",
			"sectSpd": "8",
			"section": "110601277",
			"seq": "5",
			"station": "110000201",
			"stationNm": "염광고등학교",
			"stationNo": "11301",
			"transYn": "N",
			"fullSectDist": "353",
			"trnstnid": "109000135"
		},
		{
			"arsId": "11302",
			"beginTm": ":",
			"busRouteAbrv": "노원15",
			"busRouteId": "109900010",
			"busRouteNm": "노원15",
			"direction": "덕성여대",
			"gpsX": "127.0513624918",
			"gpsY": "37.6265402278",
			"lastTm": ":",
			"posX": "204533.49350429873",
			"posY": "458554.2819592245",
			"routeType": "2",
			"sectSpd": "7",
			"section": "110600889",
			"seq": "6",
			"station": "110000202",
			"stationNm": "월계주공1단지상가",
			"stationNo": "11302",
			"transYn": "N",
			"fullSectDist": "153",
			"trnstnid": "109000135"
		},
		{
			"arsId": "11307",
			"beginTm": ":",
			"busRouteAbrv": "노원15",
			"busRouteId": "109900010",
			"busRouteNm": "노원15",
			"direction": "덕성여대",
			"gpsX": "127.0540294401",
			"gpsY": "37.6281501735",
			"lastTm": ":",
			"posX": "204768.7879748624",
			"posY": "458733.08198956866",
			"routeType": "2",
			"sectSpd": "19",
			"section": "110601272",
			"seq": "7",
			"station": "110000207",
			"stationNm": "월계주공1단지",
			"stationNo": "11307",
			"transYn": "N",
			"fullSectDist": "293",
			"trnstnid": "109000135"
		},
		{
			"arsId": "11308",
			"beginTm": ":",
			"busRouteAbrv": "노원15",
			"busRouteId": "109900010",
			"busRouteNm": "노원15",
			"direction": "덕성여대",
			"gpsX": "127.0553064589",
			"gpsY": "37.6283928743",
			"lastTm": ":",
			"posX": "204881.48532496506",
			"posY": "458760.08199710585",
			"routeType": "2",
			"sectSpd": "12",
			"section": "110601279",
			"seq": "8",
			"station": "110000208",
			"stationNm": "인덕대학교",
			"stationNo": "11308",
			"transYn": "N",
			"fullSectDist": "194",
			"trnstnid": "109000135"
		},
		{
			"arsId": "11338",
			"beginTm": ":",
			"busRouteAbrv": "노원15",
			"busRouteId": "109900010",
			"busRouteNm": "노원15",
			"direction": "덕성여대",
			"gpsX": "127.0575128243",
			"gpsY": "37.629037896",
			"lastTm": ":",
			"posX": "205076.18075663553",
			"posY": "458831.78200987494",
			"routeType": "2",
			"sectSpd": "7",
			"section": "110603244",
			"seq": "9",
			"station": "110000237",
			"stationNm": "인덕대앞",
			"stationNo": "11338",
			"transYn": "N",
			"fullSectDist": "237",
			"trnstnid": "109000135"
		},
		{
			"arsId": "11326",
			"beginTm": ":",
			"busRouteAbrv": "노원15",
			"busRouteId": "109900010",
			"busRouteNm": "노원15",
			"direction": "덕성여대",
			"gpsX": "127.0605822539",
			"gpsY": "37.6321018431",
			"lastTm": ":",
			"posX": "205346.87439151248",
			"posY": "459171.98205891205",
			"routeType": "2",
			"sectSpd": "2",
			"section": "110603245",
			"seq": "10",
			"station": "110000225",
			"stationNm": "월계사슴아파트2단지",
			"stationNo": "11326",
			"transYn": "N",
			"fullSectDist": "509",
			"trnstnid": "109000135"
		},
		{
			"arsId": "11328",
			"beginTm": ":",
			"busRouteAbrv": "노원15",
			"busRouteId": "109900010",
			"busRouteNm": "노원15",
			"direction": "덕성여대",
			"gpsX": "127.0592762067",
			"gpsY": "37.6339280991",
			"lastTm": ":",
			"posX": "205231.47710835893",
			"posY": "459374.58208667533",
			"routeType": "2",
			"sectSpd": "14",
			"section": "110600406",
			"seq": "11",
			"station": "110000227",
			"stationNm": "월계역",
			"stationNo": "11328",
			"transYn": "N",
			"fullSectDist": "233",
			"trnstnid": "109000135"
		},
		{
			"arsId": "11340",
			"beginTm": ":",
			"busRouteAbrv": "노원15",
			"busRouteId": "109900010",
			"busRouteNm": "노원15",
			"direction": "덕성여대",
			"gpsX": "127.0616865136",
			"gpsY": "37.6315831486",
			"lastTm": ":",
			"posX": "205444.3721015909",
			"posY": "459114.48205478955",
			"routeType": "2",
			"sectSpd": "8",
			"section": "110603246",
			"seq": "12",
			"station": "110000239",
			"stationNm": "월계보건지소",
			"stationNo": "11340",
			"transYn": "N",
			"fullSectDist": "589",
			"trnstnid": "109000135"
		},
		{
			"arsId": "11453",
			"beginTm": ":",
			"busRouteAbrv": "노원15",
			"busRouteId": "109900010",
			"busRouteNm": "노원15",
			"direction": "덕성여대",
			"gpsX": "127.0655691686",
			"gpsY": "37.6339842413",
			"lastTm": ":",
			"posX": "205786.86405683012",
			"posY": "459381.1820944813",
			"routeType": "2",
			"sectSpd": "14",
			"section": "110900199",
			"seq": "13",
			"station": "110000352",
			"stationNm": "하계시영아파트",
			"stationNo": "11453",
			"transYn": "N",
			"fullSectDist": "437",
			"trnstnid": "109000135"
		},
		{
			"arsId": "11455",
			"beginTm": ":",
			"busRouteAbrv": "노원15",
			"busRouteId": "109900010",
			"busRouteNm": "노원15",
			"direction": "덕성여대",
			"gpsX": "127.0669625244",
			"gpsY": "37.6349277927",
			"lastTm": ":",
			"posX": "205909.76117073963",
			"posY": "459485.98210877227",
			"routeType": "2",
			"sectSpd": "6",
			"section": "110603247",
			"seq": "14",
			"station": "110000354",
			"stationNm": "하계장미아파트",
			"stationNo": "11455",
			"transYn": "N",
			"fullSectDist": "164",
			"trnstnid": "109000135"
		},
		{
			"arsId": "11416",
			"beginTm": ":",
			"busRouteAbrv": "노원15",
			"busRouteId": "109900010",
			"busRouteNm": "노원15",
			"direction": "덕성여대",
			"gpsX": "127.0682126556",
			"gpsY": "37.6365715509",
			"lastTm": ":",
			"posX": "206019.9585861645",
			"posY": "459668.4821368903",
			"routeType": "2",
			"sectSpd": "8",
			"section": "110603248",
			"seq": "15",
			"station": "110000315",
			"stationNm": "하계역",
			"stationNo": "11416",
			"transYn": "N",
			"fullSectDist": "228",
			"trnstnid": "109000135"
		},
		{
			"arsId": "11374",
			"beginTm": ":",
			"busRouteAbrv": "노원15",
			"busRouteId": "109900010",
			"busRouteNm": "노원15",
			"direction": "덕성여대",
			"gpsX": "127.0670535329",
			"gpsY": "37.6395019003",
			"lastTm": ":",
			"posX": "205917.43031911936",
			"posY": "459993.61205202434",
			"routeType": "2",
			"sectSpd": "21",
			"section": "110602842",
			"seq": "16",
			"station": "110000273",
			"stationNm": "서울시립북서울미술관",
			"stationNo": "11374",
			"transYn": "N",
			"fullSectDist": "474",
			"trnstnid": "109000135"
		},
		{
			"arsId": "11373",
			"beginTm": ":",
			"busRouteAbrv": "노원15",
			"busRouteId": "109900010",
			"busRouteNm": "노원15",
			"direction": "덕성여대",
			"gpsX": "127.0653255037",
			"gpsY": "37.6429735644",
			"lastTm": ":",
			"posX": "205764.66458175253",
			"posY": "460378.78222543746",
			"routeType": "2",
			"sectSpd": "12",
			"section": "110604238",
			"seq": "17",
			"station": "110000272",
			"stationNm": "중계역",
			"stationNo": "11373",
			"transYn": "N",
			"fullSectDist": "283",
			"trnstnid": "109000135"
		},
		{
			"arsId": "11390",
			"beginTm": ":",
			"busRouteAbrv": "노원15",
			"busRouteId": "109900010",
			"busRouteNm": "노원15",
			"direction": "덕성여대",
			"gpsX": "127.0639116781",
			"gpsY": "37.6460641437",
			"lastTm": ":",
			"posX": "205639.66751658646",
			"posY": "460721.68227007706",
			"routeType": "2",
			"sectSpd": "12",
			"section": "110603249",
			"seq": "18",
			"station": "110000289",
			"stationNm": "중계역1번출구",
			"stationNo": "11390",
			"transYn": "N",
			"fullSectDist": "368",
			"trnstnid": "109000135"
		},
		{
			"arsId": "11257",
			"beginTm": ":",
			"busRouteAbrv": "노원15",
			"busRouteId": "109900010",
			"busRouteNm": "노원15",
			"direction": "덕성여대",
			"gpsX": "127.06288209",
			"gpsY": "37.6480182386",
			"lastTm": ":",
			"posX": "205548.66964984074",
			"posY": "460938.4822978275",
			"routeType": "2",
			"sectSpd": "15",
			"section": "110600311",
			"seq": "19",
			"station": "110000157",
			"stationNm": "백병원",
			"stationNo": "11257",
			"transYn": "N",
			"fullSectDist": "237",
			"trnstnid": "109000135"
		},
		{
			"arsId": "11256",
			"beginTm": ":",
			"busRouteAbrv": "노원15",
			"busRouteId": "109900010",
			"busRouteNm": "노원15",
			"direction": "덕성여대",
			"gpsX": "127.0617647168",
			"gpsY": "37.6507752318",
			"lastTm": ":",
			"posX": "205449.87197192103",
			"posY": "461244.3823378943",
			"routeType": "2",
			"sectSpd": "10",
			"section": "110604239",
			"seq": "20",
			"station": "110000156",
			"stationNm": "상계주공4단지",
			"stationNo": "11256",
			"transYn": "N",
			"fullSectDist": "325",
			"trnstnid": "109000135"
		},
		{
			"arsId": "11563",
			"beginTm": ":",
			"busRouteAbrv": "노원15",
			"busRouteId": "109900010",
			"busRouteNm": "노원15",
			"direction": "덕성여대",
			"gpsX": "127.058277",
			"gpsY": "37.653934",
			"lastTm": ":",
			"posX": "205141.91192622934",
			"posY": "461594.7393112378",
			"routeType": "2",
			"sectSpd": "9",
			"section": "110603250",
			"seq": "21",
			"station": "110900079",
			"stationNm": "노원구청앞",
			"stationNo": "11563",
			"transYn": "N",
			"fullSectDist": "596",
			"trnstnid": "109000135"
		},
		{
			"arsId": "10265",
			"beginTm": ":",
			"busRouteAbrv": "노원15",
			"busRouteId": "109900010",
			"busRouteNm": "노원15",
			"direction": "덕성여대",
			"gpsX": "127.0499897686",
			"gpsY": "37.6539743778",
			"lastTm": ":",
			"posX": "204410.70825820384",
			"posY": "461598.79833150795",
			"routeType": "2",
			"sectSpd": "10",
			"section": "110603439",
			"seq": "22",
			"station": "109000179",
			"stationNm": "창동역동측(도봉방면)",
			"stationNo": "10265",
			"transYn": "N",
			"fullSectDist": "932",
			"trnstnid": "109000135"
		},
		{
			"arsId": "10143",
			"beginTm": ":",
			"busRouteAbrv": "노원15",
			"busRouteId": "109900010",
			"busRouteNm": "노원15",
			"direction": "덕성여대",
			"gpsX": "127.0503054543",
			"gpsY": "37.6550860313",
			"lastTm": ":",
			"posX": "204438.49573764091",
			"posY": "461722.1823900007",
			"routeType": "2",
			"sectSpd": "9",
			"section": "109602105",
			"seq": "23",
			"station": "109000058",
			"stationNm": "창동농협물류센터",
			"stationNo": "10143",
			"transYn": "N",
			"fullSectDist": "417",
			"trnstnid": "109000135"
		},
		{
			"arsId": "10141",
			"beginTm": ":",
			"busRouteAbrv": "노원15",
			"busRouteId": "109900010",
			"busRouteNm": "노원15",
			"direction": "덕성여대",
			"gpsX": "127.0498677517",
			"gpsY": "37.656445044",
			"lastTm": ":",
			"posX": "204399.79664356168",
			"posY": "461872.9824109627",
			"routeType": "2",
			"sectSpd": "16",
			"section": "109600525",
			"seq": "24",
			"station": "109000056",
			"stationNm": "창동동아청솔아파트",
			"stationNo": "10141",
			"transYn": "N",
			"fullSectDist": "160",
			"trnstnid": "109000135"
		},
		{
			"arsId": "10139",
			"beginTm": ":",
			"busRouteAbrv": "노원15",
			"busRouteId": "109900010",
			"busRouteNm": "노원15",
			"direction": "덕성여대",
			"gpsX": "127.0500065597",
			"gpsY": "37.658932863",
			"lastTm": ":",
			"posX": "204411.89635541936",
			"posY": "462149.0824436471",
			"routeType": "2",
			"sectSpd": "25",
			"section": "109600149",
			"seq": "25",
			"station": "109000054",
			"stationNm": "자운고등학교앞",
			"stationNo": "10139",
			"transYn": "N",
			"fullSectDist": "278",
			"trnstnid": "109000135"
		},
		{
			"arsId": "10137",
			"beginTm": ":",
			"busRouteAbrv": "노원15",
			"busRouteId": "109900010",
			"busRouteNm": "노원15",
			"direction": "덕성여대",
			"gpsX": "127.0494952497",
			"gpsY": "37.6604251641",
			"lastTm": ":",
			"posX": "204366.69792573867",
			"posY": "462314.6713596741",
			"routeType": "2",
			"sectSpd": "9",
			"section": "109600194",
			"seq": "26",
			"station": "109000052",
			"stationNm": "창동쌍용.성원아파트",
			"stationNo": "10137",
			"transYn": "N",
			"fullSectDist": "178",
			"trnstnid": "109000135"
		},
		{
			"arsId": "10710",
			"beginTm": ":",
			"busRouteAbrv": "노원15",
			"busRouteId": "109900010",
			"busRouteNm": "노원15",
			"direction": "덕성여대",
			"gpsX": "127.0472313815",
			"gpsY": "37.6610588993",
			"lastTm": ":",
			"posX": "204166.9336550004",
			"posY": "462384.8991398113",
			"routeType": "2",
			"sectSpd": "5",
			"section": "109601879",
			"seq": "27",
			"station": "109900167",
			"stationNm": "창동아이파크",
			"stationNo": "10710",
			"transYn": "N",
			"fullSectDist": "230",
			"trnstnid": "109000135"
		},
		{
			"arsId": "10711",
			"beginTm": ":",
			"busRouteAbrv": "노원15",
			"busRouteId": "109900010",
			"busRouteNm": "노원15",
			"direction": "덕성여대",
			"gpsX": "127.0421935404",
			"gpsY": "37.6592047886",
			"lastTm": ":",
			"posX": "203722.56854901",
			"posY": "462178.9213947151",
			"routeType": "2",
			"sectSpd": "24",
			"section": "109601880",
			"seq": "28",
			"station": "109900168",
			"stationNm": "북한산아이파크",
			"stationNo": "10711",
			"transYn": "N",
			"fullSectDist": "526",
			"trnstnid": "109000135"
		},
		{
			"arsId": "10196",
			"beginTm": ":",
			"busRouteAbrv": "노원15",
			"busRouteId": "109900010",
			"busRouteNm": "노원15",
			"direction": "덕성여대",
			"gpsX": "127.0405809384",
			"gpsY": "37.6629354664",
			"lastTm": ":",
			"posX": "203580.1158998977",
			"posY": "462592.8824919318",
			"routeType": "2",
			"sectSpd": "13",
			"section": "109601914",
			"seq": "29",
			"station": "109000111",
			"stationNm": "방학사거리",
			"stationNo": "10196",
			"transYn": "N",
			"fullSectDist": "664",
			"trnstnid": "109000135"
		},
		{
			"arsId": "10194",
			"beginTm": ":",
			"busRouteAbrv": "노원15",
			"busRouteId": "109900010",
			"busRouteNm": "노원15",
			"direction": "덕성여대",
			"gpsX": "127.036807",
			"gpsY": "37.662933",
			"lastTm": ":",
			"posX": "203247.17305668525",
			"posY": "462592.471389235",
			"routeType": "2",
			"sectSpd": "17",
			"section": "109601915",
			"seq": "30",
			"station": "109000109",
			"stationNm": "신한은행방학동지점",
			"stationNo": "10194",
			"transYn": "N",
			"fullSectDist": "333",
			"trnstnid": "109000135"
		},
		{
			"arsId": "10192",
			"beginTm": ":",
			"busRouteAbrv": "노원15",
			"busRouteId": "109900010",
			"busRouteNm": "노원15",
			"direction": "덕성여대",
			"gpsX": "127.034113",
			"gpsY": "37.662595",
			"lastTm": ":",
			"posX": "203009.51765921366",
			"posY": "462554.8708740999",
			"routeType": "2",
			"sectSpd": "9",
			"section": "109601916",
			"seq": "31",
			"station": "109000107",
			"stationNm": "국민은행방학지점",
			"stationNo": "10192",
			"transYn": "N",
			"fullSectDist": "243",
			"trnstnid": "109000135"
		},
		{
			"arsId": "10190",
			"beginTm": ":",
			"busRouteAbrv": "노원15",
			"busRouteId": "109900010",
			"busRouteNm": "노원15",
			"direction": "덕성여대",
			"gpsX": "127.03202",
			"gpsY": "37.662362",
			"lastTm": ":",
			"posX": "202824.87780272274",
			"posY": "462528.9478373481",
			"routeType": "2",
			"sectSpd": "17",
			"section": "109601668",
			"seq": "32",
			"station": "109000105",
			"stationNm": "방학동신동아아파트",
			"stationNo": "10190",
			"transYn": "N",
			"fullSectDist": "182",
			"trnstnid": "109000135"
		},
		{
			"arsId": "10187",
			"beginTm": ":",
			"busRouteAbrv": "노원15",
			"busRouteId": "109900010",
			"busRouteNm": "노원15",
			"direction": "덕성여대",
			"gpsX": "127.028692",
			"gpsY": "37.662028",
			"lastTm": ":",
			"posX": "202531.28534860624",
			"posY": "462491.7860694011",
			"routeType": "2",
			"sectSpd": "15",
			"section": "109601669",
			"seq": "33",
			"station": "109000102",
			"stationNm": "방학동신동아타워",
			"stationNo": "10187",
			"transYn": "N",
			"fullSectDist": "298",
			"trnstnid": "109000135"
		},
		{
			"arsId": "10185",
			"beginTm": ":",
			"busRouteAbrv": "노원15",
			"busRouteId": "109900010",
			"busRouteNm": "노원15",
			"direction": "덕성여대",
			"gpsX": "127.0231445962",
			"gpsY": "37.6620015247",
			"lastTm": ":",
			"posX": "202041.87919451285",
			"posY": "462488.71261947975",
			"routeType": "2",
			"sectSpd": "16",
			"section": "109601711",
			"seq": "34",
			"station": "109000100",
			"stationNm": "연산군정의공주묘",
			"stationNo": "10185",
			"transYn": "N",
			"fullSectDist": "529",
			"trnstnid": "109000135"
		},
		{
			"arsId": "10343",
			"beginTm": ":",
			"busRouteAbrv": "노원15",
			"busRouteId": "109900010",
			"busRouteNm": "노원15",
			"direction": "덕성여대",
			"gpsX": "127.014675",
			"gpsY": "37.662163",
			"lastTm": ":",
			"posX": "201294.66558359022",
			"posY": "462506.482180675",
			"routeType": "2",
			"sectSpd": "30",
			"section": "109602558",
			"seq": "35",
			"station": "108000385",
			"stationNm": "한국사회봉사회",
			"stationNo": "10343",
			"transYn": "N",
			"fullSectDist": "867",
			"trnstnid": "109000135"
		},
		{
			"arsId": "09102",
			"beginTm": ":",
			"busRouteAbrv": "노원15",
			"busRouteId": "109900010",
			"busRouteNm": "노원15",
			"direction": "덕성여대",
			"gpsX": "127.0128184738",
			"gpsY": "37.6624998842",
			"lastTm": ":",
			"posX": "201130.87303927453",
			"posY": "462543.8449762054",
			"routeType": "2",
			"sectSpd": "17",
			"section": "108602720",
			"seq": "36",
			"station": "108000014",
			"stationNm": "우이동도선사입구.북한산우이역",
			"stationNo": "09102",
			"transYn": "N",
			"fullSectDist": "367",
			"trnstnid": "109000135"
		},
		{
			"arsId": "09103",
			"beginTm": ":",
			"busRouteAbrv": "노원15",
			"busRouteId": "109900010",
			"busRouteNm": "노원15",
			"direction": "덕성여대",
			"gpsX": "127.013424",
			"gpsY": "37.660809",
			"lastTm": ":",
			"posX": "201184.3207128724",
			"posY": "462356.20116787497",
			"routeType": "2",
			"sectSpd": "13",
			"section": "108600361",
			"seq": "37",
			"station": "108000015",
			"stationNm": "우이동성원아파트",
			"stationNo": "09103",
			"transYn": "N",
			"fullSectDist": "197",
			"trnstnid": "109000135"
		},
		{
			"arsId": "09105",
			"beginTm": ":",
			"busRouteAbrv": "노원15",
			"busRouteId": "109900010",
			"busRouteNm": "노원15",
			"direction": "덕성여대",
			"gpsX": "127.013785",
			"gpsY": "37.659077",
			"lastTm": ":",
			"posX": "201216.1978791153",
			"posY": "462163.9916032599",
			"routeType": "2",
			"sectSpd": "25",
			"section": "108600453",
			"seq": "38",
			"station": "108000017",
			"stationNm": "진성빌라사거리",
			"stationNo": "09105",
			"transYn": "N",
			"fullSectDist": "203",
			"trnstnid": "109000135"
		},
		{
			"arsId": "09106",
			"beginTm": ":",
			"busRouteAbrv": "노원15",
			"busRouteId": "109900010",
			"busRouteNm": "노원15",
			"direction": "덕성여대",
			"gpsX": "127.012933",
			"gpsY": "37.6551",
			"lastTm": ":",
			"posX": "201141.09003993808",
			"posY": "461722.62093949737",
			"routeType": "2",
			"sectSpd": "18",
			"section": "108601823",
			"seq": "39",
			"station": "108000018",
			"stationNm": "서라벌중학교.우이동대우아파트",
			"stationNo": "09106",
			"transYn": "N",
			"fullSectDist": "578",
			"trnstnid": "109000135"
		},
		{
			"arsId": "09107",
			"beginTm": ":",
			"busRouteAbrv": "노원15",
			"busRouteId": "109900010",
			"busRouteNm": "노원15",
			"direction": "덕성여대",
			"gpsX": "127.0126091716",
			"gpsY": "37.6513809333",
			"lastTm": ":",
			"posX": "201112.5738615977",
			"posY": "461309.88231319096",
			"routeType": "2",
			"sectSpd": "16",
			"section": "108600456",
			"seq": "40",
			"station": "108000019",
			"stationNm": "덕성여대솔밭근린공원",
			"stationNo": "09107",
			"transYn": "N",
			"fullSectDist": "371",
			"trnstnid": "109000135"
		},
		{
			"arsId": "10221",
			"beginTm": ":",
			"busRouteAbrv": "노원15",
			"busRouteId": "109900010",
			"busRouteNm": "노원15",
			"direction": "덕성여대",
			"gpsX": "127.013138",
			"gpsY": "37.65106",
			"lastTm": ":",
			"posX": "201159.2401757832",
			"posY": "461274.27218083385",
			"routeType": "2",
			"sectSpd": "25",
			"section": "108600802",
			"seq": "41",
			"station": "109000135",
			"stationNm": "덕성여대입구",
			"stationNo": "10221",
			"transYn": "Y",
			"fullSectDist": "711",
			"trnstnid": "109000135"
		},
		{
			"arsId": "10219",
			"beginTm": ":",
			"busRouteAbrv": "노원15",
			"busRouteId": "109900010",
			"busRouteNm": "노원15",
			"direction": "청백아파트",
			"gpsX": "127.013223",
			"gpsY": "37.655025",
			"lastTm": ":",
			"posX": "201166.67817031534",
			"posY": "461714.30115176504",
			"routeType": "2",
			"sectSpd": "14",
			"section": "109600845",
			"seq": "42",
			"station": "109000134",
			"stationNm": "서라벌중학교.우이동대우아파트",
			"stationNo": "10219",
			"transYn": "N",
			"fullSectDist": "458",
			"trnstnid": "109000135"
		},
		{
			"arsId": "10218",
			"beginTm": ":",
			"busRouteAbrv": "노원15",
			"busRouteId": "109900010",
			"busRouteNm": "노원15",
			"direction": "청백아파트",
			"gpsX": "127.0136533178",
			"gpsY": "37.6572562221",
			"lastTm": ":",
			"posX": "201204.60948043532",
			"posY": "461961.9233708414",
			"routeType": "2",
			"sectSpd": "17",
			"section": "109600361",
			"seq": "43",
			"station": "109000133",
			"stationNm": "북서울교회",
			"stationNo": "10218",
			"transYn": "N",
			"fullSectDist": "362",
			"trnstnid": "109000135"
		},
		{
			"arsId": "10325",
			"beginTm": ":",
			"busRouteAbrv": "노원15",
			"busRouteId": "109900010",
			"busRouteNm": "노원15",
			"direction": "청백아파트",
			"gpsX": "127.013997",
			"gpsY": "37.658907",
			"lastTm": ":",
			"posX": "201234.90464510646",
			"posY": "462145.12808842165",
			"routeType": "2",
			"sectSpd": "10",
			"section": "109601917",
			"seq": "44",
			"station": "109000236",
			"stationNm": "동아운수앞",
			"stationNo": "10325",
			"transYn": "N",
			"fullSectDist": "194",
			"trnstnid": "109000135"
		},
		{
			"arsId": "09104",
			"beginTm": ":",
			"busRouteAbrv": "노원15",
			"busRouteId": "109900010",
			"busRouteNm": "노원15",
			"direction": "청백아파트",
			"gpsX": "127.013357",
			"gpsY": "37.662045",
			"lastTm": ":",
			"posX": "201178.3901577947",
			"posY": "462493.3693725532",
			"routeType": "2",
			"sectSpd": "16",
			"section": "109600284",
			"seq": "45",
			"station": "108000016",
			"stationNm": "우이동성원아파트",
			"stationNo": "09104",
			"transYn": "N",
			"fullSectDist": "354",
			"trnstnid": "109000135"
		},
		{
			"arsId": "09286",
			"beginTm": ":",
			"busRouteAbrv": "노원15",
			"busRouteId": "109900010",
			"busRouteNm": "노원15",
			"direction": "청백아파트",
			"gpsX": "127.012730028",
			"gpsY": "37.6631049128",
			"lastTm": ":",
			"posX": "201123.06104704048",
			"posY": "462610.98891066434",
			"routeType": "2",
			"sectSpd": "21",
			"section": "108601824",
			"seq": "46",
			"station": "108000193",
			"stationNm": "우이동도선사입구",
			"stationNo": "09286",
			"transYn": "N",
			"fullSectDist": "126",
			"trnstnid": "109000135"
		},
		{
			"arsId": "10342",
			"beginTm": ":",
			"busRouteAbrv": "노원15",
			"busRouteId": "109900010",
			"busRouteNm": "노원15",
			"direction": "청백아파트",
			"gpsX": "127.0147587067",
			"gpsY": "37.6618138354",
			"lastTm": ":",
			"posX": "201302.0564990448",
			"posY": "462467.7336789272",
			"routeType": "2",
			"sectSpd": "17",
			"section": "108602721",
			"seq": "47",
			"station": "108000384",
			"stationNm": "한국사회봉사회",
			"stationNo": "10342",
			"transYn": "N",
			"fullSectDist": "287",
			"trnstnid": "109000135"
		},
		{
			"arsId": "10184",
			"beginTm": ":",
			"busRouteAbrv": "노원15",
			"busRouteId": "109900010",
			"busRouteNm": "노원15",
			"direction": "청백아파트",
			"gpsX": "127.0229753659",
			"gpsY": "37.6618859481",
			"lastTm": ":",
			"posX": "202026.95237986377",
			"posY": "462475.8824643055",
			"routeType": "2",
			"sectSpd": "36",
			"section": "108602722",
			"seq": "48",
			"station": "109000099",
			"stationNm": "연산군.정의공주묘",
			"stationNo": "10184",
			"transYn": "N",
			"fullSectDist": "828",
			"trnstnid": "109000135"
		},
		{
			"arsId": "10186",
			"beginTm": ":",
			"busRouteAbrv": "노원15",
			"busRouteId": "109900010",
			"busRouteNm": "노원15",
			"direction": "청백아파트",
			"gpsX": "127.028111025",
			"gpsY": "37.6616802914",
			"lastTm": ":",
			"posX": "202480.04173967533",
			"posY": "462453.1824691007",
			"routeType": "2",
			"sectSpd": "13",
			"section": "109601690",
			"seq": "49",
			"station": "109000101",
			"stationNm": "방학동신동아타워",
			"stationNo": "10186",
			"transYn": "N",
			"fullSectDist": "475",
			"trnstnid": "109000135"
		},
		{
			"arsId": "10189",
			"beginTm": ":",
			"busRouteAbrv": "노원15",
			"busRouteId": "109900010",
			"busRouteNm": "노원15",
			"direction": "청백아파트",
			"gpsX": "127.0313834612",
			"gpsY": "37.6619831294",
			"lastTm": ":",
			"posX": "202768.7349612754",
			"posY": "462486.8824705067",
			"routeType": "2",
			"sectSpd": "16",
			"section": "109600852",
			"seq": "50",
			"station": "109000104",
			"stationNm": "방학동신동아아파트",
			"stationNo": "10189",
			"transYn": "N",
			"fullSectDist": "287",
			"trnstnid": "109000135"
		},
		{
			"arsId": "10191",
			"beginTm": ":",
			"busRouteAbrv": "노원15",
			"busRouteId": "109900010",
			"busRouteNm": "노원15",
			"direction": "청백아파트",
			"gpsX": "127.0343340389",
			"gpsY": "37.6623319258",
			"lastTm": ":",
			"posX": "203029.02884728345",
			"posY": "462525.68248501886",
			"routeType": "2",
			"sectSpd": "8",
			"section": "109600853",
			"seq": "51",
			"station": "109000106",
			"stationNm": "국민은행방학지점",
			"stationNo": "10191",
			"transYn": "N",
			"fullSectDist": "264",
			"trnstnid": "109000135"
		},
		{
			"arsId": "10193",
			"beginTm": ":",
			"busRouteAbrv": "노원15",
			"busRouteId": "109900010",
			"busRouteNm": "노원15",
			"direction": "청백아파트",
			"gpsX": "127.037002395",
			"gpsY": "37.6626546059",
			"lastTm": ":",
			"posX": "203264.4233118607",
			"posY": "462561.58249020716",
			"routeType": "2",
			"sectSpd": "8",
			"section": "109602515",
			"seq": "52",
			"station": "109000108",
			"stationNm": "신한은행방학동지점",
			"stationNo": "10193",
			"transYn": "N",
			"fullSectDist": "238",
			"trnstnid": "109000135"
		},
		{
			"arsId": "10195",
			"beginTm": ":",
			"busRouteAbrv": "노원15",
			"busRouteId": "109900010",
			"busRouteNm": "노원15",
			"direction": "청백아파트",
			"gpsX": "127.0404969177",
			"gpsY": "37.6626723806",
			"lastTm": ":",
			"posX": "203572.71606717727",
			"posY": "462563.682491784",
			"routeType": "2",
			"sectSpd": "14",
			"section": "109601918",
			"seq": "53",
			"station": "109000110",
			"stationNm": "방학사거리",
			"stationNo": "10195",
			"transYn": "N",
			"fullSectDist": "309",
			"trnstnid": "109000135"
		},
		{
			"arsId": "10304",
			"beginTm": ":",
			"busRouteAbrv": "노원15",
			"busRouteId": "109900010",
			"busRouteNm": "노원15",
			"direction": "청백아파트",
			"gpsX": "127.04192",
			"gpsY": "37.661947",
			"lastTm": ":",
			"posX": "203698.2991218053",
			"posY": "462483.2362174103",
			"routeType": "2",
			"sectSpd": "15",
			"section": "109600368",
			"seq": "54",
			"station": "109000216",
			"stationNm": "정병원",
			"stationNo": "10304",
			"transYn": "N",
			"fullSectDist": "164",
			"trnstnid": "109000135"
		},
		{
			"arsId": "10713",
			"beginTm": ":",
			"busRouteAbrv": "노원15",
			"busRouteId": "109900010",
			"busRouteNm": "노원15",
			"direction": "청백아파트",
			"gpsX": "127.0419690825",
			"gpsY": "37.6589907288",
			"lastTm": ":",
			"posX": "203702.7761504484",
			"posY": "462155.1565462998",
			"routeType": "2",
			"sectSpd": "15",
			"section": "109601882",
			"seq": "55",
			"station": "109000410",
			"stationNm": "북한산아이파크",
			"stationNo": "10713",
			"transYn": "N",
			"fullSectDist": "420",
			"trnstnid": "109000135"
		},
		{
			"arsId": "10714",
			"beginTm": ":",
			"busRouteAbrv": "노원15",
			"busRouteId": "109900010",
			"busRouteNm": "노원15",
			"direction": "청백아파트",
			"gpsX": "127.0473835119",
			"gpsY": "37.6608616798",
			"lastTm": ":",
			"posX": "204180.36624269813",
			"posY": "462363.01884653466",
			"routeType": "2",
			"sectSpd": "17",
			"section": "109601883",
			"seq": "56",
			"station": "109900169",
			"stationNm": "창동아이파크",
			"stationNo": "10714",
			"transYn": "N",
			"fullSectDist": "553",
			"trnstnid": "109000135"
		},
		{
			"arsId": "10138",
			"beginTm": ":",
			"busRouteAbrv": "노원15",
			"busRouteId": "109900010",
			"busRouteNm": "노원15",
			"direction": "청백아파트",
			"gpsX": "127.0485559077",
			"gpsY": "37.6605889854",
			"lastTm": ":",
			"posX": "204283.81544752704",
			"posY": "462332.80862529343",
			"routeType": "2",
			"sectSpd": "8",
			"section": "109602548",
			"seq": "57",
			"station": "109000053",
			"stationNm": "창동쌍용아파트",
			"stationNo": "10138",
			"transYn": "N",
			"fullSectDist": "160",
			"trnstnid": "109000135"
		},
		{
			"arsId": "10140",
			"beginTm": ":",
			"busRouteAbrv": "노원15",
			"busRouteId": "109900010",
			"busRouteNm": "노원15",
			"direction": "청백아파트",
			"gpsX": "127.0496686321",
			"gpsY": "37.6586807038",
			"lastTm": ":",
			"posX": "204382.09705550526",
			"posY": "462121.0824366072",
			"routeType": "2",
			"sectSpd": "12",
			"section": "109602126",
			"seq": "58",
			"station": "109000055",
			"stationNm": "자운고등학교앞",
			"stationNo": "10140",
			"transYn": "N",
			"fullSectDist": "286",
			"trnstnid": "109000135"
		},
		{
			"arsId": "10142",
			"beginTm": ":",
			"busRouteAbrv": "노원15",
			"busRouteId": "109900010",
			"busRouteNm": "노원15",
			"direction": "청백아파트",
			"gpsX": "127.0495822895",
			"gpsY": "37.656671335",
			"lastTm": ":",
			"posX": "204374.5972356886",
			"posY": "461898.0824054335",
			"routeType": "2",
			"sectSpd": "14",
			"section": "109601836",
			"seq": "59",
			"station": "109000057",
			"stationNm": "창동동아청솔아파트",
			"stationNo": "10142",
			"transYn": "N",
			"fullSectDist": "221",
			"trnstnid": "109000135"
		},
		{
			"arsId": "10335",
			"beginTm": ":",
			"busRouteAbrv": "노원15",
			"busRouteId": "109900010",
			"busRouteNm": "노원15",
			"direction": "청백아파트",
			"gpsX": "127.0500842135",
			"gpsY": "37.6548949746",
			"lastTm": ":",
			"posX": "204418.98678343467",
			"posY": "461700.96883639693",
			"routeType": "2",
			"sectSpd": "9",
			"section": "109600865",
			"seq": "60",
			"station": "109000403",
			"stationNm": "창동농협물류센터",
			"stationNo": "10335",
			"transYn": "N",
			"fullSectDist": "203",
			"trnstnid": "109000135"
		},
		{
			"arsId": "10266",
			"beginTm": ":",
			"busRouteAbrv": "노원15",
			"busRouteId": "109900010",
			"busRouteNm": "노원15",
			"direction": "청백아파트",
			"gpsX": "127.050183",
			"gpsY": "37.653635",
			"lastTm": ":",
			"posX": "204427.7776470638",
			"posY": "461561.14394583507",
			"routeType": "2",
			"sectSpd": "20",
			"section": "109602118",
			"seq": "61",
			"station": "109000180",
			"stationNm": "창동역동측(노원방면)",
			"stationNo": "10266",
			"transYn": "N",
			"fullSectDist": "341",
			"trnstnid": "109000135"
		},
		{
			"arsId": "11589",
			"beginTm": ":",
			"busRouteAbrv": "노원15",
			"busRouteId": "109900010",
			"busRouteNm": "노원15",
			"direction": "청백아파트",
			"gpsX": "127.0574745497",
			"gpsY": "37.6543609921",
			"lastTm": ":",
			"posX": "205071.0808703614",
			"posY": "461642.08238085825",
			"routeType": "2",
			"sectSpd": "12",
			"section": "109602119",
			"seq": "62",
			"station": "110900127",
			"stationNm": "노원구청",
			"stationNo": "11589",
			"transYn": "N",
			"fullSectDist": "997",
			"trnstnid": "109000135"
		},
		{
			"arsId": "11931",
			"beginTm": ":",
			"busRouteAbrv": "노원15",
			"busRouteId": "109900010",
			"busRouteNm": "노원15",
			"direction": "청백아파트",
			"gpsX": "127.0595844845",
			"gpsY": "37.6553204954",
			"lastTm": ":",
			"posX": "205257.1765040492",
			"posY": "461748.6823955388",
			"routeType": "2",
			"sectSpd": "16",
			"section": "110603192",
			"seq": "63",
			"station": "110000679",
			"stationNm": "노원역8번출구",
			"stationNo": "11931",
			"transYn": "N",
			"fullSectDist": "291",
			"trnstnid": "109000135"
		},
		{
			"arsId": "11244",
			"beginTm": ":",
			"busRouteAbrv": "노원15",
			"busRouteId": "109900010",
			"busRouteNm": "노원15",
			"direction": "청백아파트",
			"gpsX": "127.0609078892",
			"gpsY": "37.6520957586",
			"lastTm": ":",
			"posX": "205374.17375230172",
			"posY": "461390.88235169835",
			"routeType": "2",
			"sectSpd": "15",
			"section": "110603252",
			"seq": "64",
			"station": "110000144",
			"stationNm": "상계주공3단지",
			"stationNo": "11244",
			"transYn": "N",
			"fullSectDist": "464",
			"trnstnid": "109000135"
		},
		{
			"arsId": "11245",
			"beginTm": ":",
			"busRouteAbrv": "노원15",
			"busRouteId": "109900010",
			"busRouteNm": "노원15",
			"direction": "청백아파트",
			"gpsX": "127.0616198478",
			"gpsY": "37.649637244",
			"lastTm": ":",
			"posX": "205437.17227619656",
			"posY": "461118.0823210529",
			"routeType": "2",
			"sectSpd": "13",
			"section": "110604240",
			"seq": "65",
			"station": "110000145",
			"stationNm": "상계주공2단지",
			"stationNo": "11245",
			"transYn": "N",
			"fullSectDist": "296",
			"trnstnid": "109000135"
		},
		{
			"arsId": "11246",
			"beginTm": ":",
			"busRouteAbrv": "노원15",
			"busRouteId": "109900010",
			"busRouteNm": "노원15",
			"direction": "청백아파트",
			"gpsX": "127.0628303436",
			"gpsY": "37.6471279991",
			"lastTm": ":",
			"posX": "205544.16976087744",
			"posY": "460839.68228292465",
			"routeType": "2",
			"sectSpd": "13",
			"section": "110604241",
			"seq": "66",
			"station": "110000146",
			"stationNm": "상계주공1단지",
			"stationNo": "11246",
			"transYn": "N",
			"fullSectDist": "300",
			"trnstnid": "109000135"
		},
		{
			"arsId": "11366",
			"beginTm": ":",
			"busRouteAbrv": "노원15",
			"busRouteId": "109900010",
			"busRouteNm": "노원15",
			"direction": "청백아파트",
			"gpsX": "127.064434759",
			"gpsY": "37.6438640613",
			"lastTm": ":",
			"posX": "205685.99271662682",
			"posY": "460477.55331636174",
			"routeType": "2",
			"sectSpd": "13",
			"section": "110900188",
			"seq": "67",
			"station": "110000265",
			"stationNm": "중계역",
			"stationNo": "11366",
			"transYn": "N",
			"fullSectDist": "393",
			"trnstnid": "109000135"
		},
		{
			"arsId": "11367",
			"beginTm": ":",
			"busRouteAbrv": "노원15",
			"busRouteId": "109900010",
			"busRouteNm": "노원15",
			"direction": "청백아파트",
			"gpsX": "127.0664180981",
			"gpsY": "37.6393911575",
			"lastTm": ":",
			"posX": "205861.3623086527",
			"posY": "459981.2821718734",
			"routeType": "2",
			"sectSpd": "13",
			"section": "110604242",
			"seq": "68",
			"station": "110000266",
			"stationNm": "노원구민의전당",
			"stationNo": "11367",
			"transYn": "N",
			"fullSectDist": "530",
			"trnstnid": "109000135"
		},
		{
			"arsId": "11447",
			"beginTm": ":",
			"busRouteAbrv": "노원15",
			"busRouteId": "109900010",
			"busRouteNm": "노원15",
			"direction": "청백아파트",
			"gpsX": "127.0676631979",
			"gpsY": "37.6366673819",
			"lastTm": ":",
			"posX": "205971.4597243026",
			"posY": "459679.0821342026",
			"routeType": "2",
			"sectSpd": "16",
			"section": "110604201",
			"seq": "69",
			"station": "110000346",
			"stationNm": "하계역",
			"stationNo": "11447",
			"transYn": "N",
			"fullSectDist": "324",
			"trnstnid": "109000135"
		},
		{
			"arsId": "11454",
			"beginTm": ":",
			"busRouteAbrv": "노원15",
			"busRouteId": "109900010",
			"busRouteNm": "노원15",
			"direction": "청백아파트",
			"gpsX": "127.0668075854",
			"gpsY": "37.6352513689",
			"lastTm": ":",
			"posX": "205896.06149732094",
			"posY": "459521.8821098376",
			"routeType": "2",
			"sectSpd": "11",
			"section": "110900191",
			"seq": "70",
			"station": "110000353",
			"stationNm": "하계우성아파트",
			"stationNo": "11454",
			"transYn": "N",
			"fullSectDist": "254",
			"trnstnid": "109000135"
		},
		{
			"arsId": "11452",
			"beginTm": ":",
			"busRouteAbrv": "노원15",
			"busRouteId": "109900010",
			"busRouteNm": "노원15",
			"direction": "청백아파트",
			"gpsX": "127.0647215791",
			"gpsY": "37.6338991064",
			"lastTm": ":",
			"posX": "205712.0658163758",
			"posY": "459371.6820847611",
			"routeType": "2",
			"sectSpd": "9",
			"section": "110900192",
			"seq": "71",
			"station": "110000351",
			"stationNm": "하계극동아파트",
			"stationNo": "11452",
			"transYn": "N",
			"fullSectDist": "238",
			"trnstnid": "109000135"
		},
		{
			"arsId": "11339",
			"beginTm": ":",
			"busRouteAbrv": "노원15",
			"busRouteId": "109900010",
			"busRouteNm": "노원15",
			"direction": "청백아파트",
			"gpsX": "127.0617240336",
			"gpsY": "37.6320479709",
			"lastTm": ":",
			"posX": "205447.64963670887",
			"posY": "459166.069120585",
			"routeType": "2",
			"sectSpd": "10",
			"section": "110600421",
			"seq": "72",
			"station": "110000238",
			"stationNm": "월계보건지소",
			"stationNo": "11339",
			"transYn": "N",
			"fullSectDist": "337",
			"trnstnid": "109000135"
		},
		{
			"arsId": "11326",
			"beginTm": ":",
			"busRouteAbrv": "노원15",
			"busRouteId": "109900010",
			"busRouteNm": "노원15",
			"direction": "청백아파트",
			"gpsX": "127.0605822539",
			"gpsY": "37.6321018431",
			"lastTm": ":",
			"posX": "205346.87439151248",
			"posY": "459171.98205891205",
			"routeType": "2",
			"sectSpd": "3",
			"section": "110603241",
			"seq": "73",
			"station": "110000225",
			"stationNm": "월계사슴아파트2단지",
			"stationNo": "11326",
			"transYn": "N",
			"fullSectDist": "148",
			"trnstnid": "109000135"
		},
		{
			"arsId": "11328",
			"beginTm": ":",
			"busRouteAbrv": "노원15",
			"busRouteId": "109900010",
			"busRouteNm": "노원15",
			"direction": "청백아파트",
			"gpsX": "127.0592762067",
			"gpsY": "37.6339280991",
			"lastTm": ":",
			"posX": "205231.47710835893",
			"posY": "459374.58208667533",
			"routeType": "2",
			"sectSpd": "14",
			"section": "110600406",
			"seq": "74",
			"station": "110000227",
			"stationNm": "월계역",
			"stationNo": "11328",
			"transYn": "N",
			"fullSectDist": "233",
			"trnstnid": "109000135"
		},
		{
			"arsId": "11309",
			"beginTm": ":",
			"busRouteAbrv": "노원15",
			"busRouteId": "109900010",
			"busRouteNm": "노원15",
			"direction": "청백아파트",
			"gpsX": "127.0555468048",
			"gpsY": "37.628606318",
			"lastTm": ":",
			"posX": "204902.68483134656",
			"posY": "458783.78199330624",
			"routeType": "2",
			"sectSpd": "13",
			"section": "110603253",
			"seq": "75",
			"station": "110000209",
			"stationNm": "인덕대학교",
			"stationNo": "11309",
			"transYn": "N",
			"fullSectDist": "967",
			"trnstnid": "109000135"
		},
		{
			"arsId": "11306",
			"beginTm": ":",
			"busRouteAbrv": "노원15",
			"busRouteId": "109900010",
			"busRouteNm": "노원15",
			"direction": "청백아파트",
			"gpsX": "127.0538076332",
			"gpsY": "37.6283500757",
			"lastTm": ":",
			"posX": "204749.19796205644",
			"posY": "458755.25540443324",
			"routeType": "2",
			"sectSpd": "12",
			"section": "110600730",
			"seq": "76",
			"station": "110000206",
			"stationNm": "월계주공2단지",
			"stationNo": "11306",
			"transYn": "N",
			"fullSectDist": "189",
			"trnstnid": "109000135"
		},
		{
			"arsId": "11303",
			"beginTm": ":",
			"busRouteAbrv": "노원15",
			"busRouteId": "109900010",
			"busRouteNm": "노원15",
			"direction": "청백아파트",
			"gpsX": "127.0518546625",
			"gpsY": "37.6271301634",
			"lastTm": ":",
			"posX": "204576.89861762943",
			"posY": "458619.775458782",
			"routeType": "2",
			"sectSpd": "17",
			"section": "110601270",
			"seq": "77",
			"station": "110000203",
			"stationNm": "월계공단",
			"stationNo": "11303",
			"transYn": "N",
			"fullSectDist": "218",
			"trnstnid": "109000135"
		},
		{
			"arsId": "11300",
			"beginTm": ":",
			"busRouteAbrv": "노원15",
			"busRouteId": "109900010",
			"busRouteNm": "노원15",
			"direction": "청백아파트",
			"gpsX": "127.0503112065",
			"gpsY": "37.6275401275",
			"lastTm": ":",
			"posX": "204440.64265592513",
			"posY": "458665.1981225014",
			"routeType": "2",
			"sectSpd": "10",
			"section": "110601271",
			"seq": "78",
			"station": "110000200",
			"stationNm": "염광고등학교",
			"stationNo": "11300",
			"transYn": "N",
			"fullSectDist": "226",
			"trnstnid": "109000135"
		},
		{
			"arsId": "11474",
			"beginTm": ":",
			"busRouteAbrv": "노원15",
			"busRouteId": "109900010",
			"busRouteNm": "노원15",
			"direction": "청백아파트",
			"gpsX": "127.0511179201",
			"gpsY": "37.6300545578",
			"lastTm": ":",
			"posX": "204511.69401563774",
			"posY": "458944.2820201814",
			"routeType": "2",
			"sectSpd": "12",
			"section": "110603046",
			"seq": "79",
			"station": "110000373",
			"stationNm": "월계중학교",
			"stationNo": "11474",
			"transYn": "N",
			"fullSectDist": "333",
			"trnstnid": "109000135"
		},
		{
			"arsId": "11294",
			"beginTm": ":",
			"busRouteAbrv": "노원15",
			"busRouteId": "109900010",
			"busRouteNm": "노원15",
			"direction": "청백아파트",
			"gpsX": "127.051063481",
			"gpsY": "37.6316287727",
			"lastTm": ":",
			"posX": "204506.7941245461",
			"posY": "459118.98204331193",
			"routeType": "2",
			"sectSpd": "14",
			"section": "110601318",
			"seq": "80",
			"station": "110000194",
			"stationNm": "청백아파트3단지4단지",
			"stationNo": "11294",
			"transYn": "N",
			"fullSectDist": "177",
			"trnstnid": "109000135"
		},
		{
			"arsId": "11330",
			"beginTm": ":",
			"busRouteAbrv": "노원15",
			"busRouteId": "109900010",
			"busRouteNm": "노원15",
			"direction": "청백아파트",
			"gpsX": "127.0523147751",
			"gpsY": "37.6338935455",
			"lastTm": ":",
			"posX": "204617.09153739575",
			"posY": "459370.38207742805",
			"routeType": "2",
			"sectSpd": "16",
			"section": "110602162",
			"seq": "81",
			"station": "110000229",
			"stationNm": "대우아파트",
			"stationNo": "11330",
			"transYn": "N",
			"fullSectDist": "377",
			"trnstnid": "109000135"
		},
		{
			"arsId": "11848",
			"beginTm": ":",
			"busRouteAbrv": "노원15",
			"busRouteId": "109900010",
			"busRouteNm": "노원15",
			"direction": "청백아파트",
			"gpsX": "127.0524831681",
			"gpsY": "37.6355589675",
			"lastTm": ":",
			"posX": "204631.84984588306",
			"posY": "459555.21508616535",
			"routeType": "2",
			"sectSpd": "35",
			"section": "110603193",
			"seq": "82",
			"station": "110900144",
			"stationNm": "청백아파트종점",
			"stationNo": "11848",
			"transYn": "N",
			"fullSectDist": "188",
			"trnstnid": "109000135"
		}
	]
}