{
	"count": 104,
	"result": [
		{
			"arsId": "07462",
			"beginTm": ":",
			"busRouteAbrv": "2236",
			"busRouteId": "111000019",
			"busRouteNm": "2236",
			"direction": "신이문역",
			"gpsX": "127.1048558425",
			"gpsY": "37.6128516944",
			"lastTm": ":",
			"posX": "209256.7646447045",
			"posY": "457039.0930421278",
			"routeType": "4",
			"sectSpd": "0",
			"section": "0",
			"seq": "1",
			"station": "106000469",
			"stationNm": "중랑공영차고지삼거리",
			"stationNo": "07462",
			"transYn": "N",
			"fullSectDist": "0",
			"trnstnid": "105000167"
		},
		{
			"arsId": "07451",
			"beginTm": "05:00",
			"busRouteAbrv": "2236",
			"busRouteId": "111000019",
			"busRouteNm": "2236",
			"direction": "신이문역",
			"gpsX": "127.1079642278",
			"gpsY": "37.6128307149",
			"lastTm": "23:16",
			"posX": "209531.17835287045",
			"posY": "457037.07583708595",
			"routeType": "4",
			"sectSpd": "39",
			"section": "106602444",
			"seq": "2",
			"station": "106000463",
			"stationNm": "당너머",
			"stationNo": "07451",
			"transYn": "N",
			"fullSectDist": "278",
			"trnstnid": "105000167"
		},
		{
			"arsId": "07446",
			"beginTm": "05:02",
			"busRouteAbrv": "2236",
			"busRouteId": "111000019",
			"busRouteNm": "2236",
			"direction": "신이문역",
			"gpsX": "127.1134525538",
			"gpsY": "37.614547458",
			"lastTm": "23:17",
			"posX": "210015.46257302046",
			"posY": "457228.166820711",
			"routeType": "4",
			"sectSpd": "24",
			"section": "106602906",
			"seq": "3",
			"station": "106000481",
			"stationNm": "신내SKV1센터",
			"stationNo": "07446",
			"transYn": "N",
			"fullSectDist": "716",
			"trnstnid": "105000167"
		},
		{
			"arsId": "07453",
			"beginTm": "05:04",
			"busRouteAbrv": "2236",
			"busRouteId": "111000019",
			"busRouteNm": "2236",
			"direction": "신이문역",
			"gpsX": "127.1127215883",
			"gpsY": "37.6158044062",
			"lastTm": "23:20",
			"posX": "209950.7662422531",
			"posY": "457367.5819025934",
			"routeType": "4",
			"sectSpd": "16",
			"section": "106602907",
			"seq": "4",
			"station": "106000458",
			"stationNm": "신내데시앙포레아파트220동앞",
			"stationNo": "07453",
			"transYn": "N",
			"fullSectDist": "167",
			"trnstnid": "105000167"
		},
		{
			"arsId": "07455",
			"beginTm": "05:05",
			"busRouteAbrv": "2236",
			"busRouteId": "111000019",
			"busRouteNm": "2236",
			"direction": "신이문역",
			"gpsX": "127.1098030048",
			"gpsY": "37.6172677017",
			"lastTm": "23:21",
			"posX": "209692.93130087078",
			"posY": "457529.66925919335",
			"routeType": "4",
			"sectSpd": "13",
			"section": "106600177",
			"seq": "5",
			"station": "106000460",
			"stationNm": "새솔초등학교입구",
			"stationNo": "07455",
			"transYn": "N",
			"fullSectDist": "266",
			"trnstnid": "105000167"
		},
		{
			"arsId": "07463",
			"beginTm": "05:06",
			"busRouteAbrv": "2236",
			"busRouteId": "111000019",
			"busRouteNm": "2236",
			"direction": "신이문역",
			"gpsX": "127.1075905591",
			"gpsY": "37.6188169049",
			"lastTm": "23:22",
			"posX": "209497.42909791786",
			"posY": "457701.36968911486",
			"routeType": "4",
			"sectSpd": "12",
			"section": "106602142",
			"seq": "6",
			"station": "106000472",
			"stationNm": "우디안아파트114동앞",
			"stationNo": "07463",
			"transYn": "N",
			"fullSectDist": "316",
			"trnstnid": "105000167"
		},
		{
			"arsId": "07448",
			"beginTm": "05:07",
			"busRouteAbrv": "2236",
			"busRouteId": "111000019",
			"busRouteNm": "2236",
			"direction": "신이문역",
			"gpsX": "127.1048418581",
			"gpsY": "37.6196890354",
			"lastTm": "23:24",
			"posX": "209254.682595379",
			"posY": "457797.8819412361",
			"routeType": "4",
			"sectSpd": "14",
			"section": "106600179",
			"seq": "7",
			"station": "106000456",
			"stationNm": "중랑경찰서후문",
			"stationNo": "07448",
			"transYn": "N",
			"fullSectDist": "394",
			"trnstnid": "105000167"
		},
		{
			"arsId": "07299",
			"beginTm": "05:09",
			"busRouteAbrv": "2236",
			"busRouteId": "111000019",
			"busRouteNm": "2236",
			"direction": "신이문역",
			"gpsX": "127.1033558569",
			"gpsY": "37.6182441062",
			"lastTm": "23:25",
			"posX": "209123.68566943493",
			"posY": "457637.38191673113",
			"routeType": "4",
			"sectSpd": "28",
			"section": "106602522",
			"seq": "8",
			"station": "106000204",
			"stationNm": "새우개마을",
			"stationNo": "07299",
			"transYn": "N",
			"fullSectDist": "207",
			"trnstnid": "105000167"
		},
		{
			"arsId": "07301",
			"beginTm": "05:10",
			"busRouteAbrv": "2236",
			"busRouteId": "111000019",
			"busRouteNm": "2236",
			"direction": "신이문역",
			"gpsX": "127.1014318828",
			"gpsY": "37.6145594387",
			"lastTm": "23:26",
			"posX": "208954.28965289236",
			"posY": "457228.28185897553",
			"routeType": "4",
			"sectSpd": "20",
			"section": "106602742",
			"seq": "9",
			"station": "106000206",
			"stationNm": "신내능마을",
			"stationNo": "07301",
			"transYn": "N",
			"fullSectDist": "440",
			"trnstnid": "105000167"
		},
		{
			"arsId": "07303",
			"beginTm": "05:11",
			"busRouteAbrv": "2236",
			"busRouteId": "111000019",
			"busRouteNm": "2236",
			"direction": "신이문역",
			"gpsX": "127.101015256",
			"gpsY": "37.6105382531",
			"lastTm": "23:27",
			"posX": "208917.99050590847",
			"posY": "456781.9818012528",
			"routeType": "4",
			"sectSpd": "35",
			"section": "106602746",
			"seq": "10",
			"station": "106000208",
			"stationNm": "신내교회.신내데시앙아파트",
			"stationNo": "07303",
			"transYn": "N",
			"fullSectDist": "450",
			"trnstnid": "105000167"
		},
		{
			"arsId": "07142",
			"beginTm": "05:14",
			"busRouteAbrv": "2236",
			"busRouteId": "111000019",
			"busRouteNm": "2236",
			"direction": "신이문역",
			"gpsX": "127.1020534569",
			"gpsY": "37.6084975475",
			"lastTm": "23:28",
			"posX": "209009.89282598835",
			"posY": "456555.6090047215",
			"routeType": "4",
			"sectSpd": "52",
			"section": "106603021",
			"seq": "11",
			"station": "106000486",
			"stationNm": "능산사거리",
			"stationNo": "07142",
			"transYn": "N",
			"fullSectDist": "340",
			"trnstnid": "105000167"
		},
		{
			"arsId": "07136",
			"beginTm": "05:17",
			"busRouteAbrv": "2236",
			"busRouteId": "111000019",
			"busRouteNm": "2236",
			"direction": "신이문역",
			"gpsX": "127.1049084768",
			"gpsY": "37.609688437",
			"lastTm": "23:31",
			"posX": "209261.80354038213",
			"posY": "456688.04847139865",
			"routeType": "4",
			"sectSpd": "13",
			"section": "106603022",
			"seq": "12",
			"station": "106000485",
			"stationNm": "양원숲초등학교",
			"stationNo": "07136",
			"transYn": "N",
			"fullSectDist": "330",
			"trnstnid": "105000167"
		},
		{
			"arsId": "07333",
			"beginTm": "05:18",
			"busRouteAbrv": "2236",
			"busRouteId": "111000019",
			"busRouteNm": "2236",
			"direction": "신이문역",
			"gpsX": "127.1067714116",
			"gpsY": "37.6092571379",
			"lastTm": "23:32",
			"posX": "209426.326489178",
			"posY": "456640.3694884721",
			"routeType": "4",
			"sectSpd": "0",
			"section": "106603018",
			"seq": "13",
			"station": "106000237",
			"stationNm": "양원리",
			"stationNo": "07333",
			"transYn": "N",
			"fullSectDist": "198",
			"trnstnid": "105000167"
		},
		{
			"arsId": "07335",
			"beginTm": "05:19",
			"busRouteAbrv": "2236",
			"busRouteId": "111000019",
			"busRouteNm": "2236",
			"direction": "신이문역",
			"gpsX": "127.1051636915",
			"gpsY": "37.6117249631",
			"lastTm": "23:33",
			"posX": "209284.0819043132",
			"posY": "456914.0818238985",
			"routeType": "4",
			"sectSpd": "17",
			"section": "106600237",
			"seq": "14",
			"station": "106000239",
			"stationNm": "동서울교회",
			"stationNo": "07335",
			"transYn": "N",
			"fullSectDist": "408",
			"trnstnid": "105000167"
		},
		{
			"arsId": "07440",
			"beginTm": "05:20",
			"busRouteAbrv": "2236",
			"busRouteId": "111000019",
			"busRouteNm": "2236",
			"direction": "신이문역",
			"gpsX": "127.1030997226",
			"gpsY": "37.6125902434",
			"lastTm": "23:35",
			"posX": "209101.76468057244",
			"posY": "457009.9061983349",
			"routeType": "4",
			"sectSpd": "20",
			"section": "106600238",
			"seq": "15",
			"station": "106000454",
			"stationNm": "신내역1번출구",
			"stationNo": "07440",
			"transYn": "N",
			"fullSectDist": "206",
			"trnstnid": "105000167"
		},
		{
			"arsId": "07435",
			"beginTm": "05:21",
			"busRouteAbrv": "2236",
			"busRouteId": "111000019",
			"busRouteNm": "2236",
			"direction": "신이문역",
			"gpsX": "127.1002631605",
			"gpsY": "37.6130754494",
			"lastTm": "23:36",
			"posX": "208851.29206725585",
			"posY": "457063.4818322519",
			"routeType": "4",
			"sectSpd": "12",
			"section": "106602449",
			"seq": "16",
			"station": "106000437",
			"stationNm": "신내데시앙아파트후문",
			"stationNo": "07435",
			"transYn": "N",
			"fullSectDist": "262",
			"trnstnid": "105000167"
		},
		{
			"arsId": "07433",
			"beginTm": "05:23",
			"busRouteAbrv": "2236",
			"busRouteId": "111000019",
			"busRouteNm": "2236",
			"direction": "신이문역",
			"gpsX": "127.09824099",
			"gpsY": "37.6137412498",
			"lastTm": "23:36",
			"posX": "208672.6962690994",
			"posY": "457137.1818457544",
			"routeType": "4",
			"sectSpd": "13",
			"section": "106602047",
			"seq": "17",
			"station": "106000438",
			"stationNm": "서울의료원후문",
			"stationNo": "07433",
			"transYn": "N",
			"fullSectDist": "188",
			"trnstnid": "105000167"
		},
		{
			"arsId": "07296",
			"beginTm": "05:24",
			"busRouteAbrv": "2236",
			"busRouteId": "111000019",
			"busRouteNm": "2236",
			"direction": "신이문역",
			"gpsX": "127.0928654944",
			"gpsY": "37.616847136",
			"lastTm": "23:37",
			"posX": "208197.80741778167",
			"posY": "457481.381882383",
			"routeType": "4",
			"sectSpd": "20",
			"section": "106600670",
			"seq": "18",
			"station": "106000201",
			"stationNm": "봉화산역2번출구",
			"stationNo": "07296",
			"transYn": "N",
			"fullSectDist": "617",
			"trnstnid": "105000167"
		},
		{
			"arsId": "07430",
			"beginTm": "05:27",
			"busRouteAbrv": "2236",
			"busRouteId": "111000019",
			"busRouteNm": "2236",
			"direction": "신이문역",
			"gpsX": "127.087245",
			"gpsY": "37.61829",
			"lastTm": "23:40",
			"posX": "207701.50293237454",
			"posY": "457641.03118488844",
			"routeType": "4",
			"sectSpd": "20",
			"section": "106600759",
			"seq": "19",
			"station": "106000329",
			"stationNm": "태릉고등학교.원묵초등학교",
			"stationNo": "07430",
			"transYn": "N",
			"fullSectDist": "596",
			"trnstnid": "105000167"
		},
		{
			"arsId": "07292",
			"beginTm": "05:30",
			"busRouteAbrv": "2236",
			"busRouteId": "111000019",
			"busRouteNm": "2236",
			"direction": "신이문역",
			"gpsX": "127.0860809693",
			"gpsY": "37.6165927675",
			"lastTm": "23:42",
			"posX": "207598.92149466233",
			"posY": "457452.581867239",
			"routeType": "4",
			"sectSpd": "33",
			"section": "106602396",
			"seq": "20",
			"station": "106000197",
			"stationNm": "신내4단지아파트",
			"stationNo": "07292",
			"transYn": "N",
			"fullSectDist": "215",
			"trnstnid": "105000167"
		},
		{
			"arsId": "07290",
			"beginTm": "05:31",
			"busRouteAbrv": "2236",
			"busRouteId": "111000019",
			"busRouteNm": "2236",
			"direction": "신이문역",
			"gpsX": "127.0872701764",
			"gpsY": "37.6154439121",
			"lastTm": "23:43",
			"posX": "207704.01901833914",
			"posY": "457325.18184590945",
			"routeType": "4",
			"sectSpd": "27",
			"section": "106602398",
			"seq": "21",
			"station": "106000195",
			"stationNm": "구립도서관체육관",
			"stationNo": "07290",
			"transYn": "N",
			"fullSectDist": "199",
			"trnstnid": "105000167"
		},
		{
			"arsId": "07288",
			"beginTm": "05:32",
			"busRouteAbrv": "2236",
			"busRouteId": "111000019",
			"busRouteNm": "2236",
			"direction": "신이문역",
			"gpsX": "127.0900173419",
			"gpsY": "37.6165664023",
			"lastTm": "23:44",
			"posX": "207946.41333100625",
			"posY": "457449.9818683532",
			"routeType": "4",
			"sectSpd": "40",
			"section": "106602401",
			"seq": "22",
			"station": "106000193",
			"stationNm": "신내우체국.5단지두산대림아파트",
			"stationNo": "07288",
			"transYn": "N",
			"fullSectDist": "347",
			"trnstnid": "105000167"
		},
		{
			"arsId": "07286",
			"beginTm": "05:34",
			"busRouteAbrv": "2236",
			"busRouteId": "111000019",
			"busRouteNm": "2236",
			"direction": "신이문역",
			"gpsX": "127.0916809683",
			"gpsY": "37.6162209073",
			"lastTm": "23:46",
			"posX": "208093.30988043704",
			"posY": "457411.7818703586",
			"routeType": "4",
			"sectSpd": "27",
			"section": "106602403",
			"seq": "23",
			"station": "106000191",
			"stationNm": "신내6단지",
			"stationNo": "07286",
			"transYn": "N",
			"fullSectDist": "207",
			"trnstnid": "105000167"
		},
		{
			"arsId": "07281",
			"beginTm": "05:35",
			"busRouteAbrv": "2236",
			"busRouteId": "111000019",
			"busRouteNm": "2236",
			"direction": "신이문역",
			"gpsX": "127.0938875252",
			"gpsY": "37.6152532096",
			"lastTm": "23:47",
			"posX": "208288.20529753683",
			"posY": "457304.58185525425",
			"routeType": "4",
			"sectSpd": "27",
			"section": "106602406",
			"seq": "24",
			"station": "106000186",
			"stationNm": "신내7단지아파트홈플러스",
			"stationNo": "07281",
			"transYn": "N",
			"fullSectDist": "222",
			"trnstnid": "105000167"
		},
		{
			"arsId": "07354",
			"beginTm": "05:36",
			"busRouteAbrv": "2236",
			"busRouteId": "111000019",
			"busRouteNm": "2236",
			"direction": "신이문역",
			"gpsX": "127.0951169805",
			"gpsY": "37.614688146",
			"lastTm": "23:48",
			"posX": "208396.80275021287",
			"posY": "457241.9818506106",
			"routeType": "4",
			"sectSpd": "15",
			"section": "106601603",
			"seq": "25",
			"station": "106000257",
			"stationNm": "중랑소방서",
			"stationNo": "07354",
			"transYn": "N",
			"fullSectDist": "124",
			"trnstnid": "105000167"
		},
		{
			"arsId": "07279",
			"beginTm": "05:37",
			"busRouteAbrv": "2236",
			"busRouteId": "111000019",
			"busRouteNm": "2236",
			"direction": "신이문역",
			"gpsX": "127.0961797384",
			"gpsY": "37.6131148914",
			"lastTm": "23:49",
			"posX": "208490.8005364177",
			"posY": "457067.48183123115",
			"routeType": "4",
			"sectSpd": "24",
			"section": "106602408",
			"seq": "26",
			"station": "106000184",
			"stationNm": "신내8단지아파트.서울의료원",
			"stationNo": "07279",
			"transYn": "N",
			"fullSectDist": "234",
			"trnstnid": "105000167"
		},
		{
			"arsId": "07278",
			"beginTm": "05:38",
			"busRouteAbrv": "2236",
			"busRouteId": "111000019",
			"busRouteNm": "2236",
			"direction": "신이문역",
			"gpsX": "127.0959906996",
			"gpsY": "37.6105694794",
			"lastTm": "23:49",
			"posX": "208474.40092290653",
			"posY": "456784.9817943773",
			"routeType": "4",
			"sectSpd": "13",
			"section": "106600351",
			"seq": "27",
			"station": "106000183",
			"stationNm": "신내9단지아파트",
			"stationNo": "07278",
			"transYn": "N",
			"fullSectDist": "304",
			"trnstnid": "105000167"
		},
		{
			"arsId": "07277",
			"beginTm": "05:39",
			"busRouteAbrv": "2236",
			"busRouteId": "111000019",
			"busRouteNm": "2236",
			"direction": "신이문역",
			"gpsX": "127.0955629892",
			"gpsY": "37.6091470123",
			"lastTm": "23:51",
			"posX": "208436.80180388267",
			"posY": "456627.0817654934",
			"routeType": "4",
			"sectSpd": "25",
			"section": "106600353",
			"seq": "28",
			"station": "106000182",
			"stationNm": "신내10단지아파트",
			"stationNo": "07277",
			"transYn": "N",
			"fullSectDist": "169",
			"trnstnid": "105000167"
		},
		{
			"arsId": "07273",
			"beginTm": "05:40",
			"busRouteAbrv": "2236",
			"busRouteId": "111000019",
			"busRouteNm": "2236",
			"direction": "신이문역",
			"gpsX": "127.0951737567",
			"gpsY": "37.6057918026",
			"lastTm": "23:52",
			"posX": "208402.81576371187",
			"posY": "456254.6950175958",
			"routeType": "4",
			"sectSpd": "20",
			"section": "106601939",
			"seq": "29",
			"station": "106000178",
			"stationNm": "중랑구청사거리",
			"stationNo": "07273",
			"transYn": "N",
			"fullSectDist": "380",
			"trnstnid": "105000167"
		},
		{
			"arsId": "07271",
			"beginTm": "05:43",
			"busRouteAbrv": "2236",
			"busRouteId": "111000019",
			"busRouteNm": "2236",
			"direction": "신이문역",
			"gpsX": "127.0954657423",
			"gpsY": "37.6039568351",
			"lastTm": "23:53",
			"posX": "208428.80199882897",
			"posY": "456051.0816874928",
			"routeType": "4",
			"sectSpd": "26",
			"section": "106602412",
			"seq": "30",
			"station": "106000176",
			"stationNm": "성원아파트경남아너스빌앞",
			"stationNo": "07271",
			"transYn": "N",
			"fullSectDist": "207",
			"trnstnid": "105000167"
		},
		{
			"arsId": "07407",
			"beginTm": "05:44",
			"busRouteAbrv": "2236",
			"busRouteId": "111000019",
			"busRouteNm": "2236",
			"direction": "신이문역",
			"gpsX": "127.0960139331",
			"gpsY": "37.6022091835",
			"lastTm": "23:54",
			"posX": "208477.4008549179",
			"posY": "455857.1816665847",
			"routeType": "4",
			"sectSpd": "14",
			"section": "106602647",
			"seq": "31",
			"station": "106000309",
			"stationNm": "건영아파트",
			"stationNo": "07407",
			"transYn": "N",
			"fullSectDist": "203",
			"trnstnid": "105000167"
		},
		{
			"arsId": "07406",
			"beginTm": "05:45",
			"busRouteAbrv": "2236",
			"busRouteId": "111000019",
			"busRouteNm": "2236",
			"direction": "신이문역",
			"gpsX": "127.0970063858",
			"gpsY": "37.6024633795",
			"lastTm": "23:54",
			"posX": "208564.99879984942",
			"posY": "455885.4816701454",
			"routeType": "4",
			"sectSpd": "17",
			"section": "106602649",
			"seq": "32",
			"station": "106000308",
			"stationNm": "대명프라자",
			"stationNo": "07406",
			"transYn": "N",
			"fullSectDist": "214",
			"trnstnid": "105000167"
		},
		{
			"arsId": "07404",
			"beginTm": "05:46",
			"busRouteAbrv": "2236",
			"busRouteId": "111000019",
			"busRouteNm": "2236",
			"direction": "신이문역",
			"gpsX": "127.0978819042",
			"gpsY": "37.6050920271",
			"lastTm": "23:55",
			"posX": "208641.99698501706",
			"posY": "456177.2817143095",
			"routeType": "4",
			"sectSpd": "23",
			"section": "106602651",
			"seq": "33",
			"station": "106000306",
			"stationNm": "신내초등학교",
			"stationNo": "07404",
			"transYn": "N",
			"fullSectDist": "314",
			"trnstnid": "105000167"
		},
		{
			"arsId": "07402",
			"beginTm": "05:47",
			"busRouteAbrv": "2236",
			"busRouteId": "111000019",
			"busRouteNm": "2236",
			"direction": "신이문역",
			"gpsX": "127.0992197585",
			"gpsY": "37.606984993",
			"lastTm": "23:57",
			"posX": "208759.89422087124",
			"posY": "456387.48173841275",
			"routeType": "4",
			"sectSpd": "27",
			"section": "106602653",
			"seq": "34",
			"station": "106000304",
			"stationNm": "우남푸르미아아파트",
			"stationNo": "07402",
			"transYn": "N",
			"fullSectDist": "249",
			"trnstnid": "105000167"
		},
		{
			"arsId": "07142",
			"beginTm": "05:48",
			"busRouteAbrv": "2236",
			"busRouteId": "111000019",
			"busRouteNm": "2236",
			"direction": "신이문역",
			"gpsX": "127.1020534569",
			"gpsY": "37.6084975475",
			"lastTm": "23:58",
			"posX": "209009.89282598835",
			"posY": "456555.6090047215",
			"routeType": "4",
			"sectSpd": "52",
			"section": "106603021",
			"seq": "35",
			"station": "106000486",
			"stationNm": "능산사거리",
			"stationNo": "07142",
			"transYn": "N",
			"fullSectDist": "332",
			"trnstnid": "105000167"
		},
		{
			"arsId": "07136",
			"beginTm": "05:50",
			"busRouteAbrv": "2236",
			"busRouteId": "111000019",
			"busRouteNm": "2236",
			"direction": "신이문역",
			"gpsX": "127.1049084768",
			"gpsY": "37.609688437",
			"lastTm": "00:00",
			"posX": "209261.80354038213",
			"posY": "456688.04847139865",
			"routeType": "4",
			"sectSpd": "13",
			"section": "106603022",
			"seq": "36",
			"station": "106000485",
			"stationNm": "양원숲초등학교",
			"stationNo": "07136",
			"transYn": "N",
			"fullSectDist": "330",
			"trnstnid": "105000167"
		},
		{
			"arsId": "07331",
			"beginTm": "05:52",
			"busRouteAbrv": "2236",
			"busRouteId": "111000019",
			"busRouteNm": "2236",
			"direction": "신이문역",
			"gpsX": "127.1061947194",
			"gpsY": "37.6055398887",
			"lastTm": "00:02",
			"posX": "209375.87974330655",
			"posY": "456227.7817338975",
			"routeType": "4",
			"sectSpd": "17",
			"section": "106600187",
			"seq": "37",
			"station": "106000235",
			"stationNm": "양원역입구",
			"stationNo": "07331",
			"transYn": "N",
			"fullSectDist": "661",
			"trnstnid": "105000167"
		},
		{
			"arsId": "07329",
			"beginTm": "05:55",
			"busRouteAbrv": "2236",
			"busRouteId": "111000019",
			"busRouteNm": "2236",
			"direction": "신이문역",
			"gpsX": "127.1071130742",
			"gpsY": "37.6038260938",
			"lastTm": "00:05",
			"posX": "209457.1778336413",
			"posY": "456037.68171414454",
			"routeType": "4",
			"sectSpd": "62",
			"section": "106602529",
			"seq": "38",
			"station": "106000233",
			"stationNm": "경남아파트",
			"stationNo": "07329",
			"transYn": "N",
			"fullSectDist": "207",
			"trnstnid": "105000167"
		},
		{
			"arsId": "07327",
			"beginTm": "05:56",
			"busRouteAbrv": "2236",
			"busRouteId": "111000019",
			"busRouteNm": "2236",
			"direction": "신이문역",
			"gpsX": "127.108016108",
			"gpsY": "37.602026658",
			"lastTm": "00:06",
			"posX": "209537.13782357107",
			"posY": "455838.07680225885",
			"routeType": "4",
			"sectSpd": "84",
			"section": "106602531",
			"seq": "39",
			"station": "106000231",
			"stationNm": "망우금호어울림아파트",
			"stationNo": "07327",
			"transYn": "N",
			"fullSectDist": "213",
			"trnstnid": "105000167"
		},
		{
			"arsId": "07143",
			"beginTm": "05:57",
			"busRouteAbrv": "2236",
			"busRouteId": "111000019",
			"busRouteNm": "2236",
			"direction": "신이문역",
			"gpsX": "127.1071447935",
			"gpsY": "37.6006722617",
			"lastTm": "00:07",
			"posX": "209460.37775934",
			"posY": "455687.6816697228",
			"routeType": "4",
			"sectSpd": "29",
			"section": "106600191",
			"seq": "40",
			"station": "106000049",
			"stationNm": "망우동고개",
			"stationNo": "07143",
			"transYn": "N",
			"fullSectDist": "275",
			"trnstnid": "105000167"
		},
		{
			"arsId": "07140",
			"beginTm": "05:59",
			"busRouteAbrv": "2236",
			"busRouteId": "111000019",
			"busRouteNm": "2236",
			"direction": "신이문역",
			"gpsX": "127.1038043503",
			"gpsY": "37.6006889489",
			"lastTm": "00:08",
			"posX": "209165.43031545955",
			"posY": "455689.2022777451",
			"routeType": "4",
			"sectSpd": "17",
			"section": "106600886",
			"seq": "41",
			"station": "106000046",
			"stationNm": "금란교회앞",
			"stationNo": "07140",
			"transYn": "N",
			"fullSectDist": "281",
			"trnstnid": "105000167"
		},
		{
			"arsId": "07137",
			"beginTm": "06:00",
			"busRouteAbrv": "2236",
			"busRouteId": "111000019",
			"busRouteNm": "2236",
			"direction": "신이문역",
			"gpsX": "127.0982087045",
			"gpsY": "37.5995257429",
			"lastTm": "00:09",
			"posX": "208671.49629086637",
			"posY": "455559.5816279212",
			"routeType": "4",
			"sectSpd": "49",
			"section": "106602730",
			"seq": "42",
			"station": "106000043",
			"stationNm": "하나은행망우동지점",
			"stationNo": "07137",
			"transYn": "N",
			"fullSectDist": "523",
			"trnstnid": "105000167"
		},
		{
			"arsId": "07135",
			"beginTm": "06:03",
			"busRouteAbrv": "2236",
			"busRouteId": "111000019",
			"busRouteNm": "2236",
			"direction": "신이문역",
			"gpsX": "127.095842",
			"gpsY": "37.599037",
			"lastTm": "00:11",
			"posX": "208462.57959926367",
			"posY": "455505.1264615301",
			"routeType": "4",
			"sectSpd": "27",
			"section": "106601656",
			"seq": "43",
			"station": "106000041",
			"stationNm": "망우지구대",
			"stationNo": "07135",
			"transYn": "N",
			"fullSectDist": "217",
			"trnstnid": "105000167"
		},
		{
			"arsId": "07133",
			"beginTm": "06:05",
			"busRouteAbrv": "2236",
			"busRouteId": "111000019",
			"busRouteNm": "2236",
			"direction": "신이문역",
			"gpsX": "127.0939696382",
			"gpsY": "37.5985884589",
			"lastTm": "00:13",
			"posX": "208297.30508055093",
			"posY": "455455.1816085037",
			"routeType": "4",
			"sectSpd": "21",
			"section": "106602749",
			"seq": "44",
			"station": "106000039",
			"stationNm": "망우역",
			"stationNo": "07133",
			"transYn": "N",
			"fullSectDist": "174",
			"trnstnid": "105000167"
		},
		{
			"arsId": "07132",
			"beginTm": "06:05",
			"busRouteAbrv": "2236",
			"busRouteId": "111000019",
			"busRouteNm": "2236",
			"direction": "신이문역",
			"gpsX": "127.0887325959",
			"gpsY": "37.5973499126",
			"lastTm": "00:13",
			"posX": "207835.01594805298",
			"posY": "455317.2815839378",
			"routeType": "4",
			"sectSpd": "97",
			"section": "106602750",
			"seq": "45",
			"station": "106000038",
			"stationNm": "지하철7호선상봉역",
			"stationNo": "07132",
			"transYn": "N",
			"fullSectDist": "484",
			"trnstnid": "105000167"
		},
		{
			"arsId": "07408",
			"beginTm": "06:08",
			"busRouteAbrv": "2236",
			"busRouteId": "111000019",
			"busRouteNm": "2236",
			"direction": "신이문역",
			"gpsX": "127.0876490313",
			"gpsY": "37.6004378473",
			"lastTm": "00:16",
			"posX": "207739.01819883185",
			"posY": "455659.88162296405",
			"routeType": "4",
			"sectSpd": "56",
			"section": "106602586",
			"seq": "46",
			"station": "106000310",
			"stationNm": "상봉1동주민센터",
			"stationNo": "07408",
			"transYn": "N",
			"fullSectDist": "441",
			"trnstnid": "105000167"
		},
		{
			"arsId": "07410",
			"beginTm": "06:09",
			"busRouteAbrv": "2236",
			"busRouteId": "111000019",
			"busRouteNm": "2236",
			"direction": "신이문역",
			"gpsX": "127.0874691143",
			"gpsY": "37.601538208",
			"lastTm": "00:17",
			"posX": "207723.0185773284",
			"posY": "455781.98164012237",
			"routeType": "4",
			"sectSpd": "62",
			"section": "106602588",
			"seq": "47",
			"station": "106000312",
			"stationNm": "신내쌍용아파트",
			"stationNo": "07410",
			"transYn": "N",
			"fullSectDist": "125",
			"trnstnid": "105000167"
		},
		{
			"arsId": "07259",
			"beginTm": "06:09",
			"busRouteAbrv": "2236",
			"busRouteId": "111000019",
			"busRouteNm": "2236",
			"direction": "신이문역",
			"gpsX": "127.084996551",
			"gpsY": "37.6023518938",
			"lastTm": "00:18",
			"posX": "207504.62370987536",
			"posY": "455872.0816529365",
			"routeType": "4",
			"sectSpd": "46",
			"section": "106600313",
			"seq": "48",
			"station": "106000164",
			"stationNm": "이화연립경동제일교회앞",
			"stationNo": "07259",
			"transYn": "N",
			"fullSectDist": "351",
			"trnstnid": "105000167"
		},
		{
			"arsId": "07257",
			"beginTm": "06:11",
			"busRouteAbrv": "2236",
			"busRouteId": "111000019",
			"busRouteNm": "2236",
			"direction": "신이문역",
			"gpsX": "127.082731936",
			"gpsY": "37.6017894225",
			"lastTm": "00:20",
			"posX": "207304.7284003849",
			"posY": "455809.4816347421",
			"routeType": "4",
			"sectSpd": "90",
			"section": "106602506",
			"seq": "49",
			"station": "106000162",
			"stationNm": "중흥초등학교",
			"stationNo": "07257",
			"transYn": "N",
			"fullSectDist": "211",
			"trnstnid": "105000167"
		},
		{
			"arsId": "07255",
			"beginTm": "06:11",
			"busRouteAbrv": "2236",
			"busRouteId": "111000019",
			"busRouteNm": "2236",
			"direction": "신이문역",
			"gpsX": "127.0806830436",
			"gpsY": "37.6016944246",
			"lastTm": "00:21",
			"posX": "207123.8326500016",
			"posY": "455798.78163032746",
			"routeType": "4",
			"sectSpd": "9",
			"section": "106600315",
			"seq": "50",
			"station": "106000160",
			"stationNm": "지하철7호선중화역2번출구",
			"stationNo": "07255",
			"transYn": "N",
			"fullSectDist": "182",
			"trnstnid": "105000167"
		},
		{
			"arsId": "07253",
			"beginTm": "06:12",
			"busRouteAbrv": "2236",
			"busRouteId": "111000019",
			"busRouteNm": "2236",
			"direction": "신이문역",
			"gpsX": "127.0791087578",
			"gpsY": "37.6016585457",
			"lastTm": "00:22",
			"posX": "206984.8359130869",
			"posY": "455794.68162617367",
			"routeType": "4",
			"sectSpd": "54",
			"section": "106600317",
			"seq": "51",
			"station": "106000158",
			"stationNm": "지하철7호선중화역3번출구",
			"stationNo": "07253",
			"transYn": "N",
			"fullSectDist": "139",
			"trnstnid": "105000167"
		},
		{
			"arsId": "07251",
			"beginTm": "06:13",
			"busRouteAbrv": "2236",
			"busRouteId": "111000019",
			"busRouteNm": "2236",
			"direction": "신이문역",
			"gpsX": "127.0773540007",
			"gpsY": "37.6017328162",
			"lastTm": "00:24",
			"posX": "206829.89441428793",
			"posY": "455802.79487129394",
			"routeType": "4",
			"sectSpd": "3",
			"section": "106600915",
			"seq": "52",
			"station": "106000156",
			"stationNm": "중화2동주민센터",
			"stationNo": "07251",
			"transYn": "N",
			"fullSectDist": "125",
			"trnstnid": "105000167"
		},
		{
			"arsId": "06254",
			"beginTm": "06:15",
			"busRouteAbrv": "2236",
			"busRouteId": "111000019",
			"busRouteNm": "2236",
			"direction": "신이문역",
			"gpsX": "127.0706306553",
			"gpsY": "37.6009865227",
			"lastTm": "00:25",
			"posX": "206236.32554755904",
			"posY": "455719.5056242524",
			"routeType": "4",
			"sectSpd": "10",
			"section": "105602770",
			"seq": "53",
			"station": "105000168",
			"stationNm": "이문동현대아파트앞",
			"stationNo": "06254",
			"transYn": "N",
			"fullSectDist": "646",
			"trnstnid": "105000167"
		},
		{
			"arsId": "06359",
			"beginTm": "06:17",
			"busRouteAbrv": "2236",
			"busRouteId": "111000019",
			"busRouteNm": "2236",
			"direction": "신이문역",
			"gpsX": "127.0685500834",
			"gpsY": "37.6014146974",
			"lastTm": "00:27",
			"posX": "206052.58697995072",
			"posY": "455766.8870624467",
			"routeType": "4",
			"sectSpd": "30",
			"section": "105602773",
			"seq": "54",
			"station": "105000271",
			"stationNm": "쌍용아파트",
			"stationNo": "06359",
			"transYn": "N",
			"fullSectDist": "312",
			"trnstnid": "105000167"
		},
		{
			"arsId": "06253",
			"beginTm": "06:18",
			"busRouteAbrv": "2236",
			"busRouteId": "111000019",
			"busRouteNm": "2236",
			"direction": "신이문역",
			"gpsX": "127.0677159163",
			"gpsY": "37.6025712447",
			"lastTm": "00:29",
			"posX": "205978.84214498644",
			"posY": "455895.18388364324",
			"routeType": "4",
			"sectSpd": "30",
			"section": "105602023",
			"seq": "55",
			"station": "105000167",
			"stationNm": "신이문역",
			"stationNo": "06253",
			"transYn": "Y",
			"fullSectDist": "266",
			"trnstnid": "105000167"
		},
		{
			"arsId": "06358",
			"beginTm": "06:19",
			"busRouteAbrv": "2236",
			"busRouteId": "111000019",
			"busRouteNm": "2236",
			"direction": "중랑차고지",
			"gpsX": "127.06833953",
			"gpsY": "37.6013249142",
			"lastTm": "00:29",
			"posX": "206034.00354776616",
			"posY": "455756.9096339424",
			"routeType": "4",
			"sectSpd": "8",
			"section": "105602294",
			"seq": "56",
			"station": "105000270",
			"stationNm": "쌍용아파트",
			"stationNo": "06358",
			"transYn": "N",
			"fullSectDist": "143",
			"trnstnid": "105000167"
		},
		{
			"arsId": "06255",
			"beginTm": "06:20",
			"busRouteAbrv": "2236",
			"busRouteId": "111000019",
			"busRouteNm": "2236",
			"direction": "중랑차고지",
			"gpsX": "127.0709847069",
			"gpsY": "37.6008590191",
			"lastTm": "00:34",
			"posX": "206267.59719347348",
			"posY": "455705.3792195888",
			"routeType": "4",
			"sectSpd": "187",
			"section": "105602776",
			"seq": "57",
			"station": "105000169",
			"stationNm": "이문동현대아파트",
			"stationNo": "06255",
			"transYn": "N",
			"fullSectDist": "334",
			"trnstnid": "105000167"
		},
		{
			"arsId": "07252",
			"beginTm": "06:21",
			"busRouteAbrv": "2236",
			"busRouteId": "111000019",
			"busRouteNm": "2236",
			"direction": "중랑차고지",
			"gpsX": "127.0770110188",
			"gpsY": "37.6014130353",
			"lastTm": "00:34",
			"posX": "206799.6402699015",
			"posY": "455767.2816247167",
			"routeType": "4",
			"sectSpd": "22",
			"section": "106601858",
			"seq": "58",
			"station": "106000157",
			"stationNm": "중화2동주민센터",
			"stationNo": "07252",
			"transYn": "N",
			"fullSectDist": "594",
			"trnstnid": "105000167"
		},
		{
			"arsId": "07254",
			"beginTm": "06:23",
			"busRouteAbrv": "2236",
			"busRouteId": "111000019",
			"busRouteNm": "2236",
			"direction": "중랑차고지",
			"gpsX": "127.0789975477",
			"gpsY": "37.6014504691",
			"lastTm": "00:36",
			"posX": "206975.03614370097",
			"posY": "455771.5816229377",
			"routeType": "4",
			"sectSpd": "34",
			"section": "106600326",
			"seq": "59",
			"station": "106000159",
			"stationNm": "지하철7호선중화역3번출구",
			"stationNo": "07254",
			"transYn": "N",
			"fullSectDist": "177",
			"trnstnid": "105000167"
		},
		{
			"arsId": "07256",
			"beginTm": "06:24",
			"busRouteAbrv": "2236",
			"busRouteId": "111000019",
			"busRouteNm": "2236",
			"direction": "중랑차고지",
			"gpsX": "127.080945",
			"gpsY": "37.601522",
			"lastTm": "00:37",
			"posX": "207146.97834055786",
			"posY": "455779.6663541831",
			"routeType": "4",
			"sectSpd": "43",
			"section": "106600328",
			"seq": "60",
			"station": "106000161",
			"stationNm": "지하철7호선중화역2번출구",
			"stationNo": "07256",
			"transYn": "N",
			"fullSectDist": "173",
			"trnstnid": "105000167"
		},
		{
			"arsId": "07258",
			"beginTm": "06:27",
			"busRouteAbrv": "2236",
			"busRouteId": "111000019",
			"busRouteNm": "2236",
			"direction": "중랑차고지",
			"gpsX": "127.0832063352",
			"gpsY": "37.6016629369",
			"lastTm": "00:39",
			"posX": "207346.62741984875",
			"posY": "455795.48163950955",
			"routeType": "4",
			"sectSpd": "13",
			"section": "106600329",
			"seq": "61",
			"station": "106000163",
			"stationNm": "중흥초등학교",
			"stationNo": "07258",
			"transYn": "N",
			"fullSectDist": "199",
			"trnstnid": "105000167"
		},
		{
			"arsId": "07260",
			"beginTm": "06:27",
			"busRouteAbrv": "2236",
			"busRouteId": "111000019",
			"busRouteNm": "2236",
			"direction": "중랑차고지",
			"gpsX": "127.0854200393",
			"gpsY": "37.6022731935",
			"lastTm": "00:39",
			"posX": "207542.0228305657",
			"posY": "455863.38165082596",
			"routeType": "4",
			"sectSpd": "30",
			"section": "106602514",
			"seq": "62",
			"station": "106000165",
			"stationNm": "이화연립경동제일교회앞",
			"stationNo": "07260",
			"transYn": "N",
			"fullSectDist": "208",
			"trnstnid": "105000167"
		},
		{
			"arsId": "07411",
			"beginTm": "06:28",
			"busRouteAbrv": "2236",
			"busRouteId": "111000019",
			"busRouteNm": "2236",
			"direction": "중랑차고지",
			"gpsX": "127.0871091386",
			"gpsY": "37.6022634222",
			"lastTm": "00:40",
			"posX": "207691.1601293448",
			"posY": "455862.4342691605",
			"routeType": "4",
			"sectSpd": "101",
			"section": "106600883",
			"seq": "63",
			"station": "106000313",
			"stationNm": "신내쌍용아파트",
			"stationNo": "07411",
			"transYn": "N",
			"fullSectDist": "324",
			"trnstnid": "105000167"
		},
		{
			"arsId": "07409",
			"beginTm": "06:29",
			"busRouteAbrv": "2236",
			"busRouteId": "111000019",
			"busRouteNm": "2236",
			"direction": "중랑차고지",
			"gpsX": "127.0873672963",
			"gpsY": "37.6006651301",
			"lastTm": "00:41",
			"posX": "207714.1187831178",
			"posY": "455685.0816234783",
			"routeType": "4",
			"sectSpd": "15",
			"section": "106602623",
			"seq": "64",
			"station": "106000311",
			"stationNm": "상봉1동주민센터",
			"stationNo": "07409",
			"transYn": "N",
			"fullSectDist": "179",
			"trnstnid": "105000167"
		},
		{
			"arsId": "07002",
			"beginTm": "06:29",
			"busRouteAbrv": "2236",
			"busRouteId": "111000019",
			"busRouteNm": "2236",
			"direction": "중랑차고지",
			"gpsX": "127.0903499768",
			"gpsY": "37.597507277",
			"lastTm": "00:41",
			"posX": "207977.81259245344",
			"posY": "455334.88158580055",
			"routeType": "4",
			"sectSpd": "47",
			"section": "106602700",
			"seq": "65",
			"station": "106000002",
			"stationNm": "망우역.상봉터미널",
			"stationNo": "07002",
			"transYn": "N",
			"fullSectDist": "608",
			"trnstnid": "105000167"
		},
		{
			"arsId": "07008",
			"beginTm": "06:31",
			"busRouteAbrv": "2236",
			"busRouteId": "111000019",
			"busRouteNm": "2236",
			"direction": "중랑차고지",
			"gpsX": "127.0948710737",
			"gpsY": "37.5985580019",
			"lastTm": "00:44",
			"posX": "208376.90321604512",
			"posY": "455451.88160936115",
			"routeType": "4",
			"sectSpd": "39",
			"section": "106600142",
			"seq": "66",
			"station": "106000435",
			"stationNm": "망우역.망우지구대",
			"stationNo": "07008",
			"transYn": "N",
			"fullSectDist": "415",
			"trnstnid": "105000167"
		},
		{
			"arsId": "07010",
			"beginTm": "06:33",
			"busRouteAbrv": "2236",
			"busRouteId": "111000019",
			"busRouteNm": "2236",
			"direction": "중랑차고지",
			"gpsX": "127.0979162708",
			"gpsY": "37.5992996767",
			"lastTm": "00:45",
			"posX": "208645.70153820433",
			"posY": "455534.4664996527",
			"routeType": "4",
			"sectSpd": "42",
			"section": "106600144",
			"seq": "67",
			"station": "106000432",
			"stationNm": "우림시장.망우사거리",
			"stationNo": "07010",
			"transYn": "N",
			"fullSectDist": "283",
			"trnstnid": "105000167"
		},
		{
			"arsId": "07012",
			"beginTm": "06:35",
			"busRouteAbrv": "2236",
			"busRouteId": "111000019",
			"busRouteNm": "2236",
			"direction": "중랑차고지",
			"gpsX": "127.1033574704",
			"gpsY": "37.6003640418",
			"lastTm": "00:46",
			"posX": "209126.01262315226",
			"posY": "455653.1015077401",
			"routeType": "4",
			"sectSpd": "74",
			"section": "106602706",
			"seq": "68",
			"station": "106000430",
			"stationNm": "금란교회",
			"stationNo": "07012",
			"transYn": "N",
			"fullSectDist": "500",
			"trnstnid": "105000167"
		},
		{
			"arsId": "07325",
			"beginTm": "06:37",
			"busRouteAbrv": "2236",
			"busRouteId": "111000019",
			"busRouteNm": "2236",
			"direction": "중랑차고지",
			"gpsX": "127.1083597586",
			"gpsY": "37.6012829905",
			"lastTm": "00:48",
			"posX": "209567.5752425183",
			"posY": "455755.58168259775",
			"routeType": "4",
			"sectSpd": "32",
			"section": "106602566",
			"seq": "69",
			"station": "106000229",
			"stationNm": "망우동고개",
			"stationNo": "07325",
			"transYn": "N",
			"fullSectDist": "524",
			"trnstnid": "105000167"
		},
		{
			"arsId": "07328",
			"beginTm": "06:39",
			"busRouteAbrv": "2236",
			"busRouteId": "111000019",
			"busRouteNm": "2236",
			"direction": "중랑차고지",
			"gpsX": "127.1080906424",
			"gpsY": "37.6023627391",
			"lastTm": "00:50",
			"posX": "209543.6758061735",
			"posY": "455875.3816914242",
			"routeType": "4",
			"sectSpd": "14",
			"section": "106602568",
			"seq": "70",
			"station": "106000232",
			"stationNm": "망우동금호어울림아파트",
			"stationNo": "07328",
			"transYn": "N",
			"fullSectDist": "124",
			"trnstnid": "105000167"
		},
		{
			"arsId": "07330",
			"beginTm": "06:40",
			"busRouteAbrv": "2236",
			"busRouteId": "111000019",
			"busRouteNm": "2236",
			"direction": "중랑차고지",
			"gpsX": "127.1072231366",
			"gpsY": "37.6039665633",
			"lastTm": "00:50",
			"posX": "209466.87761315686",
			"posY": "456053.2817117162",
			"routeType": "4",
			"sectSpd": "20",
			"section": "106602570",
			"seq": "71",
			"station": "106000234",
			"stationNm": "서울특별시북부병원",
			"stationNo": "07330",
			"transYn": "N",
			"fullSectDist": "196",
			"trnstnid": "105000167"
		},
		{
			"arsId": "07332",
			"beginTm": "06:40",
			"busRouteAbrv": "2236",
			"busRouteId": "111000019",
			"busRouteNm": "2236",
			"direction": "중랑차고지",
			"gpsX": "127.106301327",
			"gpsY": "37.6056398133",
			"lastTm": "00:51",
			"posX": "209385.27952376788",
			"posY": "456238.88173640287",
			"routeType": "4",
			"sectSpd": "40",
			"section": "106602572",
			"seq": "72",
			"station": "106000236",
			"stationNm": "양원역입구",
			"stationNo": "07332",
			"transYn": "N",
			"fullSectDist": "203",
			"trnstnid": "105000167"
		},
		{
			"arsId": "07138",
			"beginTm": "06:41",
			"busRouteAbrv": "2236",
			"busRouteId": "111000019",
			"busRouteNm": "2236",
			"direction": "중랑차고지",
			"gpsX": "127.1047153577",
			"gpsY": "37.6100539033",
			"lastTm": "00:54",
			"posX": "209244.70885324874",
			"posY": "456728.5878906618",
			"routeType": "4",
			"sectSpd": "17",
			"section": "106603024",
			"seq": "73",
			"station": "106000484",
			"stationNm": "양원숲초등학교",
			"stationNo": "07138",
			"transYn": "N",
			"fullSectDist": "665",
			"trnstnid": "105000167"
		},
		{
			"arsId": "07401",
			"beginTm": "06:44",
			"busRouteAbrv": "2236",
			"busRouteId": "111000019",
			"busRouteNm": "2236",
			"direction": "중랑차고지",
			"gpsX": "127.0995512938",
			"gpsY": "37.6075902436",
			"lastTm": "00:56",
			"posX": "208789.09352985644",
			"posY": "456454.6817506966",
			"routeType": "4",
			"sectSpd": "19",
			"section": "106602639",
			"seq": "74",
			"station": "106000303",
			"stationNm": "우남푸르미아아파트",
			"stationNo": "07401",
			"transYn": "N",
			"fullSectDist": "553",
			"trnstnid": "105000167"
		},
		{
			"arsId": "07403",
			"beginTm": "06:48",
			"busRouteAbrv": "2236",
			"busRouteId": "111000019",
			"busRouteNm": "2236",
			"direction": "중랑차고지",
			"gpsX": "127.097870213",
			"gpsY": "37.6056777429",
			"lastTm": "01:00",
			"posX": "208640.89701283094",
			"posY": "456242.2817273182",
			"routeType": "4",
			"sectSpd": "16",
			"section": "106602641",
			"seq": "75",
			"station": "106000305",
			"stationNm": "신내초등학교",
			"stationNo": "07403",
			"transYn": "N",
			"fullSectDist": "259",
			"trnstnid": "105000167"
		},
		{
			"arsId": "07405",
			"beginTm": "06:49",
			"busRouteAbrv": "2236",
			"busRouteId": "111000019",
			"busRouteNm": "2236",
			"direction": "중랑차고지",
			"gpsX": "127.0967061318",
			"gpsY": "37.6023672096",
			"lastTm": "01:01",
			"posX": "208538.49941549735",
			"posY": "455874.781666046",
			"routeType": "4",
			"sectSpd": "39",
			"section": "106602643",
			"seq": "76",
			"station": "106000307",
			"stationNm": "경남아파트",
			"stationNo": "07405",
			"transYn": "N",
			"fullSectDist": "386",
			"trnstnid": "105000167"
		},
		{
			"arsId": "07272",
			"beginTm": "06:50",
			"busRouteAbrv": "2236",
			"busRouteId": "111000019",
			"busRouteNm": "2236",
			"direction": "중랑차고지",
			"gpsX": "127.0958886791",
			"gpsY": "37.6034500817",
			"lastTm": "01:03",
			"posX": "208466.20111295517",
			"posY": "455994.881689786",
			"routeType": "4",
			"sectSpd": "25",
			"section": "106602347",
			"seq": "77",
			"station": "106000177",
			"stationNm": "성원아파트경남아너스빌앞",
			"stationNo": "07272",
			"transYn": "N",
			"fullSectDist": "199",
			"trnstnid": "105000167"
		},
		{
			"arsId": "07274",
			"beginTm": "06:51",
			"busRouteAbrv": "2236",
			"busRouteId": "111000019",
			"busRouteNm": "2236",
			"direction": "중랑차고지",
			"gpsX": "127.0954614467",
			"gpsY": "37.605913097",
			"lastTm": "01:04",
			"posX": "208428.2020063924",
			"posY": "456268.181714511",
			"routeType": "4",
			"sectSpd": "35",
			"section": "106602350",
			"seq": "78",
			"station": "106000179",
			"stationNm": "중랑구청사거리",
			"stationNo": "07274",
			"transYn": "N",
			"fullSectDist": "280",
			"trnstnid": "105000167"
		},
		{
			"arsId": "07275",
			"beginTm": "06:52",
			"busRouteAbrv": "2236",
			"busRouteId": "111000019",
			"busRouteNm": "2236",
			"direction": "중랑차고지",
			"gpsX": "127.0953333673",
			"gpsY": "37.6076144511",
			"lastTm": "01:05",
			"posX": "208416.7022763259",
			"posY": "456456.9817494829",
			"routeType": "4",
			"sectSpd": "44",
			"section": "106600381",
			"seq": "79",
			"station": "106000180",
			"stationNm": "신내동성3차아파트",
			"stationNo": "07275",
			"transYn": "N",
			"fullSectDist": "197",
			"trnstnid": "105000167"
		},
		{
			"arsId": "07276",
			"beginTm": "06:53",
			"busRouteAbrv": "2236",
			"busRouteId": "111000019",
			"busRouteNm": "2236",
			"direction": "중랑차고지",
			"gpsX": "127.0962047515",
			"gpsY": "37.6096700217",
			"lastTm": "01:06",
			"posX": "208493.40048122098",
			"posY": "456685.18177779345",
			"routeType": "4",
			"sectSpd": "16",
			"section": "106600382",
			"seq": "80",
			"station": "106000181",
			"stationNm": "신내동성1.2차아파트",
			"stationNo": "07276",
			"transYn": "N",
			"fullSectDist": "246",
			"trnstnid": "105000167"
		},
		{
			"arsId": "07280",
			"beginTm": "06:54",
			"busRouteAbrv": "2236",
			"busRouteId": "111000019",
			"busRouteNm": "2236",
			"direction": "중랑차고지",
			"gpsX": "127.0966220017",
			"gpsY": "37.612626142",
			"lastTm": "01:07",
			"posX": "208529.89962167965",
			"posY": "457013.2818246898",
			"routeType": "4",
			"sectSpd": "32",
			"section": "106600384",
			"seq": "81",
			"station": "106000185",
			"stationNm": "신내9단지아파트.서울의료원",
			"stationNo": "07280",
			"transYn": "N",
			"fullSectDist": "333",
			"trnstnid": "105000167"
		},
		{
			"arsId": "07347",
			"beginTm": "06:55",
			"busRouteAbrv": "2236",
			"busRouteId": "111000019",
			"busRouteNm": "2236",
			"direction": "중랑차고지",
			"gpsX": "127.0952202984",
			"gpsY": "37.6148745872",
			"lastTm": "01:09",
			"posX": "208405.90253357316",
			"posY": "457262.68184869643",
			"routeType": "4",
			"sectSpd": "92",
			"section": "106602352",
			"seq": "82",
			"station": "106000250",
			"stationNm": "중랑소방서",
			"stationNo": "07347",
			"transYn": "N",
			"fullSectDist": "294",
			"trnstnid": "105000167"
		},
		{
			"arsId": "07282",
			"beginTm": "06:57",
			"busRouteAbrv": "2236",
			"busRouteId": "111000019",
			"busRouteNm": "2236",
			"direction": "중랑차고지",
			"gpsX": "127.0935820603",
			"gpsY": "37.6155562167",
			"lastTm": "01:11",
			"posX": "208261.20592961216",
			"posY": "457338.18185908906",
			"routeType": "4",
			"sectSpd": "18",
			"section": "106602354",
			"seq": "83",
			"station": "106000187",
			"stationNm": "신내7단지아파트홈플러스",
			"stationNo": "07282",
			"transYn": "N",
			"fullSectDist": "164",
			"trnstnid": "105000167"
		},
		{
			"arsId": "07367",
			"beginTm": "06:58",
			"busRouteAbrv": "2236",
			"busRouteId": "111000019",
			"busRouteNm": "2236",
			"direction": "중랑차고지",
			"gpsX": "127.0918000799",
			"gpsY": "37.6163595817",
			"lastTm": "01:11",
			"posX": "208103.80963261964",
			"posY": "457427.1818684316",
			"routeType": "4",
			"sectSpd": "40",
			"section": "106602356",
			"seq": "84",
			"station": "106000270",
			"stationNm": "신내6단지아파트",
			"stationNo": "07367",
			"transYn": "N",
			"fullSectDist": "181",
			"trnstnid": "105000167"
		},
		{
			"arsId": "07289",
			"beginTm": "06:58",
			"busRouteAbrv": "2236",
			"busRouteId": "111000019",
			"busRouteNm": "2236",
			"direction": "중랑차고지",
			"gpsX": "127.089649012",
			"gpsY": "37.6164189048",
			"lastTm": "01:12",
			"posX": "207913.91409334404",
			"posY": "457433.58186499635",
			"routeType": "4",
			"sectSpd": "13",
			"section": "106602358",
			"seq": "85",
			"station": "106000194",
			"stationNm": "신내우체국.5단지두산대림아파트",
			"stationNo": "07289",
			"transYn": "N",
			"fullSectDist": "238",
			"trnstnid": "105000167"
		},
		{
			"arsId": "07291",
			"beginTm": "06:59",
			"busRouteAbrv": "2236",
			"busRouteId": "111000019",
			"busRouteNm": "2236",
			"direction": "중랑차고지",
			"gpsX": "127.0876124158",
			"gpsY": "37.6155680082",
			"lastTm": "01:17",
			"posX": "207734.21831129486",
			"posY": "457338.9818463647",
			"routeType": "4",
			"sectSpd": "18",
			"section": "106602361",
			"seq": "86",
			"station": "106000196",
			"stationNm": "구립도서관체육관",
			"stationNo": "07291",
			"transYn": "N",
			"fullSectDist": "295",
			"trnstnid": "105000167"
		},
		{
			"arsId": "07293",
			"beginTm": "07:01",
			"busRouteAbrv": "2236",
			"busRouteId": "111000019",
			"busRouteNm": "2236",
			"direction": "중랑차고지",
			"gpsX": "127.0863391737",
			"gpsY": "37.6165331072",
			"lastTm": "01:18",
			"posX": "207621.72095414982",
			"posY": "457445.98185672425",
			"routeType": "4",
			"sectSpd": "11",
			"section": "106602363",
			"seq": "87",
			"station": "106000198",
			"stationNm": "신내4단지아파트",
			"stationNo": "07293",
			"transYn": "N",
			"fullSectDist": "227",
			"trnstnid": "105000167"
		},
		{
			"arsId": "07431",
			"beginTm": "07:02",
			"busRouteAbrv": "2236",
			"busRouteId": "111000019",
			"busRouteNm": "2236",
			"direction": "중랑차고지",
			"gpsX": "127.0872174994",
			"gpsY": "37.6178651654",
			"lastTm": "01:19",
			"posX": "207699.11914026164",
			"posY": "457593.8818844287",
			"routeType": "4",
			"sectSpd": "20",
			"section": "106602488",
			"seq": "88",
			"station": "106000330",
			"stationNm": "태릉고등학교.원묵초등학교",
			"stationNo": "07431",
			"transYn": "N",
			"fullSectDist": "171",
			"trnstnid": "105000167"
		},
		{
			"arsId": "07297",
			"beginTm": "07:03",
			"busRouteAbrv": "2236",
			"busRouteId": "111000019",
			"busRouteNm": "2236",
			"direction": "중랑차고지",
			"gpsX": "127.0929080569",
			"gpsY": "37.616458735",
			"lastTm": "01:20",
			"posX": "208201.60733491989",
			"posY": "457438.2818711647",
			"routeType": "4",
			"sectSpd": "35",
			"section": "106600592",
			"seq": "89",
			"station": "106000202",
			"stationNm": "봉화산역3번출구",
			"stationNo": "07297",
			"transYn": "N",
			"fullSectDist": "665",
			"trnstnid": "105000167"
		},
		{
			"arsId": "07432",
			"beginTm": "07:04",
			"busRouteAbrv": "2236",
			"busRouteId": "111000019",
			"busRouteNm": "2236",
			"direction": "중랑차고지",
			"gpsX": "127.0975760659",
			"gpsY": "37.6137345927",
			"lastTm": "01:21",
			"posX": "208613.99764685723",
			"posY": "457136.3818375296",
			"routeType": "4",
			"sectSpd": "20",
			"section": "106602490",
			"seq": "90",
			"station": "106000439",
			"stationNm": "서울의료원후문",
			"stationNo": "07432",
			"transYn": "N",
			"fullSectDist": "537",
			"trnstnid": "105000167"
		},
		{
			"arsId": "07434",
			"beginTm": "07:08",
			"busRouteAbrv": "2236",
			"busRouteId": "111000019",
			"busRouteNm": "2236",
			"direction": "중랑차고지",
			"gpsX": "127.0995517861",
			"gpsY": "37.61305803",
			"lastTm": "01:24",
			"posX": "208788.49354139835",
			"posY": "457061.4818392005",
			"routeType": "4",
			"sectSpd": "5",
			"section": "106602278",
			"seq": "91",
			"station": "106000436",
			"stationNm": "신내데시앙아파트후문",
			"stationNo": "07434",
			"transYn": "N",
			"fullSectDist": "188",
			"trnstnid": "105000167"
		},
		{
			"arsId": "07438",
			"beginTm": "07:09",
			"busRouteAbrv": "2236",
			"busRouteId": "111000019",
			"busRouteNm": "2236",
			"direction": "중랑차고지",
			"gpsX": "127.10186655",
			"gpsY": "37.6126730935",
			"lastTm": "01:24",
			"posX": "208992.88874733186",
			"posY": "457018.9818359548",
			"routeType": "4",
			"sectSpd": "78",
			"section": "106602332",
			"seq": "92",
			"station": "106000442",
			"stationNm": "신내차량사업소입구",
			"stationNo": "07438",
			"transYn": "N",
			"fullSectDist": "212",
			"trnstnid": "105000167"
		},
		{
			"arsId": "07336",
			"beginTm": "07:10",
			"busRouteAbrv": "2236",
			"busRouteId": "111000019",
			"busRouteNm": "2236",
			"direction": "중랑차고지",
			"gpsX": "127.105257509",
			"gpsY": "37.6115852113",
			"lastTm": "01:26",
			"posX": "209292.3817110787",
			"posY": "456898.58182759164",
			"routeType": "4",
			"sectSpd": "22",
			"section": "106600184",
			"seq": "93",
			"station": "106000240",
			"stationNm": "동서울교회",
			"stationNo": "07336",
			"transYn": "N",
			"fullSectDist": "321",
			"trnstnid": "105000167"
		},
		{
			"arsId": "07334",
			"beginTm": "07:12",
			"busRouteAbrv": "2236",
			"busRouteId": "111000019",
			"busRouteNm": "2236",
			"direction": "중랑차고지",
			"gpsX": "127.1065380594",
			"gpsY": "37.6093825023",
			"lastTm": "01:27",
			"posX": "209405.70916902152",
			"posY": "456654.25868300255",
			"routeType": "4",
			"sectSpd": "15",
			"section": "106600185",
			"seq": "94",
			"station": "106000238",
			"stationNm": "양원리",
			"stationNo": "07334",
			"transYn": "N",
			"fullSectDist": "371",
			"trnstnid": "105000167"
		},
		{
			"arsId": "07138",
			"beginTm": "07:14",
			"busRouteAbrv": "2236",
			"busRouteId": "111000019",
			"busRouteNm": "2236",
			"direction": "중랑차고지",
			"gpsX": "127.1047153577",
			"gpsY": "37.6100539033",
			"lastTm": "01:29",
			"posX": "209244.70885324874",
			"posY": "456728.5878906618",
			"routeType": "4",
			"sectSpd": "17",
			"section": "106603024",
			"seq": "95",
			"station": "106000484",
			"stationNm": "양원숲초등학교",
			"stationNo": "07138",
			"transYn": "N",
			"fullSectDist": "224",
			"trnstnid": "105000167"
		},
		{
			"arsId": "07302",
			"beginTm": "07:15",
			"busRouteAbrv": "2236",
			"busRouteId": "111000019",
			"busRouteNm": "2236",
			"direction": "중랑차고지",
			"gpsX": "127.101332875",
			"gpsY": "37.6105405898",
			"lastTm": "01:29",
			"posX": "208946.03078243486",
			"posY": "456782.2713402021",
			"routeType": "4",
			"sectSpd": "16",
			"section": "106602755",
			"seq": "96",
			"station": "106000207",
			"stationNm": "신내교회.신내데시앙아파트",
			"stationNo": "07302",
			"transYn": "N",
			"fullSectDist": "644",
			"trnstnid": "105000167"
		},
		{
			"arsId": "07300",
			"beginTm": "07:19",
			"busRouteAbrv": "2236",
			"busRouteId": "111000019",
			"busRouteNm": "2236",
			"direction": "중랑차고지",
			"gpsX": "127.1016592961",
			"gpsY": "37.6143619055",
			"lastTm": "01:32",
			"posX": "208974.3891823831",
			"posY": "457206.3818631349",
			"routeType": "4",
			"sectSpd": "101",
			"section": "106600240",
			"seq": "97",
			"station": "106000205",
			"stationNm": "신내능마을",
			"stationNo": "07300",
			"transYn": "N",
			"fullSectDist": "432",
			"trnstnid": "105000167"
		},
		{
			"arsId": "07298",
			"beginTm": "07:21",
			"busRouteAbrv": "2236",
			"busRouteId": "111000019",
			"busRouteNm": "2236",
			"direction": "중랑차고지",
			"gpsX": "127.10525692",
			"gpsY": "37.6197006066",
			"lastTm": "01:34",
			"posX": "209291.3198349705",
			"posY": "457799.207088714",
			"routeType": "4",
			"sectSpd": "29",
			"section": "106602578",
			"seq": "98",
			"station": "106000203",
			"stationNm": "중랑경찰서후문",
			"stationNo": "07298",
			"transYn": "N",
			"fullSectDist": "693",
			"trnstnid": "105000167"
		},
		{
			"arsId": "07464",
			"beginTm": "07:23",
			"busRouteAbrv": "2236",
			"busRouteId": "111000019",
			"busRouteNm": "2236",
			"direction": "중랑차고지",
			"gpsX": "127.1070735055",
			"gpsY": "37.6193259682",
			"lastTm": "01:36",
			"posX": "209451.72234438517",
			"posY": "457757.8120440664",
			"routeType": "4",
			"sectSpd": "20",
			"section": "106602495",
			"seq": "99",
			"station": "106000471",
			"stationNm": "우디안아파트114동앞",
			"stationNo": "07464",
			"transYn": "N",
			"fullSectDist": "293",
			"trnstnid": "105000167"
		},
		{
			"arsId": "07456",
			"beginTm": "07:25",
			"busRouteAbrv": "2236",
			"busRouteId": "111000019",
			"busRouteNm": "2236",
			"direction": "중랑차고지",
			"gpsX": "127.1085201241",
			"gpsY": "37.617339287",
			"lastTm": "01:38",
			"posX": "209579.67495729166",
			"posY": "457537.48191313026",
			"routeType": "4",
			"sectSpd": "32",
			"section": "106602276",
			"seq": "100",
			"station": "106000457",
			"stationNm": "새솔초등학교",
			"stationNo": "07456",
			"transYn": "N",
			"fullSectDist": "264",
			"trnstnid": "105000167"
		},
		{
			"arsId": "07454",
			"beginTm": "07:26",
			"busRouteAbrv": "2236",
			"busRouteId": "111000019",
			"busRouteNm": "2236",
			"direction": "중랑차고지",
			"gpsX": "127.1108830078",
			"gpsY": "37.616499082",
			"lastTm": "01:38",
			"posX": "209788.37005718585",
			"posY": "457444.4819062399",
			"routeType": "4",
			"sectSpd": "9",
			"section": "106600245",
			"seq": "101",
			"station": "106000461",
			"stationNm": "신내데시앙포레아파트정문앞",
			"stationNo": "07454",
			"transYn": "N",
			"fullSectDist": "227",
			"trnstnid": "105000167"
		},
		{
			"arsId": "07452",
			"beginTm": "07:30",
			"busRouteAbrv": "2236",
			"busRouteId": "111000019",
			"busRouteNm": "2236",
			"direction": "중랑차고지",
			"gpsX": "127.112666824",
			"gpsY": "37.6155449461",
			"lastTm": "01:41",
			"posX": "209945.96635198718",
			"posY": "457338.78189430153",
			"routeType": "4",
			"sectSpd": "13",
			"section": "106600246",
			"seq": "102",
			"station": "106000459",
			"stationNm": "신내데시앙포레아파트220동앞",
			"stationNo": "07452",
			"transYn": "N",
			"fullSectDist": "208",
			"trnstnid": "105000167"
		},
		{
			"arsId": "07450",
			"beginTm": "07:30",
			"busRouteAbrv": "2236",
			"busRouteId": "111000019",
			"busRouteNm": "2236",
			"direction": "중랑차고지",
			"gpsX": "127.1076805842",
			"gpsY": "37.613244503",
			"lastTm": "01:42",
			"posX": "209506.08536098085",
			"posY": "457082.9681777302",
			"routeType": "4",
			"sectSpd": "22",
			"section": "106600247",
			"seq": "103",
			"station": "106000462",
			"stationNm": "당너머",
			"stationNo": "07450",
			"transYn": "N",
			"fullSectDist": "772",
			"trnstnid": "105000167"
		},
		{
			"arsId": "07551",
			"beginTm": "07:34",
			"busRouteAbrv": "2236",
			"busRouteId": "111000019",
			"busRouteNm": "2236",
			"direction": "중랑차고지",
			"gpsX": "127.1044676292",
			"gpsY": "37.6133839428",
			"lastTm": "01:45",
			"posX": "209222.42709594144",
			"posY": "457098.1223414489",
			"routeType": "4",
			"sectSpd": "10",
			"section": "106602497",
			"seq": "104",
			"station": "106000480",
			"stationNm": "중랑공영차고지.종점",
			"stationNo": "07551",
			"transYn": "N",
			"fullSectDist": "381",
			"trnstnid": "105000167"
		}
	]
}