{
	"count": 41,
	"result": [
		{
			"arsId": "20108",
			"beginTm": "05:48",
			"busRouteAbrv": "동작05",
			"busRouteId": "119900022",
			"busRouteNm": "동작05",
			"direction": "신대방역",
			"gpsX": "126.926363433",
			"gpsY": "37.5125881335",
			"lastTm": "23:51",
			"posX": "193490.58246686193",
			"posY": "445909.58767627366",
			"routeType": "2",
			"sectSpd": "0",
			"section": "0",
			"seq": "1",
			"station": "119000022",
			"stationNm": "대방역",
			"stationNo": "20108",
			"transYn": "N",
			"fullSectDist": "0",
			"trnstnid": "119900242"
		},
		{
			"arsId": "20934",
			"beginTm": "05:47",
			"busRouteAbrv": "동작05",
			"busRouteId": "119900022",
			"busRouteNm": "동작05",
			"direction": "신대방역",
			"gpsX": "126.9318316132",
			"gpsY": "37.5122894805",
			"lastTm": "23:50",
			"posX": "193973.9415627124",
			"posY": "445876.0802837922",
			"routeType": "2",
			"sectSpd": "10",
			"section": "119601886",
			"seq": "2",
			"station": "119900230",
			"stationNm": "현대아파트",
			"stationNo": "20934",
			"transYn": "N",
			"fullSectDist": "608",
			"trnstnid": "119900242"
		},
		{
			"arsId": "20501",
			"beginTm": "05:52",
			"busRouteAbrv": "동작05",
			"busRouteId": "119900022",
			"busRouteNm": "동작05",
			"direction": "신대방역",
			"gpsX": "126.931926944",
			"gpsY": "37.510702697",
			"lastTm": "23:51",
			"posX": "193982.24136949124",
			"posY": "445699.9802540201",
			"routeType": "2",
			"sectSpd": "11",
			"section": "119600425",
			"seq": "3",
			"station": "119900313",
			"stationNm": "현대2차아파트후문",
			"stationNo": "20501",
			"transYn": "N",
			"fullSectDist": "177",
			"trnstnid": "119900242"
		},
		{
			"arsId": "20804",
			"beginTm": "05:53",
			"busRouteAbrv": "동작05",
			"busRouteId": "119900022",
			"busRouteNm": "동작05",
			"direction": "신대방역",
			"gpsX": "126.9320719695",
			"gpsY": "37.5091952385",
			"lastTm": "23:53",
			"posX": "193994.94107100167",
			"posY": "445532.6802276089",
			"routeType": "2",
			"sectSpd": "16",
			"section": "119600426",
			"seq": "4",
			"station": "119900171",
			"stationNm": "남부교회",
			"stationNo": "20804",
			"transYn": "N",
			"fullSectDist": "168",
			"trnstnid": "119900242"
		},
		{
			"arsId": "20939",
			"beginTm": "05:53",
			"busRouteAbrv": "동작05",
			"busRouteId": "119900022",
			"busRouteNm": "동작05",
			"direction": "신대방역",
			"gpsX": "126.9301467298",
			"gpsY": "37.5079992556",
			"lastTm": "23:53",
			"posX": "193824.6450678334",
			"posY": "445400.0802175533",
			"routeType": "2",
			"sectSpd": "9",
			"section": "119601266",
			"seq": "5",
			"station": "119900228",
			"stationNm": "숭의여중고교.공군항공안전단",
			"stationNo": "20939",
			"transYn": "N",
			"fullSectDist": "272",
			"trnstnid": "119900242"
		},
		{
			"arsId": "20940",
			"beginTm": "05:54",
			"busRouteAbrv": "동작05",
			"busRouteId": "119900022",
			"busRouteNm": "동작05",
			"direction": "신대방역",
			"gpsX": "126.9288799898",
			"gpsY": "37.5090527881",
			"lastTm": "23:53",
			"posX": "193712.74769376047",
			"posY": "445517.08023094386",
			"routeType": "2",
			"sectSpd": "11",
			"section": "119600428",
			"seq": "6",
			"station": "119900269",
			"stationNm": "대방동주공아파트",
			"stationNo": "20940",
			"transYn": "N",
			"fullSectDist": "161",
			"trnstnid": "119900242"
		},
		{
			"arsId": "20861",
			"beginTm": "05:55",
			"busRouteAbrv": "동작05",
			"busRouteId": "119900022",
			"busRouteNm": "동작05",
			"direction": "신대방역",
			"gpsX": "126.9260562457",
			"gpsY": "37.5083022393",
			"lastTm": "23:53",
			"posX": "193463.05356316254",
			"posY": "445433.9802313475",
			"routeType": "2",
			"sectSpd": "13",
			"section": "119600429",
			"seq": "7",
			"station": "119900267",
			"stationNm": "대방동주민센터",
			"stationNo": "20861",
			"transYn": "N",
			"fullSectDist": "295",
			"trnstnid": "119900242"
		},
		{
			"arsId": "20865",
			"beginTm": "05:56",
			"busRouteAbrv": "동작05",
			"busRouteId": "119900022",
			"busRouteNm": "동작05",
			"direction": "신대방역",
			"gpsX": "126.9249920186",
			"gpsY": "37.5058658913",
			"lastTm": "23:55",
			"posX": "193368.75577403198",
			"posY": "445163.6801974997",
			"routeType": "2",
			"sectSpd": "17",
			"section": "119600430",
			"seq": "8",
			"station": "119900128",
			"stationNm": "대림아파트후문.성남중.고교",
			"stationNo": "20865",
			"transYn": "N",
			"fullSectDist": "352",
			"trnstnid": "119900242"
		},
		{
			"arsId": "20870",
			"beginTm": "05:57",
			"busRouteAbrv": "동작05",
			"busRouteId": "119900022",
			"busRouteNm": "동작05",
			"direction": "신대방역",
			"gpsX": "126.9230394173",
			"gpsY": "37.5039714206",
			"lastTm": "23:55",
			"posX": "193195.95983446212",
			"posY": "444953.5801651883",
			"routeType": "2",
			"sectSpd": "13",
			"section": "119600431",
			"seq": "9",
			"station": "119900123",
			"stationNm": "대방교회",
			"stationNo": "20870",
			"transYn": "N",
			"fullSectDist": "337",
			"trnstnid": "119900242"
		},
		{
			"arsId": "20873",
			"beginTm": "05:58",
			"busRouteAbrv": "동작05",
			"busRouteId": "119900022",
			"busRouteNm": "동작05",
			"direction": "신대방역",
			"gpsX": "126.9241422416",
			"gpsY": "37.5039451009",
			"lastTm": "23:56",
			"posX": "193293.4575472874",
			"posY": "444950.5801680614",
			"routeType": "2",
			"sectSpd": "15",
			"section": "119601267",
			"seq": "10",
			"station": "119900268",
			"stationNm": "홍원사",
			"stationNo": "20873",
			"transYn": "N",
			"fullSectDist": "109",
			"trnstnid": "119900242"
		},
		{
			"arsId": "20876",
			"beginTm": "05:58",
			"busRouteAbrv": "동작05",
			"busRouteId": "119900022",
			"busRouteNm": "동작05",
			"direction": "신대방역",
			"gpsX": "126.9241105295",
			"gpsY": "37.5028691648",
			"lastTm": "23:57",
			"posX": "193290.55761197393",
			"posY": "444831.18015077943",
			"routeType": "2",
			"sectSpd": "12",
			"section": "119600433",
			"seq": "11",
			"station": "119900119",
			"stationNm": "영동슈퍼",
			"stationNo": "20876",
			"transYn": "N",
			"fullSectDist": "117",
			"trnstnid": "119900242"
		},
		{
			"arsId": "20880",
			"beginTm": "05:59",
			"busRouteAbrv": "동작05",
			"busRouteId": "119900022",
			"busRouteNm": "동작05",
			"direction": "신대방역",
			"gpsX": "126.9240183662",
			"gpsY": "37.500061271",
			"lastTm": "23:58",
			"posX": "193282.15781466008",
			"posY": "444519.5801111171",
			"routeType": "2",
			"sectSpd": "16",
			"section": "119600469",
			"seq": "12",
			"station": "119900116",
			"stationNm": "범한택시",
			"stationNo": "20880",
			"transYn": "N",
			"fullSectDist": "315",
			"trnstnid": "119900242"
		},
		{
			"arsId": "20818",
			"beginTm": "05:59",
			"busRouteAbrv": "동작05",
			"busRouteId": "119900022",
			"busRouteNm": "동작05",
			"direction": "신대방역",
			"gpsX": "126.9240090902",
			"gpsY": "37.4991700746",
			"lastTm": "23:59",
			"posX": "193281.25783307082",
			"posY": "444420.680093362",
			"routeType": "2",
			"sectSpd": "4",
			"section": "119600470",
			"seq": "13",
			"station": "119900163",
			"stationNm": "코오롱하늘채아파트",
			"stationNo": "20818",
			"transYn": "N",
			"fullSectDist": "109",
			"trnstnid": "119900242"
		},
		{
			"arsId": "20903",
			"beginTm": "06:00",
			"busRouteAbrv": "동작05",
			"busRouteId": "119900022",
			"busRouteNm": "동작05",
			"direction": "신대방역",
			"gpsX": "126.9231095274",
			"gpsY": "37.4976606895",
			"lastTm": "23:59",
			"posX": "193201.58606502152",
			"posY": "444253.2404400455",
			"routeType": "2",
			"sectSpd": "16",
			"section": "119601725",
			"seq": "14",
			"station": "119900098",
			"stationNm": "보라매어린이집.문창중학교",
			"stationNo": "20903",
			"transYn": "N",
			"fullSectDist": "329",
			"trnstnid": "119900242"
		},
		{
			"arsId": "20907",
			"beginTm": "06:02",
			"busRouteAbrv": "동작05",
			"busRouteId": "119900022",
			"busRouteNm": "동작05",
			"direction": "신대방역",
			"gpsX": "126.9245070504",
			"gpsY": "37.4977295307",
			"lastTm": "00:00",
			"posX": "193325.15680301923",
			"posY": "444260.78007819364",
			"routeType": "2",
			"sectSpd": "15",
			"section": "119601726",
			"seq": "15",
			"station": "119900095",
			"stationNm": "동작우체국",
			"stationNo": "20907",
			"transYn": "N",
			"fullSectDist": "123",
			"trnstnid": "119900242"
		},
		{
			"arsId": "20909",
			"beginTm": "06:02",
			"busRouteAbrv": "동작05",
			"busRouteId": "119900022",
			"busRouteNm": "동작05",
			"direction": "신대방역",
			"gpsX": "126.9279311823",
			"gpsY": "37.4982254734",
			"lastTm": "00:01",
			"posX": "193627.9496905033",
			"posY": "444315.5800731187",
			"routeType": "2",
			"sectSpd": "12",
			"section": "119601279",
			"seq": "16",
			"station": "119900093",
			"stationNm": "신대방삼거리역.성대시장",
			"stationNo": "20909",
			"transYn": "N",
			"fullSectDist": "360",
			"trnstnid": "119900242"
		},
		{
			"arsId": "20188",
			"beginTm": "06:03",
			"busRouteAbrv": "동작05",
			"busRouteId": "119900022",
			"busRouteNm": "동작05",
			"direction": "신대방역",
			"gpsX": "126.927191",
			"gpsY": "37.494757",
			"lastTm": "00:02",
			"posX": "193562.2078345782",
			"posY": "443930.71619532304",
			"routeType": "2",
			"sectSpd": "10",
			"section": "119605068",
			"seq": "17",
			"station": "119000095",
			"stationNm": "보라매병원입구",
			"stationNo": "20188",
			"transYn": "N",
			"fullSectDist": "391",
			"trnstnid": "119900242"
		},
		{
			"arsId": "21907",
			"beginTm": "06:05",
			"busRouteAbrv": "동작05",
			"busRouteId": "119900022",
			"busRouteNm": "동작05",
			"direction": "신대방역",
			"gpsX": "126.9258907075",
			"gpsY": "37.492677921",
			"lastTm": "00:03",
			"posX": "193447.0539387564",
			"posY": "443700.0799889141",
			"routeType": "2",
			"sectSpd": "16",
			"section": "119605069",
			"seq": "18",
			"station": "120900166",
			"stationNm": "보라매노인복지회관",
			"stationNo": "21907",
			"transYn": "N",
			"fullSectDist": "312",
			"trnstnid": "119900242"
		},
		{
			"arsId": "20916",
			"beginTm": "06:06",
			"busRouteAbrv": "동작05",
			"busRouteId": "119900022",
			"busRouteNm": "동작05",
			"direction": "신대방역",
			"gpsX": "126.9246888575",
			"gpsY": "37.4923779947",
			"lastTm": "00:04",
			"posX": "193340.7564339313",
			"posY": "443666.8799967095",
			"routeType": "2",
			"sectSpd": "6",
			"section": "120601295",
			"seq": "19",
			"station": "119900087",
			"stationNm": "전문건설회관.보라매병원",
			"stationNo": "20916",
			"transYn": "N",
			"fullSectDist": "126",
			"trnstnid": "119900242"
		},
		{
			"arsId": "20919",
			"beginTm": "06:07",
			"busRouteAbrv": "동작05",
			"busRouteId": "119900022",
			"busRouteNm": "동작05",
			"direction": "신대방역",
			"gpsX": "126.9244163541",
			"gpsY": "37.4912126935",
			"lastTm": "00:04",
			"posX": "193316.55700385457",
			"posY": "443537.5799711975",
			"routeType": "2",
			"sectSpd": "10",
			"section": "119600476",
			"seq": "20",
			"station": "119900084",
			"stationNm": "아카데미타워",
			"stationNo": "20919",
			"transYn": "N",
			"fullSectDist": "132",
			"trnstnid": "119900242"
		},
		{
			"arsId": "21908",
			"beginTm": "06:07",
			"busRouteAbrv": "동작05",
			"busRouteId": "119900022",
			"busRouteNm": "동작05",
			"direction": "신대방역",
			"gpsX": "126.9242406756",
			"gpsY": "37.4904808847",
			"lastTm": "00:05",
			"posX": "193300.95736662857",
			"posY": "443456.3799664038",
			"routeType": "2",
			"sectSpd": "9",
			"section": "119600477",
			"seq": "21",
			"station": "120900167",
			"stationNm": "신한은행앞.롯데백화점",
			"stationNo": "21908",
			"transYn": "N",
			"fullSectDist": "83",
			"trnstnid": "119900242"
		},
		{
			"arsId": "21227",
			"beginTm": "06:08",
			"busRouteAbrv": "동작05",
			"busRouteId": "119900022",
			"busRouteNm": "동작05",
			"direction": "신대방역",
			"gpsX": "126.9179281849",
			"gpsY": "37.4894187723",
			"lastTm": "00:05",
			"posX": "192742.67048948232",
			"posY": "443338.97996028746",
			"routeType": "2",
			"sectSpd": "12",
			"section": "120602443",
			"seq": "22",
			"station": "120000125",
			"stationNm": "보라매공원입구",
			"stationNo": "21227",
			"transYn": "N",
			"fullSectDist": "620",
			"trnstnid": "119900242"
		},
		{
			"arsId": "20921",
			"beginTm": "06:11",
			"busRouteAbrv": "동작05",
			"busRouteId": "119900022",
			"busRouteNm": "동작05",
			"direction": "신대방역",
			"gpsX": "126.9129332482",
			"gpsY": "37.4874273612",
			"lastTm": "00:07",
			"posX": "192300.78086929442",
			"posY": "443118.3799361652",
			"routeType": "2",
			"sectSpd": "16",
			"section": "120602444",
			"seq": "23",
			"station": "119900242",
			"stationNm": "신대방역",
			"stationNo": "20921",
			"transYn": "Y",
			"fullSectDist": "552",
			"trnstnid": "119900242"
		},
		{
			"arsId": "20923",
			"beginTm": "05:47",
			"busRouteAbrv": "동작05",
			"busRouteId": "119900022",
			"busRouteNm": "동작05",
			"direction": "대방역",
			"gpsX": "126.9097457115",
			"gpsY": "37.4872123087",
			"lastTm": "00:09",
			"posX": "192018.88749097727",
			"posY": "443094.7799425456",
			"routeType": "2",
			"sectSpd": "4",
			"section": "119600478",
			"seq": "24",
			"station": "119900271",
			"stationNm": "신대방1동주민센터",
			"stationNo": "20923",
			"transYn": "N",
			"fullSectDist": "312",
			"trnstnid": "119900242"
		},
		{
			"arsId": "20210",
			"beginTm": "05:51",
			"busRouteAbrv": "동작05",
			"busRouteId": "119900022",
			"busRouteNm": "동작05",
			"direction": "대방역",
			"gpsX": "126.9072269982",
			"gpsY": "37.4884286507",
			"lastTm": "00:09",
			"posX": "191796.29271461652",
			"posY": "443229.9799599089",
			"routeType": "2",
			"sectSpd": "10",
			"section": "119604639",
			"seq": "25",
			"station": "119000117",
			"stationNm": "신대방경남아파트",
			"stationNo": "20210",
			"transYn": "N",
			"fullSectDist": "262",
			"trnstnid": "119900242"
		},
		{
			"arsId": "20911",
			"beginTm": "05:52",
			"busRouteAbrv": "동작05",
			"busRouteId": "119900022",
			"busRouteNm": "동작05",
			"direction": "대방역",
			"gpsX": "126.9075610052",
			"gpsY": "37.489931954",
			"lastTm": "23:52",
			"posX": "191825.99202208844",
			"posY": "443396.7799832402",
			"routeType": "2",
			"sectSpd": "8",
			"section": "119604640",
			"seq": "26",
			"station": "118900115",
			"stationNm": "신대방1동경남아파트",
			"stationNo": "20911",
			"transYn": "N",
			"fullSectDist": "254",
			"trnstnid": "119900242"
		},
		{
			"arsId": "20927",
			"beginTm": "05:53",
			"busRouteAbrv": "동작05",
			"busRouteId": "119900022",
			"busRouteNm": "동작05",
			"direction": "대방역",
			"gpsX": "126.9103818246",
			"gpsY": "37.4933430025",
			"lastTm": "23:52",
			"posX": "192075.78615379814",
			"posY": "443775.0800342802",
			"routeType": "2",
			"sectSpd": "25",
			"section": "118600450",
			"seq": "27",
			"station": "119900237",
			"stationNm": "신대방우성아파트앞",
			"stationNo": "20927",
			"transYn": "N",
			"fullSectDist": "456",
			"trnstnid": "119900242"
		},
		{
			"arsId": "20925",
			"beginTm": "05:55",
			"busRouteAbrv": "동작05",
			"busRouteId": "119900022",
			"busRouteNm": "동작05",
			"direction": "대방역",
			"gpsX": "126.9115433628",
			"gpsY": "37.4952280357",
			"lastTm": "23:53",
			"posX": "192178.68823414782",
			"posY": "443984.1746131899",
			"routeType": "2",
			"sectSpd": "17",
			"section": "119605636",
			"seq": "28",
			"station": "119900327",
			"stationNm": "신대방현대아파트",
			"stationNo": "20925",
			"transYn": "N",
			"fullSectDist": "235",
			"trnstnid": "119900242"
		},
		{
			"arsId": "20928",
			"beginTm": ":",
			"busRouteAbrv": "동작05",
			"busRouteId": "119900022",
			"busRouteNm": "동작05",
			"direction": "대방역",
			"gpsX": "126.913422836",
			"gpsY": "37.496296383",
			"lastTm": ":",
			"posX": "192344.97982793985",
			"posY": "444102.58006728906",
			"routeType": "2",
			"sectSpd": "24",
			"section": "119605637",
			"seq": "29",
			"station": "119900236",
			"stationNm": "교수아파트",
			"stationNo": "20928",
			"transYn": "N",
			"fullSectDist": "230",
			"trnstnid": "119900242"
		},
		{
			"arsId": "20971",
			"beginTm": "05:57",
			"busRouteAbrv": "동작05",
			"busRouteId": "119900022",
			"busRouteNm": "동작05",
			"direction": "대방역",
			"gpsX": "126.9143748768",
			"gpsY": "37.4955041062",
			"lastTm": "23:54",
			"posX": "192429.07785016703",
			"posY": "444014.58005661657",
			"routeType": "2",
			"sectSpd": "12",
			"section": "119600482",
			"seq": "30",
			"station": "119900299",
			"stationNm": "대방중학교",
			"stationNo": "20971",
			"transYn": "N",
			"fullSectDist": "197",
			"trnstnid": "119900242"
		},
		{
			"arsId": "20973",
			"beginTm": "05:58",
			"busRouteAbrv": "동작05",
			"busRouteId": "119900022",
			"busRouteNm": "동작05",
			"direction": "대방역",
			"gpsX": "126.9152513015",
			"gpsY": "37.4935547507",
			"lastTm": "23:55",
			"posX": "192506.37603917488",
			"posY": "443798.18002346205",
			"routeType": "2",
			"sectSpd": "13",
			"section": "119601282",
			"seq": "31",
			"station": "119900300",
			"stationNm": "수도여고",
			"stationNo": "20973",
			"transYn": "N",
			"fullSectDist": "256",
			"trnstnid": "119900242"
		},
		{
			"arsId": "20974",
			"beginTm": "05:58",
			"busRouteAbrv": "동작05",
			"busRouteId": "119900022",
			"busRouteNm": "동작05",
			"direction": "대방역",
			"gpsX": "126.9172420906",
			"gpsY": "37.4942400994",
			"lastTm": "23:55",
			"posX": "192682.4718956579",
			"posY": "443874.08002768736",
			"routeType": "2",
			"sectSpd": "12",
			"section": "119601283",
			"seq": "32",
			"station": "119900301",
			"stationNm": "동작구민체육센터.기상청",
			"stationNo": "20974",
			"transYn": "N",
			"fullSectDist": "242",
			"trnstnid": "119900242"
		},
		{
			"arsId": "20512",
			"beginTm": "05:59",
			"busRouteAbrv": "동작05",
			"busRouteId": "119900022",
			"busRouteNm": "동작05",
			"direction": "대방역",
			"gpsX": "126.9187006631",
			"gpsY": "37.4945880761",
			"lastTm": "23:56",
			"posX": "192811.4735523571",
			"posY": "443912.5843844558",
			"routeType": "2",
			"sectSpd": "21",
			"section": "119600485",
			"seq": "33",
			"station": "119900074",
			"stationNm": "보라매공원",
			"stationNo": "20512",
			"transYn": "N",
			"fullSectDist": "217",
			"trnstnid": "119900242"
		},
		{
			"arsId": "20527",
			"beginTm": "06:00",
			"busRouteAbrv": "동작05",
			"busRouteId": "119900022",
			"busRouteNm": "동작05",
			"direction": "대방역",
			"gpsX": "126.9182109504",
			"gpsY": "37.4963083299",
			"lastTm": "23:56",
			"posX": "192768.33879547392",
			"posY": "444103.52724096086",
			"routeType": "2",
			"sectSpd": "39",
			"section": "119600486",
			"seq": "34",
			"station": "119900063",
			"stationNm": "보라매공원입구",
			"stationNo": "20527",
			"transYn": "N",
			"fullSectDist": "345",
			"trnstnid": "119900242"
		},
		{
			"arsId": "20995",
			"beginTm": "06:01",
			"busRouteAbrv": "동작05",
			"busRouteId": "119900022",
			"busRouteNm": "동작05",
			"direction": "대방역",
			"gpsX": "126.920229403",
			"gpsY": "37.4979925451",
			"lastTm": "23:58",
			"posX": "192946.96568761926",
			"posY": "444290.2800878389",
			"routeType": "2",
			"sectSpd": "11",
			"section": "119600487",
			"seq": "35",
			"station": "119900279",
			"stationNm": "보라매역.동작세무서",
			"stationNo": "20995",
			"transYn": "N",
			"fullSectDist": "377",
			"trnstnid": "119900242"
		},
		{
			"arsId": "20842",
			"beginTm": "06:03",
			"busRouteAbrv": "동작05",
			"busRouteId": "119900022",
			"busRouteNm": "동작05",
			"direction": "대방역",
			"gpsX": "126.9224942472",
			"gpsY": "37.5039638554",
			"lastTm": "00:00",
			"posX": "193147.76096524872",
			"posY": "444952.78016987117",
			"routeType": "2",
			"sectSpd": "9",
			"section": "119600488",
			"seq": "36",
			"station": "119900146",
			"stationNm": "예스플러스",
			"stationNo": "20842",
			"transYn": "N",
			"fullSectDist": "757",
			"trnstnid": "119900242"
		},
		{
			"arsId": "20569",
			"beginTm": "06:06",
			"busRouteAbrv": "동작05",
			"busRouteId": "119900022",
			"busRouteNm": "동작05",
			"direction": "대방역",
			"gpsX": "126.9248146272",
			"gpsY": "37.505674745",
			"lastTm": "00:02",
			"posX": "193353.05615006684",
			"posY": "445142.48019547714",
			"routeType": "2",
			"sectSpd": "12",
			"section": "119600489",
			"seq": "37",
			"station": "119900030",
			"stationNm": "대림아파트후문.성남중.고교",
			"stationNo": "20569",
			"transYn": "N",
			"fullSectDist": "279",
			"trnstnid": "119900242"
		},
		{
			"arsId": "20850",
			"beginTm": "06:07",
			"busRouteAbrv": "동작05",
			"busRouteId": "119900022",
			"busRouteNm": "동작05",
			"direction": "대방역",
			"gpsX": "126.9296959851",
			"gpsY": "37.5073826349",
			"lastTm": "00:02",
			"posX": "193784.74600341276",
			"posY": "445331.68020917615",
			"routeType": "2",
			"sectSpd": "19",
			"section": "119600490",
			"seq": "38",
			"station": "119900139",
			"stationNm": "숭의여중고교.공군항공안전단",
			"stationNo": "20850",
			"transYn": "N",
			"fullSectDist": "495",
			"trnstnid": "119900242"
		},
		{
			"arsId": "20940",
			"beginTm": "06:09",
			"busRouteAbrv": "동작05",
			"busRouteId": "119900022",
			"busRouteNm": "동작05",
			"direction": "대방역",
			"gpsX": "126.9288799898",
			"gpsY": "37.5090527881",
			"lastTm": "00:03",
			"posX": "193712.74769376047",
			"posY": "445517.08023094386",
			"routeType": "2",
			"sectSpd": "11",
			"section": "119600491",
			"seq": "39",
			"station": "119900269",
			"stationNm": "대방동주공아파트",
			"stationNo": "20940",
			"transYn": "N",
			"fullSectDist": "255",
			"trnstnid": "119900242"
		},
		{
			"arsId": "20857",
			"beginTm": "06:10",
			"busRouteAbrv": "동작05",
			"busRouteId": "119900022",
			"busRouteNm": "동작05",
			"direction": "대방역",
			"gpsX": "126.925418897",
			"gpsY": "37.508821774",
			"lastTm": "00:05",
			"posX": "193406.75488110926",
			"posY": "445491.68024021434",
			"routeType": "2",
			"sectSpd": "13",
			"section": "119601284",
			"seq": "40",
			"station": "119900133",
			"stationNm": "성원아파트",
			"stationNo": "20857",
			"transYn": "N",
			"fullSectDist": "340",
			"trnstnid": "119900242"
		},
		{
			"arsId": "20107",
			"beginTm": "06:12",
			"busRouteAbrv": "동작05",
			"busRouteId": "119900022",
			"busRouteNm": "동작05",
			"direction": "대방역",
			"gpsX": "126.9245410607",
			"gpsY": "37.5100106698",
			"lastTm": "00:05",
			"posX": "193329.2567019254",
			"posY": "445623.6802515909",
			"routeType": "2",
			"sectSpd": "7",
			"section": "119601285",
			"seq": "41",
			"station": "119000021",
			"stationNm": "공군호텔",
			"stationNo": "20107",
			"transYn": "N",
			"fullSectDist": "228",
			"trnstnid": "119900242"
		}
	]
}