{
	"count": 22,
	"result": [
		{
			"arsId": "21507",
			"beginTm": "00:06",
			"busRouteAbrv": "관악03",
			"busRouteId": "120900003",
			"busRouteNm": "관악03",
			"direction": "신림역",
			"gpsX": "126.9415017348",
			"gpsY": "37.4911953553",
			"lastTm": "05:47",
			"posX": "194827.32151043744",
			"posY": "443534.57995612733",
			"routeType": "2",
			"sectSpd": "0",
			"section": "0",
			"seq": "1",
			"station": "120900078",
			"stationNm": "국사봉",
			"stationNo": "21507",
			"transYn": "N",
			"fullSectDist": "0",
			"trnstnid": "120900089"
		},
		{
			"arsId": "21515",
			"beginTm": "05:38",
			"busRouteAbrv": "관악03",
			"busRouteId": "120900003",
			"busRouteNm": "관악03",
			"direction": "신림역",
			"gpsX": "126.9418503621",
			"gpsY": "37.4907882284",
			"lastTm": "23:53",
			"posX": "194858.12079063014",
			"posY": "443489.37994645815",
			"routeType": "2",
			"sectSpd": "5",
			"section": "120603112",
			"seq": "2",
			"station": "120900071",
			"stationNm": "벽산아파트후문.만물슈퍼",
			"stationNo": "21515",
			"transYn": "N",
			"fullSectDist": "55",
			"trnstnid": "120900089"
		},
		{
			"arsId": "21524",
			"beginTm": "05:20",
			"busRouteAbrv": "관악03",
			"busRouteId": "120900003",
			"busRouteNm": "관악03",
			"direction": "신림역",
			"gpsX": "126.9421119066",
			"gpsY": "37.4903837611",
			"lastTm": "00:00",
			"posX": "194881.22025189153",
			"posY": "443444.4799348386",
			"routeType": "2",
			"sectSpd": "14",
			"section": "120603113",
			"seq": "3",
			"station": "120900062",
			"stationNm": "우리슈퍼",
			"stationNo": "21524",
			"transYn": "N",
			"fullSectDist": "51",
			"trnstnid": "120900089"
		},
		{
			"arsId": "21534",
			"beginTm": "05:20",
			"busRouteAbrv": "관악03",
			"busRouteId": "120900003",
			"busRouteNm": "관악03",
			"direction": "신림역",
			"gpsX": "126.9421010465",
			"gpsY": "37.4898025437",
			"lastTm": "00:00",
			"posX": "194880.22027201674",
			"posY": "443379.97993062064",
			"routeType": "2",
			"sectSpd": "6",
			"section": "120603114",
			"seq": "4",
			"station": "120900055",
			"stationNm": "수정슈퍼",
			"stationNo": "21534",
			"transYn": "N",
			"fullSectDist": "62",
			"trnstnid": "120900089"
		},
		{
			"arsId": "21544",
			"beginTm": "05:20",
			"busRouteAbrv": "관악03",
			"busRouteId": "120900003",
			"busRouteNm": "관악03",
			"direction": "신림역",
			"gpsX": "126.9418663911",
			"gpsY": "37.4890752374",
			"lastTm": "00:01",
			"posX": "194859.4207615093",
			"posY": "443299.2799180327",
			"routeType": "2",
			"sectSpd": "7",
			"section": "120603115",
			"seq": "5",
			"station": "120900046",
			"stationNm": "서울관광고등학교",
			"stationNo": "21544",
			"transYn": "N",
			"fullSectDist": "86",
			"trnstnid": "120900089"
		},
		{
			"arsId": "21553",
			"beginTm": "05:21",
			"busRouteAbrv": "관악03",
			"busRouteId": "120900003",
			"busRouteNm": "관악03",
			"direction": "신림역",
			"gpsX": "126.9415478054",
			"gpsY": "37.4886722866",
			"lastTm": "00:01",
			"posX": "194831.22142365563",
			"posY": "443254.5799102895",
			"routeType": "2",
			"sectSpd": "5",
			"section": "120603116",
			"seq": "6",
			"station": "120900037",
			"stationNm": "산성교회",
			"stationNo": "21553",
			"transYn": "N",
			"fullSectDist": "57",
			"trnstnid": "120900089"
		},
		{
			"arsId": "21563",
			"beginTm": "05:21",
			"busRouteAbrv": "관악03",
			"busRouteId": "120900003",
			"busRouteNm": "관악03",
			"direction": "신림역",
			"gpsX": "126.9404796696",
			"gpsY": "37.4880274638",
			"lastTm": "00:01",
			"posX": "194736.7236458874",
			"posY": "443183.0799077819",
			"routeType": "2",
			"sectSpd": "12",
			"section": "120603117",
			"seq": "7",
			"station": "120900028",
			"stationNm": "경천교회",
			"stationNo": "21563",
			"transYn": "N",
			"fullSectDist": "112",
			"trnstnid": "120900089"
		},
		{
			"arsId": "21573",
			"beginTm": "05:22",
			"busRouteAbrv": "관악03",
			"busRouteId": "120900003",
			"busRouteNm": "관악03",
			"direction": "신림역",
			"gpsX": "126.9393194579",
			"gpsY": "37.4865995241",
			"lastTm": "00:01",
			"posX": "194634.02605131402",
			"posY": "443024.67988277506",
			"routeType": "2",
			"sectSpd": "13",
			"section": "120603118",
			"seq": "8",
			"station": "120900019",
			"stationNm": "국회단지입구",
			"stationNo": "21573",
			"transYn": "N",
			"fullSectDist": "201",
			"trnstnid": "120900089"
		},
		{
			"arsId": "21584",
			"beginTm": "05:23",
			"busRouteAbrv": "관악03",
			"busRouteId": "120900003",
			"busRouteNm": "관악03",
			"direction": "신림역",
			"gpsX": "126.9358819578",
			"gpsY": "37.4864003668",
			"lastTm": "00:02",
			"posX": "194330.03319480884",
			"posY": "443002.7798878732",
			"routeType": "2",
			"sectSpd": "11",
			"section": "120603119",
			"seq": "9",
			"station": "120900010",
			"stationNm": "은천교앞",
			"stationNo": "21584",
			"transYn": "N",
			"fullSectDist": "347",
			"trnstnid": "120900089"
		},
		{
			"arsId": "21594",
			"beginTm": "05:25",
			"busRouteAbrv": "관악03",
			"busRouteId": "120900003",
			"busRouteNm": "관악03",
			"direction": "신림역",
			"gpsX": "126.9326664612",
			"gpsY": "37.4870744065",
			"lastTm": "00:04",
			"posX": "194045.73987794915",
			"posY": "443077.7799038738",
			"routeType": "2",
			"sectSpd": "12",
			"section": "120603120",
			"seq": "10",
			"station": "120900004",
			"stationNm": "신림성모성당앞",
			"stationNo": "21594",
			"transYn": "N",
			"fullSectDist": "455",
			"trnstnid": "120900089"
		},
		{
			"arsId": "21601",
			"beginTm": "05:28",
			"busRouteAbrv": "관악03",
			"busRouteId": "120900003",
			"busRouteNm": "관악03",
			"direction": "신림역",
			"gpsX": "126.9341252069",
			"gpsY": "37.4852937734",
			"lastTm": "00:06",
			"posX": "194174.5975404051",
			"posY": "442880.0830286932",
			"routeType": "2",
			"sectSpd": "20",
			"section": "120603121",
			"seq": "11",
			"station": "120900086",
			"stationNm": "관악우체국",
			"stationNo": "21601",
			"transYn": "N",
			"fullSectDist": "292",
			"trnstnid": "120900089"
		},
		{
			"arsId": "21651",
			"beginTm": "05:28",
			"busRouteAbrv": "관악03",
			"busRouteId": "120900003",
			"busRouteNm": "관악03",
			"direction": "신림역",
			"gpsX": "126.9296506944",
			"gpsY": "37.4854883196",
			"lastTm": "00:06",
			"posX": "193778.92606266047",
			"posY": "442901.9590321579",
			"routeType": "2",
			"sectSpd": "11",
			"section": "120603122",
			"seq": "12",
			"station": "120900089",
			"stationNm": "신림역",
			"stationNo": "21651",
			"transYn": "Y",
			"fullSectDist": "575",
			"trnstnid": "120900089"
		},
		{
			"arsId": "21686",
			"beginTm": "05:30",
			"busRouteAbrv": "관악03",
			"busRouteId": "120900003",
			"busRouteNm": "관악03",
			"direction": "국사봉",
			"gpsX": "126.9287658216",
			"gpsY": "37.4887310522",
			"lastTm": "00:09",
			"posX": "193700.9479728187",
			"posY": "443261.8799280608",
			"routeType": "2",
			"sectSpd": "9",
			"section": "120603123",
			"seq": "13",
			"station": "120900094",
			"stationNm": "당곡사거리",
			"stationNo": "21686",
			"transYn": "N",
			"fullSectDist": "605",
			"trnstnid": "120900089"
		},
		{
			"arsId": "21190",
			"beginTm": "05:33",
			"busRouteAbrv": "관악03",
			"busRouteId": "120900003",
			"busRouteNm": "관악03",
			"direction": "국사봉",
			"gpsX": "126.9358165166",
			"gpsY": "37.4862300225",
			"lastTm": "00:11",
			"posX": "194324.23333268566",
			"posY": "442983.87988564745",
			"routeType": "2",
			"sectSpd": "15",
			"section": "120603124",
			"seq": "14",
			"station": "120000088",
			"stationNm": "은천교",
			"stationNo": "21190",
			"transYn": "N",
			"fullSectDist": "544",
			"trnstnid": "120900089"
		},
		{
			"arsId": "21745",
			"beginTm": "05:36",
			"busRouteAbrv": "관악03",
			"busRouteId": "120900003",
			"busRouteNm": "관악03",
			"direction": "국사봉",
			"gpsX": "126.9386493005",
			"gpsY": "37.4860927573",
			"lastTm": "00:14",
			"posX": "194574.72744900116",
			"posY": "442968.4798841546",
			"routeType": "2",
			"sectSpd": "16",
			"section": "120603125",
			"seq": "15",
			"station": "120900179",
			"stationNm": "봉일시장",
			"stationNo": "21745",
			"transYn": "N",
			"fullSectDist": "254",
			"trnstnid": "120900089"
		},
		{
			"arsId": "21761",
			"beginTm": "05:37",
			"busRouteAbrv": "관악03",
			"busRouteId": "120900003",
			"busRouteNm": "관악03",
			"direction": "국사봉",
			"gpsX": "126.9394212827",
			"gpsY": "37.486535598",
			"lastTm": "00:15",
			"posX": "194643.02584371108",
			"posY": "443017.57988995826",
			"routeType": "2",
			"sectSpd": "5",
			"section": "120603126",
			"seq": "16",
			"station": "120900106",
			"stationNm": "국회단지입구",
			"stationNo": "21761",
			"transYn": "N",
			"fullSectDist": "95",
			"trnstnid": "120900089"
		},
		{
			"arsId": "21770",
			"beginTm": "05:39",
			"busRouteAbrv": "관악03",
			"busRouteId": "120900003",
			"busRouteNm": "관악03",
			"direction": "국사봉",
			"gpsX": "126.9405543681",
			"gpsY": "37.4879473031",
			"lastTm": "00:15",
			"posX": "194743.32348403035",
			"posY": "443174.17990454147",
			"routeType": "2",
			"sectSpd": "11",
			"section": "120603127",
			"seq": "17",
			"station": "120900109",
			"stationNm": "경천교회",
			"stationNo": "21770",
			"transYn": "N",
			"fullSectDist": "196",
			"trnstnid": "120900089"
		},
		{
			"arsId": "21775",
			"beginTm": "05:40",
			"busRouteAbrv": "관악03",
			"busRouteId": "120900003",
			"busRouteNm": "관악03",
			"direction": "국사봉",
			"gpsX": "126.9416010182",
			"gpsY": "37.4885912136",
			"lastTm": "00:16",
			"posX": "194835.9213151448",
			"posY": "443245.5799169359",
			"routeType": "2",
			"sectSpd": "8",
			"section": "120603128",
			"seq": "18",
			"station": "120900113",
			"stationNm": "산성교회",
			"stationNo": "21775",
			"transYn": "N",
			"fullSectDist": "113",
			"trnstnid": "120900089"
		},
		{
			"arsId": "21784",
			"beginTm": "05:41",
			"busRouteAbrv": "관악03",
			"busRouteId": "120900003",
			"busRouteNm": "관악03",
			"direction": "국사봉",
			"gpsX": "126.9419749791",
			"gpsY": "37.4890410488",
			"lastTm": "00:17",
			"posX": "194869.02053228533",
			"posY": "443295.47991531156",
			"routeType": "2",
			"sectSpd": "6",
			"section": "120603129",
			"seq": "19",
			"station": "120900118",
			"stationNm": "서울관광고등학교",
			"stationNo": "21784",
			"transYn": "N",
			"fullSectDist": "63",
			"trnstnid": "120900089"
		},
		{
			"arsId": "21796",
			"beginTm": "05:41",
			"busRouteAbrv": "관악03",
			"busRouteId": "120900003",
			"busRouteNm": "관악03",
			"direction": "국사봉",
			"gpsX": "126.9421498576",
			"gpsY": "37.489563775",
			"lastTm": "00:17",
			"posX": "194884.52016535393",
			"posY": "443353.4799250704",
			"routeType": "2",
			"sectSpd": "7",
			"section": "120603130",
			"seq": "20",
			"station": "120900124",
			"stationNm": "수정슈퍼",
			"stationNo": "21796",
			"transYn": "N",
			"fullSectDist": "60",
			"trnstnid": "120900089"
		},
		{
			"arsId": "21818",
			"beginTm": "05:42",
			"busRouteAbrv": "관악03",
			"busRouteId": "120900003",
			"busRouteNm": "관악03",
			"direction": "국사봉",
			"gpsX": "126.9423212961",
			"gpsY": "37.4901513787",
			"lastTm": "00:17",
			"posX": "194899.71980993418",
			"posY": "443418.6799348546",
			"routeType": "2",
			"sectSpd": "8",
			"section": "120603131",
			"seq": "21",
			"station": "120900186",
			"stationNm": "우리슈퍼",
			"stationNo": "21818",
			"transYn": "N",
			"fullSectDist": "63",
			"trnstnid": "120900089"
		},
		{
			"arsId": "21843",
			"beginTm": "05:42",
			"busRouteAbrv": "관악03",
			"busRouteId": "120900003",
			"busRouteNm": "관악03",
			"direction": "국사봉",
			"gpsX": "126.9419667962",
			"gpsY": "37.4908477585",
			"lastTm": "00:19",
			"posX": "194868.42054448705",
			"posY": "443495.9799461672",
			"routeType": "2",
			"sectSpd": "8",
			"section": "120603132",
			"seq": "22",
			"station": "120900130",
			"stationNm": "벽산아파트후문.만물슈퍼",
			"stationNo": "21843",
			"transYn": "N",
			"fullSectDist": "86",
			"trnstnid": "120900089"
		}
	]
}