{
	"count": 33,
	"result": [
		{
			"arsId": "23449",
			"beginTm": "06:00",
			"busRouteAbrv": "강남01",
			"busRouteId": "122900003",
			"busRouteNm": "강남01",
			"direction": "삼성웨딩홀",
			"gpsX": "127.0795788268",
			"gpsY": "37.4824720603",
			"lastTm": "23:46",
			"posX": "207037.53467947993",
			"posY": "442567.8798539364",
			"routeType": "2",
			"sectSpd": "0",
			"section": "0",
			"seq": "1",
			"station": "122000337",
			"stationNm": "일원동한솔아파트",
			"stationNo": "23449",
			"transYn": "N",
			"fullSectDist": "0",
			"trnstnid": "122900037"
		},
		{
			"arsId": "23383",
			"beginTm": "06:14",
			"busRouteAbrv": "강남01",
			"busRouteId": "122900003",
			"busRouteNm": "강남01",
			"direction": "삼성웨딩홀",
			"gpsX": "127.0821222482",
			"gpsY": "37.4828046299",
			"lastTm": "22:59",
			"posX": "207262.4293969734",
			"posY": "442604.9798618546",
			"routeType": "2",
			"sectSpd": "9",
			"section": "122604045",
			"seq": "2",
			"station": "122000279",
			"stationNm": "상록수아파트앞",
			"stationNo": "23383",
			"transYn": "N",
			"fullSectDist": "237",
			"trnstnid": "122900037"
		},
		{
			"arsId": "23546",
			"beginTm": "06:00",
			"busRouteAbrv": "강남01",
			"busRouteId": "122900003",
			"busRouteNm": "강남01",
			"direction": "삼성웨딩홀",
			"gpsX": "127.0837487838",
			"gpsY": "37.4842740914",
			"lastTm": "23:00",
			"posX": "207406.12602189658",
			"posY": "442768.179880281",
			"routeType": "2",
			"sectSpd": "8",
			"section": "122606976",
			"seq": "3",
			"station": "122900004",
			"stationNm": "일원역",
			"stationNo": "23546",
			"transYn": "N",
			"fullSectDist": "274",
			"trnstnid": "122900037"
		},
		{
			"arsId": "23552",
			"beginTm": "06:01",
			"busRouteAbrv": "강남01",
			"busRouteId": "122900003",
			"busRouteNm": "강남01",
			"direction": "삼성웨딩홀",
			"gpsX": "127.0831278825",
			"gpsY": "37.486220916",
			"lastTm": "23:49",
			"posX": "207351.02731117202",
			"posY": "442984.1799133546",
			"routeType": "2",
			"sectSpd": "6",
			"section": "122605259",
			"seq": "4",
			"station": "122900005",
			"stationNm": "삼성서울병원정문",
			"stationNo": "23552",
			"transYn": "N",
			"fullSectDist": "229",
			"trnstnid": "122900037"
		},
		{
			"arsId": "23558",
			"beginTm": "06:03",
			"busRouteAbrv": "강남01",
			"busRouteId": "122900003",
			"busRouteNm": "강남01",
			"direction": "삼성웨딩홀",
			"gpsX": "127.0843625606",
			"gpsY": "37.4880871291",
			"lastTm": "23:50",
			"posX": "207460.02475674395",
			"posY": "443191.3799393447",
			"routeType": "2",
			"sectSpd": "20",
			"section": "122605280",
			"seq": "5",
			"station": "122900006",
			"stationNm": "삼성의료원",
			"stationNo": "23558",
			"transYn": "N",
			"fullSectDist": "308",
			"trnstnid": "122900037"
		},
		{
			"arsId": "23564",
			"beginTm": "06:04",
			"busRouteAbrv": "강남01",
			"busRouteId": "122900003",
			"busRouteNm": "강남01",
			"direction": "삼성웨딩홀",
			"gpsX": "127.0867278996",
			"gpsY": "37.4896761036",
			"lastTm": "23:51",
			"posX": "207669.02488655015",
			"posY": "443367.9064191063",
			"routeType": "2",
			"sectSpd": "12",
			"section": "122605281",
			"seq": "6",
			"station": "122900100",
			"stationNm": "암센터후문.장례식장",
			"stationNo": "23564",
			"transYn": "N",
			"fullSectDist": "314",
			"trnstnid": "122900037"
		},
		{
			"arsId": "23569",
			"beginTm": "06:05",
			"busRouteAbrv": "강남01",
			"busRouteId": "122900003",
			"busRouteNm": "강남01",
			"direction": "삼성웨딩홀",
			"gpsX": "127.0877105812",
			"gpsY": "37.4887280795",
			"lastTm": "23:52",
			"posX": "207756.01779724247",
			"posY": "443262.7799585373",
			"routeType": "2",
			"sectSpd": "22",
			"section": "122605283",
			"seq": "7",
			"station": "122900008",
			"stationNm": "암센터정문",
			"stationNo": "23569",
			"transYn": "N",
			"fullSectDist": "407",
			"trnstnid": "122900037"
		},
		{
			"arsId": "23579",
			"beginTm": "06:06",
			"busRouteAbrv": "강남01",
			"busRouteId": "122900003",
			"busRouteNm": "강남01",
			"direction": "삼성웨딩홀",
			"gpsX": "127.0816026028",
			"gpsY": "37.4895038011",
			"lastTm": "23:53",
			"posX": "207215.83048706574",
			"posY": "443348.3799625947",
			"routeType": "2",
			"sectSpd": "13",
			"section": "122605284",
			"seq": "8",
			"station": "122900061",
			"stationNm": "래미안루체하임.일원동맛의거리",
			"stationNo": "23579",
			"transYn": "N",
			"fullSectDist": "814",
			"trnstnid": "122900037"
		},
		{
			"arsId": "23586",
			"beginTm": "06:08",
			"busRouteAbrv": "강남01",
			"busRouteId": "122900003",
			"busRouteNm": "강남01",
			"direction": "삼성웨딩홀",
			"gpsX": "127.080747403",
			"gpsY": "37.4913516516",
			"lastTm": "23:56",
			"posX": "207140.0322728622",
			"posY": "443553.3799828286",
			"routeType": "2",
			"sectSpd": "8",
			"section": "122605263",
			"seq": "9",
			"station": "122900062",
			"stationNm": "영희초등학교",
			"stationNo": "23586",
			"transYn": "N",
			"fullSectDist": "220",
			"trnstnid": "122900037"
		},
		{
			"arsId": "23911",
			"beginTm": "06:09",
			"busRouteAbrv": "강남01",
			"busRouteId": "122900003",
			"busRouteNm": "강남01",
			"direction": "삼성웨딩홀",
			"gpsX": "127.0800445003",
			"gpsY": "37.4928867094",
			"lastTm": "23:56",
			"posX": "207077.73372938868",
			"posY": "443723.68000384",
			"routeType": "2",
			"sectSpd": "14",
			"section": "122604236",
			"seq": "10",
			"station": "122900069",
			"stationNm": "중동고등학교",
			"stationNo": "23911",
			"transYn": "N",
			"fullSectDist": "180",
			"trnstnid": "122900037"
		},
		{
			"arsId": "23597",
			"beginTm": "06:10",
			"busRouteAbrv": "강남01",
			"busRouteId": "122900003",
			"busRouteNm": "강남01",
			"direction": "삼성웨딩홀",
			"gpsX": "127.0782615093",
			"gpsY": "37.4933177303",
			"lastTm": "23:57",
			"posX": "206920.03743784816",
			"posY": "443771.38000675384",
			"routeType": "2",
			"sectSpd": "5",
			"section": "122600274",
			"seq": "11",
			"station": "122900065",
			"stationNm": "강남우체국",
			"stationNo": "23597",
			"transYn": "N",
			"fullSectDist": "208",
			"trnstnid": "122900037"
		},
		{
			"arsId": "23600",
			"beginTm": "06:11",
			"busRouteAbrv": "강남01",
			"busRouteId": "122900003",
			"busRouteNm": "강남01",
			"direction": "삼성웨딩홀",
			"gpsX": "127.0753812691",
			"gpsY": "37.4923887632",
			"lastTm": "23:59",
			"posX": "206665.44342034982",
			"posY": "443668.0799946287",
			"routeType": "2",
			"sectSpd": "17",
			"section": "122600275",
			"seq": "12",
			"station": "122900066",
			"stationNm": "개포3동주민센터",
			"stationNo": "23600",
			"transYn": "N",
			"fullSectDist": "275",
			"trnstnid": "122900037"
		},
		{
			"arsId": "23395",
			"beginTm": "06:12",
			"busRouteAbrv": "강남01",
			"busRouteId": "122900003",
			"busRouteNm": "강남01",
			"direction": "삼성웨딩홀",
			"gpsX": "127.0724873208",
			"gpsY": "37.4924140029",
			"lastTm": "23:59",
			"posX": "206409.54942675523",
			"posY": "443670.67999180546",
			"routeType": "2",
			"sectSpd": "11",
			"section": "122605264",
			"seq": "13",
			"station": "122000291",
			"stationNm": "대치아파트",
			"stationNo": "23395",
			"transYn": "N",
			"fullSectDist": "340",
			"trnstnid": "122900037"
		},
		{
			"arsId": "23240",
			"beginTm": "06:13",
			"busRouteAbrv": "강남01",
			"busRouteId": "122900003",
			"busRouteNm": "강남01",
			"direction": "삼성웨딩홀",
			"gpsX": "127.0694459465",
			"gpsY": "37.4981062966",
			"lastTm": "00:00",
			"posX": "206140.15575818985",
			"posY": "444302.1800738936",
			"routeType": "2",
			"sectSpd": "7",
			"section": "122605726",
			"seq": "14",
			"station": "122000137",
			"stationNm": "쌍용아파트",
			"stationNo": "23240",
			"transYn": "N",
			"fullSectDist": "694",
			"trnstnid": "122900037"
		},
		{
			"arsId": "23511",
			"beginTm": "06:15",
			"busRouteAbrv": "강남01",
			"busRouteId": "122900003",
			"busRouteNm": "강남01",
			"direction": "삼성웨딩홀",
			"gpsX": "127.0673638246",
			"gpsY": "37.5019092536",
			"lastTm": "00:01",
			"posX": "205955.7600873853",
			"posY": "444724.0801218394",
			"routeType": "2",
			"sectSpd": "8",
			"section": "122900294",
			"seq": "15",
			"station": "122000388",
			"stationNm": "새마을운동중앙회",
			"stationNo": "23511",
			"transYn": "N",
			"fullSectDist": "465",
			"trnstnid": "122900037"
		},
		{
			"arsId": "23509",
			"beginTm": "06:16",
			"busRouteAbrv": "강남01",
			"busRouteId": "122900003",
			"busRouteNm": "강남01",
			"direction": "삼성웨딩홀",
			"gpsX": "127.065960162",
			"gpsY": "37.5044376369",
			"lastTm": "00:01",
			"posX": "205831.4630113342",
			"posY": "445004.5801624884",
			"routeType": "2",
			"sectSpd": "19",
			"section": "122600303",
			"seq": "16",
			"station": "122000386",
			"stationNm": "총회회관.휘문고입구",
			"stationNo": "23509",
			"transYn": "N",
			"fullSectDist": "316",
			"trnstnid": "122900037"
		},
		{
			"arsId": "23741",
			"beginTm": "06:17",
			"busRouteAbrv": "강남01",
			"busRouteId": "122900003",
			"busRouteNm": "강남01",
			"direction": "삼성웨딩홀",
			"gpsX": "127.0643948423",
			"gpsY": "37.5073127459",
			"lastTm": "00:02",
			"posX": "205692.85652391295",
			"posY": "445323.55037114583",
			"routeType": "2",
			"sectSpd": "8",
			"section": "122605265",
			"seq": "17",
			"station": "122900038",
			"stationNm": "삼성역",
			"stationNo": "23741",
			"transYn": "N",
			"fullSectDist": "356",
			"trnstnid": "122900037"
		},
		{
			"arsId": "23923",
			"beginTm": "06:18",
			"busRouteAbrv": "강남01",
			"busRouteId": "122900003",
			"busRouteNm": "강남01",
			"direction": "삼성웨딩홀",
			"gpsX": "127.0625020355",
			"gpsY": "37.5101582324",
			"lastTm": "00:02",
			"posX": "205525.3122772202",
			"posY": "445639.21638366906",
			"routeType": "2",
			"sectSpd": "6",
			"section": "122605266",
			"seq": "18",
			"station": "122900032",
			"stationNm": "삼성역7번출구",
			"stationNo": "23923",
			"transYn": "N",
			"fullSectDist": "363",
			"trnstnid": "122900037"
		},
		{
			"arsId": "23193",
			"beginTm": "06:22",
			"busRouteAbrv": "강남01",
			"busRouteId": "122900003",
			"busRouteNm": "강남01",
			"direction": "삼성웨딩홀",
			"gpsX": "127.0623659475",
			"gpsY": "37.5143904484",
			"lastTm": "00:05",
			"posX": "205512.97049574583",
			"posY": "446108.8802995449",
			"routeType": "2",
			"sectSpd": "22",
			"section": "122605267",
			"seq": "19",
			"station": "122000090",
			"stationNm": "봉은사역5번출구.광동한방병원",
			"stationNo": "23193",
			"transYn": "N",
			"fullSectDist": "685",
			"trnstnid": "122900037"
		},
		{
			"arsId": "23855",
			"beginTm": "06:23",
			"busRouteAbrv": "강남01",
			"busRouteId": "122900003",
			"busRouteNm": "강남01",
			"direction": "삼성웨딩홀",
			"gpsX": "127.0648043953",
			"gpsY": "37.5151343457",
			"lastTm": "00:07",
			"posX": "205728.465433545",
			"posY": "446191.58031324064",
			"routeType": "2",
			"sectSpd": "15",
			"section": "122605268",
			"seq": "20",
			"station": "122900037",
			"stationNm": "노블발렌티웨딩홀",
			"stationNo": "23855",
			"transYn": "Y",
			"fullSectDist": "434",
			"trnstnid": "122900037"
		},
		{
			"arsId": "23858",
			"beginTm": "06:24",
			"busRouteAbrv": "강남01",
			"busRouteId": "122900003",
			"busRouteNm": "강남01",
			"direction": "일원동",
			"gpsX": "127.0621094253",
			"gpsY": "37.5147131775",
			"lastTm": "23:22",
			"posX": "205490.27102542337",
			"posY": "446144.6803071834",
			"routeType": "2",
			"sectSpd": "7",
			"section": "122605269",
			"seq": "21",
			"station": "122900018",
			"stationNm": "봉은사역.삼성래미안아파트",
			"stationNo": "23858",
			"transYn": "N",
			"fullSectDist": "240",
			"trnstnid": "122900037"
		},
		{
			"arsId": "23818",
			"beginTm": "06:27",
			"busRouteAbrv": "강남01",
			"busRouteId": "122900003",
			"busRouteNm": "강남01",
			"direction": "일원동",
			"gpsX": "127.0608830771",
			"gpsY": "37.5122036814",
			"lastTm": "23:30",
			"posX": "205382.04603471395",
			"posY": "445866.1170446314",
			"routeType": "2",
			"sectSpd": "10",
			"section": "122605270",
			"seq": "22",
			"station": "122900015",
			"stationNm": "코엑스동문",
			"stationNo": "23818",
			"transYn": "N",
			"fullSectDist": "407",
			"trnstnid": "122900037"
		},
		{
			"arsId": "23199",
			"beginTm": "06:30",
			"busRouteAbrv": "강남01",
			"busRouteId": "122900003",
			"busRouteNm": "강남01",
			"direction": "일원동",
			"gpsX": "127.0621235318",
			"gpsY": "37.5101037866",
			"lastTm": "23:33",
			"posX": "205491.8557344335",
			"posY": "445633.1520827613",
			"routeType": "2",
			"sectSpd": "14",
			"section": "122605271",
			"seq": "23",
			"station": "122000096",
			"stationNm": "무역센터",
			"stationNo": "23199",
			"transYn": "N",
			"fullSectDist": "359",
			"trnstnid": "122900037"
		},
		{
			"arsId": "23244",
			"beginTm": "06:31",
			"busRouteAbrv": "강남01",
			"busRouteId": "122900003",
			"busRouteNm": "강남01",
			"direction": "일원동",
			"gpsX": "127.0637768628",
			"gpsY": "37.5072633",
			"lastTm": "23:34",
			"posX": "205638.22746668002",
			"posY": "445318.0258908556",
			"routeType": "2",
			"sectSpd": "10",
			"section": "122605272",
			"seq": "24",
			"station": "122000141",
			"stationNm": "삼성역",
			"stationNo": "23244",
			"transYn": "N",
			"fullSectDist": "269",
			"trnstnid": "122900037"
		},
		{
			"arsId": "23857",
			"beginTm": "06:33",
			"busRouteAbrv": "강남01",
			"busRouteId": "122900003",
			"busRouteNm": "강남01",
			"direction": "일원동",
			"gpsX": "127.0665041929",
			"gpsY": "37.5018655867",
			"lastTm": "23:36",
			"posX": "205879.76187728075",
			"posY": "444719.18012600765",
			"routeType": "2",
			"sectSpd": "15",
			"section": "122605273",
			"seq": "25",
			"station": "122900017",
			"stationNm": "대치2동주민센터.래미안하이스턴",
			"stationNo": "23857",
			"transYn": "N",
			"fullSectDist": "649",
			"trnstnid": "122900037"
		},
		{
			"arsId": "23236",
			"beginTm": "06:34",
			"busRouteAbrv": "강남01",
			"busRouteId": "122900003",
			"busRouteNm": "강남01",
			"direction": "일원동",
			"gpsX": "127.0683966854",
			"gpsY": "37.4984286024",
			"lastTm": "23:37",
			"posX": "206047.35793801592",
			"posY": "444337.8800757732",
			"routeType": "2",
			"sectSpd": "14",
			"section": "122605274",
			"seq": "26",
			"station": "122000133",
			"stationNm": "대치동은마아파트",
			"stationNo": "23236",
			"transYn": "N",
			"fullSectDist": "420",
			"trnstnid": "122900037"
		},
		{
			"arsId": "23359",
			"beginTm": "06:35",
			"busRouteAbrv": "강남01",
			"busRouteId": "122900003",
			"busRouteNm": "강남01",
			"direction": "일원동",
			"gpsX": "127.0757916225",
			"gpsY": "37.4922272031",
			"lastTm": "23:38",
			"posX": "206701.74257002329",
			"posY": "443650.1799909654",
			"routeType": "2",
			"sectSpd": "19",
			"section": "122605275",
			"seq": "27",
			"station": "122000255",
			"stationNm": "디에이치자이개포아파트",
			"stationNo": "23359",
			"transYn": "N",
			"fullSectDist": "1172",
			"trnstnid": "122900037"
		},
		{
			"arsId": "23728",
			"beginTm": "06:37",
			"busRouteAbrv": "강남01",
			"busRouteId": "122900003",
			"busRouteNm": "강남01",
			"direction": "일원동",
			"gpsX": "127.0795608241",
			"gpsY": "37.4932186422",
			"lastTm": "23:42",
			"posX": "207034.93473564414",
			"posY": "443760.4800088131",
			"routeType": "2",
			"sectSpd": "15",
			"section": "122600263",
			"seq": "28",
			"station": "122900067",
			"stationNm": "대청역",
			"stationNo": "23728",
			"transYn": "N",
			"fullSectDist": "404",
			"trnstnid": "122900037"
		},
		{
			"arsId": "23462",
			"beginTm": "06:40",
			"busRouteAbrv": "강남01",
			"busRouteId": "122900003",
			"busRouteNm": "강남01",
			"direction": "일원동",
			"gpsX": "127.0804871277",
			"gpsY": "37.4911914327",
			"lastTm": "23:43",
			"posX": "207117.03281112952",
			"posY": "443535.5799770048",
			"routeType": "2",
			"sectSpd": "17",
			"section": "122605606",
			"seq": "29",
			"station": "122000346",
			"stationNm": "영희초등학교",
			"stationNo": "23462",
			"transYn": "N",
			"fullSectDist": "236",
			"trnstnid": "122900037"
		},
		{
			"arsId": "23489",
			"beginTm": "06:40",
			"busRouteAbrv": "강남01",
			"busRouteId": "122900003",
			"busRouteNm": "강남01",
			"direction": "일원동",
			"gpsX": "127.0813369363",
			"gpsY": "37.4893482039",
			"lastTm": "23:44",
			"posX": "207192.35345005477",
			"posY": "443331.0922347093",
			"routeType": "2",
			"sectSpd": "9",
			"section": "122605659",
			"seq": "30",
			"station": "122000724",
			"stationNm": "래미안개포루체하임아파트",
			"stationNo": "23489",
			"transYn": "N",
			"fullSectDist": "219",
			"trnstnid": "122900037"
		},
		{
			"arsId": "23878",
			"beginTm": "06:41",
			"busRouteAbrv": "강남01",
			"busRouteId": "122900003",
			"busRouteNm": "강남01",
			"direction": "일원동",
			"gpsX": "127.0827108625",
			"gpsY": "37.4864455837",
			"lastTm": "23:45",
			"posX": "207314.1281778843",
			"posY": "443009.079917565",
			"routeType": "2",
			"sectSpd": "10",
			"section": "122605660",
			"seq": "31",
			"station": "122900025",
			"stationNm": "삼성서울병원정문건너편",
			"stationNo": "23878",
			"transYn": "N",
			"fullSectDist": "346",
			"trnstnid": "122900037"
		},
		{
			"arsId": "23880",
			"beginTm": "06:42",
			"busRouteAbrv": "강남01",
			"busRouteId": "122900003",
			"busRouteNm": "강남01",
			"direction": "일원동",
			"gpsX": "127.0834928843",
			"gpsY": "37.4839651936",
			"lastTm": "23:47",
			"posX": "207383.52654888385",
			"posY": "442733.8798812879",
			"routeType": "2",
			"sectSpd": "9",
			"section": "122605278",
			"seq": "32",
			"station": "122900026",
			"stationNm": "일원역",
			"stationNo": "23880",
			"transYn": "N",
			"fullSectDist": "286",
			"trnstnid": "122900037"
		},
		{
			"arsId": "23382",
			"beginTm": "06:43",
			"busRouteAbrv": "강남01",
			"busRouteId": "122900003",
			"busRouteNm": "강남01",
			"direction": "일원동",
			"gpsX": "127.0805834065",
			"gpsY": "37.4829129209",
			"lastTm": "23:46",
			"posX": "207126.332589281",
			"posY": "442616.8798587411",
			"routeType": "2",
			"sectSpd": "23",
			"section": "122605279",
			"seq": "33",
			"station": "122000278",
			"stationNm": "푸른마을아파트앞",
			"stationNo": "23382",
			"transYn": "N",
			"fullSectDist": "376",
			"trnstnid": "122900037"
		}
	]
}