{
	"count": 87,
	"result": [
		{
			"arsId": "38472",
			"beginTm": "11:36",
			"busRouteAbrv": "1301",
			"busRouteId": "165000150",
			"busRouteNm": "1301인천",
			"direction": "서울역",
			"gpsX": "126.637812656",
			"gpsY": "37.3680963963",
			"lastTm": ":",
			"posX": "167921.23197470853",
			"posY": "429933.7464785543",
			"routeType": "7",
			"sectSpd": "0",
			"section": "0",
			"seq": "1",
			"station": "164000472",
			"stationNm": "송도공영차고지",
			"stationNo": "38472",
			"transYn": "N",
			"trnstnid": "101000250"
		},
		{
			"arsId": "38377",
			"beginTm": "05:58",
			"busRouteAbrv": "1301",
			"busRouteId": "165000150",
			"busRouteNm": "1301인천",
			"direction": "서울역",
			"gpsX": "126.6337305909",
			"gpsY": "37.3696034803",
			"lastTm": "23:08",
			"posX": "167560.33295618207",
			"posY": "430102.3875342356",
			"routeType": "7",
			"sectSpd": "20",
			"section": "164900113",
			"seq": "2",
			"station": "164000377",
			"stationNm": "인천대학교공과대학",
			"stationNo": "38377",
			"transYn": "N",
			"fullSectDist": "399",
			"trnstnid": "101000250"
		},
		{
			"arsId": "38378",
			"beginTm": "05:00",
			"busRouteAbrv": "1301",
			"busRouteId": "165000150",
			"busRouteNm": "1301인천",
			"direction": "서울역",
			"gpsX": "126.6355771216",
			"gpsY": "37.3716356008",
			"lastTm": "23:10",
			"posX": "167724.74728892665",
			"posY": "430327.26574988756",
			"routeType": "7",
			"sectSpd": "11",
			"section": "164900114",
			"seq": "3",
			"station": "164000378",
			"stationNm": "인천대학교자연과학대학",
			"stationNo": "38378",
			"transYn": "N",
			"fullSectDist": "279",
			"trnstnid": "101000250"
		},
		{
			"arsId": "38368",
			"beginTm": "05:00",
			"busRouteAbrv": "1301",
			"busRouteId": "165000150",
			"busRouteNm": "1301인천",
			"direction": "서울역",
			"gpsX": "126.6443222865",
			"gpsY": "37.3822004155",
			"lastTm": "23:10",
			"posX": "168503.68719748504",
			"posY": "431496.7250466412",
			"routeType": "7",
			"sectSpd": "22",
			"section": "164900115",
			"seq": "4",
			"station": "164000368",
			"stationNm": "미추홀공원",
			"stationNo": "38368",
			"transYn": "N",
			"fullSectDist": "1419",
			"trnstnid": "101000250"
		},
		{
			"arsId": "38381",
			"beginTm": "05:04",
			"busRouteAbrv": "1301",
			"busRouteId": "165000150",
			"busRouteNm": "1301인천",
			"direction": "서울역",
			"gpsX": "126.646374823",
			"gpsY": "37.3873435291",
			"lastTm": "23:14",
			"posX": "168687.58487044397",
			"posY": "432066.7916036551",
			"routeType": "7",
			"sectSpd": "23",
			"section": "164900116",
			"seq": "5",
			"station": "164000381",
			"stationNm": "송도더샵퍼스트월드(서문)",
			"stationNo": "38381",
			"transYn": "N",
			"fullSectDist": "761",
			"trnstnid": "101000250"
		},
		{
			"arsId": "66034",
			"beginTm": "05:07",
			"busRouteAbrv": "1301",
			"busRouteId": "165000150",
			"busRouteNm": "1301인천",
			"direction": "서울역",
			"gpsX": "126.6487394114",
			"gpsY": "37.3921238822",
			"lastTm": "23:00",
			"posX": "168898.9375081946",
			"posY": "432596.5027588033",
			"routeType": "7",
			"sectSpd": "22",
			"section": "164900117",
			"seq": "6",
			"station": "164000411",
			"stationNm": "해양경찰청",
			"stationNo": "66034",
			"transYn": "N",
			"fullSectDist": "777",
			"trnstnid": "101000250"
		},
		{
			"arsId": "38034",
			"beginTm": "05:08",
			"busRouteAbrv": "1301",
			"busRouteId": "165000150",
			"busRouteNm": "1301인천",
			"direction": "서울역",
			"gpsX": "126.652412299",
			"gpsY": "37.3918715185",
			"lastTm": "23:02",
			"posX": "169224.03756798577",
			"posY": "432567.29263368575",
			"routeType": "7",
			"sectSpd": "15",
			"section": "164900118",
			"seq": "7",
			"station": "164000034",
			"stationNm": "송도풍림아이원2단지",
			"stationNo": "38034",
			"transYn": "N",
			"fullSectDist": "508",
			"trnstnid": "101000250"
		},
		{
			"arsId": "38349",
			"beginTm": "05:09",
			"busRouteAbrv": "1301",
			"busRouteId": "165000150",
			"busRouteNm": "1301인천",
			"direction": "서울역",
			"gpsX": "126.6554357013",
			"gpsY": "37.3898614635",
			"lastTm": "23:04",
			"posX": "169490.9206049352",
			"posY": "432343.24758563517",
			"routeType": "7",
			"sectSpd": "9",
			"section": "164900119",
			"seq": "8",
			"station": "164000349",
			"stationNm": "금호아파트",
			"stationNo": "38349",
			"transYn": "N",
			"fullSectDist": "347",
			"trnstnid": "101000250"
		},
		{
			"arsId": "38016",
			"beginTm": "05:11",
			"busRouteAbrv": "1301",
			"busRouteId": "165000150",
			"busRouteNm": "1301인천",
			"direction": "서울역",
			"gpsX": "126.660142578",
			"gpsY": "37.3870390458",
			"lastTm": "23:06",
			"posX": "169906.55913766872",
			"posY": "432028.5222119619",
			"routeType": "7",
			"sectSpd": "18",
			"section": "164900120",
			"seq": "9",
			"station": "164000016",
			"stationNm": "한진아파트",
			"stationNo": "38016",
			"transYn": "N",
			"fullSectDist": "520",
			"trnstnid": "101000250"
		},
		{
			"arsId": "38489",
			"beginTm": "05:12",
			"busRouteAbrv": "1301",
			"busRouteId": "165000150",
			"busRouteNm": "1301인천",
			"direction": "서울역",
			"gpsX": "126.6632487815",
			"gpsY": "37.3864467368",
			"lastTm": "23:07",
			"posX": "170181.37118448463",
			"posY": "431961.8054734464",
			"routeType": "7",
			"sectSpd": "11",
			"section": "164900121",
			"seq": "10",
			"station": "164000489",
			"stationNm": "연세대송도캠퍼스입구",
			"stationNo": "38489",
			"transYn": "N",
			"fullSectDist": "335",
			"trnstnid": "101000250"
		},
		{
			"arsId": "39005",
			"beginTm": "05:13",
			"busRouteAbrv": "1301",
			"busRouteId": "165000150",
			"busRouteNm": "1301인천",
			"direction": "서울역",
			"gpsX": "126.7059844802",
			"gpsY": "37.3804713147",
			"lastTm": "23:00",
			"posX": "173963.47293805855",
			"posY": "431286.0450237314",
			"routeType": "7",
			"sectSpd": "54",
			"section": "164900122",
			"seq": "11",
			"station": "165000005",
			"stationNm": "운전면허시험장",
			"stationNo": "39005",
			"transYn": "N",
			"fullSectDist": "4204",
			"trnstnid": "101000250"
		},
		{
			"arsId": "39744",
			"beginTm": "05:18",
			"busRouteAbrv": "1301",
			"busRouteId": "165000150",
			"busRouteNm": "1301인천",
			"direction": "서울역",
			"gpsX": "126.723609288",
			"gpsY": "37.3844466065",
			"lastTm": "23:00",
			"posX": "175525.53213808962",
			"posY": "431722.47957467055",
			"routeType": "7",
			"sectSpd": "45",
			"section": "165900123",
			"seq": "12",
			"station": "165000744",
			"stationNm": "남동소래아트홀",
			"stationNo": "39744",
			"transYn": "N",
			"fullSectDist": "2071",
			"trnstnid": "101000250"
		},
		{
			"arsId": "39714",
			"beginTm": "05:20",
			"busRouteAbrv": "1301",
			"busRouteId": "165000150",
			"busRouteNm": "1301인천",
			"direction": "서울역",
			"gpsX": "126.7257673922",
			"gpsY": "37.3891967585",
			"lastTm": "23:00",
			"posX": "175718.16521454783",
			"posY": "432249.06243365724",
			"routeType": "7",
			"sectSpd": "19",
			"section": "165900124",
			"seq": "13",
			"station": "165000714",
			"stationNm": "에코메트로7단지",
			"stationNo": "39714",
			"transYn": "N",
			"fullSectDist": "747",
			"trnstnid": "101000250"
		},
		{
			"arsId": "39657",
			"beginTm": "05:22",
			"busRouteAbrv": "1301",
			"busRouteId": "165000150",
			"busRouteNm": "1301인천",
			"direction": "서울역",
			"gpsX": "126.7295811671",
			"gpsY": "37.3934029374",
			"lastTm": "23:02",
			"posX": "176057.1931525",
			"posY": "432714.8619841924",
			"routeType": "7",
			"sectSpd": "8",
			"section": "165900125",
			"seq": "14",
			"station": "165000657",
			"stationNm": "원동초등학교",
			"stationNo": "39657",
			"transYn": "N",
			"fullSectDist": "612",
			"trnstnid": "101000250"
		},
		{
			"arsId": "39708",
			"beginTm": "05:24",
			"busRouteAbrv": "1301",
			"busRouteId": "165000150",
			"busRouteNm": "1301인천",
			"direction": "서울역",
			"gpsX": "126.7259776377",
			"gpsY": "37.3960337503",
			"lastTm": "23:05",
			"posX": "175738.9850291026",
			"posY": "433007.7331334078",
			"routeType": "7",
			"sectSpd": "12",
			"section": "165900126",
			"seq": "15",
			"station": "165000708",
			"stationNm": "논현동힐스테이트",
			"stationNo": "39708",
			"transYn": "N",
			"fullSectDist": "433",
			"trnstnid": "101000250"
		},
		{
			"arsId": "39622",
			"beginTm": "05:26",
			"busRouteAbrv": "1301",
			"busRouteId": "165000150",
			"busRouteNm": "1301인천",
			"direction": "서울역",
			"gpsX": "126.723355595",
			"gpsY": "37.3998289728",
			"lastTm": "23:07",
			"posX": "175508.07285379217",
			"posY": "433429.58010904863",
			"routeType": "7",
			"sectSpd": "25",
			"section": "165900127",
			"seq": "16",
			"station": "165000622",
			"stationNm": "청능로사거리",
			"stationNo": "39622",
			"transYn": "N",
			"fullSectDist": "511",
			"trnstnid": "101000250"
		},
		{
			"arsId": "39569",
			"beginTm": "05:28",
			"busRouteAbrv": "1301",
			"busRouteId": "165000150",
			"busRouteNm": "1301인천",
			"direction": "서울역",
			"gpsX": "126.7255556034",
			"gpsY": "37.403301185",
			"lastTm": "23:07",
			"posX": "175703.96584644058",
			"posY": "433814.33524700534",
			"routeType": "7",
			"sectSpd": "15",
			"section": "165900128",
			"seq": "17",
			"station": "165000569",
			"stationNm": "논현8단지동산마을",
			"stationNo": "39569",
			"transYn": "N",
			"fullSectDist": "598",
			"trnstnid": "101000250"
		},
		{
			"arsId": "39573",
			"beginTm": "05:30",
			"busRouteAbrv": "1301",
			"busRouteId": "165000150",
			"busRouteNm": "1301인천",
			"direction": "서울역",
			"gpsX": "126.7342785265",
			"gpsY": "37.4072314103",
			"lastTm": "23:09",
			"posX": "176477.41967749197",
			"posY": "434248.2757662982",
			"routeType": "7",
			"sectSpd": "35",
			"section": "165900129",
			"seq": "18",
			"station": "165000573",
			"stationNm": "논현중학교",
			"stationNo": "39573",
			"transYn": "N",
			"fullSectDist": "892",
			"trnstnid": "101000250"
		},
		{
			"arsId": "39575",
			"beginTm": "05:32",
			"busRouteAbrv": "1301",
			"busRouteId": "165000150",
			"busRouteNm": "1301인천",
			"direction": "서울역",
			"gpsX": "126.7365456589",
			"gpsY": "37.4189166019",
			"lastTm": "23:10",
			"posX": "176681.737175567",
			"posY": "435544.46333077597",
			"routeType": "7",
			"sectSpd": "34",
			"section": "165900130",
			"seq": "19",
			"station": "165000575",
			"stationNm": "큰방죽삼거리",
			"stationNo": "39575",
			"transYn": "N",
			"fullSectDist": "1486",
			"trnstnid": "101000250"
		},
		{
			"arsId": "39220",
			"beginTm": "05:36",
			"busRouteAbrv": "1301",
			"busRouteId": "165000150",
			"busRouteNm": "1301인천",
			"direction": "서울역",
			"gpsX": "126.7360583299",
			"gpsY": "37.4366616059",
			"lastTm": "23:12",
			"posX": "176644.11726584943",
			"posY": "437513.8200884056",
			"routeType": "7",
			"sectSpd": "43",
			"section": "165900131",
			"seq": "20",
			"station": "165000220",
			"stationNm": "남동중학교",
			"stationNo": "39220",
			"transYn": "N",
			"fullSectDist": "2496",
			"trnstnid": "101000250"
		},
		{
			"arsId": "39249",
			"beginTm": "05:40",
			"busRouteAbrv": "1301",
			"busRouteId": "165000150",
			"busRouteNm": "1301인천",
			"direction": "서울역",
			"gpsX": "126.7381276743",
			"gpsY": "37.4394686071",
			"lastTm": "23:15",
			"posX": "176828.09693788885",
			"posY": "437824.8143215333",
			"routeType": "7",
			"sectSpd": "21",
			"section": "165900132",
			"seq": "21",
			"station": "165000249",
			"stationNm": "삼익.광명아파트",
			"stationNo": "39249",
			"transYn": "N",
			"fullSectDist": "471",
			"trnstnid": "101000250"
		},
		{
			"arsId": "39312",
			"beginTm": "05:43",
			"busRouteAbrv": "1301",
			"busRouteId": "165000150",
			"busRouteNm": "1301인천",
			"direction": "서울역",
			"gpsX": "126.7389067236",
			"gpsY": "37.4443287168",
			"lastTm": "23:17",
			"posX": "176898.52589023538",
			"posY": "438363.9706965373",
			"routeType": "7",
			"sectSpd": "9",
			"section": "165900133",
			"seq": "22",
			"station": "165000312",
			"stationNm": "한국건설생활환경시험연구원",
			"stationNo": "39312",
			"transYn": "N",
			"fullSectDist": "567",
			"trnstnid": "101000250"
		},
		{
			"arsId": "39342",
			"beginTm": ":",
			"busRouteAbrv": "1301",
			"busRouteId": "165000150",
			"busRouteNm": "1301인천",
			"direction": "서울역",
			"gpsX": "126.7406206014",
			"gpsY": "37.4464442877",
			"lastTm": ":",
			"posX": "177050.8159077773",
			"posY": "438598.3262171382",
			"routeType": "7",
			"sectSpd": "12",
			"section": "165900134",
			"seq": "23",
			"station": "165000342",
			"stationNm": "장수초등학교",
			"stationNo": "39342",
			"transYn": "N",
			"fullSectDist": "281",
			"trnstnid": "101000250"
		},
		{
			"arsId": "40155",
			"beginTm": ":",
			"busRouteAbrv": "1301",
			"busRouteId": "165000150",
			"busRouteNm": "1301인천",
			"direction": "서울역",
			"gpsX": "126.7510844807",
			"gpsY": "37.474627757",
			"lastTm": ":",
			"posX": "177984.89757014447",
			"posY": "441723.48117993167",
			"routeType": "7",
			"sectSpd": "36",
			"section": "165900135",
			"seq": "24",
			"station": "166000155",
			"stationNm": "근로복지공단인천병원",
			"stationNo": "40155",
			"transYn": "N",
			"fullSectDist": "3839",
			"trnstnid": "101000250"
		},
		{
			"arsId": "0",
			"beginTm": ":",
			"busRouteAbrv": "1301",
			"busRouteId": "165000150",
			"busRouteNm": "1301인천",
			"direction": "서울역",
			"gpsX": "126.7560406781",
			"gpsY": "37.496091762",
			"lastTm": ":",
			"posX": "178429.41683661606",
			"posY": "444104.30523757124",
			"routeType": "7",
			"sectSpd": "31",
			"section": "166900140",
			"seq": "25",
			"station": "210000061",
			"stationNm": "사랑마을벽산.선경.삼익아파트",
			"stationNo": "0",
			"transYn": "N",
			"fullSectDist": "2151",
			"trnstnid": "101000250"
		},
		{
			"arsId": "0",
			"beginTm": "05:55",
			"busRouteAbrv": "1301",
			"busRouteId": "165000150",
			"busRouteNm": "1301인천",
			"direction": "서울역",
			"gpsX": "126.7612595103",
			"gpsY": "37.5047746931",
			"lastTm": "23:30",
			"posX": "178893.30459556344",
			"posY": "445066.71397924004",
			"routeType": "7",
			"sectSpd": "18",
			"section": "210900546",
			"seq": "26",
			"station": "210000166",
			"stationNm": "부천시청역3번출구.경기예고.현 ",
			"stationNo": "0",
			"transYn": "N",
			"fullSectDist": "1311",
			"trnstnid": "101000250"
		},
		{
			"arsId": "0",
			"beginTm": "05:57",
			"busRouteAbrv": "1301",
			"busRouteId": "165000150",
			"busRouteNm": "1301인천",
			"direction": "서울역",
			"gpsX": "126.7667558427",
			"gpsY": "37.5040027405",
			"lastTm": "23:31",
			"posX": "179379.01563695684",
			"posY": "444979.82762639364",
			"routeType": "7",
			"sectSpd": "15",
			"section": "210900547",
			"seq": "27",
			"station": "210000165",
			"stationNm": "부천시청역1번출구.부천아트센터",
			"stationNo": "0",
			"transYn": "N",
			"fullSectDist": "508",
			"trnstnid": "101000250"
		},
		{
			"arsId": "0",
			"beginTm": "05:59",
			"busRouteAbrv": "1301",
			"busRouteId": "165000150",
			"busRouteNm": "1301인천",
			"direction": "서울역",
			"gpsX": "126.7699156704",
			"gpsY": "37.5036156791",
			"lastTm": "23:32",
			"posX": "179658.26959752053",
			"posY": "444936.18562455056",
			"routeType": "7",
			"sectSpd": "9",
			"section": "210700131",
			"seq": "28",
			"station": "210000218",
			"stationNm": "계룡리슈빌",
			"stationNo": "0",
			"transYn": "N",
			"fullSectDist": "282",
			"trnstnid": "101000250"
		},
		{
			"arsId": "46080",
			"beginTm": "06:00",
			"busRouteAbrv": "1301",
			"busRouteId": "165000150",
			"busRouteNm": "1301인천",
			"direction": "서울역",
			"gpsX": "126.7757845131",
			"gpsY": "37.505442255",
			"lastTm": "23:33",
			"posX": "180177.61699934542",
			"posY": "445137.6383798281",
			"routeType": "7",
			"sectSpd": "15",
			"section": "210900549",
			"seq": "29",
			"station": "210000168",
			"stationNm": "신중동역6번출구.중흥중학교",
			"stationNo": "46080",
			"transYn": "N",
			"fullSectDist": "858",
			"trnstnid": "101000250"
		},
		{
			"arsId": "0",
			"beginTm": "06:03",
			"busRouteAbrv": "1301",
			"busRouteId": "165000150",
			"busRouteNm": "1301인천",
			"direction": "서울역",
			"gpsX": "126.7754440638",
			"gpsY": "37.5157084294",
			"lastTm": "23:36",
			"posX": "180150.23755609727",
			"posY": "446277.0048215077",
			"routeType": "7",
			"sectSpd": "21",
			"section": "210900550",
			"seq": "30",
			"station": "212000396",
			"stationNm": "약대사거리",
			"stationNo": "0",
			"transYn": "N",
			"fullSectDist": "1166",
			"trnstnid": "101000250"
		},
		{
			"arsId": " ",
			"beginTm": "06:07",
			"busRouteAbrv": "1301",
			"busRouteId": "165000150",
			"busRouteNm": "1301인천",
			"direction": "서울역",
			"gpsX": "126.7793721843",
			"gpsY": "37.5239111928",
			"lastTm": "23:39",
			"posX": "180499.60158821935",
			"posY": "447186.491118846",
			"routeType": "7",
			"sectSpd": "14",
			"section": "212900614",
			"seq": "31",
			"station": "277103846",
			"stationNm": "부천IC진입(경유)",
			"stationNo": "미정차",
			"transYn": "N",
			"fullSectDist": "1155",
			"trnstnid": "101000250"
		},
		{
			"arsId": " ",
			"beginTm": "06:11",
			"busRouteAbrv": "1301",
			"busRouteId": "165000150",
			"busRouteNm": "1301인천",
			"direction": "서울역",
			"gpsX": "126.8344737926",
			"gpsY": "37.5253068664",
			"lastTm": "23:42",
			"posX": "185370.0860915704",
			"posY": "447331.38070092164",
			"routeType": "7",
			"sectSpd": "19",
			"section": "277901457",
			"seq": "32",
			"station": "277103843",
			"stationNm": "신월IC(경유)",
			"stationNo": "미정차",
			"transYn": "N",
			"fullSectDist": "4939",
			"trnstnid": "101000250"
		},
		{
			"arsId": "19222",
			"beginTm": "06:15",
			"busRouteAbrv": "1301",
			"busRouteId": "165000150",
			"busRouteNm": "1301인천",
			"direction": "서울역",
			"gpsX": "126.8965986626",
			"gpsY": "37.5340353405",
			"lastTm": "23:45",
			"posX": "190862.0146603894",
			"posY": "448292.1806662143",
			"routeType": "7",
			"sectSpd": "18",
			"section": "277901299",
			"seq": "33",
			"station": "118000137",
			"stationNm": "선유고등학교",
			"stationNo": "19222",
			"transYn": "N",
			"fullSectDist": "5901",
			"trnstnid": "101000250"
		},
		{
			"arsId": "14011",
			"beginTm": "06:24",
			"busRouteAbrv": "1301",
			"busRouteId": "165000150",
			"busRouteNm": "1301인천",
			"direction": "서울역",
			"gpsX": "126.912832397",
			"gpsY": "37.5488741717",
			"lastTm": "23:53",
			"posX": "192298.180925963",
			"posY": "449937.4808531306",
			"routeType": "7",
			"sectSpd": "22",
			"section": "118705914",
			"seq": "34",
			"station": "113000424",
			"stationNm": "합정역",
			"stationNo": "14011",
			"transYn": "N",
			"fullSectDist": "2174",
			"trnstnid": "101000250"
		},
		{
			"arsId": "14013",
			"beginTm": "06:26",
			"busRouteAbrv": "1301",
			"busRouteId": "165000150",
			"busRouteNm": "1301인천",
			"direction": "서울역",
			"gpsX": "126.9195815796",
			"gpsY": "37.5536367406",
			"lastTm": "23:54",
			"posX": "192894.9669115906",
			"posY": "450465.48091993574",
			"routeType": "7",
			"sectSpd": "18",
			"section": "113700001",
			"seq": "35",
			"station": "113000423",
			"stationNm": "서교동",
			"stationNo": "14013",
			"transYn": "N",
			"fullSectDist": "814",
			"trnstnid": "101000250"
		},
		{
			"arsId": "14015",
			"beginTm": "06:29",
			"busRouteAbrv": "1301",
			"busRouteId": "165000150",
			"busRouteNm": "1301인천",
			"direction": "서울역",
			"gpsX": "126.9231959983",
			"gpsY": "37.5563734241",
			"lastTm": "23:57",
			"posX": "193214.5519554514",
			"posY": "450768.92066183686",
			"routeType": "7",
			"sectSpd": "10",
			"section": "113700002",
			"seq": "36",
			"station": "113000422",
			"stationNm": "홍대입구역",
			"stationNo": "14015",
			"transYn": "N",
			"fullSectDist": "521",
			"trnstnid": "101000250"
		},
		{
			"arsId": "14061",
			"beginTm": "06:30",
			"busRouteAbrv": "1301",
			"busRouteId": "165000150",
			"busRouteNm": "1301인천",
			"direction": "서울역",
			"gpsX": "126.9284587797",
			"gpsY": "37.5580596154",
			"lastTm": "23:57",
			"posX": "193679.64847269296",
			"posY": "450955.6809729887",
			"routeType": "7",
			"sectSpd": "14",
			"section": "113702227",
			"seq": "37",
			"station": "113000421",
			"stationNm": "동교동삼거리",
			"stationNo": "14061",
			"transYn": "N",
			"fullSectDist": "522",
			"trnstnid": "101000250"
		},
		{
			"arsId": "14062",
			"beginTm": "06:32",
			"busRouteAbrv": "1301",
			"busRouteId": "165000150",
			"busRouteNm": "1301인천",
			"direction": "서울역",
			"gpsX": "126.9358930618",
			"gpsY": "37.5553966479",
			"lastTm": "00:00",
			"posX": "194336.23305275184",
			"posY": "450659.6809212994",
			"routeType": "7",
			"sectSpd": "31",
			"section": "113702005",
			"seq": "38",
			"station": "113000420",
			"stationNm": "신촌오거리.현대백화점",
			"stationNo": "14062",
			"transYn": "N",
			"fullSectDist": "686",
			"trnstnid": "101000250"
		},
		{
			"arsId": "14063",
			"beginTm": ":",
			"busRouteAbrv": "1301",
			"busRouteId": "165000150",
			"busRouteNm": "1301인천",
			"direction": "서울역",
			"gpsX": "126.9401437605",
			"gpsY": "37.5560656888",
			"lastTm": ":",
			"posX": "194711.8242257841",
			"posY": "450733.68092826894",
			"routeType": "7",
			"sectSpd": "10",
			"section": "113700004",
			"seq": "39",
			"station": "113000419",
			"stationNm": "신촌오거리.2호선신촌역",
			"stationNo": "14063",
			"transYn": "N",
			"fullSectDist": "414",
			"trnstnid": "101000250"
		},
		{
			"arsId": "14064",
			"beginTm": "06:35",
			"busRouteAbrv": "1301",
			"busRouteId": "165000150",
			"busRouteNm": "1301인천",
			"direction": "서울역",
			"gpsX": "126.9445938349",
			"gpsY": "37.5566130226",
			"lastTm": "00:10",
			"posX": "195105.01499249114",
			"posY": "450794.1809254568",
			"routeType": "7",
			"sectSpd": "22",
			"section": "113700005",
			"seq": "40",
			"station": "113000418",
			"stationNm": "이대역",
			"stationNo": "14064",
			"transYn": "N",
			"fullSectDist": "418",
			"trnstnid": "101000250"
		},
		{
			"arsId": "14067",
			"beginTm": "07:28",
			"busRouteAbrv": "1301",
			"busRouteId": "165000150",
			"busRouteNm": "1301인천",
			"direction": "서울역",
			"gpsX": "126.951517",
			"gpsY": "37.557092",
			"lastTm": "00:04",
			"posX": "195716.6853844114",
			"posY": "450846.99803195195",
			"routeType": "7",
			"sectSpd": "18",
			"section": "113700006",
			"seq": "41",
			"station": "113000476",
			"stationNm": "웨딩타운",
			"stationNo": "14067",
			"transYn": "N",
			"fullSectDist": "558",
			"trnstnid": "101000250"
		},
		{
			"arsId": "14068",
			"beginTm": ":",
			"busRouteAbrv": "1301",
			"busRouteId": "165000150",
			"busRouteNm": "1301인천",
			"direction": "서울역",
			"gpsX": "126.9547468414",
			"gpsY": "37.5572984359",
			"lastTm": ":",
			"posX": "196002.04236312554",
			"posY": "450869.76523501053",
			"routeType": "7",
			"sectSpd": "13",
			"section": "113700007",
			"seq": "42",
			"station": "113000477",
			"stationNm": "아현역",
			"stationNo": "14068",
			"transYn": "N",
			"fullSectDist": "321",
			"trnstnid": "101000250"
		},
		{
			"arsId": "02107",
			"beginTm": ":",
			"busRouteAbrv": "1301",
			"busRouteId": "165000150",
			"busRouteNm": "1301인천",
			"direction": "서울역",
			"gpsX": "126.964480544",
			"gpsY": "37.5595131906",
			"lastTm": ":",
			"posX": "196862.0737184617",
			"posY": "451115.1809547399",
			"routeType": "7",
			"sectSpd": "14",
			"section": "113700532",
			"seq": "43",
			"station": "101000015",
			"stationNm": "종근당.충정로역",
			"stationNo": "02107",
			"transYn": "N",
			"fullSectDist": "993",
			"trnstnid": "101000250"
		},
		{
			"arsId": "02685",
			"beginTm": "07:32",
			"busRouteAbrv": "1301",
			"busRouteId": "165000150",
			"busRouteNm": "1301인천",
			"direction": "서울역",
			"gpsX": "126.9714375484",
			"gpsY": "37.5580570854",
			"lastTm": "00:08",
			"posX": "197476.63333518547",
			"posY": "450953.3783180746",
			"routeType": "7",
			"sectSpd": "10",
			"section": "101900071",
			"seq": "44",
			"station": "101000250",
			"stationNm": "서울역",
			"stationNo": "02685",
			"transYn": "Y",
			"fullSectDist": "1122",
			"trnstnid": "101000250"
		},
		{
			"arsId": "13253",
			"beginTm": "06:45",
			"busRouteAbrv": "1301",
			"busRouteId": "165000150",
			"busRouteNm": "1301인천",
			"direction": "송도공영차고지",
			"gpsX": "126.9642110489",
			"gpsY": "37.5597212618",
			"lastTm": "00:11",
			"posX": "196838.27426950182",
			"posY": "451138.28095501196",
			"routeType": "7",
			"sectSpd": "15",
			"section": "101900101",
			"seq": "45",
			"station": "112000170",
			"stationNm": "충정로역2호선",
			"stationNo": "13253",
			"transYn": "N",
			"fullSectDist": "1893",
			"trnstnid": "101000250"
		},
		{
			"arsId": "13044",
			"beginTm": "06:52",
			"busRouteAbrv": "1301",
			"busRouteId": "165000150",
			"busRouteNm": "1301인천",
			"direction": "송도공영차고지",
			"gpsX": "126.956593",
			"gpsY": "37.557425",
			"lastTm": "00:29",
			"posX": "196165.15048649142",
			"posY": "450883.7339223912",
			"routeType": "7",
			"sectSpd": "20",
			"section": "112702427",
			"seq": "46",
			"station": "113000478",
			"stationNm": "아현역",
			"stationNo": "13044",
			"transYn": "N",
			"fullSectDist": "754",
			"trnstnid": "101000250"
		},
		{
			"arsId": "13042",
			"beginTm": "06:54",
			"busRouteAbrv": "1301",
			"busRouteId": "165000150",
			"busRouteNm": "1301인천",
			"direction": "송도공영차고지",
			"gpsX": "126.952408",
			"gpsY": "37.557227",
			"lastTm": "00:22",
			"posX": "195795.40991321098",
			"posY": "450861.93959614355",
			"routeType": "7",
			"sectSpd": "18",
			"section": "113702008",
			"seq": "47",
			"station": "113000475",
			"stationNm": "웨딩타운",
			"stationNo": "13042",
			"transYn": "N",
			"fullSectDist": "394",
			"trnstnid": "101000250"
		},
		{
			"arsId": "13025",
			"beginTm": "06:56",
			"busRouteAbrv": "1301",
			"busRouteId": "165000150",
			"busRouteNm": "1301인천",
			"direction": "송도공영차고지",
			"gpsX": "126.9472705221",
			"gpsY": "37.5568755655",
			"lastTm": "00:25",
			"posX": "195341.50943805787",
			"posY": "450823.1809257157",
			"routeType": "7",
			"sectSpd": "22",
			"section": "113603377",
			"seq": "48",
			"station": "113000411",
			"stationNm": "이대역",
			"stationNo": "13025",
			"transYn": "N",
			"fullSectDist": "492",
			"trnstnid": "101000250"
		},
		{
			"arsId": "13023",
			"beginTm": "06:57",
			"busRouteAbrv": "1301",
			"busRouteId": "165000150",
			"busRouteNm": "1301인천",
			"direction": "송도공영차고지",
			"gpsX": "126.9389815648",
			"gpsY": "37.555788458",
			"lastTm": "00:26",
			"posX": "194609.1266418103",
			"posY": "450702.98091748403",
			"routeType": "7",
			"sectSpd": "15",
			"section": "113700011",
			"seq": "49",
			"station": "113000417",
			"stationNm": "신촌오거리.2호선신촌역",
			"stationNo": "13023",
			"transYn": "N",
			"fullSectDist": "786",
			"trnstnid": "101000250"
		},
		{
			"arsId": "13021",
			"beginTm": "06:59",
			"busRouteAbrv": "1301",
			"busRouteId": "165000150",
			"busRouteNm": "1301인천",
			"direction": "송도공영차고지",
			"gpsX": "126.9345037666",
			"gpsY": "37.5559833987",
			"lastTm": "00:28",
			"posX": "194213.53593593749",
			"posY": "450724.8809261853",
			"routeType": "7",
			"sectSpd": "12",
			"section": "113700012",
			"seq": "50",
			"station": "113000416",
			"stationNm": "신촌오거리.현대백화점",
			"stationNo": "13021",
			"transYn": "N",
			"fullSectDist": "377",
			"trnstnid": "101000250"
		},
		{
			"arsId": "13019",
			"beginTm": "07:00",
			"busRouteAbrv": "1301",
			"busRouteId": "165000150",
			"busRouteNm": "1301인천",
			"direction": "송도공영차고지",
			"gpsX": "126.92951964",
			"gpsY": "37.5577646946",
			"lastTm": "00:29",
			"posX": "193773.34627534557",
			"posY": "450922.88095744746",
			"routeType": "7",
			"sectSpd": "18",
			"section": "113702009",
			"seq": "51",
			"station": "113000415",
			"stationNm": "동교동삼거리",
			"stationNo": "13019",
			"transYn": "N",
			"fullSectDist": "492",
			"trnstnid": "101000250"
		},
		{
			"arsId": "14016",
			"beginTm": "07:02",
			"busRouteAbrv": "1301",
			"busRouteId": "165000150",
			"busRouteNm": "1301인천",
			"direction": "송도공영차고지",
			"gpsX": "126.9245894295",
			"gpsY": "37.5574769032",
			"lastTm": "00:31",
			"posX": "193337.75650262798",
			"posY": "450891.2809641529",
			"routeType": "7",
			"sectSpd": "14",
			"section": "113702226",
			"seq": "52",
			"station": "113000414",
			"stationNm": "홍대입구역",
			"stationNo": "14016",
			"transYn": "N",
			"fullSectDist": "524",
			"trnstnid": "101000250"
		},
		{
			"arsId": "14014",
			"beginTm": "07:05",
			"busRouteAbrv": "1301",
			"busRouteId": "165000150",
			"busRouteNm": "1301인천",
			"direction": "송도공영차고지",
			"gpsX": "126.9202362534",
			"gpsY": "37.5542490276",
			"lastTm": "00:31",
			"posX": "192952.86554358678",
			"posY": "450533.3809251324",
			"routeType": "7",
			"sectSpd": "12",
			"section": "113700014",
			"seq": "53",
			"station": "113000413",
			"stationNm": "서교동",
			"stationNo": "14014",
			"transYn": "N",
			"fullSectDist": "517",
			"trnstnid": "101000250"
		},
		{
			"arsId": "14012",
			"beginTm": ":",
			"busRouteAbrv": "1301",
			"busRouteId": "165000150",
			"busRouteNm": "1301인천",
			"direction": "송도공영차고지",
			"gpsX": "126.9139971746",
			"gpsY": "37.5496815057",
			"lastTm": ":",
			"posX": "192401.17851077256",
			"posY": "450026.98086342076",
			"routeType": "7",
			"sectSpd": "13",
			"section": "113700609",
			"seq": "54",
			"station": "113000412",
			"stationNm": "합정역",
			"stationNo": "14012",
			"transYn": "N",
			"fullSectDist": "765",
			"trnstnid": "101000250"
		},
		{
			"arsId": "19221",
			"beginTm": "08:03",
			"busRouteAbrv": "1301",
			"busRouteId": "165000150",
			"busRouteNm": "1301인천",
			"direction": "송도공영차고지",
			"gpsX": "126.8962260669",
			"gpsY": "37.5342683978",
			"lastTm": "00:34",
			"posX": "190829.11543446538",
			"posY": "448318.0806666501",
			"routeType": "7",
			"sectSpd": "31",
			"section": "113702869",
			"seq": "55",
			"station": "118000136",
			"stationNm": "선유고등학교",
			"stationNo": "19221",
			"transYn": "N",
			"fullSectDist": "2385",
			"trnstnid": "101000250"
		},
		{
			"arsId": " ",
			"beginTm": "07:15",
			"busRouteAbrv": "1301",
			"busRouteId": "165000150",
			"busRouteNm": "1301인천",
			"direction": "송도공영차고지",
			"gpsX": "126.8351959371",
			"gpsY": "37.525704252",
			"lastTm": "00:54",
			"posX": "185433.9896230766",
			"posY": "447375.36879852554",
			"routeType": "7",
			"sectSpd": "28",
			"section": "118900459",
			"seq": "56",
			"station": "277103844",
			"stationNm": "신월IC(경유)",
			"stationNo": "미정차",
			"transYn": "N",
			"fullSectDist": "5799",
			"trnstnid": "101000250"
		},
		{
			"arsId": " ",
			"beginTm": "07:23",
			"busRouteAbrv": "1301",
			"busRouteId": "165000150",
			"busRouteNm": "1301인천",
			"direction": "송도공영차고지",
			"gpsX": "126.7794084717",
			"gpsY": "37.5243544946",
			"lastTm": "00:44",
			"posX": "180502.92425799262",
			"posY": "447235.6793813179",
			"routeType": "7",
			"sectSpd": "53",
			"section": "277901458",
			"seq": "57",
			"station": "277103845",
			"stationNm": "부천IC출입(경유)",
			"stationNo": "미정차",
			"transYn": "N",
			"fullSectDist": "5006",
			"trnstnid": "101000250"
		},
		{
			"arsId": "0",
			"beginTm": "07:27",
			"busRouteAbrv": "1301",
			"busRouteId": "165000150",
			"busRouteNm": "1301인천",
			"direction": "송도공영차고지",
			"gpsX": "126.7751124263",
			"gpsY": "37.5175667447",
			"lastTm": "00:47",
			"posX": "180121.4151739558",
			"posY": "446483.3026752998",
			"routeType": "7",
			"sectSpd": "22",
			"section": "277901462",
			"seq": "58",
			"station": "212000397",
			"stationNm": "약대사거리",
			"stationNo": "0",
			"transYn": "N",
			"fullSectDist": "1052",
			"trnstnid": "101000250"
		},
		{
			"arsId": "46083",
			"beginTm": "07:30",
			"busRouteAbrv": "1301",
			"busRouteId": "165000150",
			"busRouteNm": "1301인천",
			"direction": "송도공영차고지",
			"gpsX": "126.7754030692",
			"gpsY": "37.5052536367",
			"lastTm": "00:49",
			"posX": "180143.8444058123",
			"posY": "445116.7867877041",
			"routeType": "7",
			"sectSpd": "27",
			"section": "212900341",
			"seq": "59",
			"station": "210000105",
			"stationNm": "신중동역5번출구.중흥중학교",
			"stationNo": "46083",
			"transYn": "N",
			"fullSectDist": "1400",
			"trnstnid": "101000250"
		},
		{
			"arsId": "46082",
			"beginTm": "08:25",
			"busRouteAbrv": "1301",
			"busRouteId": "165000150",
			"busRouteNm": "1301인천",
			"direction": "송도공영차고지",
			"gpsX": "126.7728930175",
			"gpsY": "37.5036838763",
			"lastTm": "00:52",
			"posX": "179921.5151554579",
			"posY": "444943.11445648037",
			"routeType": "7",
			"sectSpd": "24",
			"section": "210600088",
			"seq": "60",
			"station": "210000163",
			"stationNm": "신중동역4번출구.롯데백화점",
			"stationNo": "46082",
			"transYn": "N",
			"fullSectDist": "572",
			"trnstnid": "101000250"
		},
		{
			"arsId": "0",
			"beginTm": "07:35",
			"busRouteAbrv": "1301",
			"busRouteId": "165000150",
			"busRouteNm": "1301인천",
			"direction": "송도공영차고지",
			"gpsX": "126.7657705859",
			"gpsY": "37.5046338545",
			"lastTm": "00:53",
			"posX": "179292.08383567812",
			"posY": "445050.082150667",
			"routeType": "7",
			"sectSpd": "25",
			"section": "210900552",
			"seq": "61",
			"station": "210000406",
			"stationNm": "부천시청역5번출구.부천아트센터",
			"stationNo": "0",
			"transYn": "N",
			"fullSectDist": "669",
			"trnstnid": "101000250"
		},
		{
			"arsId": "0",
			"beginTm": "07:37",
			"busRouteAbrv": "1301",
			"busRouteId": "165000150",
			"busRouteNm": "1301인천",
			"direction": "송도공영차고지",
			"gpsX": "126.7611907939",
			"gpsY": "37.5052204064",
			"lastTm": "00:55",
			"posX": "178887.35499240036",
			"posY": "445116.1926524495",
			"routeType": "7",
			"sectSpd": "10",
			"section": "210900553",
			"seq": "62",
			"station": "210000161",
			"stationNm": "부천시청역4번출구.현대백화점. ",
			"stationNo": "0",
			"transYn": "N",
			"fullSectDist": "385",
			"trnstnid": "101000250"
		},
		{
			"arsId": "0",
			"beginTm": "07:38",
			"busRouteAbrv": "1301",
			"busRouteId": "165000150",
			"busRouteNm": "1301인천",
			"direction": "송도공영차고지",
			"gpsX": "126.7563020559",
			"gpsY": "37.4991650335",
			"lastTm": "00:57",
			"posX": "178453.41064079714",
			"posY": "444445.30283876136",
			"routeType": "7",
			"sectSpd": "15",
			"section": "210900556",
			"seq": "63",
			"station": "210000381",
			"stationNm": "하얀마을",
			"stationNo": "0",
			"transYn": "N",
			"fullSectDist": "967",
			"trnstnid": "101000250"
		},
		{
			"arsId": "0",
			"beginTm": "07:41",
			"busRouteAbrv": "1301",
			"busRouteId": "165000150",
			"busRouteNm": "1301인천",
			"direction": "송도공영차고지",
			"gpsX": "126.755094659",
			"gpsY": "37.4948823271",
			"lastTm": "01:00",
			"posX": "178345.42163857218",
			"posY": "443970.30500330636",
			"routeType": "7",
			"sectSpd": "10",
			"section": "210700143",
			"seq": "64",
			"station": "210000062",
			"stationNm": "복사골문화센터.한아름마을",
			"stationNo": "0",
			"transYn": "N",
			"fullSectDist": "486",
			"trnstnid": "101000250"
		},
		{
			"arsId": "40145",
			"beginTm": "07:42",
			"busRouteAbrv": "1301",
			"busRouteId": "165000150",
			"busRouteNm": "1301인천",
			"direction": "송도공영차고지",
			"gpsX": "126.7509959169",
			"gpsY": "37.4739623266",
			"lastTm": "01:02",
			"posX": "177976.86935258823",
			"posY": "441649.6557803289",
			"routeType": "7",
			"sectSpd": "26",
			"section": "210900555",
			"seq": "65",
			"station": "166000145",
			"stationNm": "근로복지공단인천병원",
			"stationNo": "40145",
			"transYn": "N",
			"fullSectDist": "2074",
			"trnstnid": "101000250"
		},
		{
			"arsId": "39352",
			"beginTm": "07:47",
			"busRouteAbrv": "1301",
			"busRouteId": "165000150",
			"busRouteNm": "1301인천",
			"direction": "송도공영차고지",
			"gpsX": "126.7408591211",
			"gpsY": "37.4468587494",
			"lastTm": "01:04",
			"posX": "177072.04600926468",
			"posY": "438644.26281782286",
			"routeType": "7",
			"sectSpd": "38",
			"section": "166900142",
			"seq": "66",
			"station": "165000352",
			"stationNm": "장수초등학교",
			"stationNo": "39352",
			"transYn": "N",
			"fullSectDist": "3706",
			"trnstnid": "101000250"
		},
		{
			"arsId": "39315",
			"beginTm": "10:01",
			"busRouteAbrv": "1301",
			"busRouteId": "165000150",
			"busRouteNm": "1301인천",
			"direction": "송도공영차고지",
			"gpsX": "126.7388761763",
			"gpsY": "37.4445699563",
			"lastTm": "01:08",
			"posX": "176895.89725023886",
			"posY": "438390.74959929707",
			"routeType": "7",
			"sectSpd": "8",
			"section": "165900136",
			"seq": "67",
			"station": "165000315",
			"stationNm": "한국건설생활환경시험연구원",
			"stationNo": "39315",
			"transYn": "N",
			"fullSectDist": "311",
			"trnstnid": "101000250"
		},
		{
			"arsId": "39247",
			"beginTm": "07:55",
			"busRouteAbrv": "1301",
			"busRouteId": "165000150",
			"busRouteNm": "1301인천",
			"direction": "송도공영차고지",
			"gpsX": "126.7378666855",
			"gpsY": "37.4394628184",
			"lastTm": "01:09",
			"posX": "176805.0013848498",
			"posY": "437824.23612363683",
			"routeType": "7",
			"sectSpd": "15",
			"section": "165900137",
			"seq": "68",
			"station": "165000247",
			"stationNm": "삼익.광명아파트",
			"stationNo": "39247",
			"transYn": "N",
			"fullSectDist": "590",
			"trnstnid": "101000250"
		},
		{
			"arsId": "39224",
			"beginTm": "07:59",
			"busRouteAbrv": "1301",
			"busRouteId": "165000150",
			"busRouteNm": "1301인천",
			"direction": "송도공영차고지",
			"gpsX": "126.7371298683",
			"gpsY": "37.4369198882",
			"lastTm": "01:10",
			"posX": "176739.01653416757",
			"posY": "437542.2177947969",
			"routeType": "7",
			"sectSpd": "23",
			"section": "165900138",
			"seq": "69",
			"station": "165000224",
			"stationNm": "남동중학교",
			"stationNo": "39224",
			"transYn": "N",
			"fullSectDist": "374",
			"trnstnid": "101000250"
		},
		{
			"arsId": "39576",
			"beginTm": "08:00",
			"busRouteAbrv": "1301",
			"busRouteId": "165000150",
			"busRouteNm": "1301인천",
			"direction": "송도공영차고지",
			"gpsX": "126.7360669277",
			"gpsY": "37.4199516539",
			"lastTm": "01:11",
			"posX": "176639.68627147464",
			"posY": "435659.4456467624",
			"routeType": "7",
			"sectSpd": "42",
			"section": "165900139",
			"seq": "70",
			"station": "165000576",
			"stationNm": "큰방죽삼거리",
			"stationNo": "39576",
			"transYn": "N",
			"fullSectDist": "2470",
			"trnstnid": "101000250"
		},
		{
			"arsId": "39574",
			"beginTm": ":",
			"busRouteAbrv": "1301",
			"busRouteId": "165000150",
			"busRouteNm": "1301인천",
			"direction": "송도공영차고지",
			"gpsX": "126.7342215998",
			"gpsY": "37.4075527143",
			"lastTm": ":",
			"posX": "176472.4807995897",
			"posY": "434283.9462713343",
			"routeType": "7",
			"sectSpd": "47",
			"section": "165900140",
			"seq": "71",
			"station": "165000574",
			"stationNm": "논현중학교",
			"stationNo": "39574",
			"transYn": "N",
			"fullSectDist": "1589",
			"trnstnid": "101000250"
		},
		{
			"arsId": "39570",
			"beginTm": "08:07",
			"busRouteAbrv": "1301",
			"busRouteId": "165000150",
			"busRouteNm": "1301인천",
			"direction": "송도공영차고지",
			"gpsX": "126.7255531755",
			"gpsY": "37.4035035589",
			"lastTm": "01:15",
			"posX": "175703.81625391298",
			"posY": "433836.79404973425",
			"routeType": "7",
			"sectSpd": "22",
			"section": "165900141",
			"seq": "72",
			"station": "165000570",
			"stationNm": "논현8단지동산마을",
			"stationNo": "39570",
			"transYn": "N",
			"fullSectDist": "904",
			"trnstnid": "101000250"
		},
		{
			"arsId": "39623",
			"beginTm": "08:10",
			"busRouteAbrv": "1301",
			"busRouteId": "165000150",
			"busRouteNm": "1301인천",
			"direction": "송도공영차고지",
			"gpsX": "126.7230122069",
			"gpsY": "37.3997926425",
			"lastTm": "01:16",
			"posX": "175477.66006191997",
			"posY": "433425.63761433726",
			"routeType": "7",
			"sectSpd": "14",
			"section": "165900142",
			"seq": "73",
			"station": "165000623",
			"stationNm": "청능로사거리",
			"stationNo": "39623",
			"transYn": "N",
			"fullSectDist": "603",
			"trnstnid": "101000250"
		},
		{
			"arsId": "39707",
			"beginTm": ":",
			"busRouteAbrv": "1301",
			"busRouteId": "165000150",
			"busRouteNm": "1301인천",
			"direction": "송도공영차고지",
			"gpsX": "126.725736802",
			"gpsY": "37.3957895817",
			"lastTm": ":",
			"posX": "175717.58343191407",
			"posY": "432980.69883982325",
			"routeType": "7",
			"sectSpd": "16",
			"section": "165900143",
			"seq": "74",
			"station": "165000707",
			"stationNm": "논현고잔동행정복지센터",
			"stationNo": "39707",
			"transYn": "N",
			"fullSectDist": "520",
			"trnstnid": "101000250"
		},
		{
			"arsId": "39656",
			"beginTm": "08:15",
			"busRouteAbrv": "1301",
			"busRouteId": "165000150",
			"busRouteNm": "1301인천",
			"direction": "송도공영차고지",
			"gpsX": "126.7296266962",
			"gpsY": "37.3931239054",
			"lastTm": "01:18",
			"posX": "176061.13555443083",
			"posY": "432683.88527757814",
			"routeType": "7",
			"sectSpd": "23",
			"section": "165900144",
			"seq": "75",
			"station": "165000656",
			"stationNm": "원동초등학교",
			"stationNo": "39656",
			"transYn": "N",
			"fullSectDist": "454",
			"trnstnid": "101000250"
		},
		{
			"arsId": "39715",
			"beginTm": "08:16",
			"busRouteAbrv": "1301",
			"busRouteId": "165000150",
			"busRouteNm": "1301인천",
			"direction": "송도공영차고지",
			"gpsX": "126.7256774676",
			"gpsY": "37.3893794551",
			"lastTm": "01:19",
			"posX": "175710.26180039858",
			"posY": "432269.36004553316",
			"routeType": "7",
			"sectSpd": "16",
			"section": "165900145",
			"seq": "76",
			"station": "165000715",
			"stationNm": "에코메트로7단지",
			"stationNo": "39715",
			"transYn": "N",
			"fullSectDist": "577",
			"trnstnid": "101000250"
		},
		{
			"arsId": "39748",
			"beginTm": "08:19",
			"busRouteAbrv": "1301",
			"busRouteId": "165000150",
			"busRouteNm": "1301인천",
			"direction": "송도공영차고지",
			"gpsX": "126.7239952396",
			"gpsY": "37.3839549607",
			"lastTm": "01:20",
			"posX": "175559.54874072416",
			"posY": "431667.81997409044",
			"routeType": "7",
			"sectSpd": "21",
			"section": "165900146",
			"seq": "77",
			"station": "165000748",
			"stationNm": "남동소래아트홀",
			"stationNo": "39748",
			"transYn": "N",
			"fullSectDist": "819",
			"trnstnid": "101000250"
		},
		{
			"arsId": "39006",
			"beginTm": "08:25",
			"busRouteAbrv": "1301",
			"busRouteId": "165000150",
			"busRouteNm": "1301인천",
			"direction": "송도공영차고지",
			"gpsX": "126.7065818138",
			"gpsY": "37.3810083297",
			"lastTm": "01:22",
			"posX": "174016.55519143178",
			"posY": "431345.4747268227",
			"routeType": "7",
			"sectSpd": "39",
			"section": "165900147",
			"seq": "78",
			"station": "165000006",
			"stationNm": "면허시험장",
			"stationNo": "39006",
			"transYn": "N",
			"fullSectDist": "1932",
			"trnstnid": "101000250"
		},
		{
			"arsId": "38017",
			"beginTm": "09:13",
			"busRouteAbrv": "1301",
			"busRouteId": "165000150",
			"busRouteNm": "1301인천",
			"direction": "송도공영차고지",
			"gpsX": "126.6602609206",
			"gpsY": "37.3871882258",
			"lastTm": "01:24",
			"posX": "169917.09768926675",
			"posY": "432045.03951207595",
			"routeType": "7",
			"sectSpd": "44",
			"section": "165900148",
			"seq": "79",
			"station": "164000017",
			"stationNm": "성지아파트",
			"stationNo": "38017",
			"transYn": "N",
			"fullSectDist": "4560",
			"trnstnid": "101000250"
		},
		{
			"arsId": "38032",
			"beginTm": "08:35",
			"busRouteAbrv": "1301",
			"busRouteId": "165000150",
			"busRouteNm": "1301인천",
			"direction": "송도공영차고지",
			"gpsX": "126.6556231301",
			"gpsY": "37.390080875",
			"lastTm": "01:30",
			"posX": "169507.60521331918",
			"posY": "432367.53588740947",
			"routeType": "7",
			"sectSpd": "37",
			"section": "164900123",
			"seq": "80",
			"station": "164000032",
			"stationNm": "송도풍림아이원4단지",
			"stationNo": "38032",
			"transYn": "N",
			"fullSectDist": "522",
			"trnstnid": "101000250"
		},
		{
			"arsId": "38033",
			"beginTm": "08:37",
			"busRouteAbrv": "1301",
			"busRouteId": "165000150",
			"busRouteNm": "1301인천",
			"direction": "송도공영차고지",
			"gpsX": "126.6528624576",
			"gpsY": "37.3918043777",
			"lastTm": "01:31",
			"posX": "169263.868034463",
			"posY": "432559.6950298147",
			"routeType": "7",
			"sectSpd": "17",
			"section": "164900124",
			"seq": "81",
			"station": "164000033",
			"stationNm": "송도풍림아이원1단지",
			"stationNo": "38033",
			"transYn": "N",
			"fullSectDist": "312",
			"trnstnid": "101000250"
		},
		{
			"arsId": "66032",
			"beginTm": "09:22",
			"busRouteAbrv": "1301",
			"busRouteId": "165000150",
			"busRouteNm": "1301인천",
			"direction": "송도공영차고지",
			"gpsX": "126.6481432266",
			"gpsY": "37.3922023703",
			"lastTm": "01:32",
			"posX": "168846.18284990883",
			"posY": "432605.4095657049",
			"routeType": "7",
			"sectSpd": "15",
			"section": "164900125",
			"seq": "82",
			"station": "164000393",
			"stationNm": "송도힐스테이트5단지",
			"stationNo": "66032",
			"transYn": "N",
			"fullSectDist": "571",
			"trnstnid": "101000250"
		},
		{
			"arsId": "38372",
			"beginTm": "08:40",
			"busRouteAbrv": "1301",
			"busRouteId": "165000150",
			"busRouteNm": "1301인천",
			"direction": "송도공영차고지",
			"gpsX": "126.6465395216",
			"gpsY": "37.3868866343",
			"lastTm": "01:34",
			"posX": "168701.97853870376",
			"posY": "432016.03370045684",
			"routeType": "7",
			"sectSpd": "21",
			"section": "164900126",
			"seq": "83",
			"station": "164000372",
			"stationNm": "컨벤시아",
			"stationNo": "38372",
			"transYn": "N",
			"fullSectDist": "793",
			"trnstnid": "101000250"
		},
		{
			"arsId": "38424",
			"beginTm": ":",
			"busRouteAbrv": "1301",
			"busRouteId": "165000150",
			"busRouteNm": "1301인천",
			"direction": "송도공영차고지",
			"gpsX": "126.6426668096",
			"gpsY": "37.380942763",
			"lastTm": ":",
			"posX": "168356.5608516114",
			"posY": "431357.712739313",
			"routeType": "7",
			"sectSpd": "29",
			"section": "164900127",
			"seq": "84",
			"station": "164000424",
			"stationNm": "송도지웰푸르지오시티",
			"stationNo": "38424",
			"transYn": "N",
			"fullSectDist": "924",
			"trnstnid": "101000250"
		},
		{
			"arsId": "38375",
			"beginTm": "08:46",
			"busRouteAbrv": "1301",
			"busRouteId": "165000150",
			"busRouteNm": "1301인천",
			"direction": "송도공영차고지",
			"gpsX": "126.6357025461",
			"gpsY": "37.3721764026",
			"lastTm": "01:36",
			"posX": "167736.08722229092",
			"posY": "430387.2374605951",
			"routeType": "7",
			"sectSpd": "20",
			"section": "164900128",
			"seq": "85",
			"station": "164000375",
			"stationNm": "인천대학교자연과학대학",
			"stationNo": "38375",
			"transYn": "N",
			"fullSectDist": "1162",
			"trnstnid": "101000250"
		},
		{
			"arsId": "38376",
			"beginTm": ":",
			"busRouteAbrv": "1301",
			"busRouteId": "165000150",
			"busRouteNm": "1301인천",
			"direction": "송도공영차고지",
			"gpsX": "126.6340093344",
			"gpsY": "37.3703279712",
			"lastTm": ":",
			"posX": "167585.33246383132",
			"posY": "430182.6909424681",
			"routeType": "7",
			"sectSpd": "25",
			"section": "164900129",
			"seq": "86",
			"station": "164000376",
			"stationNm": "인천대학교공과대학",
			"stationNo": "38376",
			"transYn": "N",
			"fullSectDist": "255",
			"trnstnid": "101000250"
		},
		{
			"arsId": "38472",
			"beginTm": "08:51",
			"busRouteAbrv": "1301",
			"busRouteId": "165000150",
			"busRouteNm": "1301인천",
			"direction": "송도공영차고지",
			"gpsX": "126.637812656",
			"gpsY": "37.3680963963",
			"lastTm": "02:22",
			"posX": "167921.23197470853",
			"posY": "429933.7464785543",
			"routeType": "7",
			"sectSpd": "26",
			"section": "164900130",
			"seq": "87",
			"station": "164000472",
			"stationNm": "송도공영차고지",
			"stationNo": "38472",
			"transYn": "N",
			"fullSectDist": "732",
			"trnstnid": "101000250"
		}
	]
}