{
	"count": 81,
	"result": [
		{
			"arsId": "42984",
			"beginTm": "05:00",
			"busRouteAbrv": "9300",
			"busRouteId": "165000162",
			"busRouteNm": "9300인천",
			"direction": "강남역서초현대타워앞",
			"gpsX": "126.6244128046",
			"gpsY": "37.5264127791",
			"lastTm": "23:25",
			"posX": "166804.43801374928",
			"posY": "447507.5128371981",
			"routeType": "7",
			"sectSpd": "0",
			"section": "0",
			"seq": "1",
			"station": "168000984",
			"stationNm": "청라국제업무단지(골드클래스)",
			"stationNo": "42984",
			"transYn": "N",
			"trnstnid": "121000541"
		},
		{
			"arsId": "42948",
			"beginTm": "05:29",
			"busRouteAbrv": "9300",
			"busRouteId": "165000162",
			"busRouteNm": "9300인천",
			"direction": "강남역서초현대타워앞",
			"gpsX": "126.6406412671",
			"gpsY": "37.5269179897",
			"lastTm": "23:04",
			"posX": "168238.97911344082",
			"posY": "447557.9756346815",
			"routeType": "7",
			"sectSpd": "15",
			"section": "168900405",
			"seq": "2",
			"station": "168000948",
			"stationNm": "한일베라체",
			"stationNo": "42948",
			"transYn": "N",
			"fullSectDist": "1431",
			"trnstnid": "121000541"
		},
		{
			"arsId": "42885",
			"beginTm": "04:59",
			"busRouteAbrv": "9300",
			"busRouteId": "165000162",
			"busRouteNm": "9300인천",
			"direction": "강남역서초현대타워앞",
			"gpsX": "126.6464278562",
			"gpsY": "37.5269108096",
			"lastTm": "23:34",
			"posX": "168750.41099711132",
			"posY": "447555.2405915875",
			"routeType": "7",
			"sectSpd": "17",
			"section": "168900406",
			"seq": "3",
			"station": "168000885",
			"stationNm": "휴먼시아후문",
			"stationNo": "42885",
			"transYn": "N",
			"fullSectDist": "511",
			"trnstnid": "121000541"
		},
		{
			"arsId": "42876",
			"beginTm": "05:01",
			"busRouteAbrv": "9300",
			"busRouteId": "165000162",
			"busRouteNm": "9300인천",
			"direction": "강남역서초현대타워앞",
			"gpsX": "126.6519769169",
			"gpsY": "37.5269993319",
			"lastTm": "23:35",
			"posX": "169240.88877208586",
			"posY": "447563.2353516682",
			"routeType": "7",
			"sectSpd": "17",
			"section": "168900407",
			"seq": "4",
			"station": "168000876",
			"stationNm": "힐데스하임",
			"stationNo": "42876",
			"transYn": "N",
			"fullSectDist": "491",
			"trnstnid": "121000541"
		},
		{
			"arsId": "42742",
			"beginTm": "05:03",
			"busRouteAbrv": "9300",
			"busRouteId": "165000162",
			"busRouteNm": "9300인천",
			"direction": "강남역서초현대타워앞",
			"gpsX": "126.657402467",
			"gpsY": "37.5270113542",
			"lastTm": "23:36",
			"posX": "169720.41820757234",
			"posY": "447562.80911866017",
			"routeType": "7",
			"sectSpd": "13",
			"section": "168900408",
			"seq": "5",
			"station": "168000742",
			"stationNm": "청라자이",
			"stationNo": "42742",
			"transYn": "N",
			"fullSectDist": "480",
			"trnstnid": "121000541"
		},
		{
			"arsId": "42952",
			"beginTm": "05:04",
			"busRouteAbrv": "9300",
			"busRouteId": "165000162",
			"busRouteNm": "9300인천",
			"direction": "강남역서초현대타워앞",
			"gpsX": "126.6616884478",
			"gpsY": "37.5255473268",
			"lastTm": "23:37",
			"posX": "170098.6401230541",
			"posY": "447398.96587122837",
			"routeType": "7",
			"sectSpd": "27",
			"section": "168900409",
			"seq": "6",
			"station": "168000952",
			"stationNm": "가원초등학교",
			"stationNo": "42952",
			"transYn": "N",
			"fullSectDist": "580",
			"trnstnid": "121000541"
		},
		{
			"arsId": "89075",
			"beginTm": "05:05",
			"busRouteAbrv": "9300",
			"busRouteId": "165000162",
			"busRouteNm": "9300인천",
			"direction": "강남역서초현대타워앞",
			"gpsX": "126.6733735636",
			"gpsY": "37.5217207612",
			"lastTm": "23:38",
			"posX": "171129.94690161163",
			"posY": "446970.65823631035",
			"routeType": "7",
			"sectSpd": "24",
			"section": "168900410",
			"seq": "7",
			"station": "168001075",
			"stationNm": "가정(루원시티)역",
			"stationNo": "89075",
			"transYn": "N",
			"fullSectDist": "1325",
			"trnstnid": "121000541"
		},
		{
			"arsId": "89074",
			"beginTm": "05:07",
			"busRouteAbrv": "9300",
			"busRouteId": "165000162",
			"busRouteNm": "9300인천",
			"direction": "강남역서초현대타워앞",
			"gpsX": "126.6834996793",
			"gpsY": "37.5212849726",
			"lastTm": "23:39",
			"posX": "172024.8197770821",
			"posY": "446919.23665808",
			"routeType": "7",
			"sectSpd": "20",
			"section": "168900411",
			"seq": "8",
			"station": "168001074",
			"stationNm": "대우하나아파트",
			"stationNo": "89074",
			"transYn": "N",
			"fullSectDist": "913",
			"trnstnid": "121000541"
		},
		{
			"arsId": "41573",
			"beginTm": "05:09",
			"busRouteAbrv": "9300",
			"busRouteId": "165000162",
			"busRouteNm": "9300인천",
			"direction": "강남역서초현대타워앞",
			"gpsX": "126.7018473346",
			"gpsY": "37.5257144923",
			"lastTm": "23:41",
			"posX": "173648.11464548126",
			"posY": "447405.5089186947",
			"routeType": "7",
			"sectSpd": "26",
			"section": "168900412",
			"seq": "9",
			"station": "167000573",
			"stationNm": "효성동동화운수차고지",
			"stationNo": "41573",
			"transYn": "N",
			"fullSectDist": "1766",
			"trnstnid": "121000541"
		},
		{
			"arsId": "41406",
			"beginTm": "05:13",
			"busRouteAbrv": "9300",
			"busRouteId": "165000162",
			"busRouteNm": "9300인천",
			"direction": "강남역서초현대타워앞",
			"gpsX": "126.7111237052",
			"gpsY": "37.527358673",
			"lastTm": "23:30",
			"posX": "174468.55837437458",
			"posY": "447585.4151867726",
			"routeType": "7",
			"sectSpd": "18",
			"section": "167900254",
			"seq": "10",
			"station": "167000406",
			"stationNm": "대신아파트",
			"stationNo": "41406",
			"transYn": "N",
			"fullSectDist": "865",
			"trnstnid": "121000541"
		},
		{
			"arsId": "41076",
			"beginTm": "05:14",
			"busRouteAbrv": "9300",
			"busRouteId": "165000162",
			"busRouteNm": "9300인천",
			"direction": "강남역서초현대타워앞",
			"gpsX": "126.7224425776",
			"gpsY": "37.5273920608",
			"lastTm": "23:32",
			"posX": "175468.95506550264",
			"posY": "447586.108224913",
			"routeType": "7",
			"sectSpd": "21",
			"section": "167900255",
			"seq": "11",
			"station": "167000076",
			"stationNm": "작전역3번출구",
			"stationNo": "41076",
			"transYn": "N",
			"fullSectDist": "1004",
			"trnstnid": "121000541"
		},
		{
			"arsId": "41110",
			"beginTm": "05:17",
			"busRouteAbrv": "9300",
			"busRouteId": "165000162",
			"busRouteNm": "9300인천",
			"direction": "강남역서초현대타워앞",
			"gpsX": "126.729869368",
			"gpsY": "37.5273213183",
			"lastTm": "23:30",
			"posX": "176125.32745092834",
			"posY": "447576.3464787565",
			"routeType": "7",
			"sectSpd": "31",
			"section": "167900256",
			"seq": "12",
			"station": "167000110",
			"stationNm": "중앙하이츠",
			"stationNo": "41110",
			"transYn": "N",
			"fullSectDist": "659",
			"trnstnid": "121000541"
		},
		{
			"arsId": "41107",
			"beginTm": "05:18",
			"busRouteAbrv": "9300",
			"busRouteId": "165000162",
			"busRouteNm": "9300인천",
			"direction": "강남역서초현대타워앞",
			"gpsX": "126.7324919459",
			"gpsY": "37.5263827478",
			"lastTm": "23:30",
			"posX": "176356.8202121017",
			"posY": "447471.525251281",
			"routeType": "7",
			"sectSpd": "11",
			"section": "167900257",
			"seq": "13",
			"station": "167000107",
			"stationNm": "신진아파트",
			"stationNo": "41107",
			"transYn": "N",
			"fullSectDist": "345",
			"trnstnid": "121000541"
		},
		{
			"arsId": "40650",
			"beginTm": "04:56",
			"busRouteAbrv": "9300",
			"busRouteId": "165000162",
			"busRouteNm": "9300인천",
			"direction": "강남역서초현대타워앞",
			"gpsX": "126.7314688483",
			"gpsY": "37.5161048151",
			"lastTm": "23:31",
			"posX": "176263.1396116165",
			"posY": "446331.1803100505",
			"routeType": "7",
			"sectSpd": "28",
			"section": "167900258",
			"seq": "14",
			"station": "166000650",
			"stationNm": "갈산동천주교회맞은편",
			"stationNo": "40650",
			"transYn": "N",
			"fullSectDist": "1144",
			"trnstnid": "121000541"
		},
		{
			"arsId": "40816",
			"beginTm": "05:00",
			"busRouteAbrv": "9300",
			"busRouteId": "165000162",
			"busRouteNm": "9300인천",
			"direction": "강남역서초현대타워앞",
			"gpsX": "126.7306516535",
			"gpsY": "37.5078944415",
			"lastTm": "23:32",
			"posX": "176188.29507114968",
			"posY": "445420.2347921906",
			"routeType": "7",
			"sectSpd": "25",
			"section": "166900162",
			"seq": "15",
			"station": "166000816",
			"stationNm": "한국아파트",
			"stationNo": "40816",
			"transYn": "N",
			"fullSectDist": "914",
			"trnstnid": "121000541"
		},
		{
			"arsId": "40519",
			"beginTm": "05:02",
			"busRouteAbrv": "9300",
			"busRouteId": "165000162",
			"busRouteNm": "9300인천",
			"direction": "강남역서초현대타워앞",
			"gpsX": "126.7321184359",
			"gpsY": "37.5040422131",
			"lastTm": "23:35",
			"posX": "176316.74905766602",
			"posY": "444992.3613238791",
			"routeType": "7",
			"sectSpd": "12",
			"section": "166900163",
			"seq": "16",
			"station": "166000519",
			"stationNm": "굴포천역(욱일아파트)",
			"stationNo": "40519",
			"transYn": "N",
			"fullSectDist": "545",
			"trnstnid": "121000541"
		},
		{
			"arsId": "40532",
			"beginTm": "05:05",
			"busRouteAbrv": "9300",
			"busRouteId": "165000162",
			"busRouteNm": "9300인천",
			"direction": "강남역서초현대타워앞",
			"gpsX": "126.7372470586",
			"gpsY": "37.5037785556",
			"lastTm": "23:38",
			"posX": "176770.08670767208",
			"posY": "444961.8234898434",
			"routeType": "7",
			"sectSpd": "18",
			"section": "166900164",
			"seq": "17",
			"station": "166000532",
			"stationNm": "삼산월드체육관",
			"stationNo": "40532",
			"transYn": "N",
			"fullSectDist": "461",
			"trnstnid": "121000541"
		},
		{
			"arsId": "0",
			"beginTm": "05:06",
			"busRouteAbrv": "9300",
			"busRouteId": "165000162",
			"busRouteNm": "9300인천",
			"direction": "강남역서초현대타워앞",
			"gpsX": "126.7551196089",
			"gpsY": "37.5054615033",
			"lastTm": "23:38",
			"posX": "178350.68243188388",
			"posY": "445144.32787882164",
			"routeType": "7",
			"sectSpd": "21",
			"section": "166900165",
			"seq": "18",
			"station": "210000327",
			"stationNm": "상동역1번출구.부천터미널소풍. ",
			"stationNo": "0",
			"transYn": "N",
			"fullSectDist": "1418",
			"trnstnid": "121000541"
		},
		{
			"arsId": "0",
			"beginTm": "05:10",
			"busRouteAbrv": "9300",
			"busRouteId": "165000162",
			"busRouteNm": "9300인천",
			"direction": "강남역서초현대타워앞",
			"gpsX": "126.7563020559",
			"gpsY": "37.4991650335",
			"lastTm": "23:44",
			"posX": "178453.41064079714",
			"posY": "444445.30283876136",
			"routeType": "7",
			"sectSpd": "21",
			"section": "210900558",
			"seq": "19",
			"station": "210000381",
			"stationNm": "하얀마을",
			"stationNo": "0",
			"transYn": "N",
			"fullSectDist": "1095",
			"trnstnid": "121000541"
		},
		{
			"arsId": "46611",
			"beginTm": "05:13",
			"busRouteAbrv": "9300",
			"busRouteId": "165000162",
			"busRouteNm": "9300인천",
			"direction": "강남역서초현대타워앞",
			"gpsX": "126.7545243597",
			"gpsY": "37.4929167514",
			"lastTm": "23:46",
			"posX": "178294.42672812735",
			"posY": "443752.3059772793",
			"routeType": "7",
			"sectSpd": "18",
			"section": "210900559",
			"seq": "20",
			"station": "210000285",
			"stationNm": "반달마을.법원.검찰청",
			"stationNo": "46611",
			"transYn": "N",
			"fullSectDist": "718",
			"trnstnid": "121000541"
		},
		{
			"arsId": "40233",
			"beginTm": "05:15",
			"busRouteAbrv": "9300",
			"busRouteId": "165000162",
			"busRouteNm": "9300인천",
			"direction": "강남역서초현대타워앞",
			"gpsX": "126.7511141932",
			"gpsY": "37.4810613053",
			"lastTm": "23:48",
			"posX": "177989.41256220566",
			"posY": "442437.4373799269",
			"routeType": "7",
			"sectSpd": "25",
			"section": "210900560",
			"seq": "21",
			"station": "166000233",
			"stationNm": "구산사거리",
			"stationNo": "40233",
			"transYn": "N",
			"fullSectDist": "1185",
			"trnstnid": "121000541"
		},
		{
			"arsId": "39998",
			"beginTm": "05:17",
			"busRouteAbrv": "9300",
			"busRouteId": "165000162",
			"busRouteNm": "9300인천",
			"direction": "강남역서초현대타워앞",
			"gpsX": "126.7544912959",
			"gpsY": "37.4621736504",
			"lastTm": "23:49",
			"posX": "178282.60797165093",
			"posY": "440340.59778013546",
			"routeType": "7",
			"sectSpd": "52",
			"section": "166900244",
			"seq": "22",
			"station": "165000998",
			"stationNm": "장수IC(미정차)",
			"stationNo": "39998",
			"transYn": "N",
			"fullSectDist": "3951",
			"trnstnid": "121000541"
		},
		{
			"arsId": " ",
			"beginTm": "05:21",
			"busRouteAbrv": "9300",
			"busRouteId": "165000162",
			"busRouteNm": "9300인천",
			"direction": "강남역서초현대타워앞",
			"gpsX": "126.7964432517",
			"gpsY": "37.4558168924",
			"lastTm": "23:53",
			"posX": "181992.1055720411",
			"posY": "439626.31368976366",
			"routeType": "7",
			"sectSpd": "56",
			"section": "165900305",
			"seq": "23",
			"station": "277103190",
			"stationNm": "시흥IC(경유)",
			"stationNo": "미정차",
			"transYn": "N",
			"fullSectDist": "3859",
			"trnstnid": "121000541"
		},
		{
			"arsId": "0",
			"beginTm": "05:23",
			"busRouteAbrv": "9300",
			"busRouteId": "165000162",
			"busRouteNm": "9300인천",
			"direction": "강남역서초현대타워앞",
			"gpsX": "126.8031643211",
			"gpsY": "37.4506742922",
			"lastTm": "23:55",
			"posX": "182585.5014551103",
			"posY": "439054.35297443066",
			"routeType": "7",
			"sectSpd": "58",
			"section": "277902442",
			"seq": "24",
			"station": "224000849",
			"stationNm": "시흥영업소",
			"stationNo": "0",
			"transYn": "N",
			"fullSectDist": "1030",
			"trnstnid": "121000541"
		},
		{
			"arsId": " ",
			"beginTm": "05:24",
			"busRouteAbrv": "9300",
			"busRouteId": "165000162",
			"busRouteNm": "9300인천",
			"direction": "강남역서초현대타워앞",
			"gpsX": "126.8160321813",
			"gpsY": "37.4375523592",
			"lastTm": "23:56",
			"posX": "183721.1084833241",
			"posY": "437595.8556370032",
			"routeType": "7",
			"sectSpd": "37",
			"section": "224900894",
			"seq": "25",
			"station": "277103138",
			"stationNm": "안현JC(경유)",
			"stationNo": "미정차",
			"transYn": "N",
			"fullSectDist": "1677",
			"trnstnid": "121000541"
		},
		{
			"arsId": " ",
			"beginTm": "05:26",
			"busRouteAbrv": "9300",
			"busRouteId": "165000162",
			"busRouteNm": "9300인천",
			"direction": "강남역서초현대타워앞",
			"gpsX": "126.8286700626",
			"gpsY": "37.419252723",
			"lastTm": "23:57",
			"posX": "184835.71578036738",
			"posY": "435562.96497375565",
			"routeType": "7",
			"sectSpd": "88",
			"section": "277901402",
			"seq": "26",
			"station": "277103810",
			"stationNm": "용도수목원(경유)",
			"stationNo": "미정차",
			"transYn": "N",
			"fullSectDist": "2352",
			"trnstnid": "121000541"
		},
		{
			"arsId": " ",
			"beginTm": "05:27",
			"busRouteAbrv": "9300",
			"busRouteId": "165000162",
			"busRouteNm": "9300인천",
			"direction": "강남역서초현대타워앞",
			"gpsX": "126.8467526409",
			"gpsY": "37.3971632601",
			"lastTm": "23:59",
			"posX": "186432.20916108647",
			"posY": "433108.864381331",
			"routeType": "7",
			"sectSpd": "77",
			"section": "277901380",
			"seq": "27",
			"station": "277103140",
			"stationNm": "도리JC(경유)",
			"stationNo": "미정차",
			"transYn": "N",
			"fullSectDist": "2983",
			"trnstnid": "121000541"
		},
		{
			"arsId": "25997",
			"beginTm": "05:29",
			"busRouteAbrv": "9300",
			"busRouteId": "165000162",
			"busRouteNm": "9300인천",
			"direction": "강남역서초현대타워앞",
			"gpsX": "126.8550843066",
			"gpsY": "37.3830100778",
			"lastTm": "00:01",
			"posX": "187167.4432479537",
			"posY": "431537.0748840957",
			"routeType": "7",
			"sectSpd": "47",
			"section": "277901486",
			"seq": "28",
			"station": "224001024",
			"stationNm": "하늘휴게소",
			"stationNo": "25997",
			"transYn": "N",
			"fullSectDist": "1907",
			"trnstnid": "121000541"
		},
		{
			"arsId": " ",
			"beginTm": "05:31",
			"busRouteAbrv": "9300",
			"busRouteId": "165000162",
			"busRouteNm": "9300인천",
			"direction": "강남역서초현대타워앞",
			"gpsX": "126.8679005044",
			"gpsY": "37.3687931184",
			"lastTm": "00:02",
			"posX": "188300.1340264898",
			"posY": "429957.71182162967",
			"routeType": "7",
			"sectSpd": "45",
			"section": "224900993",
			"seq": "29",
			"station": "277103142",
			"stationNm": "조남JC(경유)",
			"stationNo": "미정차",
			"transYn": "N",
			"fullSectDist": "2089",
			"trnstnid": "121000541"
		},
		{
			"arsId": " ",
			"beginTm": "05:33",
			"busRouteAbrv": "9300",
			"busRouteId": "165000162",
			"busRouteNm": "9300인천",
			"direction": "강남역서초현대타워앞",
			"gpsX": "126.9650835917",
			"gpsY": "37.381707205",
			"lastTm": "00:04",
			"posX": "196908.03381271515",
			"posY": "431383.2102983161",
			"routeType": "7",
			"sectSpd": "48",
			"section": "277901307",
			"seq": "30",
			"station": "277103146",
			"stationNm": "평촌IC(경유)",
			"stationNo": "미정차",
			"transYn": "N",
			"fullSectDist": "8939",
			"trnstnid": "121000541"
		},
		{
			"arsId": " ",
			"beginTm": "06:40",
			"busRouteAbrv": "9300",
			"busRouteId": "165000162",
			"busRouteNm": "9300인천",
			"direction": "강남역서초현대타워앞",
			"gpsX": "127.001354255",
			"gpsY": "37.385862422",
			"lastTm": "00:09",
			"posX": "200119.91724648816",
			"posY": "431843.7559810835",
			"routeType": "7",
			"sectSpd": "73",
			"section": "277901381",
			"seq": "31",
			"station": "277103809",
			"stationNm": "학의JC(경유)",
			"stationNo": "미정차",
			"transYn": "N",
			"fullSectDist": "3446",
			"trnstnid": "121000541"
		},
		{
			"arsId": " ",
			"beginTm": "05:41",
			"busRouteAbrv": "9300",
			"busRouteId": "165000162",
			"busRouteNm": "9300인천",
			"direction": "강남역서초현대타워앞",
			"gpsX": "127.0017901989",
			"gpsY": "37.4018190603",
			"lastTm": "00:12",
			"posX": "200158.48582381566",
			"posY": "433614.5153309577",
			"routeType": "7",
			"sectSpd": "54",
			"section": "277901382",
			"seq": "32",
			"station": "277103200",
			"stationNm": "과천터널진입(경유)",
			"stationNo": "미정차",
			"transYn": "N",
			"fullSectDist": "1854",
			"trnstnid": "121000541"
		},
		{
			"arsId": " ",
			"beginTm": "05:43",
			"busRouteAbrv": "9300",
			"busRouteId": "165000162",
			"busRouteNm": "9300인천",
			"direction": "강남역서초현대타워앞",
			"gpsX": "126.9966814017",
			"gpsY": "37.4216543217",
			"lastTm": "00:13",
			"posX": "199706.28285024676",
			"posY": "435815.707455297",
			"routeType": "7",
			"sectSpd": "26",
			"section": "277600153",
			"seq": "33",
			"station": "277103203",
			"stationNm": "과천IC(경유)",
			"stationNo": "미정차",
			"transYn": "N",
			"fullSectDist": "2574",
			"trnstnid": "121000541"
		},
		{
			"arsId": " ",
			"beginTm": "05:45",
			"busRouteAbrv": "9300",
			"busRouteId": "165000162",
			"busRouteNm": "9300인천",
			"direction": "강남역서초현대타워앞",
			"gpsX": "127.0006971935",
			"gpsY": "37.4381462412",
			"lastTm": "00:15",
			"posX": "200061.69254277647",
			"posY": "437645.8742285762",
			"routeType": "7",
			"sectSpd": "42",
			"section": "277600154",
			"seq": "34",
			"station": "277103205",
			"stationNm": "대공원고가교(경유)",
			"stationNo": "미정차",
			"transYn": "N",
			"fullSectDist": "2021",
			"trnstnid": "121000541"
		},
		{
			"arsId": "37500",
			"beginTm": ":",
			"busRouteAbrv": "9300",
			"busRouteId": "165000162",
			"busRouteNm": "9300인천",
			"direction": "강남역서초현대타워앞",
			"gpsX": "127.0008807475",
			"gpsY": "37.4514071547",
			"lastTm": ":",
			"posX": "200077.92092655122",
			"posY": "439117.4926224095",
			"routeType": "7",
			"sectSpd": "31",
			"section": "277700402",
			"seq": "35",
			"station": "220000018",
			"stationNm": "선바위역1번출구",
			"stationNo": "37500",
			"transYn": "N",
			"fullSectDist": "1830",
			"trnstnid": "121000541"
		},
		{
			"arsId": "22286",
			"beginTm": "05:48",
			"busRouteAbrv": "9300",
			"busRouteId": "165000162",
			"busRouteNm": "9300인천",
			"direction": "강남역서초현대타워앞",
			"gpsX": "127.0178420688",
			"gpsY": "37.45850283",
			"lastTm": "00:25",
			"posX": "201578.36292140288",
			"posY": "439905.07942750584",
			"routeType": "7",
			"sectSpd": "22",
			"section": "220700125",
			"seq": "36",
			"station": "121000210",
			"stationNm": "송동마을.서초힐스아파트",
			"stationNo": "22286",
			"transYn": "N",
			"fullSectDist": "1706",
			"trnstnid": "121000541"
		},
		{
			"arsId": "22812",
			"beginTm": "05:51",
			"busRouteAbrv": "9300",
			"busRouteId": "165000162",
			"busRouteNm": "9300인천",
			"direction": "강남역서초현대타워앞",
			"gpsX": "127.0111869156",
			"gpsY": "37.4851556879",
			"lastTm": "00:23",
			"posX": "200989.27676094905",
			"posY": "442862.77982465224",
			"routeType": "7",
			"sectSpd": "14",
			"section": "121900684",
			"seq": "37",
			"station": "121000520",
			"stationNm": "서초아트자이아파트",
			"stationNo": "22812",
			"transYn": "N",
			"fullSectDist": "3306",
			"trnstnid": "121000541"
		},
		{
			"arsId": "22136",
			"beginTm": "05:56",
			"busRouteAbrv": "9300",
			"busRouteId": "165000162",
			"busRouteNm": "9300인천",
			"direction": "강남역서초현대타워앞",
			"gpsX": "127.0086999609",
			"gpsY": "37.4919294991",
			"lastTm": "00:27",
			"posX": "200769.2819262566",
			"posY": "443614.47992835287",
			"routeType": "7",
			"sectSpd": "18",
			"section": "121900634",
			"seq": "38",
			"station": "121000060",
			"stationNm": "서초역1번출구",
			"stationNo": "22136",
			"transYn": "N",
			"fullSectDist": "822",
			"trnstnid": "121000541"
		},
		{
			"arsId": "22825",
			"beginTm": "05:58",
			"busRouteAbrv": "9300",
			"busRouteId": "165000162",
			"busRouteNm": "9300인천",
			"direction": "강남역서초현대타워앞",
			"gpsX": "127.0157243897",
			"gpsY": "37.494083312",
			"lastTm": "00:29",
			"posX": "201390.3673357808",
			"posY": "443853.5799583569",
			"routeType": "7",
			"sectSpd": "9",
			"section": "121705714",
			"seq": "39",
			"station": "121000929",
			"stationNm": "교대역",
			"stationNo": "22825",
			"transYn": "N",
			"fullSectDist": "676",
			"trnstnid": "121000541"
		},
		{
			"arsId": "22652",
			"beginTm": "06:01",
			"busRouteAbrv": "9300",
			"busRouteId": "165000162",
			"busRouteNm": "9300인천",
			"direction": "강남역서초현대타워앞",
			"gpsX": "127.0280084862",
			"gpsY": "37.4964688083",
			"lastTm": "00:31",
			"posX": "202476.4615155754",
			"posY": "444118.5629049358",
			"routeType": "7",
			"sectSpd": "17",
			"section": "121900698",
			"seq": "40",
			"station": "121000541",
			"stationNm": "강남역서초현대타워앞",
			"stationNo": "22652",
			"transYn": "Y",
			"fullSectDist": "1275",
			"trnstnid": "121000541"
		},
		{
			"arsId": "22905",
			"beginTm": ":",
			"busRouteAbrv": "9300",
			"busRouteId": "165000162",
			"busRouteNm": "9300인천",
			"direction": "호수공원음악분수",
			"gpsX": "127.0302286691",
			"gpsY": "37.4916709399",
			"lastTm": ":",
			"posX": "202672.9372100274",
			"posY": "443586.179932002",
			"routeType": "7",
			"sectSpd": "7",
			"section": "121900807",
			"seq": "41",
			"station": "121000920",
			"stationNm": "래미안아파트.파이낸셜뉴스",
			"stationNo": "22905",
			"transYn": "N",
			"fullSectDist": "492",
			"trnstnid": "121000541"
		},
		{
			"arsId": "22289",
			"beginTm": ":",
			"busRouteAbrv": "9300",
			"busRouteId": "165000162",
			"busRouteNm": "9300인천",
			"direction": "호수공원음악분수",
			"gpsX": "127.0348614229",
			"gpsY": "37.4832966004",
			"lastTm": ":",
			"posX": "203082.92757822212",
			"posY": "442656.9798081843",
			"routeType": "7",
			"sectSpd": "14",
			"section": "121900808",
			"seq": "42",
			"station": "121000213",
			"stationNm": "양재역",
			"stationNo": "22289",
			"transYn": "N",
			"fullSectDist": "1107",
			"trnstnid": "121000541"
		},
		{
			"arsId": "22296",
			"beginTm": "06:14",
			"busRouteAbrv": "9300",
			"busRouteId": "165000162",
			"busRouteNm": "9300인천",
			"direction": "호수공원음악분수",
			"gpsX": "127.03836",
			"gpsY": "37.470867",
			"lastTm": "00:54",
			"posX": "203392.8819153365",
			"posY": "441277.7284786734",
			"routeType": "7",
			"sectSpd": "16",
			"section": "121900349",
			"seq": "43",
			"station": "121000220",
			"stationNm": "매헌시민의숲.양재꽃시장",
			"stationNo": "22296",
			"transYn": "N",
			"fullSectDist": "1504",
			"trnstnid": "121000541"
		},
		{
			"arsId": "22299",
			"beginTm": "06:19",
			"busRouteAbrv": "9300",
			"busRouteId": "165000162",
			"busRouteNm": "9300인천",
			"direction": "호수공원음악분수",
			"gpsX": "127.0352905411",
			"gpsY": "37.4604389951",
			"lastTm": "00:57",
			"posX": "203121.8266617812",
			"posY": "440120.37947369926",
			"routeType": "7",
			"sectSpd": "21",
			"section": "121705670",
			"seq": "44",
			"station": "121000223",
			"stationNm": "양곡도매시장",
			"stationNo": "22299",
			"transYn": "N",
			"fullSectDist": "1661",
			"trnstnid": "121000541"
		},
		{
			"arsId": "22162",
			"beginTm": "06:22",
			"busRouteAbrv": "9300",
			"busRouteId": "165000162",
			"busRouteNm": "9300인천",
			"direction": "호수공원음악분수",
			"gpsX": "127.0197550608",
			"gpsY": "37.5028675589",
			"lastTm": "01:00",
			"posX": "201746.5589736285",
			"posY": "444828.480097556",
			"routeType": "7",
			"sectSpd": "40",
			"section": "121900763",
			"seq": "45",
			"station": "121000086",
			"stationNm": "KCC사옥",
			"stationNo": "22162",
			"transYn": "N",
			"fullSectDist": "1269",
			"trnstnid": "121000541"
		},
		{
			"arsId": "22962",
			"beginTm": "06:23",
			"busRouteAbrv": "9300",
			"busRouteId": "165000162",
			"busRouteNm": "9300인천",
			"direction": "호수공원음악분수",
			"gpsX": "127.017847831",
			"gpsY": "37.4589669003",
			"lastTm": "01:01",
			"posX": "201578.86290587366",
			"posY": "439956.5794412615",
			"routeType": "7",
			"sectSpd": "23",
			"section": "121900754",
			"seq": "46",
			"station": "121900163",
			"stationNm": "송동마을.서초힐스아파트",
			"stationNo": "22962",
			"transYn": "N",
			"fullSectDist": "291",
			"trnstnid": "121000541"
		},
		{
			"arsId": "37502",
			"beginTm": "06:24",
			"busRouteAbrv": "9300",
			"busRouteId": "165000162",
			"busRouteNm": "9300인천",
			"direction": "호수공원음악분수",
			"gpsX": "127.0011387382",
			"gpsY": "37.4522182424",
			"lastTm": "01:02",
			"posX": "200100.74462603245",
			"posY": "439207.5027210368",
			"routeType": "7",
			"sectSpd": "34",
			"section": "121900764",
			"seq": "47",
			"station": "220000011",
			"stationNm": "선바위역2번출구",
			"stationNo": "37502",
			"transYn": "N",
			"fullSectDist": "1714",
			"trnstnid": "121000541"
		},
		{
			"arsId": " ",
			"beginTm": "06:27",
			"busRouteAbrv": "9300",
			"busRouteId": "165000162",
			"busRouteNm": "9300인천",
			"direction": "호수공원음악분수",
			"gpsX": "127.0000883124",
			"gpsY": "37.4382487322",
			"lastTm": "01:04",
			"posX": "200007.81448634318",
			"posY": "437657.2478403412",
			"routeType": "7",
			"sectSpd": "31",
			"section": "220900158",
			"seq": "48",
			"station": "277103204",
			"stationNm": "대공원고가교(경유)",
			"stationNo": "미정차",
			"transYn": "N",
			"fullSectDist": "1833",
			"trnstnid": "121000541"
		},
		{
			"arsId": " ",
			"beginTm": "06:30",
			"busRouteAbrv": "9300",
			"busRouteId": "165000162",
			"busRouteNm": "9300인천",
			"direction": "호수공원음악분수",
			"gpsX": "126.9961941264",
			"gpsY": "37.4220984237",
			"lastTm": "01:07",
			"posX": "199663.15786270102",
			"posY": "435864.99272423517",
			"routeType": "7",
			"sectSpd": "57",
			"section": "277600158",
			"seq": "49",
			"station": "277103202",
			"stationNm": "과천IC(경유)",
			"stationNo": "미정차",
			"transYn": "N",
			"fullSectDist": "2024",
			"trnstnid": "121000541"
		},
		{
			"arsId": " ",
			"beginTm": "06:32",
			"busRouteAbrv": "9300",
			"busRouteId": "165000162",
			"busRouteNm": "9300인천",
			"direction": "호수공원음악분수",
			"gpsX": "126.9949267878",
			"gpsY": "37.4079751647",
			"lastTm": "01:09",
			"posX": "199550.90664284886",
			"posY": "434297.6895913235",
			"routeType": "7",
			"sectSpd": "67",
			"section": "277600159",
			"seq": "50",
			"station": "277103201",
			"stationNm": "과천터널진입(경유)",
			"stationNo": "미정차",
			"transYn": "N",
			"fullSectDist": "1694",
			"trnstnid": "121000541"
		},
		{
			"arsId": " ",
			"beginTm": "06:33",
			"busRouteAbrv": "9300",
			"busRouteId": "165000162",
			"busRouteNm": "9300인천",
			"direction": "호수공원음악분수",
			"gpsX": "127.0000326384",
			"gpsY": "37.3875659217",
			"lastTm": "01:10",
			"posX": "200002.890015916",
			"posY": "432032.7976521682",
			"routeType": "7",
			"sectSpd": "70",
			"section": "277901383",
			"seq": "51",
			"station": "277103808",
			"stationNm": "학의JC(경유)",
			"stationNo": "미정차",
			"transYn": "N",
			"fullSectDist": "2620",
			"trnstnid": "121000541"
		},
		{
			"arsId": " ",
			"beginTm": "06:35",
			"busRouteAbrv": "9300",
			"busRouteId": "165000162",
			"busRouteNm": "9300인천",
			"direction": "호수공원음악분수",
			"gpsX": "126.9655144372",
			"gpsY": "37.3820464331",
			"lastTm": "01:12",
			"posX": "196946.2003984648",
			"posY": "431420.84141216474",
			"routeType": "7",
			"sectSpd": "61",
			"section": "277901384",
			"seq": "52",
			"station": "277103147",
			"stationNm": "평촌IC(경유)",
			"stationNo": "미정차",
			"transYn": "N",
			"fullSectDist": "3309",
			"trnstnid": "121000541"
		},
		{
			"arsId": " ",
			"beginTm": "06:37",
			"busRouteAbrv": "9300",
			"busRouteId": "165000162",
			"busRouteNm": "9300인천",
			"direction": "호수공원음악분수",
			"gpsX": "126.8696738178",
			"gpsY": "37.3688028423",
			"lastTm": "01:14",
			"posX": "188457.19545502926",
			"posY": "429958.57260270696",
			"routeType": "7",
			"sectSpd": "80",
			"section": "277901310",
			"seq": "53",
			"station": "277103143",
			"stationNm": "조남JC(경유)",
			"stationNo": "미정차",
			"transYn": "N",
			"fullSectDist": "8815",
			"trnstnid": "121000541"
		},
		{
			"arsId": "25998",
			"beginTm": "06:56",
			"busRouteAbrv": "9300",
			"busRouteId": "165000162",
			"busRouteNm": "9300인천",
			"direction": "호수공원음악분수",
			"gpsX": "126.8556840101",
			"gpsY": "37.3845251084",
			"lastTm": "01:19",
			"posX": "187220.80526973767",
			"posY": "431705.1211050204",
			"routeType": "7",
			"sectSpd": "79",
			"section": "277901487",
			"seq": "54",
			"station": "224001025",
			"stationNm": "하늘휴게소",
			"stationNo": "25998",
			"transYn": "N",
			"fullSectDist": "2423",
			"trnstnid": "121000541"
		},
		{
			"arsId": " ",
			"beginTm": ":",
			"busRouteAbrv": "9300",
			"busRouteId": "165000162",
			"busRouteNm": "9300인천",
			"direction": "호수공원음악분수",
			"gpsX": "126.8477904153",
			"gpsY": "37.3967644458",
			"lastTm": ":",
			"posX": "186524.01741025955",
			"posY": "433064.45788354287",
			"routeType": "7",
			"sectSpd": "36",
			"section": "224900994",
			"seq": "55",
			"station": "277103141",
			"stationNm": "도리JC(경유)",
			"stationNo": "미정차",
			"transYn": "N",
			"fullSectDist": "1573",
			"trnstnid": "121000541"
		},
		{
			"arsId": " ",
			"beginTm": ":",
			"busRouteAbrv": "9300",
			"busRouteId": "165000162",
			"busRouteNm": "9300인천",
			"direction": "호수공원음악분수",
			"gpsX": "126.8291035002",
			"gpsY": "37.41921565",
			"lastTm": ":",
			"posX": "184874.0715905442",
			"posY": "435558.7812242587",
			"routeType": "7",
			"sectSpd": "90",
			"section": "277901385",
			"seq": "56",
			"station": "277103811",
			"stationNm": "용도수목원(경유)",
			"stationNo": "미정차",
			"transYn": "N",
			"fullSectDist": "3059",
			"trnstnid": "121000541"
		},
		{
			"arsId": " ",
			"beginTm": ":",
			"busRouteAbrv": "9300",
			"busRouteId": "165000162",
			"busRouteNm": "9300인천",
			"direction": "호수공원음악분수",
			"gpsX": "126.8171865412",
			"gpsY": "37.4370280324",
			"lastTm": ":",
			"posX": "183823.142380557",
			"posY": "437537.47017393727",
			"routeType": "7",
			"sectSpd": "97",
			"section": "277901403",
			"seq": "57",
			"station": "277103139",
			"stationNm": "안현JC(경유)",
			"stationNo": "미정차",
			"transYn": "N",
			"fullSectDist": "2295",
			"trnstnid": "121000541"
		},
		{
			"arsId": "0",
			"beginTm": "06:50",
			"busRouteAbrv": "9300",
			"busRouteId": "165000162",
			"busRouteNm": "9300인천",
			"direction": "호수공원음악분수",
			"gpsX": "126.8026689892",
			"gpsY": "37.4525335764",
			"lastTm": "01:25",
			"posX": "182542.11041039936",
			"posY": "439260.77763244836",
			"routeType": "7",
			"sectSpd": "68",
			"section": "277900622",
			"seq": "58",
			"station": "224000848",
			"stationNm": "시흥영업소",
			"stationNo": "0",
			"transYn": "N",
			"fullSectDist": "2094",
			"trnstnid": "121000541"
		},
		{
			"arsId": " ",
			"beginTm": ":",
			"busRouteAbrv": "9300",
			"busRouteId": "165000162",
			"busRouteNm": "9300인천",
			"direction": "호수공원음악분수",
			"gpsX": "126.7978896517",
			"gpsY": "37.4557772651",
			"lastTm": ":",
			"posX": "182120.05380679393",
			"posY": "439621.64058594825",
			"routeType": "7",
			"sectSpd": "27",
			"section": "224901132",
			"seq": "59",
			"station": "277103191",
			"stationNm": "시흥IC(경유)",
			"stationNo": "미정차",
			"transYn": "N",
			"fullSectDist": "584",
			"trnstnid": "121000541"
		},
		{
			"arsId": "92000",
			"beginTm": "07:52",
			"busRouteAbrv": "9300",
			"busRouteId": "165000162",
			"busRouteNm": "9300인천",
			"direction": "호수공원음악분수",
			"gpsX": "126.7550333739",
			"gpsY": "37.4621346932",
			"lastTm": "01:28",
			"posX": "178330.5483455005",
			"posY": "440336.149678804",
			"routeType": "7",
			"sectSpd": "88",
			"section": "277902443",
			"seq": "60",
			"station": "165001000",
			"stationNm": "장수IC(미정차)",
			"stationNo": "92000",
			"transYn": "N",
			"fullSectDist": "3926",
			"trnstnid": "121000541"
		},
		{
			"arsId": "40761",
			"beginTm": "08:22",
			"busRouteAbrv": "9300",
			"busRouteId": "165000162",
			"busRouteNm": "9300인천",
			"direction": "호수공원음악분수",
			"gpsX": "126.7525707922",
			"gpsY": "37.4812288456",
			"lastTm": "01:30",
			"posX": "178118.27813633258",
			"posY": "442455.69067778904",
			"routeType": "7",
			"sectSpd": "45",
			"section": "165900262",
			"seq": "61",
			"station": "166000761",
			"stationNm": "송내남부역",
			"stationNo": "40761",
			"transYn": "N",
			"fullSectDist": "3847",
			"trnstnid": "121000541"
		},
		{
			"arsId": "46612",
			"beginTm": "07:01",
			"busRouteAbrv": "9300",
			"busRouteId": "165000162",
			"busRouteNm": "9300인천",
			"direction": "호수공원음악분수",
			"gpsX": "126.755404235",
			"gpsY": "37.493594408",
			"lastTm": "01:34",
			"posX": "178372.42305167828",
			"posY": "443827.306599231",
			"routeType": "7",
			"sectSpd": "28",
			"section": "166900167",
			"seq": "62",
			"station": "210000049",
			"stationNm": "법원.검찰청.복사골문화센터.반 ",
			"stationNo": "46612",
			"transYn": "N",
			"fullSectDist": "1095",
			"trnstnid": "121000541"
		},
		{
			"arsId": "0",
			"beginTm": "07:12",
			"busRouteAbrv": "9300",
			"busRouteId": "165000162",
			"busRouteNm": "9300인천",
			"direction": "호수공원음악분수",
			"gpsX": "126.757370886",
			"gpsY": "37.5008883348",
			"lastTm": "01:36",
			"posX": "178548.40458166559",
			"posY": "444636.30277831294",
			"routeType": "7",
			"sectSpd": "13",
			"section": "210900979",
			"seq": "63",
			"station": "210000167",
			"stationNm": "포도마을",
			"stationNo": "0",
			"transYn": "N",
			"fullSectDist": "838",
			"trnstnid": "121000541"
		},
		{
			"arsId": "0",
			"beginTm": "07:07",
			"busRouteAbrv": "9300",
			"busRouteId": "165000162",
			"busRouteNm": "9300인천",
			"direction": "호수공원음악분수",
			"gpsX": "126.7552888764",
			"gpsY": "37.5059439909",
			"lastTm": "01:40",
			"posX": "178365.78624838404",
			"posY": "445197.83327008877",
			"routeType": "7",
			"sectSpd": "14",
			"section": "210700156",
			"seq": "64",
			"station": "210000157",
			"stationNm": "상동역8번출구.세이브존",
			"stationNo": "0",
			"transYn": "N",
			"fullSectDist": "769",
			"trnstnid": "121000541"
		},
		{
			"arsId": "40543",
			"beginTm": "07:16",
			"busRouteAbrv": "9300",
			"busRouteId": "165000162",
			"busRouteNm": "9300인천",
			"direction": "호수공원음악분수",
			"gpsX": "126.7384680948",
			"gpsY": "37.5039264143",
			"lastTm": "01:42",
			"posX": "176878.08397033185",
			"posY": "444977.9314895072",
			"routeType": "7",
			"sectSpd": "16",
			"section": "210900562",
			"seq": "65",
			"station": "166000543",
			"stationNm": "삼산월드체육관",
			"stationNo": "40543",
			"transYn": "N",
			"fullSectDist": "1432",
			"trnstnid": "121000541"
		},
		{
			"arsId": "40522",
			"beginTm": ":",
			"busRouteAbrv": "9300",
			"busRouteId": "165000162",
			"busRouteNm": "9300인천",
			"direction": "호수공원음악분수",
			"gpsX": "126.732279912",
			"gpsY": "37.5043264246",
			"lastTm": ":",
			"posX": "176331.11481951454",
			"posY": "445023.861228616",
			"routeType": "7",
			"sectSpd": "18",
			"section": "166900168",
			"seq": "66",
			"station": "166000522",
			"stationNm": "굴포천역(욱일아파트)",
			"stationNo": "40522",
			"transYn": "N",
			"fullSectDist": "550",
			"trnstnid": "121000541"
		},
		{
			"arsId": "40588",
			"beginTm": ":",
			"busRouteAbrv": "9300",
			"busRouteId": "165000162",
			"busRouteNm": "9300인천",
			"direction": "호수공원음악분수",
			"gpsX": "126.7311234444",
			"gpsY": "37.5098162506",
			"lastTm": ":",
			"posX": "176230.6131810758",
			"posY": "445633.38951891614",
			"routeType": "7",
			"sectSpd": "33",
			"section": "166900169",
			"seq": "67",
			"station": "166000588",
			"stationNm": "삼산타운1단지",
			"stationNo": "40588",
			"transYn": "N",
			"fullSectDist": "782",
			"trnstnid": "121000541"
		},
		{
			"arsId": "40652",
			"beginTm": "07:18",
			"busRouteAbrv": "9300",
			"busRouteId": "165000162",
			"busRouteNm": "9300인천",
			"direction": "호수공원음악분수",
			"gpsX": "126.7318108662",
			"gpsY": "37.5161990125",
			"lastTm": "01:48",
			"posX": "176293.40220344055",
			"posY": "446341.5477051991",
			"routeType": "7",
			"sectSpd": "23",
			"section": "166900170",
			"seq": "68",
			"station": "166000652",
			"stationNm": "갈산동천주교회",
			"stationNo": "40652",
			"transYn": "N",
			"fullSectDist": "711",
			"trnstnid": "121000541"
		},
		{
			"arsId": "41108",
			"beginTm": ":",
			"busRouteAbrv": "9300",
			"busRouteId": "165000162",
			"busRouteNm": "9300인천",
			"direction": "호수공원음악분수",
			"gpsX": "126.7328506561",
			"gpsY": "37.5263627354",
			"lastTm": ":",
			"posX": "176388.5178684998",
			"posY": "447469.2142511029",
			"routeType": "7",
			"sectSpd": "27",
			"section": "166900171",
			"seq": "69",
			"station": "167000108",
			"stationNm": "광명아파트",
			"stationNo": "41108",
			"transYn": "N",
			"fullSectDist": "1132",
			"trnstnid": "121000541"
		},
		{
			"arsId": "41113",
			"beginTm": "07:22",
			"busRouteAbrv": "9300",
			"busRouteId": "165000162",
			"busRouteNm": "9300인천",
			"direction": "호수공원음악분수",
			"gpsX": "126.7301704656",
			"gpsY": "37.5278154746",
			"lastTm": "01:51",
			"posX": "176152.09641872824",
			"posY": "447631.10958401114",
			"routeType": "7",
			"sectSpd": "11",
			"section": "167900259",
			"seq": "70",
			"station": "167000113",
			"stationNm": "작전1동주민센터",
			"stationNo": "41113",
			"transYn": "N",
			"fullSectDist": "385",
			"trnstnid": "121000541"
		},
		{
			"arsId": "41401",
			"beginTm": "07:23",
			"busRouteAbrv": "9300",
			"busRouteId": "165000162",
			"busRouteNm": "9300인천",
			"direction": "호수공원음악분수",
			"gpsX": "126.7196737501",
			"gpsY": "37.5278474393",
			"lastTm": "01:52",
			"posX": "175224.39101548822",
			"posY": "447637.37004580395",
			"routeType": "7",
			"sectSpd": "19",
			"section": "167900260",
			"seq": "71",
			"station": "167000401",
			"stationNm": "작전역7번출구",
			"stationNo": "41401",
			"transYn": "N",
			"fullSectDist": "929",
			"trnstnid": "121000541"
		},
		{
			"arsId": "41405",
			"beginTm": "07:30",
			"busRouteAbrv": "9300",
			"busRouteId": "165000162",
			"busRouteNm": "9300인천",
			"direction": "호수공원음악분수",
			"gpsX": "126.7111448733",
			"gpsY": "37.5279500993",
			"lastTm": "01:55",
			"posX": "174470.63082323456",
			"posY": "447651.0435941499",
			"routeType": "7",
			"sectSpd": "28",
			"section": "167900261",
			"seq": "72",
			"station": "167000405",
			"stationNm": "명현중학교",
			"stationNo": "41405",
			"transYn": "N",
			"fullSectDist": "759",
			"trnstnid": "121000541"
		},
		{
			"arsId": "41578",
			"beginTm": "07:31",
			"busRouteAbrv": "9300",
			"busRouteId": "165000162",
			"busRouteNm": "9300인천",
			"direction": "호수공원음악분수",
			"gpsX": "126.7005445267",
			"gpsY": "37.5255581876",
			"lastTm": "01:57",
			"posX": "173532.9119499092",
			"posY": "447388.52862532716",
			"routeType": "7",
			"sectSpd": "23",
			"section": "167900262",
			"seq": "73",
			"station": "167000578",
			"stationNm": "하나아파트101동",
			"stationNo": "41578",
			"transYn": "N",
			"fullSectDist": "994",
			"trnstnid": "121000541"
		},
		{
			"arsId": "89073",
			"beginTm": "07:31",
			"busRouteAbrv": "9300",
			"busRouteId": "165000162",
			"busRouteNm": "9300인천",
			"direction": "호수공원음악분수",
			"gpsX": "126.6835644311",
			"gpsY": "37.5219278545",
			"lastTm": "01:59",
			"posX": "172030.783138056",
			"posY": "446990.5618706988",
			"routeType": "7",
			"sectSpd": "27",
			"section": "167900263",
			"seq": "74",
			"station": "168001073",
			"stationNm": "대우하나아파트",
			"stationNo": "89073",
			"transYn": "N",
			"fullSectDist": "1648",
			"trnstnid": "121000541"
		},
		{
			"arsId": "89078",
			"beginTm": "07:36",
			"busRouteAbrv": "9300",
			"busRouteId": "165000162",
			"busRouteNm": "9300인천",
			"direction": "호수공원음악분수",
			"gpsX": "126.6729481052",
			"gpsY": "37.522239005",
			"lastTm": "02:02",
			"posX": "171092.54107974895",
			"posY": "447028.30154032446",
			"routeType": "7",
			"sectSpd": "21",
			"section": "168900413",
			"seq": "75",
			"station": "168001078",
			"stationNm": "가정(루원시티)역",
			"stationNo": "89078",
			"transYn": "N",
			"fullSectDist": "949",
			"trnstnid": "121000541"
		},
		{
			"arsId": "89118",
			"beginTm": "07:37",
			"busRouteAbrv": "9300",
			"busRouteId": "165000162",
			"busRouteNm": "9300인천",
			"direction": "호수공원음악분수",
			"gpsX": "126.6620936518",
			"gpsY": "37.5241882526",
			"lastTm": "02:05",
			"posX": "170133.9120017165",
			"posY": "447248.01234308165",
			"routeType": "7",
			"sectSpd": "28",
			"section": "168900666",
			"seq": "76",
			"station": "168001118",
			"stationNm": "가원초등학교",
			"stationNo": "89118",
			"transYn": "N",
			"fullSectDist": "1137",
			"trnstnid": "121000541"
		},
		{
			"arsId": "42743",
			"beginTm": "07:44",
			"busRouteAbrv": "9300",
			"busRouteId": "165000162",
			"busRouteNm": "9300인천",
			"direction": "호수공원음악분수",
			"gpsX": "126.6577793354",
			"gpsY": "37.5272941658",
			"lastTm": "02:07",
			"posX": "169753.8410262265",
			"posY": "447594.07321679266",
			"routeType": "7",
			"sectSpd": "27",
			"section": "168900667",
			"seq": "77",
			"station": "168000743",
			"stationNm": "호반베르디움3차아파트",
			"stationNo": "42743",
			"transYn": "N",
			"fullSectDist": "697",
			"trnstnid": "121000541"
		},
		{
			"arsId": "42836",
			"beginTm": "07:42",
			"busRouteAbrv": "9300",
			"busRouteId": "165000162",
			"busRouteNm": "9300인천",
			"direction": "호수공원음악분수",
			"gpsX": "126.6515929862",
			"gpsY": "37.5273112419",
			"lastTm": "02:08",
			"posX": "169207.0841702424",
			"posY": "447597.97556129005",
			"routeType": "7",
			"sectSpd": "22",
			"section": "168900416",
			"seq": "78",
			"station": "168000836",
			"stationNm": "엑슬루타워",
			"stationNo": "42836",
			"transYn": "N",
			"fullSectDist": "549",
			"trnstnid": "121000541"
		},
		{
			"arsId": "42884",
			"beginTm": "07:44",
			"busRouteAbrv": "9300",
			"busRouteId": "165000162",
			"busRouteNm": "9300인천",
			"direction": "호수공원음악분수",
			"gpsX": "126.6475757119",
			"gpsY": "37.5273196993",
			"lastTm": "02:09",
			"posX": "168852.03170759208",
			"posY": "447600.23688816885",
			"routeType": "7",
			"sectSpd": "12",
			"section": "168900417",
			"seq": "79",
			"station": "168000884",
			"stationNm": "롯데캐슬",
			"stationNo": "42884",
			"transYn": "N",
			"fullSectDist": "355",
			"trnstnid": "121000541"
		},
		{
			"arsId": "42865",
			"beginTm": "07:50",
			"busRouteAbrv": "9300",
			"busRouteId": "165000162",
			"busRouteNm": "9300인천",
			"direction": "호수공원음악분수",
			"gpsX": "126.6405880391",
			"gpsY": "37.5272628557",
			"lastTm": "02:10",
			"posX": "168234.42091855904",
			"posY": "447596.2655408415",
			"routeType": "7",
			"sectSpd": "49",
			"section": "168900418",
			"seq": "80",
			"station": "168000865",
			"stationNm": "한일베라체",
			"stationNo": "42865",
			"transYn": "N",
			"fullSectDist": "618",
			"trnstnid": "121000541"
		},
		{
			"arsId": "89028",
			"beginTm": ":",
			"busRouteAbrv": "9300",
			"busRouteId": "165000162",
			"busRouteNm": "9300인천",
			"direction": "호수공원음악분수",
			"gpsX": "126.6263060717",
			"gpsY": "37.5270362951",
			"lastTm": ":",
			"posX": "166972.04637009234",
			"posY": "447576.04183881637",
			"routeType": "7",
			"sectSpd": "32",
			"section": "168900419",
			"seq": "81",
			"station": "168001028",
			"stationNm": "호수공원음악분수",
			"stationNo": "89028",
			"transYn": "N",
			"fullSectDist": "1263",
			"trnstnid": "121000541"
		}
	]
}