{
	"count": 66,
	"result": [
		{
			"arsId": "37166",
			"beginTm": "08:38",
			"busRouteAbrv": "1601",
			"busRouteId": "165000154",
			"busRouteNm": "1601인천",
			"direction": "서울역",
			"gpsX": "126.6558821508",
			"gpsY": "37.4482748512",
			"lastTm": "02:06",
			"posX": "169554.10922134167",
			"posY": "438825.48055627476",
			"routeType": "7",
			"sectSpd": "0",
			"section": "0",
			"seq": "1",
			"station": "163000166",
			"stationNm": "인하대후문",
			"stationNo": "37166",
			"transYn": "N",
			"trnstnid": "101000250"
		},
		{
			"arsId": "37168",
			"beginTm": "04:40",
			"busRouteAbrv": "1601",
			"busRouteId": "165000154",
			"busRouteNm": "1601인천",
			"direction": "서울역",
			"gpsX": "126.6591876725",
			"gpsY": "37.4473963219",
			"lastTm": "23:23",
			"posX": "169846.21415205247",
			"posY": "438726.92312014196",
			"routeType": "7",
			"sectSpd": "5",
			"section": "163900050",
			"seq": "2",
			"station": "163000168",
			"stationNm": "정석항공과학고",
			"stationNo": "37168",
			"transYn": "N",
			"fullSectDist": "308",
			"trnstnid": "101000250"
		},
		{
			"arsId": "37169",
			"beginTm": "04:40",
			"busRouteAbrv": "1601",
			"busRouteId": "165000154",
			"busRouteNm": "1601인천",
			"direction": "서울역",
			"gpsX": "126.6622570657",
			"gpsY": "37.4465696968",
			"lastTm": "23:20",
			"posX": "170117.45448520363",
			"posY": "438634.21088113915",
			"routeType": "7",
			"sectSpd": "22",
			"section": "163900051",
			"seq": "3",
			"station": "163000169",
			"stationNm": "학산소극장",
			"stationNo": "37169",
			"transYn": "N",
			"fullSectDist": "284",
			"trnstnid": "101000250"
		},
		{
			"arsId": "37208",
			"beginTm": "04:41",
			"busRouteAbrv": "1601",
			"busRouteId": "165000154",
			"busRouteNm": "1601인천",
			"direction": "서울역",
			"gpsX": "126.6666221824",
			"gpsY": "37.4480754675",
			"lastTm": "23:21",
			"posX": "170504.26010013654",
			"posY": "438799.93797276914",
			"routeType": "7",
			"sectSpd": "15",
			"section": "163900052",
			"seq": "4",
			"station": "163000208",
			"stationNm": "용일사거리",
			"stationNo": "37208",
			"transYn": "N",
			"fullSectDist": "623",
			"trnstnid": "101000250"
		},
		{
			"arsId": "37514",
			"beginTm": "04:44",
			"busRouteAbrv": "1601",
			"busRouteId": "165000154",
			"busRouteNm": "1601인천",
			"direction": "서울역",
			"gpsX": "126.6761997557",
			"gpsY": "37.4557434811",
			"lastTm": "23:24",
			"posX": "171354.56672582275",
			"posY": "439647.93872841075",
			"routeType": "7",
			"sectSpd": "28",
			"section": "163900053",
			"seq": "5",
			"station": "163000514",
			"stationNm": "주안사거리",
			"stationNo": "37514",
			"transYn": "N",
			"fullSectDist": "1434",
			"trnstnid": "101000250"
		},
		{
			"arsId": "37365",
			"beginTm": "04:46",
			"busRouteAbrv": "1601",
			"busRouteId": "165000154",
			"busRouteNm": "1601인천",
			"direction": "서울역",
			"gpsX": "126.6876902606",
			"gpsY": "37.4550373704",
			"lastTm": "23:26",
			"posX": "172370.83295294462",
			"posY": "439566.14654276054",
			"routeType": "7",
			"sectSpd": "18",
			"section": "163900054",
			"seq": "6",
			"station": "163000365",
			"stationNm": "석바위",
			"stationNo": "37365",
			"transYn": "N",
			"fullSectDist": "1019",
			"trnstnid": "101000250"
		},
		{
			"arsId": "39272",
			"beginTm": "04:48",
			"busRouteAbrv": "1601",
			"busRouteId": "165000154",
			"busRouteNm": "1601인천",
			"direction": "서울역",
			"gpsX": "126.6979845758",
			"gpsY": "37.4541846508",
			"lastTm": "23:28",
			"posX": "173281.24106025934",
			"posY": "439468.5470712236",
			"routeType": "7",
			"sectSpd": "16",
			"section": "163900055",
			"seq": "7",
			"station": "165000272",
			"stationNm": "극동.금호아파트",
			"stationNo": "39272",
			"transYn": "N",
			"fullSectDist": "915",
			"trnstnid": "101000250"
		},
		{
			"arsId": "39290",
			"beginTm": "04:52",
			"busRouteAbrv": "1601",
			"busRouteId": "165000154",
			"busRouteNm": "1601인천",
			"direction": "서울역",
			"gpsX": "126.7040689271",
			"gpsY": "37.4538304056",
			"lastTm": "23:30",
			"posX": "173819.39041790654",
			"posY": "439427.5267329342",
			"routeType": "7",
			"sectSpd": "17",
			"section": "165900155",
			"seq": "8",
			"station": "165000290",
			"stationNm": "인천시청후문",
			"stationNo": "39290",
			"transYn": "N",
			"fullSectDist": "540",
			"trnstnid": "101000250"
		},
		{
			"arsId": "39586",
			"beginTm": "04:53",
			"busRouteAbrv": "1601",
			"busRouteId": "165000154",
			"busRouteNm": "1601인천",
			"direction": "서울역",
			"gpsX": "126.711427067",
			"gpsY": "37.4536929029",
			"lastTm": "23:33",
			"posX": "174470.30952797935",
			"posY": "439410.2481790534",
			"routeType": "7",
			"sectSpd": "18",
			"section": "165900156",
			"seq": "9",
			"station": "165000586",
			"stationNm": "구월2동행정복지센터",
			"stationNo": "39586",
			"transYn": "N",
			"fullSectDist": "656",
			"trnstnid": "101000250"
		},
		{
			"arsId": "39355",
			"beginTm": "04:54",
			"busRouteAbrv": "1601",
			"busRouteId": "165000154",
			"busRouteNm": "1601인천",
			"direction": "서울역",
			"gpsX": "126.7188783051",
			"gpsY": "37.4540694551",
			"lastTm": "23:34",
			"posX": "175129.63744465163",
			"posY": "439450.0429517026",
			"routeType": "7",
			"sectSpd": "14",
			"section": "165900274",
			"seq": "10",
			"station": "165000355",
			"stationNm": "신성성결교회(올림피아병원)",
			"stationNo": "39355",
			"transYn": "N",
			"fullSectDist": "743",
			"trnstnid": "101000250"
		},
		{
			"arsId": "39445",
			"beginTm": "04:57",
			"busRouteAbrv": "1601",
			"busRouteId": "165000154",
			"busRouteNm": "1601인천",
			"direction": "서울역",
			"gpsX": "126.7197569183",
			"gpsY": "37.4597350919",
			"lastTm": "23:37",
			"posX": "175209.2373687947",
			"posY": "440078.5537323179",
			"routeType": "7",
			"sectSpd": "15",
			"section": "165900275",
			"seq": "11",
			"station": "165000445",
			"stationNm": "태화두진아파트",
			"stationNo": "39445",
			"transYn": "N",
			"fullSectDist": "636",
			"trnstnid": "101000250"
		},
		{
			"arsId": "40891",
			"beginTm": "04:59",
			"busRouteAbrv": "1601",
			"busRouteId": "165000154",
			"busRouteNm": "1601인천",
			"direction": "서울역",
			"gpsX": "126.7291918119",
			"gpsY": "37.4896235792",
			"lastTm": "23:39",
			"posX": "176053.40363708805",
			"posY": "443392.98782423185",
			"routeType": "7",
			"sectSpd": "32",
			"section": "165900276",
			"seq": "12",
			"station": "166000891",
			"stationNm": "힘찬병원",
			"stationNo": "40891",
			"transYn": "N",
			"fullSectDist": "3552",
			"trnstnid": "101000250"
		},
		{
			"arsId": "40413",
			"beginTm": "05:06",
			"busRouteAbrv": "1601",
			"busRouteId": "165000154",
			"busRouteNm": "1601인천",
			"direction": "서울역",
			"gpsX": "126.7370871506",
			"gpsY": "37.4947239926",
			"lastTm": "23:44",
			"posX": "176753.14230527397",
			"posY": "443957.02875172766",
			"routeType": "7",
			"sectSpd": "22",
			"section": "166900254",
			"seq": "13",
			"station": "166000413",
			"stationNm": "정병원",
			"stationNo": "40413",
			"transYn": "N",
			"fullSectDist": "1301",
			"trnstnid": "101000250"
		},
		{
			"arsId": "11504",
			"beginTm": "05:10",
			"busRouteAbrv": "1601",
			"busRouteId": "165000154",
			"busRouteNm": "1601인천",
			"direction": "서울역",
			"gpsX": "126.7435846971",
			"gpsY": "37.5004597885",
			"lastTm": "23:46",
			"posX": "177329.39305402018",
			"posY": "444591.976174274",
			"routeType": "7",
			"sectSpd": "17",
			"section": "166900280",
			"seq": "14",
			"station": "210000579",
			"stationNm": "인천미래생활고등학교",
			"stationNo": "11504",
			"transYn": "N",
			"fullSectDist": "797",
			"trnstnid": "101000250"
		},
		{
			"arsId": "0",
			"beginTm": "05:14",
			"busRouteAbrv": "1601",
			"busRouteId": "165000154",
			"busRouteNm": "1601인천",
			"direction": "서울역",
			"gpsX": "126.7551196089",
			"gpsY": "37.5054615033",
			"lastTm": "23:48",
			"posX": "178350.68243188388",
			"posY": "445144.32787882164",
			"routeType": "7",
			"sectSpd": "29",
			"section": "210901058",
			"seq": "15",
			"station": "210000327",
			"stationNm": "상동역1번출구.부천터미널소풍. ",
			"stationNo": "0",
			"transYn": "N",
			"fullSectDist": "1692",
			"trnstnid": "101000250"
		},
		{
			"arsId": "0",
			"beginTm": "05:21",
			"busRouteAbrv": "1601",
			"busRouteId": "165000154",
			"busRouteNm": "1601인천",
			"direction": "서울역",
			"gpsX": "126.7612595103",
			"gpsY": "37.5047746931",
			"lastTm": "23:51",
			"posX": "178893.30459556344",
			"posY": "445066.71397924004",
			"routeType": "7",
			"sectSpd": "16",
			"section": "210700207",
			"seq": "16",
			"station": "210000166",
			"stationNm": "부천시청역3번출구.경기예고.현 ",
			"stationNo": "0",
			"transYn": "N",
			"fullSectDist": "637",
			"trnstnid": "101000250"
		},
		{
			"arsId": "0",
			"beginTm": "05:22",
			"busRouteAbrv": "1601",
			"busRouteId": "165000154",
			"busRouteNm": "1601인천",
			"direction": "서울역",
			"gpsX": "126.7667558427",
			"gpsY": "37.5040027405",
			"lastTm": "23:52",
			"posX": "179379.01563695684",
			"posY": "444979.82762639364",
			"routeType": "7",
			"sectSpd": "15",
			"section": "210900547",
			"seq": "17",
			"station": "210000165",
			"stationNm": "부천시청역1번출구.부천아트센터",
			"stationNo": "0",
			"transYn": "N",
			"fullSectDist": "508",
			"trnstnid": "101000250"
		},
		{
			"arsId": "0",
			"beginTm": "05:25",
			"busRouteAbrv": "1601",
			"busRouteId": "165000154",
			"busRouteNm": "1601인천",
			"direction": "서울역",
			"gpsX": "126.7699156704",
			"gpsY": "37.5036156791",
			"lastTm": "23:54",
			"posX": "179658.26959752053",
			"posY": "444936.18562455056",
			"routeType": "7",
			"sectSpd": "9",
			"section": "210700131",
			"seq": "18",
			"station": "210000218",
			"stationNm": "계룡리슈빌",
			"stationNo": "0",
			"transYn": "N",
			"fullSectDist": "282",
			"trnstnid": "101000250"
		},
		{
			"arsId": "46080",
			"beginTm": "05:25",
			"busRouteAbrv": "1601",
			"busRouteId": "165000154",
			"busRouteNm": "1601인천",
			"direction": "서울역",
			"gpsX": "126.7757845131",
			"gpsY": "37.505442255",
			"lastTm": "23:54",
			"posX": "180177.61699934542",
			"posY": "445137.6383798281",
			"routeType": "7",
			"sectSpd": "15",
			"section": "210900549",
			"seq": "19",
			"station": "210000168",
			"stationNm": "신중동역6번출구.중흥중학교",
			"stationNo": "46080",
			"transYn": "N",
			"fullSectDist": "858",
			"trnstnid": "101000250"
		},
		{
			"arsId": "0",
			"beginTm": "05:29",
			"busRouteAbrv": "1601",
			"busRouteId": "165000154",
			"busRouteNm": "1601인천",
			"direction": "서울역",
			"gpsX": "126.7754440638",
			"gpsY": "37.5157084294",
			"lastTm": "23:57",
			"posX": "180150.23755609727",
			"posY": "446277.0048215077",
			"routeType": "7",
			"sectSpd": "21",
			"section": "210900550",
			"seq": "20",
			"station": "212000396",
			"stationNm": "약대사거리",
			"stationNo": "0",
			"transYn": "N",
			"fullSectDist": "1166",
			"trnstnid": "101000250"
		},
		{
			"arsId": " ",
			"beginTm": "05:31",
			"busRouteAbrv": "1601",
			"busRouteId": "165000154",
			"busRouteNm": "1601인천",
			"direction": "서울역",
			"gpsX": "126.7793721843",
			"gpsY": "37.5239111928",
			"lastTm": "23:59",
			"posX": "180499.60158821935",
			"posY": "447186.491118846",
			"routeType": "7",
			"sectSpd": "14",
			"section": "212900614",
			"seq": "21",
			"station": "277103846",
			"stationNm": "부천IC진입(경유)",
			"stationNo": "미정차",
			"transYn": "N",
			"fullSectDist": "1155",
			"trnstnid": "101000250"
		},
		{
			"arsId": " ",
			"beginTm": "05:35",
			"busRouteAbrv": "1601",
			"busRouteId": "165000154",
			"busRouteNm": "1601인천",
			"direction": "서울역",
			"gpsX": "126.8344737926",
			"gpsY": "37.5253068664",
			"lastTm": "00:02",
			"posX": "185370.0860915704",
			"posY": "447331.38070092164",
			"routeType": "7",
			"sectSpd": "19",
			"section": "277901457",
			"seq": "22",
			"station": "277103843",
			"stationNm": "신월IC(경유)",
			"stationNo": "미정차",
			"transYn": "N",
			"fullSectDist": "4939",
			"trnstnid": "101000250"
		},
		{
			"arsId": "19222",
			"beginTm": "05:38",
			"busRouteAbrv": "1601",
			"busRouteId": "165000154",
			"busRouteNm": "1601인천",
			"direction": "서울역",
			"gpsX": "126.8965986626",
			"gpsY": "37.5340353405",
			"lastTm": "00:07",
			"posX": "190862.0146603894",
			"posY": "448292.1806662143",
			"routeType": "7",
			"sectSpd": "18",
			"section": "277901299",
			"seq": "23",
			"station": "118000137",
			"stationNm": "선유고등학교",
			"stationNo": "19222",
			"transYn": "N",
			"fullSectDist": "5901",
			"trnstnid": "101000250"
		},
		{
			"arsId": "14011",
			"beginTm": "05:46",
			"busRouteAbrv": "1601",
			"busRouteId": "165000154",
			"busRouteNm": "1601인천",
			"direction": "서울역",
			"gpsX": "126.912832397",
			"gpsY": "37.5488741717",
			"lastTm": "00:18",
			"posX": "192298.180925963",
			"posY": "449937.4808531306",
			"routeType": "7",
			"sectSpd": "22",
			"section": "118705914",
			"seq": "24",
			"station": "113000424",
			"stationNm": "합정역",
			"stationNo": "14011",
			"transYn": "N",
			"fullSectDist": "2174",
			"trnstnid": "101000250"
		},
		{
			"arsId": "14013",
			"beginTm": "05:48",
			"busRouteAbrv": "1601",
			"busRouteId": "165000154",
			"busRouteNm": "1601인천",
			"direction": "서울역",
			"gpsX": "126.9195815796",
			"gpsY": "37.5536367406",
			"lastTm": "00:18",
			"posX": "192894.9669115906",
			"posY": "450465.48091993574",
			"routeType": "7",
			"sectSpd": "18",
			"section": "113700001",
			"seq": "25",
			"station": "113000423",
			"stationNm": "서교동",
			"stationNo": "14013",
			"transYn": "N",
			"fullSectDist": "814",
			"trnstnid": "101000250"
		},
		{
			"arsId": "14015",
			"beginTm": "05:51",
			"busRouteAbrv": "1601",
			"busRouteId": "165000154",
			"busRouteNm": "1601인천",
			"direction": "서울역",
			"gpsX": "126.9231959983",
			"gpsY": "37.5563734241",
			"lastTm": "00:22",
			"posX": "193214.5519554514",
			"posY": "450768.92066183686",
			"routeType": "7",
			"sectSpd": "10",
			"section": "113700002",
			"seq": "26",
			"station": "113000422",
			"stationNm": "홍대입구역",
			"stationNo": "14015",
			"transYn": "N",
			"fullSectDist": "521",
			"trnstnid": "101000250"
		},
		{
			"arsId": "14061",
			"beginTm": "05:52",
			"busRouteAbrv": "1601",
			"busRouteId": "165000154",
			"busRouteNm": "1601인천",
			"direction": "서울역",
			"gpsX": "126.9284587797",
			"gpsY": "37.5580596154",
			"lastTm": "00:23",
			"posX": "193679.64847269296",
			"posY": "450955.6809729887",
			"routeType": "7",
			"sectSpd": "14",
			"section": "113702227",
			"seq": "27",
			"station": "113000421",
			"stationNm": "동교동삼거리",
			"stationNo": "14061",
			"transYn": "N",
			"fullSectDist": "522",
			"trnstnid": "101000250"
		},
		{
			"arsId": "14062",
			"beginTm": "05:53",
			"busRouteAbrv": "1601",
			"busRouteId": "165000154",
			"busRouteNm": "1601인천",
			"direction": "서울역",
			"gpsX": "126.9358930618",
			"gpsY": "37.5553966479",
			"lastTm": "00:25",
			"posX": "194336.23305275184",
			"posY": "450659.6809212994",
			"routeType": "7",
			"sectSpd": "31",
			"section": "113702005",
			"seq": "28",
			"station": "113000420",
			"stationNm": "신촌오거리.현대백화점",
			"stationNo": "14062",
			"transYn": "N",
			"fullSectDist": "686",
			"trnstnid": "101000250"
		},
		{
			"arsId": "14063",
			"beginTm": "05:54",
			"busRouteAbrv": "1601",
			"busRouteId": "165000154",
			"busRouteNm": "1601인천",
			"direction": "서울역",
			"gpsX": "126.9401437605",
			"gpsY": "37.5560656888",
			"lastTm": "00:26",
			"posX": "194711.8242257841",
			"posY": "450733.68092826894",
			"routeType": "7",
			"sectSpd": "10",
			"section": "113700004",
			"seq": "29",
			"station": "113000419",
			"stationNm": "신촌오거리.2호선신촌역",
			"stationNo": "14063",
			"transYn": "N",
			"fullSectDist": "414",
			"trnstnid": "101000250"
		},
		{
			"arsId": "14064",
			"beginTm": "05:55",
			"busRouteAbrv": "1601",
			"busRouteId": "165000154",
			"busRouteNm": "1601인천",
			"direction": "서울역",
			"gpsX": "126.9445938349",
			"gpsY": "37.5566130226",
			"lastTm": "00:29",
			"posX": "195105.01499249114",
			"posY": "450794.1809254568",
			"routeType": "7",
			"sectSpd": "22",
			"section": "113700005",
			"seq": "30",
			"station": "113000418",
			"stationNm": "이대역",
			"stationNo": "14064",
			"transYn": "N",
			"fullSectDist": "418",
			"trnstnid": "101000250"
		},
		{
			"arsId": "14068",
			"beginTm": "05:56",
			"busRouteAbrv": "1601",
			"busRouteId": "165000154",
			"busRouteNm": "1601인천",
			"direction": "서울역",
			"gpsX": "126.9547468414",
			"gpsY": "37.5572984359",
			"lastTm": "00:30",
			"posX": "196002.04236312554",
			"posY": "450869.76523501053",
			"routeType": "7",
			"sectSpd": "18",
			"section": "113702788",
			"seq": "31",
			"station": "113000477",
			"stationNm": "아현역",
			"stationNo": "14068",
			"transYn": "N",
			"fullSectDist": "880",
			"trnstnid": "101000250"
		},
		{
			"arsId": "02107",
			"beginTm": "05:57",
			"busRouteAbrv": "1601",
			"busRouteId": "165000154",
			"busRouteNm": "1601인천",
			"direction": "서울역",
			"gpsX": "126.964480544",
			"gpsY": "37.5595131906",
			"lastTm": "00:33",
			"posX": "196862.0737184617",
			"posY": "451115.1809547399",
			"routeType": "7",
			"sectSpd": "14",
			"section": "113700532",
			"seq": "32",
			"station": "101000015",
			"stationNm": "종근당.충정로역",
			"stationNo": "02107",
			"transYn": "N",
			"fullSectDist": "993",
			"trnstnid": "101000250"
		},
		{
			"arsId": "02685",
			"beginTm": "06:02",
			"busRouteAbrv": "1601",
			"busRouteId": "165000154",
			"busRouteNm": "1601인천",
			"direction": "서울역",
			"gpsX": "126.9714375484",
			"gpsY": "37.5580570854",
			"lastTm": "00:36",
			"posX": "197476.63333518547",
			"posY": "450953.3783180746",
			"routeType": "7",
			"sectSpd": "10",
			"section": "101900071",
			"seq": "33",
			"station": "101000250",
			"stationNm": "서울역",
			"stationNo": "02685",
			"transYn": "Y",
			"fullSectDist": "1122",
			"trnstnid": "101000250"
		},
		{
			"arsId": "13253",
			"beginTm": "06:09",
			"busRouteAbrv": "1601",
			"busRouteId": "165000154",
			"busRouteNm": "1601인천",
			"direction": "인하대정문",
			"gpsX": "126.9642110489",
			"gpsY": "37.5597212618",
			"lastTm": "00:50",
			"posX": "196838.27426950182",
			"posY": "451138.28095501196",
			"routeType": "7",
			"sectSpd": "15",
			"section": "101900101",
			"seq": "34",
			"station": "112000170",
			"stationNm": "충정로역2호선",
			"stationNo": "13253",
			"transYn": "N",
			"fullSectDist": "1893",
			"trnstnid": "101000250"
		},
		{
			"arsId": "13044",
			"beginTm": "08:58",
			"busRouteAbrv": "1601",
			"busRouteId": "165000154",
			"busRouteNm": "1601인천",
			"direction": "인하대정문",
			"gpsX": "126.956593",
			"gpsY": "37.557425",
			"lastTm": "00:56",
			"posX": "196165.15048649142",
			"posY": "450883.7339223912",
			"routeType": "7",
			"sectSpd": "20",
			"section": "112702427",
			"seq": "35",
			"station": "113000478",
			"stationNm": "아현역",
			"stationNo": "13044",
			"transYn": "N",
			"fullSectDist": "754",
			"trnstnid": "101000250"
		},
		{
			"arsId": "13025",
			"beginTm": "06:20",
			"busRouteAbrv": "1601",
			"busRouteId": "165000154",
			"busRouteNm": "1601인천",
			"direction": "인하대정문",
			"gpsX": "126.9472705221",
			"gpsY": "37.5568755655",
			"lastTm": "00:57",
			"posX": "195341.50943805787",
			"posY": "450823.1809257157",
			"routeType": "7",
			"sectSpd": "19",
			"section": "113702789",
			"seq": "36",
			"station": "113000411",
			"stationNm": "이대역",
			"stationNo": "13025",
			"transYn": "N",
			"fullSectDist": "887",
			"trnstnid": "101000250"
		},
		{
			"arsId": "13023",
			"beginTm": "06:23",
			"busRouteAbrv": "1601",
			"busRouteId": "165000154",
			"busRouteNm": "1601인천",
			"direction": "인하대정문",
			"gpsX": "126.9389815648",
			"gpsY": "37.555788458",
			"lastTm": "00:59",
			"posX": "194609.1266418103",
			"posY": "450702.98091748403",
			"routeType": "7",
			"sectSpd": "15",
			"section": "113700011",
			"seq": "37",
			"station": "113000417",
			"stationNm": "신촌오거리.2호선신촌역",
			"stationNo": "13023",
			"transYn": "N",
			"fullSectDist": "786",
			"trnstnid": "101000250"
		},
		{
			"arsId": "13021",
			"beginTm": "06:25",
			"busRouteAbrv": "1601",
			"busRouteId": "165000154",
			"busRouteNm": "1601인천",
			"direction": "인하대정문",
			"gpsX": "126.9345037666",
			"gpsY": "37.5559833987",
			"lastTm": "01:01",
			"posX": "194213.53593593749",
			"posY": "450724.8809261853",
			"routeType": "7",
			"sectSpd": "12",
			"section": "113700012",
			"seq": "38",
			"station": "113000416",
			"stationNm": "신촌오거리.현대백화점",
			"stationNo": "13021",
			"transYn": "N",
			"fullSectDist": "377",
			"trnstnid": "101000250"
		},
		{
			"arsId": "13019",
			"beginTm": "06:25",
			"busRouteAbrv": "1601",
			"busRouteId": "165000154",
			"busRouteNm": "1601인천",
			"direction": "인하대정문",
			"gpsX": "126.92951964",
			"gpsY": "37.5577646946",
			"lastTm": "01:01",
			"posX": "193773.34627534557",
			"posY": "450922.88095744746",
			"routeType": "7",
			"sectSpd": "18",
			"section": "113702009",
			"seq": "39",
			"station": "113000415",
			"stationNm": "동교동삼거리",
			"stationNo": "13019",
			"transYn": "N",
			"fullSectDist": "492",
			"trnstnid": "101000250"
		},
		{
			"arsId": "14016",
			"beginTm": "06:27",
			"busRouteAbrv": "1601",
			"busRouteId": "165000154",
			"busRouteNm": "1601인천",
			"direction": "인하대정문",
			"gpsX": "126.9245894295",
			"gpsY": "37.5574769032",
			"lastTm": "01:04",
			"posX": "193337.75650262798",
			"posY": "450891.2809641529",
			"routeType": "7",
			"sectSpd": "14",
			"section": "113702226",
			"seq": "40",
			"station": "113000414",
			"stationNm": "홍대입구역",
			"stationNo": "14016",
			"transYn": "N",
			"fullSectDist": "524",
			"trnstnid": "101000250"
		},
		{
			"arsId": "14014",
			"beginTm": "06:30",
			"busRouteAbrv": "1601",
			"busRouteId": "165000154",
			"busRouteNm": "1601인천",
			"direction": "인하대정문",
			"gpsX": "126.9202362534",
			"gpsY": "37.5542490276",
			"lastTm": "01:04",
			"posX": "192952.86554358678",
			"posY": "450533.3809251324",
			"routeType": "7",
			"sectSpd": "12",
			"section": "113700014",
			"seq": "41",
			"station": "113000413",
			"stationNm": "서교동",
			"stationNo": "14014",
			"transYn": "N",
			"fullSectDist": "517",
			"trnstnid": "101000250"
		},
		{
			"arsId": "14012",
			"beginTm": "06:32",
			"busRouteAbrv": "1601",
			"busRouteId": "165000154",
			"busRouteNm": "1601인천",
			"direction": "인하대정문",
			"gpsX": "126.9139971746",
			"gpsY": "37.5496815057",
			"lastTm": "01:09",
			"posX": "192401.17851077256",
			"posY": "450026.98086342076",
			"routeType": "7",
			"sectSpd": "13",
			"section": "113700609",
			"seq": "42",
			"station": "113000412",
			"stationNm": "합정역",
			"stationNo": "14012",
			"transYn": "N",
			"fullSectDist": "765",
			"trnstnid": "101000250"
		},
		{
			"arsId": "19221",
			"beginTm": "06:35",
			"busRouteAbrv": "1601",
			"busRouteId": "165000154",
			"busRouteNm": "1601인천",
			"direction": "인하대정문",
			"gpsX": "126.8962260669",
			"gpsY": "37.5342683978",
			"lastTm": "01:09",
			"posX": "190829.11543446538",
			"posY": "448318.0806666501",
			"routeType": "7",
			"sectSpd": "31",
			"section": "113702869",
			"seq": "43",
			"station": "118000136",
			"stationNm": "선유고등학교",
			"stationNo": "19221",
			"transYn": "N",
			"fullSectDist": "2385",
			"trnstnid": "101000250"
		},
		{
			"arsId": " ",
			"beginTm": "06:38",
			"busRouteAbrv": "1601",
			"busRouteId": "165000154",
			"busRouteNm": "1601인천",
			"direction": "인하대정문",
			"gpsX": "126.8351959371",
			"gpsY": "37.525704252",
			"lastTm": "01:13",
			"posX": "185433.9896230766",
			"posY": "447375.36879852554",
			"routeType": "7",
			"sectSpd": "28",
			"section": "118900459",
			"seq": "44",
			"station": "277103844",
			"stationNm": "신월IC(경유)",
			"stationNo": "미정차",
			"transYn": "N",
			"fullSectDist": "5799",
			"trnstnid": "101000250"
		},
		{
			"arsId": " ",
			"beginTm": "06:46",
			"busRouteAbrv": "1601",
			"busRouteId": "165000154",
			"busRouteNm": "1601인천",
			"direction": "인하대정문",
			"gpsX": "126.7794084717",
			"gpsY": "37.5243544946",
			"lastTm": "01:20",
			"posX": "180502.92425799262",
			"posY": "447235.6793813179",
			"routeType": "7",
			"sectSpd": "53",
			"section": "277901458",
			"seq": "45",
			"station": "277103845",
			"stationNm": "부천IC출입(경유)",
			"stationNo": "미정차",
			"transYn": "N",
			"fullSectDist": "5006",
			"trnstnid": "101000250"
		},
		{
			"arsId": "0",
			"beginTm": "09:31",
			"busRouteAbrv": "1601",
			"busRouteId": "165000154",
			"busRouteNm": "1601인천",
			"direction": "인하대정문",
			"gpsX": "126.7751124263",
			"gpsY": "37.5175667447",
			"lastTm": "01:24",
			"posX": "180121.4151739558",
			"posY": "446483.3026752998",
			"routeType": "7",
			"sectSpd": "22",
			"section": "277901462",
			"seq": "46",
			"station": "212000397",
			"stationNm": "약대사거리",
			"stationNo": "0",
			"transYn": "N",
			"fullSectDist": "1052",
			"trnstnid": "101000250"
		},
		{
			"arsId": "46083",
			"beginTm": "06:54",
			"busRouteAbrv": "1601",
			"busRouteId": "165000154",
			"busRouteNm": "1601인천",
			"direction": "인하대정문",
			"gpsX": "126.7754030692",
			"gpsY": "37.5052536367",
			"lastTm": "01:26",
			"posX": "180143.8444058123",
			"posY": "445116.7867877041",
			"routeType": "7",
			"sectSpd": "27",
			"section": "212900341",
			"seq": "47",
			"station": "210000105",
			"stationNm": "신중동역5번출구.중흥중학교",
			"stationNo": "46083",
			"transYn": "N",
			"fullSectDist": "1400",
			"trnstnid": "101000250"
		},
		{
			"arsId": "46082",
			"beginTm": "06:58",
			"busRouteAbrv": "1601",
			"busRouteId": "165000154",
			"busRouteNm": "1601인천",
			"direction": "인하대정문",
			"gpsX": "126.7728930175",
			"gpsY": "37.5036838763",
			"lastTm": "01:29",
			"posX": "179921.5151554579",
			"posY": "444943.11445648037",
			"routeType": "7",
			"sectSpd": "24",
			"section": "210600088",
			"seq": "48",
			"station": "210000163",
			"stationNm": "신중동역4번출구.롯데백화점",
			"stationNo": "46082",
			"transYn": "N",
			"fullSectDist": "572",
			"trnstnid": "101000250"
		},
		{
			"arsId": "0",
			"beginTm": "06:59",
			"busRouteAbrv": "1601",
			"busRouteId": "165000154",
			"busRouteNm": "1601인천",
			"direction": "인하대정문",
			"gpsX": "126.7657705859",
			"gpsY": "37.5046338545",
			"lastTm": "01:30",
			"posX": "179292.08383567812",
			"posY": "445050.082150667",
			"routeType": "7",
			"sectSpd": "25",
			"section": "210900552",
			"seq": "49",
			"station": "210000406",
			"stationNm": "부천시청역5번출구.부천아트센터",
			"stationNo": "0",
			"transYn": "N",
			"fullSectDist": "669",
			"trnstnid": "101000250"
		},
		{
			"arsId": "0",
			"beginTm": "07:01",
			"busRouteAbrv": "1601",
			"busRouteId": "165000154",
			"busRouteNm": "1601인천",
			"direction": "인하대정문",
			"gpsX": "126.7611907939",
			"gpsY": "37.5052204064",
			"lastTm": "01:33",
			"posX": "178887.35499240036",
			"posY": "445116.1926524495",
			"routeType": "7",
			"sectSpd": "10",
			"section": "210900553",
			"seq": "50",
			"station": "210000161",
			"stationNm": "부천시청역4번출구.현대백화점. ",
			"stationNo": "0",
			"transYn": "N",
			"fullSectDist": "385",
			"trnstnid": "101000250"
		},
		{
			"arsId": "0",
			"beginTm": "07:02",
			"busRouteAbrv": "1601",
			"busRouteId": "165000154",
			"busRouteNm": "1601인천",
			"direction": "인하대정문",
			"gpsX": "126.7552888764",
			"gpsY": "37.5059439909",
			"lastTm": "01:34",
			"posX": "178365.78624838404",
			"posY": "445197.83327008877",
			"routeType": "7",
			"sectSpd": "14",
			"section": "210700217",
			"seq": "51",
			"station": "210000157",
			"stationNm": "상동역8번출구.세이브존",
			"stationNo": "0",
			"transYn": "N",
			"fullSectDist": "522",
			"trnstnid": "101000250"
		},
		{
			"arsId": "40483",
			"beginTm": "07:03",
			"busRouteAbrv": "1601",
			"busRouteId": "165000154",
			"busRouteNm": "1601인천",
			"direction": "인하대정문",
			"gpsX": "126.7426382572",
			"gpsY": "37.4983333965",
			"lastTm": "01:36",
			"posX": "177245.06944793905",
			"posY": "444356.22727891617",
			"routeType": "7",
			"sectSpd": "20",
			"section": "210901022",
			"seq": "52",
			"station": "166000483",
			"stationNm": "인천미래생활고등학교",
			"stationNo": "40483",
			"transYn": "N",
			"fullSectDist": "1784",
			"trnstnid": "101000250"
		},
		{
			"arsId": "40419",
			"beginTm": "07:06",
			"busRouteAbrv": "1601",
			"busRouteId": "165000154",
			"busRouteNm": "1601인천",
			"direction": "인하대정문",
			"gpsX": "126.7375209314",
			"gpsY": "37.4949620071",
			"lastTm": "01:39",
			"posX": "176791.5711011042",
			"posY": "443983.33545699716",
			"routeType": "7",
			"sectSpd": "21",
			"section": "166900256",
			"seq": "53",
			"station": "166000419",
			"stationNm": "방촌공원",
			"stationNo": "40419",
			"transYn": "N",
			"fullSectDist": "793",
			"trnstnid": "101000250"
		},
		{
			"arsId": "40892",
			"beginTm": "07:09",
			"busRouteAbrv": "1601",
			"busRouteId": "165000154",
			"busRouteNm": "1601인천",
			"direction": "인하대정문",
			"gpsX": "126.7289278109",
			"gpsY": "37.4898537504",
			"lastTm": "01:41",
			"posX": "176030.13248291603",
			"posY": "443418.5983278891",
			"routeType": "7",
			"sectSpd": "18",
			"section": "166900257",
			"seq": "54",
			"station": "166000892",
			"stationNm": "힘찬병원",
			"stationNo": "40892",
			"transYn": "N",
			"fullSectDist": "1317",
			"trnstnid": "101000250"
		},
		{
			"arsId": "39441",
			"beginTm": "07:13",
			"busRouteAbrv": "1601",
			"busRouteId": "165000154",
			"busRouteNm": "1601인천",
			"direction": "인하대정문",
			"gpsX": "126.7193868762",
			"gpsY": "37.4594848516",
			"lastTm": "01:46",
			"posX": "175176.42004579538",
			"posY": "440050.8808218241",
			"routeType": "7",
			"sectSpd": "33",
			"section": "166900258",
			"seq": "55",
			"station": "165000441",
			"stationNm": "태화.두진아파트",
			"stationNo": "39441",
			"transYn": "N",
			"fullSectDist": "3581",
			"trnstnid": "101000250"
		},
		{
			"arsId": "39349",
			"beginTm": "07:19",
			"busRouteAbrv": "1601",
			"busRouteId": "165000154",
			"busRouteNm": "1601인천",
			"direction": "인하대정문",
			"gpsX": "126.7184820553",
			"gpsY": "37.453859091",
			"lastTm": "01:51",
			"posX": "175094.51206221725",
			"posY": "439426.8025419647",
			"routeType": "7",
			"sectSpd": "22",
			"section": "165900277",
			"seq": "56",
			"station": "165000349",
			"stationNm": "올림픽생활기념관",
			"stationNo": "39349",
			"transYn": "N",
			"fullSectDist": "629",
			"trnstnid": "101000250"
		},
		{
			"arsId": "39607",
			"beginTm": ":",
			"busRouteAbrv": "1601",
			"busRouteId": "165000154",
			"busRouteNm": "1601인천",
			"direction": "인하대정문",
			"gpsX": "126.7113194601",
			"gpsY": "37.4539349117",
			"lastTm": ":",
			"posX": "174460.87194860814",
			"posY": "439437.13418770814",
			"routeType": "7",
			"sectSpd": "16",
			"section": "165900278",
			"seq": "57",
			"station": "165000607",
			"stationNm": "구월2동행정복지센터",
			"stationNo": "39607",
			"transYn": "N",
			"fullSectDist": "730",
			"trnstnid": "101000250"
		},
		{
			"arsId": "39292",
			"beginTm": "07:22",
			"busRouteAbrv": "1601",
			"busRouteId": "165000154",
			"busRouteNm": "1601인천",
			"direction": "인하대정문",
			"gpsX": "126.703991241",
			"gpsY": "37.4541013161",
			"lastTm": "01:56",
			"posX": "173812.6120783919",
			"posY": "439457.612530597",
			"routeType": "7",
			"sectSpd": "30",
			"section": "165900160",
			"seq": "58",
			"station": "165000292",
			"stationNm": "인천시청후문",
			"stationNo": "39292",
			"transYn": "N",
			"fullSectDist": "649",
			"trnstnid": "101000250"
		},
		{
			"arsId": "39278",
			"beginTm": "07:23",
			"busRouteAbrv": "1601",
			"busRouteId": "165000154",
			"busRouteNm": "1601인천",
			"direction": "인하대정문",
			"gpsX": "126.6983186666",
			"gpsY": "37.4544182842",
			"lastTm": "01:57",
			"posX": "173310.8805636356",
			"posY": "439494.37977654533",
			"routeType": "7",
			"sectSpd": "25",
			"section": "165900161",
			"seq": "59",
			"station": "165000278",
			"stationNm": "극동.금호아파트",
			"stationNo": "39278",
			"transYn": "N",
			"fullSectDist": "506",
			"trnstnid": "101000250"
		},
		{
			"arsId": "37370",
			"beginTm": "07:25",
			"busRouteAbrv": "1601",
			"busRouteId": "165000154",
			"busRouteNm": "1601인천",
			"direction": "인하대정문",
			"gpsX": "126.6877383097",
			"gpsY": "37.4552997643",
			"lastTm": "01:57",
			"posX": "172375.18024741477",
			"posY": "439595.2515510232",
			"routeType": "7",
			"sectSpd": "20",
			"section": "165900162",
			"seq": "60",
			"station": "163000370",
			"stationNm": "석바위",
			"stationNo": "37370",
			"transYn": "N",
			"fullSectDist": "943",
			"trnstnid": "101000250"
		},
		{
			"arsId": "37468",
			"beginTm": ":",
			"busRouteAbrv": "1601",
			"busRouteId": "165000154",
			"busRouteNm": "1601인천",
			"direction": "인하대정문",
			"gpsX": "126.6777957424",
			"gpsY": "37.4559084993",
			"lastTm": ":",
			"posX": "171495.8209042263",
			"posY": "439665.7675215285",
			"routeType": "7",
			"sectSpd": "13",
			"section": "163900064",
			"seq": "61",
			"station": "163000468",
			"stationNm": "시민공원.문화창작지대",
			"stationNo": "37468",
			"transYn": "N",
			"fullSectDist": "882",
			"trnstnid": "101000250"
		},
		{
			"arsId": "37251",
			"beginTm": "09:17",
			"busRouteAbrv": "1601",
			"busRouteId": "165000154",
			"busRouteNm": "1601인천",
			"direction": "인하대정문",
			"gpsX": "126.6673606704",
			"gpsY": "37.4505052388",
			"lastTm": "02:01",
			"posX": "170570.55024325455",
			"posY": "439069.35020795185",
			"routeType": "7",
			"sectSpd": "18",
			"section": "163900102",
			"seq": "62",
			"station": "163000251",
			"stationNm": "용일사거리",
			"stationNo": "37251",
			"transYn": "N",
			"fullSectDist": "1289",
			"trnstnid": "101000250"
		},
		{
			"arsId": "37151",
			"beginTm": "07:38",
			"busRouteAbrv": "1601",
			"busRouteId": "165000154",
			"busRouteNm": "1601인천",
			"direction": "인하대정문",
			"gpsX": "126.6658879691",
			"gpsY": "37.4436055198",
			"lastTm": "02:05",
			"posX": "170437.54126212685",
			"posY": "438304.11721193464",
			"routeType": "7",
			"sectSpd": "17",
			"section": "163900058",
			"seq": "63",
			"station": "163000151",
			"stationNm": "학익2동행정복지센터",
			"stationNo": "37151",
			"transYn": "N",
			"fullSectDist": "822",
			"trnstnid": "101000250"
		},
		{
			"arsId": "37112",
			"beginTm": ":",
			"busRouteAbrv": "1601",
			"busRouteId": "165000154",
			"busRouteNm": "1601인천",
			"direction": "인하대정문",
			"gpsX": "126.6642407026",
			"gpsY": "37.4414120667",
			"lastTm": ":",
			"posX": "170290.9223069489",
			"posY": "438061.2176886364",
			"routeType": "7",
			"sectSpd": "32",
			"section": "163900059",
			"seq": "64",
			"station": "163000112",
			"stationNm": "학익시장",
			"stationNo": "37112",
			"transYn": "N",
			"fullSectDist": "283",
			"trnstnid": "101000250"
		},
		{
			"arsId": "37094",
			"beginTm": ":",
			"busRouteAbrv": "1601",
			"busRouteId": "165000154",
			"busRouteNm": "1601인천",
			"direction": "인하대정문",
			"gpsX": "126.6567893032",
			"gpsY": "37.4429549021",
			"lastTm": ":",
			"posX": "169632.21968063145",
			"posY": "438234.808270833",
			"routeType": "7",
			"sectSpd": "27",
			"section": "163900060",
			"seq": "65",
			"station": "163000094",
			"stationNm": "장미아파트",
			"stationNo": "37094",
			"transYn": "N",
			"fullSectDist": "820",
			"trnstnid": "101000250"
		},
		{
			"arsId": "37104",
			"beginTm": "07:43",
			"busRouteAbrv": "1601",
			"busRouteId": "165000154",
			"busRouteNm": "1601인천",
			"direction": "인하대정문",
			"gpsX": "126.6531904098",
			"gpsY": "37.444368175",
			"lastTm": "02:10",
			"posX": "169314.36054826275",
			"posY": "438392.81150943646",
			"routeType": "7",
			"sectSpd": "22",
			"section": "163900048",
			"seq": "66",
			"station": "163000104",
			"stationNm": "인하대정문",
			"stationNo": "37104",
			"transYn": "N",
			"fullSectDist": "356",
			"trnstnid": "101000250"
		}
	]
}