{
	"count": 16,
	"result": [
		{
			"arsId": "0",
			"beginTm": ":",
			"busRouteAbrv": "3002예",
			"busRouteId": "200000289",
			"busRouteNm": "3002예약수원",
			"direction": "서울특별시어린이병원.강동송파과학화예비군훈련장",
			"gpsX": "127.0325173099",
			"gpsY": "37.2628010601",
			"lastTm": ":",
			"posX": "202884.05839574808",
			"posY": "418187.901803392",
			"routeType": "8",
			"sectSpd": "0",
			"section": "0",
			"seq": "1",
			"station": "202000020",
			"stationNm": "수원시청역9번출구.국민연금공단",
			"stationNo": "0",
			"transYn": "N",
			"trnstnid": "121000256"
		},
		{
			"arsId": "0",
			"beginTm": ":",
			"busRouteAbrv": "3002예",
			"busRouteId": "200000289",
			"busRouteNm": "3002예약수원",
			"direction": "서울특별시어린이병원.강동송파과학화예비군훈련장",
			"gpsX": "127.0348668122",
			"gpsY": "37.2687180885",
			"lastTm": ":",
			"posX": "203092.20090039083",
			"posY": "418844.5932107563",
			"routeType": "8",
			"sectSpd": "3",
			"section": "202900151",
			"seq": "2",
			"station": "202000086",
			"stationNm": "인계래미안노블클래스",
			"stationNo": "0",
			"transYn": "N",
			"fullSectDist": "690",
			"trnstnid": "121000256"
		},
		{
			"arsId": "0",
			"beginTm": "07:21",
			"busRouteAbrv": "3002예",
			"busRouteId": "200000289",
			"busRouteNm": "3002예약수원",
			"direction": "서울특별시어린이병원.강동송파과학화예비군훈련장",
			"gpsX": "127.0381314996",
			"gpsY": "37.2782416188",
			"lastTm": "08:00",
			"posX": "203381.30727073475",
			"posY": "419901.53980446514",
			"routeType": "8",
			"sectSpd": "15",
			"section": "202900152",
			"seq": "3",
			"station": "202000091",
			"stationNm": "월드메르디앙",
			"stationNo": "0",
			"transYn": "N",
			"fullSectDist": "1100",
			"trnstnid": "121000256"
		},
		{
			"arsId": "0",
			"beginTm": "07:25",
			"busRouteAbrv": "3002예",
			"busRouteId": "200000289",
			"busRouteNm": "3002예약수원",
			"direction": "서울특별시어린이병원.강동송파과학화예비군훈련장",
			"gpsX": "127.0518793494",
			"gpsY": "37.3058711591",
			"lastTm": "08:05",
			"posX": "204598.71458764194",
			"posY": "422968.2050380148",
			"routeType": "8",
			"sectSpd": "20",
			"section": "202900153",
			"seq": "4",
			"station": "203000320",
			"stationNm": "광교해모로아파트",
			"stationNo": "0",
			"transYn": "N",
			"fullSectDist": "3500",
			"trnstnid": "121000256"
		},
		{
			"arsId": "47930",
			"beginTm": "07:36",
			"busRouteAbrv": "3002예",
			"busRouteId": "200000289",
			"busRouteNm": "3002예약수원",
			"direction": "서울특별시어린이병원.강동송파과학화예비군훈련장",
			"gpsX": "127.0585931677",
			"gpsY": "37.3231470711",
			"lastTm": "08:15",
			"posX": "205192.65570565354",
			"posY": "424885.69002250675",
			"routeType": "8",
			"sectSpd": "27",
			"section": "203900238",
			"seq": "5",
			"station": "228002018",
			"stationNm": "서수지IC입구",
			"stationNo": "47930",
			"transYn": "N",
			"fullSectDist": "2130",
			"trnstnid": "121000256"
		},
		{
			"arsId": " ",
			"beginTm": "07:38",
			"busRouteAbrv": "3002예",
			"busRouteId": "200000289",
			"busRouteNm": "3002예약수원",
			"direction": "서울특별시어린이병원.강동송파과학화예비군훈련장",
			"gpsX": "127.0631112348",
			"gpsY": "37.3609964746",
			"lastTm": "07:56",
			"posX": "205590.25041679243",
			"posY": "429086.18001608644",
			"routeType": "8",
			"sectSpd": "20",
			"section": "228700197",
			"seq": "6",
			"station": "277103645",
			"stationNm": "서분당IC(경유)",
			"stationNo": "미정차",
			"transYn": "N",
			"fullSectDist": "4225",
			"trnstnid": "121000256"
		},
		{
			"arsId": " ",
			"beginTm": "07:49",
			"busRouteAbrv": "3002예",
			"busRouteId": "200000289",
			"busRouteNm": "3002예약수원",
			"direction": "서울특별시어린이병원.강동송파과학화예비군훈련장",
			"gpsX": "127.0701494595",
			"gpsY": "37.3881496943",
			"lastTm": "07:59",
			"posX": "206211.44100140978",
			"posY": "432099.8895761501",
			"routeType": "8",
			"sectSpd": "40",
			"section": "277700390",
			"seq": "7",
			"station": "277103647",
			"stationNm": "서판교IC(경유)",
			"stationNo": "미정차",
			"transYn": "N",
			"fullSectDist": "3081",
			"trnstnid": "121000256"
		},
		{
			"arsId": " ",
			"beginTm": "07:53",
			"busRouteAbrv": "3002예",
			"busRouteId": "200000289",
			"busRouteNm": "3002예약수원",
			"direction": "서울특별시어린이병원.강동송파과학화예비군훈련장",
			"gpsX": "127.0908826549",
			"gpsY": "37.4258161979",
			"lastTm": "07:59",
			"posX": "208043.25121872965",
			"posY": "436281.43800954474",
			"routeType": "8",
			"sectSpd": "71",
			"section": "277901155",
			"seq": "8",
			"station": "277103649",
			"stationNm": "고등IC(경유)",
			"stationNo": "미정차",
			"transYn": "N",
			"fullSectDist": "4568",
			"trnstnid": "121000256"
		},
		{
			"arsId": " ",
			"beginTm": "07:57",
			"busRouteAbrv": "3002예",
			"busRouteId": "200000289",
			"busRouteNm": "3002예약수원",
			"direction": "서울특별시어린이병원.강동송파과학화예비군훈련장",
			"gpsX": "127.090623023",
			"gpsY": "37.4656700733",
			"lastTm": "07:57",
			"posX": "208016.02007651064",
			"posY": "440704.16697740136",
			"routeType": "8",
			"sectSpd": "72",
			"section": "277901156",
			"seq": "9",
			"station": "277103650",
			"stationNm": "헌릉IC(경유)",
			"stationNo": "미정차",
			"transYn": "N",
			"fullSectDist": "4429",
			"trnstnid": "121000256"
		},
		{
			"arsId": "22332",
			"beginTm": "08:00",
			"busRouteAbrv": "3002예",
			"busRouteId": "200000289",
			"busRouteNm": "3002예약수원",
			"direction": "서울특별시어린이병원.강동송파과학화예비군훈련장",
			"gpsX": "127.0718263325",
			"gpsY": "37.4575866482",
			"lastTm": "08:00",
			"posX": "206354.0507375824",
			"posY": "439805.67946122354",
			"routeType": "8",
			"sectSpd": "25",
			"section": "277901157",
			"seq": "10",
			"station": "121000256",
			"stationNm": "서울특별시어린이병원.강동송파과학화예비군훈련장",
			"stationNo": "22332",
			"transYn": "Y",
			"fullSectDist": "1885",
			"trnstnid": "121000256"
		},
		{
			"arsId": "22398",
			"beginTm": "08:06",
			"busRouteAbrv": "3002예",
			"busRouteId": "200000289",
			"busRouteNm": "3002예약수원",
			"direction": "강남역.역삼세무서",
			"gpsX": "127.058987",
			"gpsY": "37.457779",
			"lastTm": "08:06",
			"posX": "205218.21746152063",
			"posY": "439826.23701938335",
			"routeType": "8",
			"sectSpd": "14",
			"section": "121900389",
			"seq": "11",
			"station": "121000988",
			"stationNm": "서초포레스타입구",
			"stationNo": "22398",
			"transYn": "N",
			"fullSectDist": "1260",
			"trnstnid": "121000256"
		},
		{
			"arsId": "22297",
			"beginTm": "08:11",
			"busRouteAbrv": "3002예",
			"busRouteId": "200000289",
			"busRouteNm": "3002예약수원",
			"direction": "강남역.역삼세무서",
			"gpsX": "127.039043",
			"gpsY": "37.471255",
			"lastTm": "08:11",
			"posX": "203453.274347631",
			"posY": "441320.81145698717",
			"routeType": "8",
			"sectSpd": "25",
			"section": "121900390",
			"seq": "12",
			"station": "121000221",
			"stationNm": "매헌시민의숲.양재꽃시장",
			"stationNo": "22297",
			"transYn": "N",
			"fullSectDist": "2440",
			"trnstnid": "121000256"
		},
		{
			"arsId": "22004",
			"beginTm": "08:16",
			"busRouteAbrv": "3002예",
			"busRouteId": "200000289",
			"busRouteNm": "3002예약수원",
			"direction": "강남역.역삼세무서",
			"gpsX": "127.036827",
			"gpsY": "37.481927",
			"lastTm": "08:16",
			"posX": "203256.81045630766",
			"posY": "442505.0547967288",
			"routeType": "8",
			"sectSpd": "16",
			"section": "121705685",
			"seq": "13",
			"station": "121000004",
			"stationNm": "양재역.서초문화예술회관",
			"stationNo": "22004",
			"transYn": "N",
			"fullSectDist": "1240",
			"trnstnid": "121000256"
		},
		{
			"arsId": "22006",
			"beginTm": "08:20",
			"busRouteAbrv": "3002예",
			"busRouteId": "200000289",
			"busRouteNm": "3002예약수원",
			"direction": "강남역.역삼세무서",
			"gpsX": "127.033097",
			"gpsY": "37.486653",
			"lastTm": "08:20",
			"posX": "202926.7620381757",
			"posY": "443029.3995510191",
			"routeType": "8",
			"sectSpd": "11",
			"section": "121700554",
			"seq": "14",
			"station": "121000006",
			"stationNm": "뱅뱅사거리",
			"stationNo": "22006",
			"transYn": "N",
			"fullSectDist": "620",
			"trnstnid": "121000256"
		},
		{
			"arsId": "22008",
			"beginTm": "08:24",
			"busRouteAbrv": "3002예",
			"busRouteId": "200000289",
			"busRouteNm": "3002예약수원",
			"direction": "강남역.역삼세무서",
			"gpsX": "127.030987",
			"gpsY": "37.491087",
			"lastTm": "08:24",
			"posX": "202740.01312882834",
			"posY": "443521.39900224144",
			"routeType": "8",
			"sectSpd": "15",
			"section": "121700030",
			"seq": "15",
			"station": "121000008",
			"stationNm": "래미안아파트.파이낸셜뉴스",
			"stationNo": "22008",
			"transYn": "N",
			"fullSectDist": "550",
			"trnstnid": "121000256"
		},
		{
			"arsId": "23287",
			"beginTm": "08:26",
			"busRouteAbrv": "3002예",
			"busRouteId": "200000289",
			"busRouteNm": "3002예약수원",
			"direction": "강남역.역삼세무서",
			"gpsX": "127.0291477897",
			"gpsY": "37.4981357274",
			"lastTm": "08:30",
			"posX": "202577.1394602827",
			"posY": "444303.58002625545",
			"routeType": "8",
			"sectSpd": "15",
			"section": "121705686",
			"seq": "16",
			"station": "122000184",
			"stationNm": "강남역.역삼세무서",
			"stationNo": "23287",
			"transYn": "N",
			"fullSectDist": "910",
			"trnstnid": "121000256"
		}
	]
}