{
	"count": 87,
	"result": [
		{
			"arsId": "5331",
			"beginTm": ":",
			"busRouteAbrv": "315",
			"busRouteId": "204000073",
			"busRouteNm": "315성남",
			"direction": "복정역환승센터1번승강장",
			"gpsX": "127.0950444201",
			"gpsY": "37.4110325184",
			"lastTm": ":",
			"posX": "208413.22746365692",
			"posY": "434641.20203133207",
			"routeType": "8",
			"sectSpd": "0",
			"section": "0",
			"seq": "1",
			"station": "204000340",
			"stationNm": "기업성장센터",
			"stationNo": "5331",
			"transYn": "N",
			"trnstnid": "123000316"
		},
		{
			"arsId": "5334",
			"beginTm": "04:58",
			"busRouteAbrv": "315",
			"busRouteId": "204000073",
			"busRouteNm": "315성남",
			"direction": "복정역환승센터1번승강장",
			"gpsX": "127.0958438824",
			"gpsY": "37.4120414751",
			"lastTm": "22:00",
			"posX": "208483.88121106854",
			"posY": "434753.2411482758",
			"routeType": "8",
			"sectSpd": "8",
			"section": "204900527",
			"seq": "2",
			"station": "204000343",
			"stationNm": "I_SQUARE.창업주택",
			"stationNo": "5334",
			"transYn": "N",
			"fullSectDist": "132",
			"trnstnid": "123000316"
		},
		{
			"arsId": "5335",
			"beginTm": "05:00",
			"busRouteAbrv": "315",
			"busRouteId": "204000073",
			"busRouteNm": "315성남",
			"direction": "복정역환승센터1번승강장",
			"gpsX": "127.0993079363",
			"gpsY": "37.4122358721",
			"lastTm": "22:01",
			"posX": "208790.48870011448",
			"posY": "434775.1313322778",
			"routeType": "8",
			"sectSpd": "17",
			"section": "204900528",
			"seq": "3",
			"station": "204000344",
			"stationNm": "기업지원허브",
			"stationNo": "5335",
			"transYn": "N",
			"fullSectDist": "330",
			"trnstnid": "123000316"
		},
		{
			"arsId": "05001",
			"beginTm": "05:01",
			"busRouteAbrv": "315",
			"busRouteId": "204000073",
			"busRouteNm": "315성남",
			"direction": "복정역환승센터1번승강장",
			"gpsX": "127.0993942587",
			"gpsY": "37.4116529299",
			"lastTm": "22:02",
			"posX": "208798.1979257427",
			"posY": "434710.44821547717",
			"routeType": "8",
			"sectSpd": "9",
			"section": "204900529",
			"seq": "4",
			"station": "204000060",
			"stationNm": "판교제2테크노밸리",
			"stationNo": "05001",
			"transYn": "N",
			"fullSectDist": "100",
			"trnstnid": "123000316"
		},
		{
			"arsId": "07498",
			"beginTm": "05:02",
			"busRouteAbrv": "315",
			"busRouteId": "204000073",
			"busRouteNm": "315성남",
			"direction": "복정역환승센터1번승강장",
			"gpsX": "127.1042188676",
			"gpsY": "37.4038813635",
			"lastTm": "22:02",
			"posX": "209226.21660598268",
			"posY": "433848.4714837996",
			"routeType": "8",
			"sectSpd": "18",
			"section": "204700221",
			"seq": "5",
			"station": "206000542",
			"stationNm": "삼평교",
			"stationNo": "07498",
			"transYn": "N",
			"fullSectDist": "1010",
			"trnstnid": "123000316"
		},
		{
			"arsId": "0",
			"beginTm": "05:03",
			"busRouteAbrv": "315",
			"busRouteId": "204000073",
			"busRouteNm": "315성남",
			"direction": "복정역환승센터1번승강장",
			"gpsX": "127.102857109",
			"gpsY": "37.4033279767",
			"lastTm": "22:05",
			"posX": "209105.73070504432",
			"posY": "433786.9279419901",
			"routeType": "8",
			"sectSpd": "13",
			"section": "206900906",
			"seq": "6",
			"station": "206000566",
			"stationNm": "이노밸리.포스코DX",
			"stationNo": "0",
			"transYn": "N",
			"fullSectDist": "290",
			"trnstnid": "123000316"
		},
		{
			"arsId": "7666",
			"beginTm": "05:04",
			"busRouteAbrv": "315",
			"busRouteId": "204000073",
			"busRouteNm": "315성남",
			"direction": "복정역환승센터1번승강장",
			"gpsX": "127.1005417389",
			"gpsY": "37.4029446651",
			"lastTm": "22:05",
			"posX": "208900.80098311504",
			"posY": "433744.16955739213",
			"routeType": "8",
			"sectSpd": "25",
			"section": "206901092",
			"seq": "7",
			"station": "206000744",
			"stationNm": "이노밸리A동.오콘",
			"stationNo": "7666",
			"transYn": "N",
			"fullSectDist": "210",
			"trnstnid": "123000316"
		},
		{
			"arsId": "7474",
			"beginTm": "05:04",
			"busRouteAbrv": "315",
			"busRouteId": "204000073",
			"busRouteNm": "315성남",
			"direction": "복정역환승센터1번승강장",
			"gpsX": "127.1008274519",
			"gpsY": "37.4025412782",
			"lastTm": "22:06",
			"posX": "208926.14256062056",
			"posY": "433699.4313479089",
			"routeType": "8",
			"sectSpd": "20",
			"section": "206901133",
			"seq": "8",
			"station": "206000745",
			"stationNm": "판교PDCC.NS홈쇼핑",
			"stationNo": "7474",
			"transYn": "N",
			"fullSectDist": "240",
			"trnstnid": "123000316"
		},
		{
			"arsId": "0",
			"beginTm": "05:05",
			"busRouteAbrv": "315",
			"busRouteId": "204000073",
			"busRouteNm": "315성남",
			"direction": "복정역환승센터1번승강장",
			"gpsX": "127.103156134",
			"gpsY": "37.4029841032",
			"lastTm": "22:06",
			"posX": "209132.24452164915",
			"posY": "433748.7960419995",
			"routeType": "8",
			"sectSpd": "27",
			"section": "206901091",
			"seq": "9",
			"station": "206000567",
			"stationNm": "SK플래닛.판교디지털센터",
			"stationNo": "0",
			"transYn": "N",
			"fullSectDist": "220",
			"trnstnid": "123000316"
		},
		{
			"arsId": "0",
			"beginTm": "05:05",
			"busRouteAbrv": "315",
			"busRouteId": "204000073",
			"busRouteNm": "315성남",
			"direction": "복정역환승센터1번승강장",
			"gpsX": "127.1077386099",
			"gpsY": "37.4030263875",
			"lastTm": "22:07",
			"posX": "209537.9184132639",
			"posY": "433753.9419807005",
			"routeType": "8",
			"sectSpd": "12",
			"section": "206700293",
			"seq": "10",
			"station": "206000565",
			"stationNm": "유라코퍼레이션.SK케미칼",
			"stationNo": "0",
			"transYn": "N",
			"fullSectDist": "400",
			"trnstnid": "123000316"
		},
		{
			"arsId": "0",
			"beginTm": "05:06",
			"busRouteAbrv": "315",
			"busRouteId": "204000073",
			"busRouteNm": "315성남",
			"direction": "복정역환승센터1번승강장",
			"gpsX": "127.1110383992",
			"gpsY": "37.4030394338",
			"lastTm": "22:08",
			"posX": "209830.0416159661",
			"posY": "433755.72854349343",
			"routeType": "8",
			"sectSpd": "7",
			"section": "206700200",
			"seq": "11",
			"station": "206000563",
			"stationNm": "한국무역정보통신",
			"stationNo": "0",
			"transYn": "N",
			"fullSectDist": "290",
			"trnstnid": "123000316"
		},
		{
			"arsId": "0",
			"beginTm": "05:07",
			"busRouteAbrv": "315",
			"busRouteId": "204000073",
			"busRouteNm": "315성남",
			"direction": "복정역환승센터1번승강장",
			"gpsX": "127.1156678186",
			"gpsY": "37.4038514103",
			"lastTm": "22:08",
			"posX": "210239.76592958602",
			"posY": "433846.32884497615",
			"routeType": "8",
			"sectSpd": "22",
			"section": "206700201",
			"seq": "12",
			"station": "204000206",
			"stationNm": "봇들3단지.판교신미주아파트",
			"stationNo": "0",
			"transYn": "N",
			"fullSectDist": "420",
			"trnstnid": "123000316"
		},
		{
			"arsId": "05184",
			"beginTm": "05:09",
			"busRouteAbrv": "315",
			"busRouteId": "204000073",
			"busRouteNm": "315성남",
			"direction": "복정역환승센터1번승강장",
			"gpsX": "127.1178155012",
			"gpsY": "37.4048515946",
			"lastTm": "22:09",
			"posX": "210429.75601756826",
			"posY": "433957.55803861097",
			"routeType": "8",
			"sectSpd": "5",
			"section": "204700257",
			"seq": "13",
			"station": "204000204",
			"stationNm": "송현초등학교.판교봇들마을4단지",
			"stationNo": "05184",
			"transYn": "N",
			"fullSectDist": "220",
			"trnstnid": "123000316"
		},
		{
			"arsId": "07146",
			"beginTm": "05:09",
			"busRouteAbrv": "315",
			"busRouteId": "204000073",
			"busRouteNm": "315성남",
			"direction": "복정역환승센터1번승강장",
			"gpsX": "127.1213243213",
			"gpsY": "37.4052925427",
			"lastTm": "22:12",
			"posX": "210740.31562774972",
			"posY": "434006.88533449266",
			"routeType": "8",
			"sectSpd": "9",
			"section": "204700258",
			"seq": "14",
			"station": "206000309",
			"stationNm": "아름마을건영아파트",
			"stationNo": "07146",
			"transYn": "N",
			"fullSectDist": "320",
			"trnstnid": "123000316"
		},
		{
			"arsId": "07188",
			"beginTm": "05:12",
			"busRouteAbrv": "315",
			"busRouteId": "204000073",
			"busRouteNm": "315성남",
			"direction": "복정역환승센터1번승강장",
			"gpsX": "127.126875713",
			"gpsY": "37.4052473083",
			"lastTm": "22:12",
			"posX": "211231.76320282713",
			"posY": "434002.51211000886",
			"routeType": "8",
			"sectSpd": "17",
			"section": "206700294",
			"seq": "15",
			"station": "206000277",
			"stationNm": "삼환아파트",
			"stationNo": "07188",
			"transYn": "N",
			"fullSectDist": "490",
			"trnstnid": "123000316"
		},
		{
			"arsId": "47132",
			"beginTm": "05:13",
			"busRouteAbrv": "315",
			"busRouteId": "204000073",
			"busRouteNm": "315성남",
			"direction": "복정역환승센터1번승강장",
			"gpsX": "127.1290052457",
			"gpsY": "37.4072893938",
			"lastTm": "22:13",
			"posX": "211419.97172997342",
			"posY": "434229.3851468996",
			"routeType": "8",
			"sectSpd": "9",
			"section": "206700295",
			"seq": "16",
			"station": "206000441",
			"stationNm": "경남아너스빌",
			"stationNo": "47132",
			"transYn": "N",
			"fullSectDist": "380",
			"trnstnid": "123000316"
		},
		{
			"arsId": "07203",
			"beginTm": "05:15",
			"busRouteAbrv": "315",
			"busRouteId": "204000073",
			"busRouteNm": "315성남",
			"direction": "복정역환승센터1번승강장",
			"gpsX": "127.1290160034",
			"gpsY": "37.4116621946",
			"lastTm": "22:16",
			"posX": "211420.26020071693",
			"posY": "434714.6516162837",
			"routeType": "8",
			"sectSpd": "12",
			"section": "206900758",
			"seq": "17",
			"station": "206000158",
			"stationNm": "야탑역.종합버스터미널(후면)",
			"stationNo": "07203",
			"transYn": "N",
			"fullSectDist": "490",
			"trnstnid": "123000316"
		},
		{
			"arsId": "49074",
			"beginTm": "05:17",
			"busRouteAbrv": "315",
			"busRouteId": "204000073",
			"busRouteNm": "315성남",
			"direction": "복정역환승센터1번승강장",
			"gpsX": "127.1291020618",
			"gpsY": "37.419353022",
			"lastTm": "22:18",
			"posX": "211426.7094471121",
			"posY": "435568.1412226395",
			"routeType": "8",
			"sectSpd": "15",
			"section": "206900521",
			"seq": "18",
			"station": "205000029",
			"stationNm": "성남시청전면",
			"stationNo": "49074",
			"transYn": "N",
			"fullSectDist": "860",
			"trnstnid": "123000316"
		},
		{
			"arsId": "0",
			"beginTm": "05:20",
			"busRouteAbrv": "315",
			"busRouteId": "204000073",
			"busRouteNm": "315성남",
			"direction": "복정역환승센터1번승강장",
			"gpsX": "127.1290183499",
			"gpsY": "37.4242298498",
			"lastTm": "22:22",
			"posX": "211418.55960092862",
			"posY": "436109.33103277953",
			"routeType": "8",
			"sectSpd": "24",
			"section": "205700126",
			"seq": "19",
			"station": "277102644",
			"stationNm": "성남대로(경유)",
			"stationNo": "0",
			"transYn": "N",
			"fullSectDist": "542",
			"trnstnid": "123000316"
		},
		{
			"arsId": "49001",
			"beginTm": "05:23",
			"busRouteAbrv": "315",
			"busRouteId": "204000073",
			"busRouteNm": "315성남",
			"direction": "복정역환승센터1번승강장",
			"gpsX": "127.1295667081",
			"gpsY": "37.4310172467",
			"lastTm": "22:24",
			"posX": "211466.05594717315",
			"posY": "436862.6213347637",
			"routeType": "8",
			"sectSpd": "15",
			"section": "277900274",
			"seq": "20",
			"station": "205000069",
			"stationNm": "모란역4번출구",
			"stationNo": "49001",
			"transYn": "N",
			"fullSectDist": "756",
			"trnstnid": "123000316"
		},
		{
			"arsId": "48042",
			"beginTm": "05:25",
			"busRouteAbrv": "315",
			"busRouteId": "204000073",
			"busRouteNm": "315성남",
			"direction": "복정역환승센터1번승강장",
			"gpsX": "127.1285883233",
			"gpsY": "37.4369992202",
			"lastTm": "22:25",
			"posX": "211378.56774123842",
			"posY": "437526.3462790153",
			"routeType": "8",
			"sectSpd": "12",
			"section": "205900170",
			"seq": "21",
			"station": "204000087",
			"stationNm": "모란고개",
			"stationNo": "48042",
			"transYn": "N",
			"fullSectDist": "677",
			"trnstnid": "123000316"
		},
		{
			"arsId": "48021",
			"beginTm": "05:28",
			"busRouteAbrv": "315",
			"busRouteId": "204000073",
			"busRouteNm": "315성남",
			"direction": "복정역환승센터1번승강장",
			"gpsX": "127.1276944925",
			"gpsY": "37.4417956117",
			"lastTm": "22:28",
			"posX": "211298.75291996173",
			"posY": "438058.51395688625",
			"routeType": "8",
			"sectSpd": "11",
			"section": "204900204",
			"seq": "22",
			"station": "204000019",
			"stationNm": "성남수정경찰서",
			"stationNo": "48021",
			"transYn": "N",
			"fullSectDist": "533",
			"trnstnid": "123000316"
		},
		{
			"arsId": "0",
			"beginTm": "05:31",
			"busRouteAbrv": "315",
			"busRouteId": "204000073",
			"busRouteNm": "315성남",
			"direction": "복정역환승센터1번승강장",
			"gpsX": "127.1281712094",
			"gpsY": "37.4441855571",
			"lastTm": "22:31",
			"posX": "211340.57341422726",
			"posY": "438323.79340843996",
			"routeType": "8",
			"sectSpd": "15",
			"section": "204700302",
			"seq": "23",
			"station": "204000109",
			"stationNm": "태평고개",
			"stationNo": "0",
			"transYn": "N",
			"fullSectDist": "333",
			"trnstnid": "123000316"
		},
		{
			"arsId": "0",
			"beginTm": "05:32",
			"busRouteAbrv": "315",
			"busRouteId": "204000073",
			"busRouteNm": "315성남",
			"direction": "복정역환승센터1번승강장",
			"gpsX": "127.1315895",
			"gpsY": "37.4451928164",
			"lastTm": "22:33",
			"posX": "211642.86741063453",
			"posY": "438435.99004386226",
			"routeType": "8",
			"sectSpd": "9",
			"section": "204700303",
			"seq": "24",
			"station": "204000191",
			"stationNm": "태평초등학교",
			"stationNo": "0",
			"transYn": "N",
			"fullSectDist": "320",
			"trnstnid": "123000316"
		},
		{
			"arsId": "0",
			"beginTm": "05:36",
			"busRouteAbrv": "315",
			"busRouteId": "204000073",
			"busRouteNm": "315성남",
			"direction": "복정역환승센터1번승강장",
			"gpsX": "127.1331448758",
			"gpsY": "37.4456494938",
			"lastTm": "22:36",
			"posX": "211780.41349233917",
			"posY": "438486.86276249494",
			"routeType": "8",
			"sectSpd": "14",
			"section": "204700304",
			"seq": "25",
			"station": "204000108",
			"stationNm": "태평3동행정복지센터",
			"stationNo": "0",
			"transYn": "N",
			"fullSectDist": "145",
			"trnstnid": "123000316"
		},
		{
			"arsId": "0",
			"beginTm": "05:36",
			"busRouteAbrv": "315",
			"busRouteId": "204000073",
			"busRouteNm": "315성남",
			"direction": "복정역환승센터1번승강장",
			"gpsX": "127.1348149805",
			"gpsY": "37.4461428012",
			"lastTm": "22:36",
			"posX": "211928.10303206005",
			"posY": "438541.81726036407",
			"routeType": "8",
			"sectSpd": "8",
			"section": "204700305",
			"seq": "26",
			"station": "204000232",
			"stationNm": "태평오거리",
			"stationNo": "0",
			"transYn": "N",
			"fullSectDist": "156",
			"trnstnid": "123000316"
		},
		{
			"arsId": "0",
			"beginTm": "05:37",
			"busRouteAbrv": "315",
			"busRouteId": "204000073",
			"busRouteNm": "315성남",
			"direction": "복정역환승센터1번승강장",
			"gpsX": "127.1376488608",
			"gpsY": "37.4469893171",
			"lastTm": "22:37",
			"posX": "212178.70079881977",
			"posY": "438636.121202677",
			"routeType": "8",
			"sectSpd": "12",
			"section": "204700306",
			"seq": "27",
			"station": "204000018",
			"stationNm": "태평2동행정복지센터",
			"stationNo": "0",
			"transYn": "N",
			"fullSectDist": "266",
			"trnstnid": "123000316"
		},
		{
			"arsId": "0",
			"beginTm": "05:38",
			"busRouteAbrv": "315",
			"busRouteId": "204000073",
			"busRouteNm": "315성남",
			"direction": "복정역환승센터1번승강장",
			"gpsX": "127.1410190509",
			"gpsY": "37.4479721026",
			"lastTm": "22:38",
			"posX": "212476.72063786126",
			"posY": "438745.6260004104",
			"routeType": "8",
			"sectSpd": "14",
			"section": "204700307",
			"seq": "28",
			"station": "204000017",
			"stationNm": "태평4동행정복지센터.금빛초교",
			"stationNo": "0",
			"transYn": "N",
			"fullSectDist": "314",
			"trnstnid": "123000316"
		},
		{
			"arsId": "0",
			"beginTm": "05:40",
			"busRouteAbrv": "315",
			"busRouteId": "204000073",
			"busRouteNm": "315성남",
			"direction": "복정역환승센터1번승강장",
			"gpsX": "127.1427666212",
			"gpsY": "37.4492795959",
			"lastTm": "22:39",
			"posX": "212631.11790453014",
			"posY": "438890.9569615596",
			"routeType": "8",
			"sectSpd": "6",
			"section": "204700308",
			"seq": "29",
			"station": "204000228",
			"stationNm": "성남여중앞",
			"stationNo": "0",
			"transYn": "N",
			"fullSectDist": "263",
			"trnstnid": "123000316"
		},
		{
			"arsId": "48388",
			"beginTm": "05:41",
			"busRouteAbrv": "315",
			"busRouteId": "204000073",
			"busRouteNm": "315성남",
			"direction": "복정역환승센터1번승강장",
			"gpsX": "127.1418229339",
			"gpsY": "37.464143909",
			"lastTm": "22:42",
			"posX": "212545.14292378043",
			"posY": "440540.38966059405",
			"routeType": "8",
			"sectSpd": "14",
			"section": "204900617",
			"seq": "30",
			"station": "204000330",
			"stationNm": "남위례역.창곡교차로",
			"stationNo": "48388",
			"transYn": "N",
			"fullSectDist": "1840",
			"trnstnid": "123000316"
		},
		{
			"arsId": "48685",
			"beginTm": "05:45",
			"busRouteAbrv": "315",
			"busRouteId": "204000073",
			"busRouteNm": "315성남",
			"direction": "복정역환승센터1번승강장",
			"gpsX": "127.1443215138",
			"gpsY": "37.4670927666",
			"lastTm": "22:47",
			"posX": "212765.65694958484",
			"posY": "440867.97367356997",
			"routeType": "8",
			"sectSpd": "11",
			"section": "204600358",
			"seq": "31",
			"station": "204000097",
			"stationNm": "위례자연앤래미안e편한세상.위례",
			"stationNo": "48685",
			"transYn": "N",
			"fullSectDist": "390",
			"trnstnid": "123000316"
		},
		{
			"arsId": "5311",
			"beginTm": "05:45",
			"busRouteAbrv": "315",
			"busRouteId": "204000073",
			"busRouteNm": "315성남",
			"direction": "복정역환승센터1번승강장",
			"gpsX": "127.1472772123",
			"gpsY": "37.4713765425",
			"lastTm": "22:49",
			"posX": "213026.35382381215",
			"posY": "441343.769025241",
			"routeType": "8",
			"sectSpd": "15",
			"section": "204700330",
			"seq": "32",
			"station": "204000324",
			"stationNm": "위례고운초교",
			"stationNo": "5311",
			"transYn": "N",
			"fullSectDist": "540",
			"trnstnid": "123000316"
		},
		{
			"arsId": "28372",
			"beginTm": "05:48",
			"busRouteAbrv": "315",
			"busRouteId": "204000073",
			"busRouteNm": "315성남",
			"direction": "복정역환승센터1번승강장",
			"gpsX": "127.1491939691",
			"gpsY": "37.4737352062",
			"lastTm": "22:51",
			"posX": "213195.4722831133",
			"posY": "441605.787964792",
			"routeType": "8",
			"sectSpd": "15",
			"section": "204700331",
			"seq": "33",
			"station": "227000295",
			"stationNm": "플로리체위례",
			"stationNo": "28372",
			"transYn": "N",
			"fullSectDist": "460",
			"trnstnid": "123000316"
		},
		{
			"arsId": "28469",
			"beginTm": "05:49",
			"busRouteAbrv": "315",
			"busRouteId": "204000073",
			"busRouteNm": "315성남",
			"direction": "복정역환승센터1번승강장",
			"gpsX": "127.1510374676",
			"gpsY": "37.4736516685",
			"lastTm": "22:52",
			"posX": "213358.53561928732",
			"posY": "441596.7772894474",
			"routeType": "8",
			"sectSpd": "6",
			"section": "227700266",
			"seq": "34",
			"station": "227000300",
			"stationNm": "위례롯데캐슬.호반베르디움",
			"stationNo": "28469",
			"transYn": "N",
			"fullSectDist": "160",
			"trnstnid": "123000316"
		},
		{
			"arsId": "5292",
			"beginTm": "05:51",
			"busRouteAbrv": "315",
			"busRouteId": "204000073",
			"busRouteNm": "315성남",
			"direction": "복정역환승센터1번승강장",
			"gpsX": "127.1542612741",
			"gpsY": "37.4722521283",
			"lastTm": "22:54",
			"posX": "213643.9203458248",
			"posY": "441441.9258259735",
			"routeType": "8",
			"sectSpd": "18",
			"section": "227700267",
			"seq": "35",
			"station": "204000237",
			"stationNm": "위례호반써밋에비뉴",
			"stationNo": "5292",
			"transYn": "N",
			"fullSectDist": "460",
			"trnstnid": "123000316"
		},
		{
			"arsId": "5293",
			"beginTm": "05:53",
			"busRouteAbrv": "315",
			"busRouteId": "204000073",
			"busRouteNm": "315성남",
			"direction": "복정역환승센터1번승강장",
			"gpsX": "127.1539213955",
			"gpsY": "37.4709222927",
			"lastTm": "22:57",
			"posX": "213614.10034149606",
			"posY": "441294.29849102115",
			"routeType": "8",
			"sectSpd": "7",
			"section": "204700295",
			"seq": "36",
			"station": "204000313",
			"stationNm": "위례센트럴푸르지오",
			"stationNo": "5293",
			"transYn": "N",
			"fullSectDist": "160",
			"trnstnid": "123000316"
		},
		{
			"arsId": "0",
			"beginTm": "05:54",
			"busRouteAbrv": "315",
			"busRouteId": "204000073",
			"busRouteNm": "315성남",
			"direction": "복정역환승센터1번승강장",
			"gpsX": "127.1513781269",
			"gpsY": "37.4699205893",
			"lastTm": "22:57",
			"posX": "213389.33085499005",
			"posY": "441182.77014976135",
			"routeType": "8",
			"sectSpd": "11",
			"section": "204700296",
			"seq": "37",
			"station": "204000048",
			"stationNm": "위례센트럴푸르지오.위례푸른초 ",
			"stationNo": "0",
			"transYn": "N",
			"fullSectDist": "280",
			"trnstnid": "123000316"
		},
		{
			"arsId": "5323",
			"beginTm": "05:54",
			"busRouteAbrv": "315",
			"busRouteId": "204000073",
			"busRouteNm": "315성남",
			"direction": "복정역환승센터1번승강장",
			"gpsX": "127.148691982",
			"gpsY": "37.4699934078",
			"lastTm": "22:58",
			"posX": "213151.72958305955",
			"posY": "441190.47267755447",
			"routeType": "8",
			"sectSpd": "15",
			"section": "204700315",
			"seq": "38",
			"station": "204000333",
			"stationNm": "위례새초롱유치원",
			"stationNo": "5323",
			"transYn": "N",
			"fullSectDist": "240",
			"trnstnid": "123000316"
		},
		{
			"arsId": "48640",
			"beginTm": "05:56",
			"busRouteAbrv": "315",
			"busRouteId": "204000073",
			"busRouteNm": "315성남",
			"direction": "복정역환승센터1번승강장",
			"gpsX": "127.143702043",
			"gpsY": "37.4709986792",
			"lastTm": "22:58",
			"posX": "212710.20156839272",
			"posY": "441301.34726119647",
			"routeType": "8",
			"sectSpd": "10",
			"section": "204700332",
			"seq": "39",
			"station": "204000093",
			"stationNm": "래미안위례.위례고운초등학교앞",
			"stationNo": "48640",
			"transYn": "N",
			"fullSectDist": "460",
			"trnstnid": "123000316"
		},
		{
			"arsId": "48630",
			"beginTm": "06:00",
			"busRouteAbrv": "315",
			"busRouteId": "204000073",
			"busRouteNm": "315성남",
			"direction": "복정역환승센터1번승강장",
			"gpsX": "127.1416861343",
			"gpsY": "37.4710506577",
			"lastTm": "23:00",
			"posX": "212531.88909456157",
			"posY": "441306.8454097039",
			"routeType": "8",
			"sectSpd": "11",
			"section": "204700265",
			"seq": "40",
			"station": "204000240",
			"stationNm": "위례동행정복지센터.위례보미리 ",
			"stationNo": "48630",
			"transYn": "N",
			"fullSectDist": "180",
			"trnstnid": "123000316"
		},
		{
			"arsId": "48626",
			"beginTm": "06:00",
			"busRouteAbrv": "315",
			"busRouteId": "204000073",
			"busRouteNm": "315성남",
			"direction": "복정역환승센터1번승강장",
			"gpsX": "127.1380784425",
			"gpsY": "37.4712033127",
			"lastTm": "23:01",
			"posX": "212212.77010550024",
			"posY": "441323.3123157765",
			"routeType": "8",
			"sectSpd": "15",
			"section": "204700253",
			"seq": "41",
			"station": "204000235",
			"stationNm": "위례중앙중학교",
			"stationNo": "48626",
			"transYn": "N",
			"fullSectDist": "320",
			"trnstnid": "123000316"
		},
		{
			"arsId": "48622",
			"beginTm": "06:01",
			"busRouteAbrv": "315",
			"busRouteId": "204000073",
			"busRouteNm": "315성남",
			"direction": "복정역환승센터1번승강장",
			"gpsX": "127.1367780939",
			"gpsY": "37.4699216331",
			"lastTm": "23:01",
			"posX": "212097.96330756135",
			"posY": "441180.91049009655",
			"routeType": "8",
			"sectSpd": "10",
			"section": "204700254",
			"seq": "42",
			"station": "204000322",
			"stationNm": "위례자이",
			"stationNo": "48622",
			"transYn": "N",
			"fullSectDist": "220",
			"trnstnid": "123000316"
		},
		{
			"arsId": "48620",
			"beginTm": "06:02",
			"busRouteAbrv": "315",
			"busRouteId": "204000073",
			"busRouteNm": "315성남",
			"direction": "복정역환승센터1번승강장",
			"gpsX": "127.1362121865",
			"gpsY": "37.4666134514",
			"lastTm": "23:03",
			"posX": "212048.43996318133",
			"posY": "440813.7136517754",
			"routeType": "8",
			"sectSpd": "17",
			"section": "204700262",
			"seq": "43",
			"station": "204000317",
			"stationNm": "위례서일로마을입구",
			"stationNo": "48620",
			"transYn": "N",
			"fullSectDist": "380",
			"trnstnid": "123000316"
		},
		{
			"arsId": "48618",
			"beginTm": "06:03",
			"busRouteAbrv": "315",
			"busRouteId": "204000073",
			"busRouteNm": "315성남",
			"direction": "복정역환승센터1번승강장",
			"gpsX": "127.135328359",
			"gpsY": "37.4658389635",
			"lastTm": "23:03",
			"posX": "211970.38580827782",
			"posY": "440727.6524715731",
			"routeType": "8",
			"sectSpd": "6",
			"section": "204700263",
			"seq": "44",
			"station": "204000147",
			"stationNm": "복정고등학교.복정지구",
			"stationNo": "48618",
			"transYn": "N",
			"fullSectDist": "170",
			"trnstnid": "123000316"
		},
		{
			"arsId": "24407",
			"beginTm": "06:04",
			"busRouteAbrv": "315",
			"busRouteId": "204000073",
			"busRouteNm": "315성남",
			"direction": "복정역환승센터1번승강장",
			"gpsX": "127.1273151082",
			"gpsY": "37.4701247674",
			"lastTm": "23:03",
			"posX": "211260.93546236068",
			"posY": "441202.27976216655",
			"routeType": "8",
			"sectSpd": "16",
			"section": "204700358",
			"seq": "45",
			"station": "123000316",
			"stationNm": "복정역환승센터1번승강장",
			"stationNo": "24407",
			"transYn": "Y",
			"fullSectDist": "1060",
			"trnstnid": "123000316"
		},
		{
			"arsId": " ",
			"beginTm": "06:09",
			"busRouteAbrv": "315",
			"busRouteId": "204000073",
			"busRouteNm": "315성남",
			"direction": "기업성장센터",
			"gpsX": "127.1270150434",
			"gpsY": "37.4705565301",
			"lastTm": "23:06",
			"posX": "211234.3303019685",
			"posY": "441250.15865258826",
			"routeType": "8",
			"sectSpd": "2",
			"section": "123900537",
			"seq": "46",
			"station": "277104325",
			"stationNm": "복정역교차로(경유)",
			"stationNo": "미정차",
			"transYn": "N",
			"fullSectDist": "66",
			"trnstnid": "123000316"
		},
		{
			"arsId": " ",
			"beginTm": "06:15",
			"busRouteAbrv": "315",
			"busRouteId": "204000073",
			"busRouteNm": "315성남",
			"direction": "기업성장센터",
			"gpsX": "127.1325511298",
			"gpsY": "37.4681683126",
			"lastTm": "23:10",
			"posX": "211724.36382147763",
			"posY": "440985.80177665036",
			"routeType": "8",
			"sectSpd": "23",
			"section": "277902680",
			"seq": "47",
			"station": "277104240",
			"stationNm": "복정삼거리(경유)",
			"stationNo": "미정차",
			"transYn": "N",
			"fullSectDist": "556",
			"trnstnid": "123000316"
		},
		{
			"arsId": "48619",
			"beginTm": "06:16",
			"busRouteAbrv": "315",
			"busRouteId": "204000073",
			"busRouteNm": "315성남",
			"direction": "기업성장센터",
			"gpsX": "127.1367591465",
			"gpsY": "37.4666071011",
			"lastTm": "23:12",
			"posX": "212096.82151808793",
			"posY": "440813.07903531566",
			"routeType": "8",
			"sectSpd": "12",
			"section": "277901936",
			"seq": "48",
			"station": "204000308",
			"stationNm": "위례서일로마을입구",
			"stationNo": "48619",
			"transYn": "N",
			"fullSectDist": "410",
			"trnstnid": "123000316"
		},
		{
			"arsId": "48621",
			"beginTm": "06:19",
			"busRouteAbrv": "315",
			"busRouteId": "204000073",
			"busRouteNm": "315성남",
			"direction": "기업성장센터",
			"gpsX": "127.1372041972",
			"gpsY": "37.470297338",
			"lastTm": "23:14",
			"posX": "212135.5912388812",
			"posY": "441222.65904127015",
			"routeType": "8",
			"sectSpd": "26",
			"section": "204700261",
			"seq": "49",
			"station": "204000323",
			"stationNm": "위례자이",
			"stationNo": "48621",
			"transYn": "N",
			"fullSectDist": "410",
			"trnstnid": "123000316"
		},
		{
			"arsId": "48625",
			"beginTm": "06:20",
			"busRouteAbrv": "315",
			"busRouteId": "204000073",
			"busRouteNm": "315성남",
			"direction": "기업성장센터",
			"gpsX": "127.1395344257",
			"gpsY": "37.4709017716",
			"lastTm": "23:15",
			"posX": "212341.5986379267",
			"posY": "441290.0386811979",
			"routeType": "8",
			"sectSpd": "22",
			"section": "204700249",
			"seq": "50",
			"station": "204000238",
			"stationNm": "위례자이정문",
			"stationNo": "48625",
			"transYn": "N",
			"fullSectDist": "310",
			"trnstnid": "123000316"
		},
		{
			"arsId": "48629",
			"beginTm": "06:20",
			"busRouteAbrv": "315",
			"busRouteId": "204000073",
			"busRouteNm": "315성남",
			"direction": "기업성장센터",
			"gpsX": "127.1423301393",
			"gpsY": "37.4707917352",
			"lastTm": "23:16",
			"posX": "212588.8936583089",
			"posY": "441278.197449523",
			"routeType": "8",
			"sectSpd": "12",
			"section": "204700250",
			"seq": "51",
			"station": "204000236",
			"stationNm": "위례동행정복지센터.위례아트리 ",
			"stationNo": "48629",
			"transYn": "N",
			"fullSectDist": "250",
			"trnstnid": "123000316"
		},
		{
			"arsId": "48641",
			"beginTm": "06:21",
			"busRouteAbrv": "315",
			"busRouteId": "204000073",
			"busRouteNm": "315성남",
			"direction": "기업성장센터",
			"gpsX": "127.1445881906",
			"gpsY": "37.4707026298",
			"lastTm": "23:17",
			"posX": "212788.63030078477",
			"posY": "441268.6132255257",
			"routeType": "8",
			"sectSpd": "16",
			"section": "204700267",
			"seq": "52",
			"station": "204000034",
			"stationNm": "래미안위례.위례고운초등학교앞",
			"stationNo": "48641",
			"transYn": "N",
			"fullSectDist": "200",
			"trnstnid": "123000316"
		},
		{
			"arsId": "5322",
			"beginTm": "06:21",
			"busRouteAbrv": "315",
			"busRouteId": "204000073",
			"busRouteNm": "315성남",
			"direction": "기업성장센터",
			"gpsX": "127.1485728193",
			"gpsY": "37.4697658446",
			"lastTm": "23:18",
			"posX": "213141.22953556274",
			"posY": "441165.20228800224",
			"routeType": "8",
			"sectSpd": "10",
			"section": "204900491",
			"seq": "53",
			"station": "204000332",
			"stationNm": "위례새초롱유치원",
			"stationNo": "5322",
			"transYn": "N",
			"fullSectDist": "370",
			"trnstnid": "123000316"
		},
		{
			"arsId": "5174",
			"beginTm": "06:25",
			"busRouteAbrv": "315",
			"busRouteId": "204000073",
			"busRouteNm": "315성남",
			"direction": "기업성장센터",
			"gpsX": "127.1523471961",
			"gpsY": "37.4697018445",
			"lastTm": "23:21",
			"posX": "213475.08393329984",
			"posY": "441158.6332189138",
			"routeType": "8",
			"sectSpd": "14",
			"section": "204700312",
			"seq": "54",
			"station": "204000239",
			"stationNm": "위례더힐남문.위례푸른초등학교",
			"stationNo": "5174",
			"transYn": "N",
			"fullSectDist": "330",
			"trnstnid": "123000316"
		},
		{
			"arsId": "5290",
			"beginTm": "06:25",
			"busRouteAbrv": "315",
			"busRouteId": "204000073",
			"busRouteNm": "315성남",
			"direction": "기업성장센터",
			"gpsX": "127.1542027179",
			"gpsY": "37.4708670445",
			"lastTm": "23:24",
			"posX": "213638.99291070737",
			"posY": "441288.2080407026",
			"routeType": "8",
			"sectSpd": "21",
			"section": "204700300",
			"seq": "55",
			"station": "204000312",
			"stationNm": "위례더힐정문",
			"stationNo": "5290",
			"transYn": "N",
			"fullSectDist": "210",
			"trnstnid": "123000316"
		},
		{
			"arsId": "5291",
			"beginTm": "06:25",
			"busRouteAbrv": "315",
			"busRouteId": "204000073",
			"busRouteNm": "315성남",
			"direction": "기업성장센터",
			"gpsX": "127.1546081094",
			"gpsY": "37.4729393136",
			"lastTm": "23:24",
			"posX": "213674.471650327",
			"posY": "441518.2363482048",
			"routeType": "8",
			"sectSpd": "10",
			"section": "204600355",
			"seq": "56",
			"station": "204000346",
			"stationNm": "위례그린파크푸르지오",
			"stationNo": "5291",
			"transYn": "N",
			"fullSectDist": "230",
			"trnstnid": "123000316"
		},
		{
			"arsId": "28473",
			"beginTm": "06:27",
			"busRouteAbrv": "315",
			"busRouteId": "204000073",
			"busRouteNm": "315성남",
			"direction": "기업성장센터",
			"gpsX": "127.1519940851",
			"gpsY": "37.4738569344",
			"lastTm": "23:25",
			"posX": "213443.10710999096",
			"posY": "441619.69274985744",
			"routeType": "8",
			"sectSpd": "23",
			"section": "204600356",
			"seq": "57",
			"station": "227000662",
			"stationNm": "위례롯데캐슬.호반베르디움",
			"stationNo": "28473",
			"transYn": "N",
			"fullSectDist": "300",
			"trnstnid": "123000316"
		},
		{
			"arsId": "28468",
			"beginTm": "06:27",
			"busRouteAbrv": "315",
			"busRouteId": "204000073",
			"busRouteNm": "315성남",
			"direction": "기업성장센터",
			"gpsX": "127.1500337459",
			"gpsY": "37.4739365764",
			"lastTm": "23:26",
			"posX": "213269.7108495574",
			"posY": "441628.25297449296",
			"routeType": "8",
			"sectSpd": "9",
			"section": "227700269",
			"seq": "58",
			"station": "227000299",
			"stationNm": "플로리체위례",
			"stationNo": "28468",
			"transYn": "N",
			"fullSectDist": "170",
			"trnstnid": "123000316"
		},
		{
			"arsId": "5312",
			"beginTm": "06:28",
			"busRouteAbrv": "315",
			"busRouteId": "204000073",
			"busRouteNm": "315성남",
			"direction": "기업성장센터",
			"gpsX": "127.146694611",
			"gpsY": "37.4711289117",
			"lastTm": "23:26",
			"posX": "212974.86676257453",
			"posY": "441316.20784501825",
			"routeType": "8",
			"sectSpd": "15",
			"section": "227700274",
			"seq": "59",
			"station": "204000325",
			"stationNm": "위례고운초교",
			"stationNo": "5312",
			"transYn": "N",
			"fullSectDist": "560",
			"trnstnid": "123000316"
		},
		{
			"arsId": "48686",
			"beginTm": "06:29",
			"busRouteAbrv": "315",
			"busRouteId": "204000073",
			"busRouteNm": "315성남",
			"direction": "기업성장센터",
			"gpsX": "127.1441054874",
			"gpsY": "37.4673263026",
			"lastTm": "23:29",
			"posX": "212746.50912434753",
			"posY": "440893.86098972894",
			"routeType": "8",
			"sectSpd": "12",
			"section": "204700329",
			"seq": "60",
			"station": "204000090",
			"stationNm": "밀리토피아시티.위례역푸르지오",
			"stationNo": "48686",
			"transYn": "N",
			"fullSectDist": "579",
			"trnstnid": "123000316"
		},
		{
			"arsId": "48616",
			"beginTm": "06:29",
			"busRouteAbrv": "315",
			"busRouteId": "204000073",
			"busRouteNm": "315성남",
			"direction": "기업성장센터",
			"gpsX": "127.1394811284",
			"gpsY": "37.4630755169",
			"lastTm": "23:31",
			"posX": "212338.17075255528",
			"posY": "440421.51600109925",
			"routeType": "8",
			"sectSpd": "8",
			"section": "204900622",
			"seq": "61",
			"station": "204000180",
			"stationNm": "남위례역",
			"stationNo": "48616",
			"transYn": "N",
			"fullSectDist": "700",
			"trnstnid": "123000316"
		},
		{
			"arsId": "5079",
			"beginTm": "06:32",
			"busRouteAbrv": "315",
			"busRouteId": "204000073",
			"busRouteNm": "315성남",
			"direction": "기업성장센터",
			"gpsX": "127.1422643514",
			"gpsY": "37.4494020618",
			"lastTm": "23:35",
			"posX": "212586.65959942405",
			"posY": "438904.4803183414",
			"routeType": "8",
			"sectSpd": "25",
			"section": "204900623",
			"seq": "62",
			"station": "204000153",
			"stationNm": "성남여자중학교",
			"stationNo": "5079",
			"transYn": "N",
			"fullSectDist": "1880",
			"trnstnid": "123000316"
		},
		{
			"arsId": "0",
			"beginTm": "06:37",
			"busRouteAbrv": "315",
			"busRouteId": "204000073",
			"busRouteNm": "315성남",
			"direction": "기업성장센터",
			"gpsX": "127.1409969258",
			"gpsY": "37.4481093788",
			"lastTm": "23:39",
			"posX": "212474.74031372787",
			"posY": "438760.8571976959",
			"routeType": "8",
			"sectSpd": "15",
			"section": "204900624",
			"seq": "63",
			"station": "204000078",
			"stationNm": "태평4동행정복지센터.금빛초교",
			"stationNo": "0",
			"transYn": "N",
			"fullSectDist": "300",
			"trnstnid": "123000316"
		},
		{
			"arsId": "0",
			"beginTm": "06:38",
			"busRouteAbrv": "315",
			"busRouteId": "204000073",
			"busRouteNm": "315성남",
			"direction": "기업성장센터",
			"gpsX": "127.137526639",
			"gpsY": "37.4471003742",
			"lastTm": "23:40",
			"posX": "212167.8690388591",
			"posY": "438648.4298919975",
			"routeType": "8",
			"sectSpd": "12",
			"section": "204700321",
			"seq": "64",
			"station": "204000077",
			"stationNm": "태평2동행정복지센터",
			"stationNo": "0",
			"transYn": "N",
			"fullSectDist": "320",
			"trnstnid": "123000316"
		},
		{
			"arsId": "0",
			"beginTm": "06:40",
			"busRouteAbrv": "315",
			"busRouteId": "204000073",
			"busRouteNm": "315성남",
			"direction": "기업성장센터",
			"gpsX": "127.1346490415",
			"gpsY": "37.4462429318",
			"lastTm": "23:42",
			"posX": "211913.4052660681",
			"posY": "438552.90818511974",
			"routeType": "8",
			"sectSpd": "14",
			"section": "204700322",
			"seq": "65",
			"station": "204000076",
			"stationNm": "태평오거리",
			"stationNo": "0",
			"transYn": "N",
			"fullSectDist": "270",
			"trnstnid": "123000316"
		},
		{
			"arsId": "0",
			"beginTm": "06:41",
			"busRouteAbrv": "315",
			"busRouteId": "204000073",
			"busRouteNm": "315성남",
			"direction": "기업성장센터",
			"gpsX": "127.1320713476",
			"gpsY": "37.4454796782",
			"lastTm": "23:43",
			"posX": "211685.4560612748",
			"posY": "438467.88394744927",
			"routeType": "8",
			"sectSpd": "8",
			"section": "204700323",
			"seq": "66",
			"station": "204000075",
			"stationNm": "태평3동행정복지센터.태평초교",
			"stationNo": "0",
			"transYn": "N",
			"fullSectDist": "230",
			"trnstnid": "123000316"
		},
		{
			"arsId": "0",
			"beginTm": ":",
			"busRouteAbrv": "315",
			"busRouteId": "204000073",
			"busRouteNm": "315성남",
			"direction": "기업성장센터",
			"gpsX": "127.1281333077",
			"gpsY": "37.4443417776",
			"lastTm": ":",
			"posX": "211337.19630235288",
			"posY": "438341.125291076",
			"routeType": "8",
			"sectSpd": "8",
			"section": "204900493",
			"seq": "67",
			"station": "204000339",
			"stationNm": "태평고개",
			"stationNo": "0",
			"transYn": "N",
			"fullSectDist": "390",
			"trnstnid": "123000316"
		},
		{
			"arsId": "48018",
			"beginTm": "06:44",
			"busRouteAbrv": "315",
			"busRouteId": "204000073",
			"busRouteNm": "315성남",
			"direction": "기업성장센터",
			"gpsX": "127.1273463019",
			"gpsY": "37.440629916",
			"lastTm": "23:46",
			"posX": "211268.11886564066",
			"posY": "437929.1102042189",
			"routeType": "8",
			"sectSpd": "11",
			"section": "204900495",
			"seq": "68",
			"station": "204000011",
			"stationNm": "성남수정경찰서앞",
			"stationNo": "48018",
			"transYn": "N",
			"fullSectDist": "470",
			"trnstnid": "123000316"
		},
		{
			"arsId": "48041",
			"beginTm": "06:45",
			"busRouteAbrv": "315",
			"busRouteId": "204000073",
			"busRouteNm": "315성남",
			"direction": "기업성장센터",
			"gpsX": "127.1281229439",
			"gpsY": "37.4365294331",
			"lastTm": "23:49",
			"posX": "211337.4579401824",
			"posY": "437474.1560231233",
			"routeType": "8",
			"sectSpd": "18",
			"section": "204900222",
			"seq": "69",
			"station": "204000088",
			"stationNm": "모란고개",
			"stationNo": "48041",
			"transYn": "N",
			"fullSectDist": "460",
			"trnstnid": "123000316"
		},
		{
			"arsId": "6345",
			"beginTm": "06:46",
			"busRouteAbrv": "315",
			"busRouteId": "204000073",
			"busRouteNm": "315성남",
			"direction": "기업성장센터",
			"gpsX": "127.1290197381",
			"gpsY": "37.4308727482",
			"lastTm": "23:50",
			"posX": "211417.67355168125",
			"posY": "436846.51937704394",
			"routeType": "8",
			"sectSpd": "12",
			"section": "204900526",
			"seq": "70",
			"station": "205000368",
			"stationNm": "모란역5번출구",
			"stationNo": "6345",
			"transYn": "N",
			"fullSectDist": "640",
			"trnstnid": "123000316"
		},
		{
			"arsId": "49602",
			"beginTm": "06:48",
			"busRouteAbrv": "315",
			"busRouteId": "204000073",
			"busRouteNm": "315성남",
			"direction": "기업성장센터",
			"gpsX": "127.1285559072",
			"gpsY": "37.4181313535",
			"lastTm": "23:52",
			"posX": "211378.55460446823",
			"posY": "435432.5020920625",
			"routeType": "8",
			"sectSpd": "15",
			"section": "205900361",
			"seq": "71",
			"station": "205000245",
			"stationNm": "성남시청전면",
			"stationNo": "49602",
			"transYn": "N",
			"fullSectDist": "1420",
			"trnstnid": "123000316"
		},
		{
			"arsId": "49604",
			"beginTm": "06:52",
			"busRouteAbrv": "315",
			"busRouteId": "204000073",
			"busRouteNm": "315성남",
			"direction": "기업성장센터",
			"gpsX": "127.1285691896",
			"gpsY": "37.4158463748",
			"lastTm": "23:57",
			"posX": "211380.07597960776",
			"posY": "435178.93120829575",
			"routeType": "8",
			"sectSpd": "11",
			"section": "205900172",
			"seq": "72",
			"station": "206000361",
			"stationNm": "동부.코오롱아파트",
			"stationNo": "49604",
			"transYn": "N",
			"fullSectDist": "250",
			"trnstnid": "123000316"
		},
		{
			"arsId": "47115",
			"beginTm": "06:54",
			"busRouteAbrv": "315",
			"busRouteId": "204000073",
			"busRouteNm": "315성남",
			"direction": "기업성장센터",
			"gpsX": "127.1285461605",
			"gpsY": "37.4113785802",
			"lastTm": "23:57",
			"posX": "211378.71345055627",
			"posY": "434683.12112056743",
			"routeType": "8",
			"sectSpd": "11",
			"section": "206900522",
			"seq": "73",
			"station": "206000157",
			"stationNm": "야탑역.종합버스터미널(전면)",
			"stationNo": "47115",
			"transYn": "N",
			"fullSectDist": "500",
			"trnstnid": "123000316"
		},
		{
			"arsId": "47131",
			"beginTm": ":",
			"busRouteAbrv": "315",
			"busRouteId": "204000073",
			"busRouteNm": "315성남",
			"direction": "기업성장센터",
			"gpsX": "127.1284928677",
			"gpsY": "37.406822166",
			"lastTm": ":",
			"posX": "211374.6849503318",
			"posY": "434177.47333169775",
			"routeType": "8",
			"sectSpd": "11",
			"section": "206900759",
			"seq": "74",
			"station": "206000392",
			"stationNm": "쌍용아파트",
			"stationNo": "47131",
			"transYn": "N",
			"fullSectDist": "510",
			"trnstnid": "123000316"
		},
		{
			"arsId": "07193",
			"beginTm": "06:58",
			"busRouteAbrv": "315",
			"busRouteId": "204000073",
			"busRouteNm": "315성남",
			"direction": "기업성장센터",
			"gpsX": "127.1273254781",
			"gpsY": "37.4055027435",
			"lastTm": "00:00",
			"posX": "211271.5407311664",
			"posY": "434030.91228980105",
			"routeType": "8",
			"sectSpd": "19",
			"section": "206700296",
			"seq": "75",
			"station": "206000298",
			"stationNm": "삼환진덕아파트",
			"stationNo": "07193",
			"transYn": "N",
			"fullSectDist": "280",
			"trnstnid": "123000316"
		},
		{
			"arsId": "07145",
			"beginTm": "06:58",
			"busRouteAbrv": "315",
			"busRouteId": "204000073",
			"busRouteNm": "315성남",
			"direction": "기업성장센터",
			"gpsX": "127.1222649399",
			"gpsY": "37.4054990083",
			"lastTm": "00:01",
			"posX": "210823.55484281376",
			"posY": "434029.90505724074",
			"routeType": "8",
			"sectSpd": "13",
			"section": "206700297",
			"seq": "76",
			"station": "206000310",
			"stationNm": "탑마을대우아파트",
			"stationNo": "07145",
			"transYn": "N",
			"fullSectDist": "440",
			"trnstnid": "123000316"
		},
		{
			"arsId": "05183",
			"beginTm": "07:00",
			"busRouteAbrv": "315",
			"busRouteId": "204000073",
			"busRouteNm": "315성남",
			"direction": "기업성장센터",
			"gpsX": "127.1178317415",
			"gpsY": "37.4051428154",
			"lastTm": "00:03",
			"posX": "210431.15333614967",
			"posY": "433989.877608377",
			"routeType": "8",
			"sectSpd": "6",
			"section": "206700298",
			"seq": "77",
			"station": "204000203",
			"stationNm": "송현초등학교.판교이지더원2단지",
			"stationNo": "05183",
			"transYn": "N",
			"fullSectDist": "400",
			"trnstnid": "123000316"
		},
		{
			"arsId": "0",
			"beginTm": "07:01",
			"busRouteAbrv": "315",
			"busRouteId": "204000073",
			"busRouteNm": "315성남",
			"direction": "기업성장센터",
			"gpsX": "127.1155330696",
			"gpsY": "37.404096524",
			"lastTm": "00:05",
			"posX": "210227.80363502988",
			"posY": "433873.51533044456",
			"routeType": "8",
			"sectSpd": "5",
			"section": "204700259",
			"seq": "78",
			"station": "204000205",
			"stationNm": "판교신미주아파트.봇들3단지",
			"stationNo": "0",
			"transYn": "N",
			"fullSectDist": "240",
			"trnstnid": "123000316"
		},
		{
			"arsId": "0",
			"beginTm": "07:04",
			"busRouteAbrv": "315",
			"busRouteId": "204000073",
			"busRouteNm": "315성남",
			"direction": "기업성장센터",
			"gpsX": "127.1109970986",
			"gpsY": "37.403321202",
			"lastTm": "00:05",
			"posX": "209826.34854668227",
			"posY": "433786.9930150015",
			"routeType": "8",
			"sectSpd": "7",
			"section": "204700203",
			"seq": "79",
			"station": "206000562",
			"stationNm": "차그룹컨소시엄",
			"stationNo": "0",
			"transYn": "N",
			"fullSectDist": "430",
			"trnstnid": "123000316"
		},
		{
			"arsId": "0",
			"beginTm": "07:04",
			"busRouteAbrv": "315",
			"busRouteId": "204000073",
			"busRouteNm": "315성남",
			"direction": "기업성장센터",
			"gpsX": "127.1077240536",
			"gpsY": "37.4033286296",
			"lastTm": "00:06",
			"posX": "209536.5914624119",
			"posY": "433787.48134096665",
			"routeType": "8",
			"sectSpd": "8",
			"section": "206700197",
			"seq": "80",
			"station": "206000564",
			"stationNm": "봇들육교",
			"stationNo": "0",
			"transYn": "N",
			"fullSectDist": "290",
			"trnstnid": "123000316"
		},
		{
			"arsId": "0",
			"beginTm": "07:05",
			"busRouteAbrv": "315",
			"busRouteId": "204000073",
			"busRouteNm": "315성남",
			"direction": "기업성장센터",
			"gpsX": "127.102857109",
			"gpsY": "37.4033279767",
			"lastTm": "00:07",
			"posX": "209105.73070504432",
			"posY": "433786.9279419901",
			"routeType": "8",
			"sectSpd": "12",
			"section": "206700299",
			"seq": "81",
			"station": "206000566",
			"stationNm": "이노밸리.포스코DX",
			"stationNo": "0",
			"transYn": "N",
			"fullSectDist": "430",
			"trnstnid": "123000316"
		},
		{
			"arsId": "7666",
			"beginTm": "07:06",
			"busRouteAbrv": "315",
			"busRouteId": "204000073",
			"busRouteNm": "315성남",
			"direction": "기업성장센터",
			"gpsX": "127.1005417389",
			"gpsY": "37.4029446651",
			"lastTm": "00:08",
			"posX": "208900.80098311504",
			"posY": "433744.16955739213",
			"routeType": "8",
			"sectSpd": "25",
			"section": "206901092",
			"seq": "82",
			"station": "206000744",
			"stationNm": "이노밸리A동.오콘",
			"stationNo": "7666",
			"transYn": "N",
			"fullSectDist": "210",
			"trnstnid": "123000316"
		},
		{
			"arsId": "7474",
			"beginTm": ":",
			"busRouteAbrv": "315",
			"busRouteId": "204000073",
			"busRouteNm": "315성남",
			"direction": "기업성장센터",
			"gpsX": "127.1008274519",
			"gpsY": "37.4025412782",
			"lastTm": ":",
			"posX": "208926.14256062056",
			"posY": "433699.4313479089",
			"routeType": "8",
			"sectSpd": "20",
			"section": "206901133",
			"seq": "83",
			"station": "206000745",
			"stationNm": "판교PDCC.NS홈쇼핑",
			"stationNo": "7474",
			"transYn": "N",
			"fullSectDist": "240",
			"trnstnid": "123000316"
		},
		{
			"arsId": "07496",
			"beginTm": ":",
			"busRouteAbrv": "315",
			"busRouteId": "204000073",
			"busRouteNm": "315성남",
			"direction": "기업성장센터",
			"gpsX": "127.1048367544",
			"gpsY": "37.4041028014",
			"lastTm": ":",
			"posX": "209280.88916903146",
			"posY": "433873.1058188514",
			"routeType": "8",
			"sectSpd": "9",
			"section": "206901140",
			"seq": "84",
			"station": "206000540",
			"stationNm": "삼평교",
			"stationNo": "07496",
			"transYn": "N",
			"fullSectDist": "480",
			"trnstnid": "123000316"
		},
		{
			"arsId": "5336",
			"beginTm": ":",
			"busRouteAbrv": "315",
			"busRouteId": "204000073",
			"busRouteNm": "315성남",
			"direction": "기업성장센터",
			"gpsX": "127.099388381",
			"gpsY": "37.4124356818",
			"lastTm": ":",
			"posX": "208797.5860955687",
			"posY": "434797.31242728885",
			"routeType": "8",
			"sectSpd": "19",
			"section": "206901127",
			"seq": "85",
			"station": "204000345",
			"stationNm": "기업지원허브",
			"stationNo": "5336",
			"transYn": "N",
			"fullSectDist": "1120",
			"trnstnid": "123000316"
		},
		{
			"arsId": "5333",
			"beginTm": ":",
			"busRouteAbrv": "315",
			"busRouteId": "204000073",
			"busRouteNm": "315성남",
			"direction": "기업성장센터",
			"gpsX": "127.0957404778",
			"gpsY": "37.4121748084",
			"lastTm": ":",
			"posX": "208474.7130485108",
			"posY": "434768.0283209053",
			"routeType": "8",
			"sectSpd": "12",
			"section": "204900531",
			"seq": "86",
			"station": "204000342",
			"stationNm": "I_SQUARE.창업주택",
			"stationNo": "5333",
			"transYn": "N",
			"fullSectDist": "340",
			"trnstnid": "123000316"
		},
		{
			"arsId": "5332",
			"beginTm": ":",
			"busRouteAbrv": "315",
			"busRouteId": "204000073",
			"busRouteNm": "315성남",
			"direction": "기업성장센터",
			"gpsX": "127.0948508624",
			"gpsY": "37.4110537283",
			"lastTm": ":",
			"posX": "208396.0915776362",
			"posY": "434643.5385193741",
			"routeType": "8",
			"sectSpd": "10",
			"section": "204900532",
			"seq": "87",
			"station": "204000341",
			"stationNm": "기업성장센터",
			"stationNo": "5332",
			"transYn": "N",
			"fullSectDist": "150",
			"trnstnid": "123000316"
		}
	]
}