{
	"count": 79,
	"result": [
		{
			"arsId": "0",
			"beginTm": ":",
			"busRouteAbrv": "9400",
			"busRouteId": "204000153",
			"busRouteNm": "9400성남",
			"direction": "지하철2호선강남역",
			"gpsX": "127.17814759",
			"gpsY": "37.4415972827",
			"lastTm": ":",
			"posX": "215763.023850378",
			"posY": "438043.74830823345",
			"routeType": "8",
			"sectSpd": "0",
			"section": "0",
			"seq": "1",
			"station": "205000032",
			"stationNm": "자동차검사소.산성아파트",
			"stationNo": "0",
			"transYn": "N",
			"trnstnid": "121000012"
		},
		{
			"arsId": "0",
			"beginTm": ":",
			"busRouteAbrv": "9400",
			"busRouteId": "204000153",
			"busRouteNm": "9400성남",
			"direction": "지하철2호선강남역",
			"gpsX": "127.1788131288",
			"gpsY": "37.4396878303",
			"lastTm": ":",
			"posX": "215822.3147837016",
			"posY": "437831.9599022404",
			"routeType": "8",
			"sectSpd": "19",
			"section": "205900225",
			"seq": "2",
			"station": "205000038",
			"stationNm": "궁전아파트.성지아파트",
			"stationNo": "0",
			"transYn": "N",
			"fullSectDist": "220",
			"trnstnid": "121000012"
		},
		{
			"arsId": "0",
			"beginTm": ":",
			"busRouteAbrv": "9400",
			"busRouteId": "204000153",
			"busRouteNm": "9400성남",
			"direction": "지하철2호선강남역",
			"gpsX": "127.1785723402",
			"gpsY": "37.4382824198",
			"lastTm": ":",
			"posX": "215801.30404813198",
			"posY": "437675.9552599476",
			"routeType": "8",
			"sectSpd": "9",
			"section": "205900226",
			"seq": "3",
			"station": "205000037",
			"stationNm": "근로자종합복지관",
			"stationNo": "0",
			"transYn": "N",
			"fullSectDist": "160",
			"trnstnid": "121000012"
		},
		{
			"arsId": "49062",
			"beginTm": ":",
			"busRouteAbrv": "9400",
			"busRouteId": "204000153",
			"busRouteNm": "9400성남",
			"direction": "지하철2호선강남역",
			"gpsX": "127.1788491927",
			"gpsY": "37.4346262533",
			"lastTm": ":",
			"posX": "215826.57178724636",
			"posY": "437270.26188655477",
			"routeType": "8",
			"sectSpd": "27",
			"section": "205900227",
			"seq": "4",
			"station": "205000134",
			"stationNm": "보통골동양공업사",
			"stationNo": "49062",
			"transYn": "N",
			"fullSectDist": "410",
			"trnstnid": "121000012"
		},
		{
			"arsId": "0",
			"beginTm": ":",
			"busRouteAbrv": "9400",
			"busRouteId": "204000153",
			"busRouteNm": "9400성남",
			"direction": "지하철2호선강남역",
			"gpsX": "127.1783771923",
			"gpsY": "37.4316813586",
			"lastTm": ":",
			"posX": "215785.42234045084",
			"posY": "436943.3758546789",
			"routeType": "8",
			"sectSpd": "15",
			"section": "205900370",
			"seq": "5",
			"station": "205000036",
			"stationNm": "벽산테크노피아.성남소각장",
			"stationNo": "0",
			"transYn": "N",
			"fullSectDist": "400",
			"trnstnid": "121000012"
		},
		{
			"arsId": "0",
			"beginTm": ":",
			"busRouteAbrv": "9400",
			"busRouteId": "204000153",
			"busRouteNm": "9400성남",
			"direction": "지하철2호선강남역",
			"gpsX": "127.1746251463",
			"gpsY": "37.4313295402",
			"lastTm": ":",
			"posX": "215453.45849864918",
			"posY": "436903.71145247295",
			"routeType": "8",
			"sectSpd": "30",
			"section": "205900298",
			"seq": "6",
			"station": "205000035",
			"stationNm": "공단본부입구.반포산업사거리",
			"stationNo": "0",
			"transYn": "N",
			"fullSectDist": "330",
			"trnstnid": "121000012"
		},
		{
			"arsId": "0",
			"beginTm": ":",
			"busRouteAbrv": "9400",
			"busRouteId": "204000153",
			"busRouteNm": "9400성남",
			"direction": "지하철2호선강남역",
			"gpsX": "127.1692207235",
			"gpsY": "37.4319725297",
			"lastTm": ":",
			"posX": "214975.06544251644",
			"posY": "436974.1943065161",
			"routeType": "8",
			"sectSpd": "31",
			"section": "205900299",
			"seq": "7",
			"station": "205000090",
			"stationNm": "상대원파출소.소방소",
			"stationNo": "0",
			"transYn": "N",
			"fullSectDist": "500",
			"trnstnid": "121000012"
		},
		{
			"arsId": "49069",
			"beginTm": "05:34",
			"busRouteAbrv": "9400",
			"busRouteId": "204000153",
			"busRouteNm": "9400성남",
			"direction": "지하철2호선강남역",
			"gpsX": "127.1649684355",
			"gpsY": "37.4329679638",
			"lastTm": "21:34",
			"posX": "214598.5686849385",
			"posY": "437083.9945821343",
			"routeType": "8",
			"sectSpd": "15",
			"section": "205900300",
			"seq": "8",
			"station": "205000129",
			"stationNm": "상대원1동행정복지센터",
			"stationNo": "49069",
			"transYn": "N",
			"fullSectDist": "390",
			"trnstnid": "121000012"
		},
		{
			"arsId": "49052",
			"beginTm": "05:34",
			"busRouteAbrv": "9400",
			"busRouteId": "204000153",
			"busRouteNm": "9400성남",
			"direction": "지하철2호선강남역",
			"gpsX": "127.1607299589",
			"gpsY": "37.4334688826",
			"lastTm": "21:37",
			"posX": "214223.3976880922",
			"posY": "437138.9355668244",
			"routeType": "8",
			"sectSpd": "17",
			"section": "205600007",
			"seq": "9",
			"station": "205000128",
			"stationNm": "대원터널앞사거리",
			"stationNo": "49052",
			"transYn": "N",
			"fullSectDist": "380",
			"trnstnid": "121000012"
		},
		{
			"arsId": "49079",
			"beginTm": ":",
			"busRouteAbrv": "9400",
			"busRouteId": "204000153",
			"busRouteNm": "9400성남",
			"direction": "지하철2호선강남역",
			"gpsX": "127.1572809205",
			"gpsY": "37.432247975",
			"lastTm": ":",
			"posX": "213918.40948856183",
			"posY": "437002.931699567",
			"routeType": "8",
			"sectSpd": "8",
			"section": "205600008",
			"seq": "10",
			"station": "205000155",
			"stationNm": "성남자이아파트",
			"stationNo": "49079",
			"transYn": "N",
			"fullSectDist": "350",
			"trnstnid": "121000012"
		},
		{
			"arsId": "49076",
			"beginTm": ":",
			"busRouteAbrv": "9400",
			"busRouteId": "204000153",
			"busRouteNm": "9400성남",
			"direction": "지하철2호선강남역",
			"gpsX": "127.1525990842",
			"gpsY": "37.4304067858",
			"lastTm": ":",
			"posX": "213504.4258221011",
			"posY": "436797.9266115739",
			"routeType": "8",
			"sectSpd": "16",
			"section": "205600009",
			"seq": "11",
			"station": "205000154",
			"stationNm": "대하초등학교.중원청소년수련관",
			"stationNo": "49076",
			"transYn": "N",
			"fullSectDist": "480",
			"trnstnid": "121000012"
		},
		{
			"arsId": "49086",
			"beginTm": "05:37",
			"busRouteAbrv": "9400",
			"busRouteId": "204000153",
			"busRouteNm": "9400성남",
			"direction": "지하철2호선강남역",
			"gpsX": "127.1498858429",
			"gpsY": "37.4297253821",
			"lastTm": "21:39",
			"posX": "213264.43460169437",
			"posY": "436721.923319492",
			"routeType": "8",
			"sectSpd": "18",
			"section": "205600010",
			"seq": "12",
			"station": "205000153",
			"stationNm": "아튼빌후문",
			"stationNo": "49086",
			"transYn": "N",
			"fullSectDist": "260",
			"trnstnid": "121000012"
		},
		{
			"arsId": "49085",
			"beginTm": ":",
			"busRouteAbrv": "9400",
			"busRouteId": "204000153",
			"busRouteNm": "9400성남",
			"direction": "지하철2호선강남역",
			"gpsX": "127.1453565243",
			"gpsY": "37.4285508569",
			"lastTm": ":",
			"posX": "212863.8046304391",
			"posY": "436590.95396549115",
			"routeType": "8",
			"sectSpd": "15",
			"section": "205600011",
			"seq": "13",
			"station": "205000152",
			"stationNm": "영성중학교.하대원동행정복지센 ",
			"stationNo": "49085",
			"transYn": "N",
			"fullSectDist": "420",
			"trnstnid": "121000012"
		},
		{
			"arsId": "49016",
			"beginTm": ":",
			"busRouteAbrv": "9400",
			"busRouteId": "204000153",
			"busRouteNm": "9400성남",
			"direction": "지하철2호선강남역",
			"gpsX": "127.1405711574",
			"gpsY": "37.4290148937",
			"lastTm": ":",
			"posX": "212440.2307996219",
			"posY": "436641.8077075076",
			"routeType": "8",
			"sectSpd": "13",
			"section": "205600012",
			"seq": "14",
			"station": "205000151",
			"stationNm": "현대아파트.중원도서관",
			"stationNo": "49016",
			"transYn": "N",
			"fullSectDist": "470",
			"trnstnid": "121000012"
		},
		{
			"arsId": "49015",
			"beginTm": ":",
			"busRouteAbrv": "9400",
			"busRouteId": "204000153",
			"busRouteNm": "9400성남",
			"direction": "지하철2호선강남역",
			"gpsX": "127.1368365336",
			"gpsY": "37.430729455",
			"lastTm": ":",
			"posX": "212109.44864164348",
			"posY": "436831.59302408434",
			"routeType": "8",
			"sectSpd": "13",
			"section": "205600123",
			"seq": "15",
			"station": "205000121",
			"stationNm": "중원구청",
			"stationNo": "49015",
			"transYn": "N",
			"fullSectDist": "450",
			"trnstnid": "121000012"
		},
		{
			"arsId": "5324",
			"beginTm": ":",
			"busRouteAbrv": "9400",
			"busRouteId": "204000153",
			"busRouteNm": "9400성남",
			"direction": "지하철2호선강남역",
			"gpsX": "127.1313842433",
			"gpsY": "37.434422632",
			"lastTm": ":",
			"posX": "211626.3727574526",
			"posY": "437240.75310236076",
			"routeType": "8",
			"sectSpd": "19",
			"section": "205900371",
			"seq": "16",
			"station": "204000334",
			"stationNm": "풍생고등학교.풍생중학교",
			"stationNo": "5324",
			"transYn": "N",
			"fullSectDist": "810",
			"trnstnid": "121000012"
		},
		{
			"arsId": "49005",
			"beginTm": ":",
			"busRouteAbrv": "9400",
			"busRouteId": "204000153",
			"busRouteNm": "9400성남",
			"direction": "지하철2호선강남역",
			"gpsX": "127.1290600571",
			"gpsY": "37.4305141428",
			"lastTm": ":",
			"posX": "211421.2960908269",
			"posY": "436806.72840932896",
			"routeType": "8",
			"sectSpd": "8",
			"section": "204900588",
			"seq": "17",
			"station": "205000207",
			"stationNm": "모란역(광역.시외버스)",
			"stationNo": "49005",
			"transYn": "N",
			"fullSectDist": "600",
			"trnstnid": "121000012"
		},
		{
			"arsId": "49607",
			"beginTm": ":",
			"busRouteAbrv": "9400",
			"busRouteId": "204000153",
			"busRouteNm": "9400성남",
			"direction": "지하철2호선강남역",
			"gpsX": "127.1272315628",
			"gpsY": "37.4216425618",
			"lastTm": ":",
			"posX": "211260.810304972",
			"posY": "435821.9949842072",
			"routeType": "8",
			"sectSpd": "22",
			"section": "205900372",
			"seq": "18",
			"station": "205000250",
			"stationNm": "성남시청후문",
			"stationNo": "49607",
			"transYn": "N",
			"fullSectDist": "1120",
			"trnstnid": "121000012"
		},
		{
			"arsId": "49605",
			"beginTm": ":",
			"busRouteAbrv": "9400",
			"busRouteId": "204000153",
			"busRouteNm": "9400성남",
			"direction": "지하철2호선강남역",
			"gpsX": "127.1219203686",
			"gpsY": "37.4218985809",
			"lastTm": ":",
			"posX": "210790.6985826434",
			"posY": "435849.78530040616",
			"routeType": "8",
			"sectSpd": "52",
			"section": "205600131",
			"seq": "19",
			"station": "205000243",
			"stationNm": "모란차량기지앞",
			"stationNo": "49605",
			"transYn": "N",
			"fullSectDist": "490",
			"trnstnid": "121000012"
		},
		{
			"arsId": " ",
			"beginTm": ":",
			"busRouteAbrv": "9400",
			"busRouteId": "204000153",
			"busRouteNm": "9400성남",
			"direction": "지하철2호선강남역",
			"gpsX": "127.1151943089",
			"gpsY": "37.4223907754",
			"lastTm": ":",
			"posX": "210195.33419345962",
			"posY": "435903.657433745",
			"routeType": "8",
			"sectSpd": "21",
			"section": "205900386",
			"seq": "20",
			"station": "277104326",
			"stationNm": "여수대로IC(경유)",
			"stationNo": "미정차",
			"transYn": "N",
			"fullSectDist": "596",
			"trnstnid": "121000012"
		},
		{
			"arsId": "48613",
			"beginTm": ":",
			"busRouteAbrv": "9400",
			"busRouteId": "204000153",
			"busRouteNm": "9400성남",
			"direction": "지하철2호선강남역",
			"gpsX": "127.1087342338",
			"gpsY": "37.422542994",
			"lastTm": ":",
			"posX": "209623.56210816235",
			"posY": "435919.8707426563",
			"routeType": "8",
			"sectSpd": "16",
			"section": "277902413",
			"seq": "21",
			"station": "204000154",
			"stationNm": "시흥동행정복지센터",
			"stationNo": "48613",
			"transYn": "N",
			"fullSectDist": "570",
			"trnstnid": "121000012"
		},
		{
			"arsId": "48607",
			"beginTm": ":",
			"busRouteAbrv": "9400",
			"busRouteId": "204000153",
			"busRouteNm": "9400성남",
			"direction": "지하철2호선강남역",
			"gpsX": "127.1056384033",
			"gpsY": "37.4224916946",
			"lastTm": ":",
			"posX": "209349.57082197093",
			"posY": "435913.86636491073",
			"routeType": "8",
			"sectSpd": "10",
			"section": "204900245",
			"seq": "22",
			"station": "204000003",
			"stationNm": "시흥동농협창고",
			"stationNo": "48607",
			"transYn": "N",
			"fullSectDist": "280",
			"trnstnid": "121000012"
		},
		{
			"arsId": "05004",
			"beginTm": ":",
			"busRouteAbrv": "9400",
			"busRouteId": "204000153",
			"busRouteNm": "9400성남",
			"direction": "지하철2호선강남역",
			"gpsX": "127.1014495676",
			"gpsY": "37.4227637625",
			"lastTm": ":",
			"posX": "208978.80358414614",
			"posY": "435943.6516186916",
			"routeType": "8",
			"sectSpd": "15",
			"section": "204900591",
			"seq": "23",
			"station": "204000059",
			"stationNm": "동산마을입구",
			"stationNo": "05004",
			"transYn": "N",
			"fullSectDist": "400",
			"trnstnid": "121000012"
		},
		{
			"arsId": " ",
			"beginTm": ":",
			"busRouteAbrv": "9400",
			"busRouteId": "204000153",
			"busRouteNm": "9400성남",
			"direction": "지하철2호선강남역",
			"gpsX": "127.0834213286",
			"gpsY": "37.4311135552",
			"lastTm": ":",
			"posX": "207382.39231010844",
			"posY": "436868.69570890535",
			"routeType": "8",
			"sectSpd": "56",
			"section": "204900596",
			"seq": "24",
			"station": "277104436",
			"stationNm": "내곡터널진입(경유)",
			"stationNo": "미정차",
			"transYn": "N",
			"fullSectDist": "1842",
			"trnstnid": "121000012"
		},
		{
			"arsId": " ",
			"beginTm": ":",
			"busRouteAbrv": "9400",
			"busRouteId": "204000153",
			"busRouteNm": "9400성남",
			"direction": "지하철2호선강남역",
			"gpsX": "127.0756376084",
			"gpsY": "37.4582379307",
			"lastTm": ":",
			"posX": "206691.15379115343",
			"posY": "439878.2190184826",
			"routeType": "8",
			"sectSpd": "20",
			"section": "277902287",
			"seq": "25",
			"station": "277104327",
			"stationNm": "내곡IC(경유)",
			"stationNo": "미정차",
			"transYn": "N",
			"fullSectDist": "3091",
			"trnstnid": "121000012"
		},
		{
			"arsId": "22332",
			"beginTm": ":",
			"busRouteAbrv": "9400",
			"busRouteId": "204000153",
			"busRouteNm": "9400성남",
			"direction": "지하철2호선강남역",
			"gpsX": "127.0718263325",
			"gpsY": "37.4575866482",
			"lastTm": ":",
			"posX": "206354.0507375824",
			"posY": "439805.67946122354",
			"routeType": "8",
			"sectSpd": "23",
			"section": "277902522",
			"seq": "26",
			"station": "121000256",
			"stationNm": "서울특별시어린이병원.강동송파과학화예비군훈련장",
			"stationNo": "22332",
			"transYn": "N",
			"fullSectDist": "344",
			"trnstnid": "121000012"
		},
		{
			"arsId": "22330",
			"beginTm": ":",
			"busRouteAbrv": "9400",
			"busRouteId": "204000153",
			"busRouteNm": "9400성남",
			"direction": "지하철2호선강남역",
			"gpsX": "127.0623888747",
			"gpsY": "37.4562835966",
			"lastTm": ":",
			"posX": "205519.27034469796",
			"posY": "439660.4794299132",
			"routeType": "8",
			"sectSpd": "13",
			"section": "121600686",
			"seq": "27",
			"station": "121000254",
			"stationNm": "안골마을",
			"stationNo": "22330",
			"transYn": "N",
			"fullSectDist": "920",
			"trnstnid": "121000012"
		},
		{
			"arsId": "22398",
			"beginTm": ":",
			"busRouteAbrv": "9400",
			"busRouteId": "204000153",
			"busRouteNm": "9400성남",
			"direction": "지하철2호선강남역",
			"gpsX": "127.058987",
			"gpsY": "37.457779",
			"lastTm": ":",
			"posX": "205218.21746152063",
			"posY": "439826.23701938335",
			"routeType": "8",
			"sectSpd": "10",
			"section": "121600687",
			"seq": "28",
			"station": "121000988",
			"stationNm": "서초포레스타입구",
			"stationNo": "22398",
			"transYn": "N",
			"fullSectDist": "340",
			"trnstnid": "121000012"
		},
		{
			"arsId": "22328",
			"beginTm": ":",
			"busRouteAbrv": "9400",
			"busRouteId": "204000153",
			"busRouteNm": "9400성남",
			"direction": "지하철2호선강남역",
			"gpsX": "127.0547296866",
			"gpsY": "37.4595286806",
			"lastTm": ":",
			"posX": "204841.48626624895",
			"posY": "440020.17946821405",
			"routeType": "8",
			"sectSpd": "32",
			"section": "121603306",
			"seq": "29",
			"station": "121000252",
			"stationNm": "탑성마을",
			"stationNo": "22328",
			"transYn": "N",
			"fullSectDist": "410",
			"trnstnid": "121000012"
		},
		{
			"arsId": "22326",
			"beginTm": ":",
			"busRouteAbrv": "9400",
			"busRouteId": "204000153",
			"busRouteNm": "9400성남",
			"direction": "지하철2호선강남역",
			"gpsX": "127.0491561488",
			"gpsY": "37.46200197",
			"lastTm": ":",
			"posX": "204348.29785355518",
			"posY": "440294.379506093",
			"routeType": "8",
			"sectSpd": "26",
			"section": "121600689",
			"seq": "30",
			"station": "121000250",
			"stationNm": "염곡마을.서초50플러스센터",
			"stationNo": "22326",
			"transYn": "N",
			"fullSectDist": "580",
			"trnstnid": "121000012"
		},
		{
			"arsId": "22297",
			"beginTm": ":",
			"busRouteAbrv": "9400",
			"busRouteId": "204000153",
			"busRouteNm": "9400성남",
			"direction": "지하철2호선강남역",
			"gpsX": "127.039043",
			"gpsY": "37.471255",
			"lastTm": ":",
			"posX": "203453.274347631",
			"posY": "441320.81145698717",
			"routeType": "8",
			"sectSpd": "20",
			"section": "121705555",
			"seq": "31",
			"station": "121000221",
			"stationNm": "매헌시민의숲.양재꽃시장",
			"stationNo": "22297",
			"transYn": "N",
			"fullSectDist": "1420",
			"trnstnid": "121000012"
		},
		{
			"arsId": "22002",
			"beginTm": ":",
			"busRouteAbrv": "9400",
			"busRouteId": "204000153",
			"busRouteNm": "9400성남",
			"direction": "지하철2호선강남역",
			"gpsX": "127.038758",
			"gpsY": "37.477818",
			"lastTm": ":",
			"posX": "203427.76691603122",
			"posY": "442049.1279299697",
			"routeType": "8",
			"sectSpd": "15",
			"section": "121900360",
			"seq": "32",
			"station": "121000002",
			"stationNm": "교육개발원입구",
			"stationNo": "22002",
			"transYn": "N",
			"fullSectDist": "740",
			"trnstnid": "121000012"
		},
		{
			"arsId": "0",
			"beginTm": ":",
			"busRouteAbrv": "9400",
			"busRouteId": "204000153",
			"busRouteNm": "9400성남",
			"direction": "지하철2호선강남역",
			"gpsX": "127.0384326855",
			"gpsY": "37.4799437951",
			"lastTm": ":",
			"posX": "203398.89973382573",
			"posY": "442285.02576133236",
			"routeType": "8",
			"sectSpd": "16",
			"section": "121900619",
			"seq": "33",
			"station": "277101628",
			"stationNm": "교육개발원입구(경유)",
			"stationNo": "0",
			"transYn": "N",
			"fullSectDist": "243",
			"trnstnid": "121000012"
		},
		{
			"arsId": "22004",
			"beginTm": ":",
			"busRouteAbrv": "9400",
			"busRouteId": "204000153",
			"busRouteNm": "9400성남",
			"direction": "지하철2호선강남역",
			"gpsX": "127.036827",
			"gpsY": "37.481927",
			"lastTm": ":",
			"posX": "203256.81045630766",
			"posY": "442505.0547967288",
			"routeType": "8",
			"sectSpd": "16",
			"section": "277900478",
			"seq": "34",
			"station": "121000004",
			"stationNm": "양재역.서초문화예술회관",
			"stationNo": "22004",
			"transYn": "N",
			"fullSectDist": "257",
			"trnstnid": "121000012"
		},
		{
			"arsId": " ",
			"beginTm": ":",
			"busRouteAbrv": "9400",
			"busRouteId": "204000153",
			"busRouteNm": "9400성남",
			"direction": "지하철2호선강남역",
			"gpsX": "127.0341843681",
			"gpsY": "37.4847473645",
			"lastTm": ":",
			"posX": "203022.99460229513",
			"posY": "442817.9562056344",
			"routeType": "8",
			"sectSpd": "10",
			"section": "121900655",
			"seq": "35",
			"station": "277102430",
			"stationNm": "양재역사거리(경유)",
			"stationNo": "미정차",
			"transYn": "N",
			"fullSectDist": "395",
			"trnstnid": "121000012"
		},
		{
			"arsId": "22006",
			"beginTm": ":",
			"busRouteAbrv": "9400",
			"busRouteId": "204000153",
			"busRouteNm": "9400성남",
			"direction": "지하철2호선강남역",
			"gpsX": "127.033097",
			"gpsY": "37.486653",
			"lastTm": ":",
			"posX": "202926.7620381757",
			"posY": "443029.3995510191",
			"routeType": "8",
			"sectSpd": "17",
			"section": "277901061",
			"seq": "36",
			"station": "121000006",
			"stationNm": "뱅뱅사거리",
			"stationNo": "22006",
			"transYn": "N",
			"fullSectDist": "261",
			"trnstnid": "121000012"
		},
		{
			"arsId": "22008",
			"beginTm": ":",
			"busRouteAbrv": "9400",
			"busRouteId": "204000153",
			"busRouteNm": "9400성남",
			"direction": "지하철2호선강남역",
			"gpsX": "127.030987",
			"gpsY": "37.491087",
			"lastTm": ":",
			"posX": "202740.01312882834",
			"posY": "443521.39900224144",
			"routeType": "8",
			"sectSpd": "15",
			"section": "121700030",
			"seq": "37",
			"station": "121000008",
			"stationNm": "래미안아파트.파이낸셜뉴스",
			"stationNo": "22008",
			"transYn": "N",
			"fullSectDist": "540",
			"trnstnid": "121000012"
		},
		{
			"arsId": "22010",
			"beginTm": ":",
			"busRouteAbrv": "9400",
			"busRouteId": "204000153",
			"busRouteNm": "9400성남",
			"direction": "지하철2호선강남역",
			"gpsX": "127.029112",
			"gpsY": "37.494993",
			"lastTm": ":",
			"posX": "202574.0829385011",
			"posY": "443954.8145600953",
			"routeType": "8",
			"sectSpd": "10",
			"section": "121700031",
			"seq": "38",
			"station": "121000010",
			"stationNm": "신분당선강남역",
			"stationNo": "22010",
			"transYn": "N",
			"fullSectDist": "440",
			"trnstnid": "121000012"
		},
		{
			"arsId": "22012",
			"beginTm": ":",
			"busRouteAbrv": "9400",
			"busRouteId": "204000153",
			"busRouteNm": "9400성남",
			"direction": "지하철2호선강남역",
			"gpsX": "127.02637",
			"gpsY": "37.500785",
			"lastTm": ":",
			"posX": "202331.4552185306",
			"posY": "444597.51102609886",
			"routeType": "8",
			"sectSpd": "13",
			"section": "121700032",
			"seq": "39",
			"station": "121000012",
			"stationNm": "지하철2호선강남역",
			"stationNo": "22012",
			"transYn": "Y",
			"fullSectDist": "700",
			"trnstnid": "121000012"
		},
		{
			"arsId": "22193",
			"beginTm": ":",
			"busRouteAbrv": "9400",
			"busRouteId": "204000153",
			"busRouteNm": "9400성남",
			"direction": "사기막골",
			"gpsX": "127.023023",
			"gpsY": "37.504227",
			"lastTm": ":",
			"posX": "202035.44289828234",
			"posY": "444979.41004893044",
			"routeType": "8",
			"sectSpd": "9",
			"section": "121900582",
			"seq": "40",
			"station": "121000117",
			"stationNm": "신논현역.구교보타워사거리",
			"stationNo": "22193",
			"transYn": "N",
			"fullSectDist": "560",
			"trnstnid": "121000012"
		},
		{
			"arsId": "22194",
			"beginTm": ":",
			"busRouteAbrv": "9400",
			"busRouteId": "204000153",
			"busRouteNm": "9400성남",
			"direction": "사기막골",
			"gpsX": "127.0203784227",
			"gpsY": "37.5034153231",
			"lastTm": ":",
			"posX": "201801.65768009485",
			"posY": "444889.28010190977",
			"routeType": "8",
			"sectSpd": "21",
			"section": "121702758",
			"seq": "41",
			"station": "121000118",
			"stationNm": "제일약품사옥",
			"stationNo": "22194",
			"transYn": "N",
			"fullSectDist": "260",
			"trnstnid": "121000012"
		},
		{
			"arsId": " ",
			"beginTm": ":",
			"busRouteAbrv": "9400",
			"busRouteId": "204000153",
			"busRouteNm": "9400성남",
			"direction": "사기막골",
			"gpsX": "127.0184702668",
			"gpsY": "37.5027854256",
			"lastTm": ":",
			"posX": "201632.9712102521",
			"posY": "444819.3422687859",
			"routeType": "8",
			"sectSpd": "10",
			"section": "121900689",
			"seq": "42",
			"station": "277103392",
			"stationNm": "반포IC(경유)",
			"stationNo": "미정차",
			"transYn": "N",
			"fullSectDist": "182",
			"trnstnid": "121000012"
		},
		{
			"arsId": " ",
			"beginTm": ":",
			"busRouteAbrv": "9400",
			"busRouteId": "204000153",
			"busRouteNm": "9400성남",
			"direction": "사기막골",
			"gpsX": "127.0257026903",
			"gpsY": "37.483623877",
			"lastTm": ":",
			"posX": "202272.97625674735",
			"posY": "442693.03878629906",
			"routeType": "8",
			"sectSpd": "74",
			"section": "277600138",
			"seq": "43",
			"station": "277103389",
			"stationNm": "서초IC(경유)",
			"stationNo": "미정차",
			"transYn": "N",
			"fullSectDist": "2223",
			"trnstnid": "121000012"
		},
		{
			"arsId": "22130",
			"beginTm": ":",
			"busRouteAbrv": "9400",
			"busRouteId": "204000153",
			"busRouteNm": "9400성남",
			"direction": "사기막골",
			"gpsX": "127.030915286",
			"gpsY": "37.4838446697",
			"lastTm": ":",
			"posX": "202733.9357752865",
			"posY": "442717.67982328404",
			"routeType": "8",
			"sectSpd": "10",
			"section": "277902358",
			"seq": "44",
			"station": "121000054",
			"stationNm": "서초구청",
			"stationNo": "22130",
			"transYn": "N",
			"fullSectDist": "458",
			"trnstnid": "121000012"
		},
		{
			"arsId": "22919",
			"beginTm": ":",
			"busRouteAbrv": "9400",
			"busRouteId": "204000153",
			"busRouteNm": "9400성남",
			"direction": "사기막골",
			"gpsX": "127.0353406498",
			"gpsY": "37.4828368944",
			"lastTm": ":",
			"posX": "203125.32657724878",
			"posY": "442605.97980397614",
			"routeType": "8",
			"sectSpd": "13",
			"section": "121900738",
			"seq": "45",
			"station": "121000971",
			"stationNm": "양재역커피빈앞",
			"stationNo": "22919",
			"transYn": "N",
			"fullSectDist": "500",
			"trnstnid": "121000012"
		},
		{
			"arsId": " ",
			"beginTm": ":",
			"busRouteAbrv": "9400",
			"busRouteId": "204000153",
			"busRouteNm": "9400성남",
			"direction": "사기막골",
			"gpsX": "127.0384383053",
			"gpsY": "37.4777306559",
			"lastTm": ":",
			"posX": "203399.4969948699",
			"posY": "442039.4233510238",
			"routeType": "8",
			"sectSpd": "18",
			"section": "121900729",
			"seq": "46",
			"station": "277104385",
			"stationNm": "교육개발원입구교차로(경유)",
			"stationNo": "미정차",
			"transYn": "N",
			"fullSectDist": "633",
			"trnstnid": "121000012"
		},
		{
			"arsId": "22296",
			"beginTm": ":",
			"busRouteAbrv": "9400",
			"busRouteId": "204000153",
			"busRouteNm": "9400성남",
			"direction": "사기막골",
			"gpsX": "127.03836",
			"gpsY": "37.470867",
			"lastTm": ":",
			"posX": "203392.8819153365",
			"posY": "441277.7284786734",
			"routeType": "8",
			"sectSpd": "22",
			"section": "277902133",
			"seq": "47",
			"station": "121000220",
			"stationNm": "매헌시민의숲.양재꽃시장",
			"stationNo": "22296",
			"transYn": "N",
			"fullSectDist": "767",
			"trnstnid": "121000012"
		},
		{
			"arsId": "22325",
			"beginTm": ":",
			"busRouteAbrv": "9400",
			"busRouteId": "204000153",
			"busRouteNm": "9400성남",
			"direction": "사기막골",
			"gpsX": "127.04892",
			"gpsY": "37.461686",
			"lastTm": ":",
			"posX": "204327.4266040067",
			"posY": "440259.30403308384",
			"routeType": "8",
			"sectSpd": "34",
			"section": "121705559",
			"seq": "48",
			"station": "121000249",
			"stationNm": "염곡마을.서초50플러스센터",
			"stationNo": "22325",
			"transYn": "N",
			"fullSectDist": "1400",
			"trnstnid": "121000012"
		},
		{
			"arsId": "22327",
			"beginTm": ":",
			"busRouteAbrv": "9400",
			"busRouteId": "204000153",
			"busRouteNm": "9400성남",
			"direction": "사기막골",
			"gpsX": "127.0564153626",
			"gpsY": "37.4583465343",
			"lastTm": ":",
			"posX": "204990.68276514983",
			"posY": "439889.07945328765",
			"routeType": "8",
			"sectSpd": "24",
			"section": "121600677",
			"seq": "49",
			"station": "121000251",
			"stationNm": "탑성마을",
			"stationNo": "22327",
			"transYn": "N",
			"fullSectDist": "770",
			"trnstnid": "121000012"
		},
		{
			"arsId": "22399",
			"beginTm": ":",
			"busRouteAbrv": "9400",
			"busRouteId": "204000153",
			"busRouteNm": "9400성남",
			"direction": "사기막골",
			"gpsX": "127.0598052456",
			"gpsY": "37.4569320285",
			"lastTm": ":",
			"posX": "205290.66229735315",
			"posY": "439732.29052256094",
			"routeType": "8",
			"sectSpd": "21",
			"section": "121600678",
			"seq": "50",
			"station": "121000987",
			"stationNm": "서초포레스타입구",
			"stationNo": "22399",
			"transYn": "N",
			"fullSectDist": "350",
			"trnstnid": "121000012"
		},
		{
			"arsId": "22329",
			"beginTm": ":",
			"busRouteAbrv": "9400",
			"busRouteId": "204000153",
			"busRouteNm": "9400성남",
			"direction": "사기막골",
			"gpsX": "127.063892",
			"gpsY": "37.455227",
			"lastTm": ":",
			"posX": "205652.32478702036",
			"posY": "439543.31342993304",
			"routeType": "8",
			"sectSpd": "24",
			"section": "121600679",
			"seq": "51",
			"station": "121000253",
			"stationNm": "안골마을",
			"stationNo": "22329",
			"transYn": "N",
			"fullSectDist": "390",
			"trnstnid": "121000012"
		},
		{
			"arsId": "22331",
			"beginTm": ":",
			"busRouteAbrv": "9400",
			"busRouteId": "204000153",
			"busRouteNm": "9400성남",
			"direction": "사기막골",
			"gpsX": "127.0702950537",
			"gpsY": "37.4566030458",
			"lastTm": ":",
			"posX": "206218.66898988668",
			"posY": "439696.4226199067",
			"routeType": "8",
			"sectSpd": "19",
			"section": "121600680",
			"seq": "52",
			"station": "121000255",
			"stationNm": "서울특별시어린이병원.강동송파과학화예비군훈련장",
			"stationNo": "22331",
			"transYn": "N",
			"fullSectDist": "600",
			"trnstnid": "121000012"
		},
		{
			"arsId": " ",
			"beginTm": ":",
			"busRouteAbrv": "9400",
			"busRouteId": "204000153",
			"busRouteNm": "9400성남",
			"direction": "사기막골",
			"gpsX": "127.0775423722",
			"gpsY": "37.4494798744",
			"lastTm": ":",
			"posX": "206860.45546415864",
			"posY": "438906.43665638193",
			"routeType": "8",
			"sectSpd": "52",
			"section": "121900782",
			"seq": "53",
			"station": "277104435",
			"stationNm": "내곡터널진입(경유)",
			"stationNo": "미정차",
			"transYn": "N",
			"fullSectDist": "1044",
			"trnstnid": "121000012"
		},
		{
			"arsId": "05003",
			"beginTm": ":",
			"busRouteAbrv": "9400",
			"busRouteId": "204000153",
			"busRouteNm": "9400성남",
			"direction": "사기막골",
			"gpsX": "127.1012824288",
			"gpsY": "37.4224315281",
			"lastTm": ":",
			"posX": "208964.05055134467",
			"posY": "435906.76641655434",
			"routeType": "8",
			"sectSpd": "62",
			"section": "277902359",
			"seq": "54",
			"station": "204000058",
			"stationNm": "동산마을입구",
			"stationNo": "05003",
			"transYn": "N",
			"fullSectDist": "3664",
			"trnstnid": "121000012"
		},
		{
			"arsId": "48609",
			"beginTm": ":",
			"busRouteAbrv": "9400",
			"busRouteId": "204000153",
			"busRouteNm": "9400성남",
			"direction": "사기막골",
			"gpsX": "127.1050165341",
			"gpsY": "37.4221588311",
			"lastTm": ":",
			"posX": "209294.57315776712",
			"posY": "435876.86576850154",
			"routeType": "8",
			"sectSpd": "13",
			"section": "204900592",
			"seq": "55",
			"station": "204000036",
			"stationNm": "시흥동농협창고",
			"stationNo": "48609",
			"transYn": "N",
			"fullSectDist": "320",
			"trnstnid": "121000012"
		},
		{
			"arsId": "48612",
			"beginTm": ":",
			"busRouteAbrv": "9400",
			"busRouteId": "204000153",
			"busRouteNm": "9400성남",
			"direction": "사기막골",
			"gpsX": "127.108317841",
			"gpsY": "37.4222334928",
			"lastTm": ":",
			"posX": "209586.74856267657",
			"posY": "435885.48181244545",
			"routeType": "8",
			"sectSpd": "35",
			"section": "204900263",
			"seq": "56",
			"station": "204000155",
			"stationNm": "시흥동행정복지센터",
			"stationNo": "48612",
			"transYn": "N",
			"fullSectDist": "300",
			"trnstnid": "121000012"
		},
		{
			"arsId": " ",
			"beginTm": ":",
			"busRouteAbrv": "9400",
			"busRouteId": "204000153",
			"busRouteNm": "9400성남",
			"direction": "사기막골",
			"gpsX": "127.1151416468",
			"gpsY": "37.421863416",
			"lastTm": ":",
			"posX": "210190.74477427616",
			"posY": "435845.1286860574",
			"routeType": "8",
			"sectSpd": "45",
			"section": "204900597",
			"seq": "57",
			"station": "277104439",
			"stationNm": "여수대로IC(경유)",
			"stationNo": "미정차",
			"transYn": "N",
			"fullSectDist": "604",
			"trnstnid": "121000012"
		},
		{
			"arsId": "49606",
			"beginTm": ":",
			"busRouteAbrv": "9400",
			"busRouteId": "204000153",
			"busRouteNm": "9400성남",
			"direction": "사기막골",
			"gpsX": "127.1225302304",
			"gpsY": "37.4215426834",
			"lastTm": ":",
			"posX": "210844.72643231964",
			"posY": "435810.35998834623",
			"routeType": "8",
			"sectSpd": "70",
			"section": "277902414",
			"seq": "58",
			"station": "205000244",
			"stationNm": "모란차량기지앞",
			"stationNo": "49606",
			"transYn": "N",
			"fullSectDist": "653",
			"trnstnid": "121000012"
		},
		{
			"arsId": "49603",
			"beginTm": ":",
			"busRouteAbrv": "9400",
			"busRouteId": "204000153",
			"busRouteNm": "9400성남",
			"direction": "사기막골",
			"gpsX": "127.1262908322",
			"gpsY": "37.4213363961",
			"lastTm": ":",
			"posX": "211177.59508032285",
			"posY": "435787.90668810066",
			"routeType": "8",
			"sectSpd": "46",
			"section": "205600132",
			"seq": "59",
			"station": "205000249",
			"stationNm": "성남시청후문뒤",
			"stationNo": "49603",
			"transYn": "N",
			"fullSectDist": "290",
			"trnstnid": "121000012"
		},
		{
			"arsId": "0",
			"beginTm": "06:42",
			"busRouteAbrv": "9400",
			"busRouteId": "204000153",
			"busRouteNm": "9400성남",
			"direction": "사기막골",
			"gpsX": "127.1290183499",
			"gpsY": "37.4242298498",
			"lastTm": "22:51",
			"posX": "211418.55960092862",
			"posY": "436109.33103277953",
			"routeType": "8",
			"sectSpd": "12",
			"section": "205900380",
			"seq": "60",
			"station": "277102644",
			"stationNm": "성남대로(경유)",
			"stationNo": "0",
			"transYn": "N",
			"fullSectDist": "428",
			"trnstnid": "121000012"
		},
		{
			"arsId": "0",
			"beginTm": "06:44",
			"busRouteAbrv": "9400",
			"busRouteId": "204000153",
			"busRouteNm": "9400성남",
			"direction": "사기막골",
			"gpsX": "127.1294401496",
			"gpsY": "37.4320680546",
			"lastTm": "22:52",
			"posX": "211454.6959694801",
			"posY": "436979.21825201204",
			"routeType": "8",
			"sectSpd": "21",
			"section": "277901389",
			"seq": "61",
			"station": "205000021",
			"stationNm": "모란역2.3번출구",
			"stationNo": "0",
			"transYn": "N",
			"fullSectDist": "856",
			"trnstnid": "121000012"
		},
		{
			"arsId": "0",
			"beginTm": ":",
			"busRouteAbrv": "9400",
			"busRouteId": "204000153",
			"busRouteNm": "9400성남",
			"direction": "사기막골",
			"gpsX": "127.1298378566",
			"gpsY": "37.4334279311",
			"lastTm": ":",
			"posX": "211489.68285842057",
			"posY": "437130.17755286396",
			"routeType": "8",
			"sectSpd": "11",
			"section": "205700161",
			"seq": "62",
			"station": "205000086",
			"stationNm": "모란역.모란시장입구.풍생중고교",
			"stationNo": "0",
			"transYn": "N",
			"fullSectDist": "260",
			"trnstnid": "121000012"
		},
		{
			"arsId": "49003",
			"beginTm": ":",
			"busRouteAbrv": "9400",
			"busRouteId": "204000153",
			"busRouteNm": "9400성남",
			"direction": "사기막골",
			"gpsX": "127.1363286927",
			"gpsY": "37.4309581115",
			"lastTm": ":",
			"posX": "212064.47017114144",
			"posY": "436856.90282229753",
			"routeType": "8",
			"sectSpd": "21",
			"section": "205900375",
			"seq": "63",
			"station": "205000123",
			"stationNm": "중원구청",
			"stationNo": "49003",
			"transYn": "N",
			"fullSectDist": "900",
			"trnstnid": "121000012"
		},
		{
			"arsId": "49002",
			"beginTm": ":",
			"busRouteAbrv": "9400",
			"busRouteId": "204000153",
			"busRouteNm": "9400성남",
			"direction": "사기막골",
			"gpsX": "127.1393636696",
			"gpsY": "37.4291969111",
			"lastTm": ":",
			"posX": "212333.34093143814",
			"posY": "436661.84823200246",
			"routeType": "8",
			"sectSpd": "8",
			"section": "205600124",
			"seq": "64",
			"station": "205000017",
			"stationNm": "제일아파트.현대아파트.중원도서",
			"stationNo": "49002",
			"transYn": "N",
			"fullSectDist": "370",
			"trnstnid": "121000012"
		},
		{
			"arsId": "49680",
			"beginTm": ":",
			"busRouteAbrv": "9400",
			"busRouteId": "204000153",
			"busRouteNm": "9400성남",
			"direction": "사기막골",
			"gpsX": "127.1428221937",
			"gpsY": "37.4278725664",
			"lastTm": ":",
			"posX": "212639.63460849682",
			"posY": "436515.3386141439",
			"routeType": "8",
			"sectSpd": "13",
			"section": "205600024",
			"seq": "65",
			"station": "205000264",
			"stationNm": "하대원시장",
			"stationNo": "49680",
			"transYn": "N",
			"fullSectDist": "340",
			"trnstnid": "121000012"
		},
		{
			"arsId": "49078",
			"beginTm": ":",
			"busRouteAbrv": "9400",
			"busRouteId": "204000153",
			"busRouteNm": "9400성남",
			"direction": "사기막골",
			"gpsX": "127.1454981362",
			"gpsY": "37.4281619738",
			"lastTm": ":",
			"posX": "212876.40365684024",
			"posY": "436547.8174202936",
			"routeType": "8",
			"sectSpd": "24",
			"section": "205600025",
			"seq": "66",
			"station": "205000016",
			"stationNm": "영성중학교.하대원동행정복지센 ",
			"stationNo": "49078",
			"transYn": "N",
			"fullSectDist": "240",
			"trnstnid": "121000012"
		},
		{
			"arsId": "49075",
			"beginTm": ":",
			"busRouteAbrv": "9400",
			"busRouteId": "204000153",
			"busRouteNm": "9400성남",
			"direction": "사기막골",
			"gpsX": "127.1487440081",
			"gpsY": "37.4289713596",
			"lastTm": ":",
			"posX": "213163.51771748855",
			"posY": "436638.08642351115",
			"routeType": "8",
			"sectSpd": "24",
			"section": "205600026",
			"seq": "67",
			"station": "205000015",
			"stationNm": "아튼빌후문.성남테크노과학고",
			"stationNo": "49075",
			"transYn": "N",
			"fullSectDist": "300",
			"trnstnid": "121000012"
		},
		{
			"arsId": "49083",
			"beginTm": ":",
			"busRouteAbrv": "9400",
			"busRouteId": "204000153",
			"busRouteNm": "9400성남",
			"direction": "사기막골",
			"gpsX": "127.1523232617",
			"gpsY": "37.4298619785",
			"lastTm": ":",
			"posX": "213480.1142830865",
			"posY": "436737.4277145001",
			"routeType": "8",
			"sectSpd": "11",
			"section": "205600027",
			"seq": "68",
			"station": "205000014",
			"stationNm": "아튼빌아파트.중원청소년수련관",
			"stationNo": "49083",
			"transYn": "N",
			"fullSectDist": "330",
			"trnstnid": "121000012"
		},
		{
			"arsId": "49077",
			"beginTm": "06:53",
			"busRouteAbrv": "9400",
			"busRouteId": "204000153",
			"busRouteNm": "9400성남",
			"direction": "사기막골",
			"gpsX": "127.1578007597",
			"gpsY": "37.4320415122",
			"lastTm": "23:05",
			"posX": "213964.45049817133",
			"posY": "436980.0965804565",
			"routeType": "8",
			"sectSpd": "7",
			"section": "205600028",
			"seq": "69",
			"station": "205000013",
			"stationNm": "성남냉동",
			"stationNo": "49077",
			"transYn": "N",
			"fullSectDist": "550",
			"trnstnid": "121000012"
		},
		{
			"arsId": "49048",
			"beginTm": "06:55",
			"busRouteAbrv": "9400",
			"busRouteId": "204000153",
			"busRouteNm": "9400성남",
			"direction": "사기막골",
			"gpsX": "127.1612370305",
			"gpsY": "37.4329760496",
			"lastTm": "23:09",
			"posX": "214268.36331206607",
			"posY": "437084.3205408035",
			"routeType": "8",
			"sectSpd": "8",
			"section": "205600029",
			"seq": "70",
			"station": "205000065",
			"stationNm": "대원사거리",
			"stationNo": "49048",
			"transYn": "N",
			"fullSectDist": "370",
			"trnstnid": "121000012"
		},
		{
			"arsId": "49064",
			"beginTm": "06:56",
			"busRouteAbrv": "9400",
			"busRouteId": "204000153",
			"busRouteNm": "9400성남",
			"direction": "사기막골",
			"gpsX": "127.164439065",
			"gpsY": "37.432579755",
			"lastTm": "23:09",
			"posX": "214551.79816865418",
			"posY": "437040.83163810195",
			"routeType": "8",
			"sectSpd": "16",
			"section": "205600030",
			"seq": "71",
			"station": "205000064",
			"stationNm": "상대원1동행정복지센터",
			"stationNo": "49064",
			"transYn": "N",
			"fullSectDist": "290",
			"trnstnid": "121000012"
		},
		{
			"arsId": "0",
			"beginTm": "06:56",
			"busRouteAbrv": "9400",
			"busRouteId": "204000153",
			"busRouteNm": "9400성남",
			"direction": "사기막골",
			"gpsX": "127.1684653634",
			"gpsY": "37.4317797941",
			"lastTm": "23:10",
			"posX": "214908.2585719397",
			"posY": "436952.68593369285",
			"routeType": "8",
			"sectSpd": "29",
			"section": "205900305",
			"seq": "72",
			"station": "205000089",
			"stationNm": "상대원파출소.소방소",
			"stationNo": "0",
			"transYn": "N",
			"fullSectDist": "370",
			"trnstnid": "121000012"
		},
		{
			"arsId": "0",
			"beginTm": "06:57",
			"busRouteAbrv": "9400",
			"busRouteId": "204000153",
			"busRouteNm": "9400성남",
			"direction": "사기막골",
			"gpsX": "127.1734882512",
			"gpsY": "37.4310369528",
			"lastTm": "23:11",
			"posX": "215352.90860390392",
			"posY": "436871.05608683545",
			"routeType": "8",
			"sectSpd": "43",
			"section": "205900306",
			"seq": "73",
			"station": "205000088",
			"stationNm": "공단본부입구.반포산업사거리",
			"stationNo": "0",
			"transYn": "N",
			"fullSectDist": "450",
			"trnstnid": "121000012"
		},
		{
			"arsId": "0",
			"beginTm": "06:58",
			"busRouteAbrv": "9400",
			"busRouteId": "204000153",
			"busRouteNm": "9400성남",
			"direction": "사기막골",
			"gpsX": "127.1772474824",
			"gpsY": "37.431256865",
			"lastTm": "23:11",
			"posX": "215685.53758342925",
			"posY": "436896.0795155852",
			"routeType": "8",
			"sectSpd": "15",
			"section": "205900307",
			"seq": "74",
			"station": "205000087",
			"stationNm": "벽산테크노피아.성남소각장",
			"stationNo": "0",
			"transYn": "N",
			"fullSectDist": "330",
			"trnstnid": "121000012"
		},
		{
			"arsId": "49061",
			"beginTm": "07:00",
			"busRouteAbrv": "9400",
			"busRouteId": "204000153",
			"busRouteNm": "9400성남",
			"direction": "사기막골",
			"gpsX": "127.1790170975",
			"gpsY": "37.4350733937",
			"lastTm": "23:13",
			"posX": "215841.33564646632",
			"posY": "437319.9110867516",
			"routeType": "8",
			"sectSpd": "13",
			"section": "205900376",
			"seq": "75",
			"station": "205000059",
			"stationNm": "보통골동양공업사",
			"stationNo": "49061",
			"transYn": "N",
			"fullSectDist": "550",
			"trnstnid": "121000012"
		},
		{
			"arsId": "0",
			"beginTm": ":",
			"busRouteAbrv": "9400",
			"busRouteId": "204000153",
			"busRouteNm": "9400성남",
			"direction": "사기막골",
			"gpsX": "127.1788262214",
			"gpsY": "37.4385041396",
			"lastTm": ":",
			"posX": "215823.72252960253",
			"posY": "437700.6030194885",
			"routeType": "8",
			"sectSpd": "38",
			"section": "205900243",
			"seq": "76",
			"station": "205000058",
			"stationNm": "근로자종합복지관",
			"stationNo": "0",
			"transYn": "N",
			"fullSectDist": "390",
			"trnstnid": "121000012"
		},
		{
			"arsId": "0",
			"beginTm": ":",
			"busRouteAbrv": "9400",
			"busRouteId": "204000153",
			"busRouteNm": "9400성남",
			"direction": "사기막골",
			"gpsX": "127.1790674329",
			"gpsY": "37.4398636004",
			"lastTm": ":",
			"posX": "215844.77988967087",
			"posY": "437851.5085667223",
			"routeType": "8",
			"sectSpd": "18",
			"section": "205900244",
			"seq": "77",
			"station": "205000057",
			"stationNm": "궁전아파트.성지아파트",
			"stationNo": "0",
			"transYn": "N",
			"fullSectDist": "150",
			"trnstnid": "121000012"
		},
		{
			"arsId": "0",
			"beginTm": ":",
			"busRouteAbrv": "9400",
			"busRouteId": "204000153",
			"busRouteNm": "9400성남",
			"direction": "사기막골",
			"gpsX": "127.1784327882",
			"gpsY": "37.4416543045",
			"lastTm": ":",
			"posX": "215788.2470681411",
			"posY": "438050.1239972585",
			"routeType": "8",
			"sectSpd": "19",
			"section": "205900245",
			"seq": "78",
			"station": "205000030",
			"stationNm": "자동차검사소.산성아파트",
			"stationNo": "0",
			"transYn": "N",
			"fullSectDist": "230",
			"trnstnid": "121000012"
		},
		{
			"arsId": "6148",
			"beginTm": ":",
			"busRouteAbrv": "9400",
			"busRouteId": "204000153",
			"busRouteNm": "9400성남",
			"direction": "사기막골",
			"gpsX": "127.1794762571",
			"gpsY": "37.4444819042",
			"lastTm": ":",
			"posX": "215879.97866957053",
			"posY": "438364.0900312606",
			"routeType": "8",
			"sectSpd": "18",
			"section": "205900377",
			"seq": "79",
			"station": "205000085",
			"stationNm": "사기막골",
			"stationNo": "6148",
			"transYn": "N",
			"fullSectDist": "420",
			"trnstnid": "121000012"
		}
	]
}