{
	"count": 38,
	"result": [
		{
			"arsId": "0",
			"beginTm": ":",
			"busRouteAbrv": "10-2",
			"busRouteId": "207000085",
			"busRouteNm": "10-2의정부",
			"direction": "도봉산역광역환승센터",
			"gpsX": "127.1190477219",
			"gpsY": "37.7494341769",
			"lastTm": ":",
			"posX": "210490.38461951303",
			"posY": "472198.32338432316",
			"routeType": "8",
			"sectSpd": "0",
			"section": "0",
			"seq": "1",
			"station": "277102626",
			"stationNm": "민락동차고지(경유)",
			"stationNo": "0",
			"transYn": "N",
			"trnstnid": "109000405"
		},
		{
			"arsId": "08354",
			"beginTm": ":",
			"busRouteAbrv": "10-2",
			"busRouteId": "207000085",
			"busRouteNm": "10-2의정부",
			"direction": "도봉산역광역환승센터",
			"gpsX": "127.1180314143",
			"gpsY": "37.7496395314",
			"lastTm": ":",
			"posX": "210400.79967758403",
			"posY": "472221.00017612847",
			"routeType": "8",
			"sectSpd": "8",
			"section": "277902166",
			"seq": "2",
			"station": "207000427",
			"stationNm": "민락엘레트19단지후문",
			"stationNo": "08354",
			"transYn": "N",
			"fullSectDist": "92",
			"trnstnid": "109000405"
		},
		{
			"arsId": "61622",
			"beginTm": "06:00",
			"busRouteAbrv": "10-2",
			"busRouteId": "207000085",
			"busRouteNm": "10-2의정부",
			"direction": "도봉산역광역환승센터",
			"gpsX": "127.1179370554",
			"gpsY": "37.7509155313",
			"lastTm": "23:00",
			"posX": "210392.3064112258",
			"posY": "472362.6000671345",
			"routeType": "8",
			"sectSpd": "7",
			"section": "207600521",
			"seq": "3",
			"station": "207000353",
			"stationNm": "무지랭이약수터.코스트코",
			"stationNo": "61622",
			"transYn": "N",
			"fullSectDist": "142",
			"trnstnid": "109000405"
		},
		{
			"arsId": "61620",
			"beginTm": "05:10",
			"busRouteAbrv": "10-2",
			"busRouteId": "207000085",
			"busRouteNm": "10-2의정부",
			"direction": "도봉산역광역환승센터",
			"gpsX": "127.1156941198",
			"gpsY": "37.7555044931",
			"lastTm": "23:00",
			"posX": "210194.0350514947",
			"posY": "472871.636245179",
			"routeType": "8",
			"sectSpd": "19",
			"section": "207900562",
			"seq": "4",
			"station": "207000530",
			"stationNm": "용암마을16단지.민락라디언트캐 ",
			"stationNo": "61620",
			"transYn": "N",
			"fullSectDist": "580",
			"trnstnid": "109000405"
		},
		{
			"arsId": "61618",
			"beginTm": "05:13",
			"busRouteAbrv": "10-2",
			"busRouteId": "207000085",
			"busRouteNm": "10-2의정부",
			"direction": "도봉산역광역환승센터",
			"gpsX": "127.1132336871",
			"gpsY": "37.7548387427",
			"lastTm": "23:02",
			"posX": "209977.33085228904",
			"posY": "472797.48607033584",
			"routeType": "8",
			"sectSpd": "7",
			"section": "207900563",
			"seq": "5",
			"station": "207000446",
			"stationNm": "양지마을후문입구",
			"stationNo": "61618",
			"transYn": "N",
			"fullSectDist": "260",
			"trnstnid": "109000405"
		},
		{
			"arsId": "61616",
			"beginTm": "05:14",
			"busRouteAbrv": "10-2",
			"busRouteId": "207000085",
			"busRouteNm": "10-2의정부",
			"direction": "도봉산역광역환승센터",
			"gpsX": "127.1131027771",
			"gpsY": "37.7530833323",
			"lastTm": "23:04",
			"posX": "209966.03147504473",
			"posY": "472602.6566926269",
			"routeType": "8",
			"sectSpd": "23",
			"section": "207900564",
			"seq": "6",
			"station": "207000417",
			"stationNm": "송양초등학교.송산3동행정복지센",
			"stationNo": "61616",
			"transYn": "N",
			"fullSectDist": "200",
			"trnstnid": "109000405"
		},
		{
			"arsId": "61615",
			"beginTm": "05:15",
			"busRouteAbrv": "10-2",
			"busRouteId": "207000085",
			"busRouteNm": "10-2의정부",
			"direction": "도봉산역광역환승센터",
			"gpsX": "127.1105900631",
			"gpsY": "37.7523376419",
			"lastTm": "23:05",
			"posX": "209744.72184878265",
			"posY": "472519.63537589926",
			"routeType": "8",
			"sectSpd": "16",
			"section": "207900565",
			"seq": "7",
			"station": "207000531",
			"stationNm": "양지마을8단지.민락푸르지오아파",
			"stationNo": "61615",
			"transYn": "N",
			"fullSectDist": "320",
			"trnstnid": "109000405"
		},
		{
			"arsId": "61625",
			"beginTm": "05:16",
			"busRouteAbrv": "10-2",
			"busRouteId": "207000085",
			"busRouteNm": "10-2의정부",
			"direction": "도봉산역광역환승센터",
			"gpsX": "127.107914498",
			"gpsY": "37.7529604005",
			"lastTm": "23:06",
			"posX": "209508.8827601445",
			"posY": "472588.4738640236",
			"routeType": "8",
			"sectSpd": "16",
			"section": "207600483",
			"seq": "8",
			"station": "207000549",
			"stationNm": "송양고등학교",
			"stationNo": "61625",
			"transYn": "N",
			"fullSectDist": "280",
			"trnstnid": "109000405"
		},
		{
			"arsId": "61612",
			"beginTm": "05:16",
			"busRouteAbrv": "10-2",
			"busRouteId": "207000085",
			"busRouteNm": "10-2의정부",
			"direction": "도봉산역광역환승센터",
			"gpsX": "127.104042149",
			"gpsY": "37.7524041266",
			"lastTm": "23:06",
			"posX": "209167.73938480814",
			"posY": "472526.3521956182",
			"routeType": "8",
			"sectSpd": "14",
			"section": "207900567",
			"seq": "9",
			"station": "207000532",
			"stationNm": "송양중학교.반도유보라아이비파 ",
			"stationNo": "61612",
			"transYn": "N",
			"fullSectDist": "460",
			"trnstnid": "109000405"
		},
		{
			"arsId": "61126",
			"beginTm": "05:20",
			"busRouteAbrv": "10-2",
			"busRouteId": "207000085",
			"busRouteNm": "10-2의정부",
			"direction": "도봉산역광역환승센터",
			"gpsX": "127.1018682419",
			"gpsY": "37.75066855",
			"lastTm": "23:09",
			"posX": "208976.39381119268",
			"posY": "472333.5272785849",
			"routeType": "8",
			"sectSpd": "20",
			"section": "207901020",
			"seq": "10",
			"station": "207000624",
			"stationNm": "의정부민락BRT정류소앞",
			"stationNo": "61126",
			"transYn": "N",
			"fullSectDist": "260",
			"trnstnid": "109000405"
		},
		{
			"arsId": "08535",
			"beginTm": "05:32",
			"busRouteAbrv": "10-2",
			"busRouteId": "207000085",
			"busRouteNm": "10-2의정부",
			"direction": "도봉산역광역환승센터",
			"gpsX": "127.1001186039",
			"gpsY": "37.7482899866",
			"lastTm": "23:09",
			"posX": "208822.5021159224",
			"posY": "472069.3881884739",
			"routeType": "8",
			"sectSpd": "12",
			"section": "207901021",
			"seq": "11",
			"station": "207000533",
			"stationNm": "부용마을아파트정문",
			"stationNo": "08535",
			"transYn": "N",
			"fullSectDist": "380",
			"trnstnid": "109000405"
		},
		{
			"arsId": "08397",
			"beginTm": "05:21",
			"busRouteAbrv": "10-2",
			"busRouteId": "207000085",
			"busRouteNm": "10-2의정부",
			"direction": "도봉산역광역환승센터",
			"gpsX": "127.09915703",
			"gpsY": "37.7453417464",
			"lastTm": "23:11",
			"posX": "208738.11436539257",
			"posY": "471742.1027462529",
			"routeType": "8",
			"sectSpd": "10",
			"section": "207700427",
			"seq": "12",
			"station": "207000420",
			"stationNm": "송산초교.상가단지",
			"stationNo": "08397",
			"transYn": "N",
			"fullSectDist": "360",
			"trnstnid": "109000405"
		},
		{
			"arsId": "8531",
			"beginTm": ":",
			"busRouteAbrv": "10-2",
			"busRouteId": "207000085",
			"busRouteNm": "10-2의정부",
			"direction": "도봉산역광역환승센터",
			"gpsX": "127.1017573478",
			"gpsY": "37.7431282382",
			"lastTm": ":",
			"posX": "208967.53190909707",
			"posY": "471496.69400325837",
			"routeType": "8",
			"sectSpd": "11",
			"section": "207700453",
			"seq": "13",
			"station": "207000529",
			"stationNm": "이마트",
			"stationNo": "8531",
			"transYn": "N",
			"fullSectDist": "760",
			"trnstnid": "109000405"
		},
		{
			"arsId": "0",
			"beginTm": "05:28",
			"busRouteAbrv": "10-2",
			"busRouteId": "207000085",
			"busRouteNm": "10-2의정부",
			"direction": "도봉산역광역환승센터",
			"gpsX": "127.1077555826",
			"gpsY": "37.7470651233",
			"lastTm": "23:17",
			"posX": "209495.63325277707",
			"posY": "471934.20039366186",
			"routeType": "8",
			"sectSpd": "16",
			"section": "207700454",
			"seq": "14",
			"station": "207000448",
			"stationNm": "송산사지.송민학교입구",
			"stationNo": "0",
			"transYn": "N",
			"fullSectDist": "710",
			"trnstnid": "109000405"
		},
		{
			"arsId": "8593",
			"beginTm": "05:28",
			"busRouteAbrv": "10-2",
			"busRouteId": "207000085",
			"busRouteNm": "10-2의정부",
			"direction": "도봉산역광역환승센터",
			"gpsX": "127.1082276938",
			"gpsY": "37.7489828817",
			"lastTm": "23:18",
			"posX": "209536.99050850497",
			"posY": "472147.08098144503",
			"routeType": "8",
			"sectSpd": "5",
			"section": "207901007",
			"seq": "15",
			"station": "207000404",
			"stationNm": "활기체육공원",
			"stationNo": "8593",
			"transYn": "N",
			"fullSectDist": "350",
			"trnstnid": "109000405"
		},
		{
			"arsId": " ",
			"beginTm": "05:31",
			"busRouteAbrv": "10-2",
			"busRouteId": "207000085",
			"busRouteNm": "10-2의정부",
			"direction": "도봉산역광역환승센터",
			"gpsX": "127.0615286977",
			"gpsY": "37.7199357707",
			"lastTm": "23:20",
			"posX": "205424.0077059788",
			"posY": "468919.712610499",
			"routeType": "8",
			"sectSpd": "35",
			"section": "207901008",
			"seq": "16",
			"station": "277103803",
			"stationNm": "장암IC(경유)",
			"stationNo": "미정차",
			"transYn": "N",
			"fullSectDist": "5282",
			"trnstnid": "109000405"
		},
		{
			"arsId": "61605",
			"beginTm": "05:40",
			"busRouteAbrv": "10-2",
			"busRouteId": "207000085",
			"busRouteNm": "10-2의정부",
			"direction": "도봉산역광역환승센터",
			"gpsX": "127.0449088606",
			"gpsY": "37.695269785",
			"lastTm": "23:27",
			"posX": "203960.21298090415",
			"posY": "466181.47185245855",
			"routeType": "8",
			"sectSpd": "22",
			"section": "277901441",
			"seq": "17",
			"station": "207000061",
			"stationNm": "다락원.서울도솔학교앞",
			"stationNo": "61605",
			"transYn": "N",
			"fullSectDist": "3062",
			"trnstnid": "109000405"
		},
		{
			"arsId": "10339",
			"beginTm": "05:46",
			"busRouteAbrv": "10-2",
			"busRouteId": "207000085",
			"busRouteNm": "10-2의정부",
			"direction": "도봉산역광역환승센터",
			"gpsX": "127.0444996062",
			"gpsY": "37.6898762161",
			"lastTm": "23:33",
			"posX": "203924.40781304307",
			"posY": "465582.882893424",
			"routeType": "8",
			"sectSpd": "12",
			"section": "207700395",
			"seq": "18",
			"station": "109000405",
			"stationNm": "도봉산역광역환승센터",
			"stationNo": "10339",
			"transYn": "Y",
			"fullSectDist": "700",
			"trnstnid": "109000405"
		},
		{
			"arsId": "0",
			"beginTm": "06:04",
			"busRouteAbrv": "10-2",
			"busRouteId": "207000085",
			"busRouteNm": "10-2의정부",
			"direction": "민락동차고지(경유)",
			"gpsX": "127.0453133",
			"gpsY": "37.6925492394",
			"lastTm": "23:37",
			"posX": "203996.02380063303",
			"posY": "465879.56609889306",
			"routeType": "8",
			"sectSpd": "8",
			"section": "109900091",
			"seq": "19",
			"station": "277101710",
			"stationNm": "도봉산역(경유)",
			"stationNo": "0",
			"transYn": "N",
			"fullSectDist": "308",
			"trnstnid": "109000405"
		},
		{
			"arsId": "61604",
			"beginTm": "06:07",
			"busRouteAbrv": "10-2",
			"busRouteId": "207000085",
			"busRouteNm": "10-2의정부",
			"direction": "민락동차고지(경유)",
			"gpsX": "127.0451876353",
			"gpsY": "37.694744461",
			"lastTm": "23:40",
			"posX": "203984.82437936222",
			"posY": "466123.18382582115",
			"routeType": "8",
			"sectSpd": "25",
			"section": "277900301",
			"seq": "20",
			"station": "207000060",
			"stationNm": "다락원.서울도솔학교앞",
			"stationNo": "61604",
			"transYn": "N",
			"fullSectDist": "244",
			"trnstnid": "109000405"
		},
		{
			"arsId": " ",
			"beginTm": "05:57",
			"busRouteAbrv": "10-2",
			"busRouteId": "207000085",
			"busRouteNm": "10-2의정부",
			"direction": "민락동차고지(경유)",
			"gpsX": "127.056087551",
			"gpsY": "37.7053618567",
			"lastTm": "23:40",
			"posX": "204945.31673369167",
			"posY": "467302.0105135725",
			"routeType": "8",
			"sectSpd": "21",
			"section": "207901029",
			"seq": "21",
			"station": "277102804",
			"stationNm": "장암역삼거리(경유)",
			"stationNo": "미정차",
			"transYn": "N",
			"fullSectDist": "1520",
			"trnstnid": "109000405"
		},
		{
			"arsId": " ",
			"beginTm": "06:01",
			"busRouteAbrv": "10-2",
			"busRouteId": "207000085",
			"busRouteNm": "10-2의정부",
			"direction": "민락동차고지(경유)",
			"gpsX": "127.0617260525",
			"gpsY": "37.7198980399",
			"lastTm": "23:43",
			"posX": "205441.40810479113",
			"posY": "468915.5367209334",
			"routeType": "8",
			"sectSpd": "22",
			"section": "277901442",
			"seq": "22",
			"station": "277103804",
			"stationNm": "장암IC(경유)",
			"stationNo": "미정차",
			"transYn": "N",
			"fullSectDist": "1682",
			"trnstnid": "109000405"
		},
		{
			"arsId": "8596",
			"beginTm": "06:06",
			"busRouteAbrv": "10-2",
			"busRouteId": "207000085",
			"busRouteNm": "10-2의정부",
			"direction": "민락동차고지(경유)",
			"gpsX": "127.1085545956",
			"gpsY": "37.7481617995",
			"lastTm": "23:49",
			"posX": "209565.90269729588",
			"posY": "472055.9907366461",
			"routeType": "8",
			"sectSpd": "32",
			"section": "277700201",
			"seq": "23",
			"station": "207000623",
			"stationNm": "푸른마당근린공원",
			"stationNo": "8596",
			"transYn": "N",
			"fullSectDist": "5177",
			"trnstnid": "109000405"
		},
		{
			"arsId": "0",
			"beginTm": "06:25",
			"busRouteAbrv": "10-2",
			"busRouteId": "207000085",
			"busRouteNm": "10-2의정부",
			"direction": "민락동차고지(경유)",
			"gpsX": "127.1063369226",
			"gpsY": "37.7462371016",
			"lastTm": "00:00",
			"posX": "209370.7225219329",
			"posY": "471842.1636886988",
			"routeType": "8",
			"sectSpd": "34",
			"section": "207700456",
			"seq": "24",
			"station": "207000447",
			"stationNm": "송산사지.송민학교입구",
			"stationNo": "0",
			"transYn": "N",
			"fullSectDist": "290",
			"trnstnid": "109000405"
		},
		{
			"arsId": "8586",
			"beginTm": "06:25",
			"busRouteAbrv": "10-2",
			"busRouteId": "207000085",
			"busRouteNm": "10-2의정부",
			"direction": "민락동차고지(경유)",
			"gpsX": "127.1024059868",
			"gpsY": "37.7442909914",
			"lastTm": "23:57",
			"posX": "209024.55310746393",
			"posY": "471625.79844663665",
			"routeType": "8",
			"sectSpd": "23",
			"section": "207901009",
			"seq": "25",
			"station": "207000620",
			"stationNm": "호반베르디움1차",
			"stationNo": "8586",
			"transYn": "N",
			"fullSectDist": "420",
			"trnstnid": "109000405"
		},
		{
			"arsId": "8530",
			"beginTm": "06:16",
			"busRouteAbrv": "10-2",
			"busRouteId": "207000085",
			"busRouteNm": "10-2의정부",
			"direction": "민락동차고지(경유)",
			"gpsX": "127.1008310272",
			"gpsY": "37.7425149796",
			"lastTm": "23:57",
			"posX": "208885.97169382067",
			"posY": "471428.54636321496",
			"routeType": "8",
			"sectSpd": "9",
			"section": "207901010",
			"seq": "26",
			"station": "207000528",
			"stationNm": "이마트",
			"stationNo": "8530",
			"transYn": "N",
			"fullSectDist": "240",
			"trnstnid": "109000405"
		},
		{
			"arsId": "08396",
			"beginTm": "06:27",
			"busRouteAbrv": "10-2",
			"busRouteId": "207000085",
			"busRouteNm": "10-2의정부",
			"direction": "민락동차고지(경유)",
			"gpsX": "127.0994318555",
			"gpsY": "37.7453171643",
			"lastTm": "23:57",
			"posX": "208762.33599284972",
			"posY": "471739.4003223041",
			"routeType": "8",
			"sectSpd": "18",
			"section": "207700459",
			"seq": "27",
			"station": "207000421",
			"stationNm": "송산초교.상가단지",
			"stationNo": "08396",
			"transYn": "N",
			"fullSectDist": "670",
			"trnstnid": "109000405"
		},
		{
			"arsId": "08538",
			"beginTm": "06:23",
			"busRouteAbrv": "10-2",
			"busRouteId": "207000085",
			"busRouteNm": "10-2의정부",
			"direction": "민락동차고지(경유)",
			"gpsX": "127.1001592813",
			"gpsY": "37.7487953489",
			"lastTm": "00:00",
			"posX": "208826.02660712966",
			"posY": "472125.4770690943",
			"routeType": "8",
			"sectSpd": "11",
			"section": "207600527",
			"seq": "28",
			"station": "207000536",
			"stationNm": "부용마을아파트정문",
			"stationNo": "08538",
			"transYn": "N",
			"fullSectDist": "410",
			"trnstnid": "109000405"
		},
		{
			"arsId": "08598",
			"beginTm": "06:28",
			"busRouteAbrv": "10-2",
			"busRouteId": "207000085",
			"busRouteNm": "10-2의정부",
			"direction": "민락동차고지(경유)",
			"gpsX": "127.1017523416",
			"gpsY": "37.7503294227",
			"lastTm": "00:01",
			"posX": "208966.221863413",
			"posY": "472295.87984959036",
			"routeType": "8",
			"sectSpd": "18",
			"section": "207700451",
			"seq": "29",
			"station": "207000625",
			"stationNm": "BRT.반도유보라아이비파크후문",
			"stationNo": "08598",
			"transYn": "N",
			"fullSectDist": "300",
			"trnstnid": "109000405"
		},
		{
			"arsId": "61613",
			"beginTm": "06:29",
			"busRouteAbrv": "10-2",
			"busRouteId": "207000085",
			"busRouteNm": "10-2의정부",
			"direction": "민락동차고지(경유)",
			"gpsX": "127.104119163",
			"gpsY": "37.7520721764",
			"lastTm": "00:02",
			"posX": "209174.56651227662",
			"posY": "472489.51992684463",
			"routeType": "8",
			"sectSpd": "13",
			"section": "207700452",
			"seq": "30",
			"station": "207000537",
			"stationNm": "송양중학교.반도유보라아이비파 ",
			"stationNo": "61613",
			"transYn": "N",
			"fullSectDist": "280",
			"trnstnid": "109000405"
		},
		{
			"arsId": "61624",
			"beginTm": "06:30",
			"busRouteAbrv": "10-2",
			"busRouteId": "207000085",
			"busRouteNm": "10-2의정부",
			"direction": "민락동차고지(경유)",
			"gpsX": "127.107675742",
			"gpsY": "37.7528567905",
			"lastTm": "00:02",
			"posX": "209487.8580068499",
			"posY": "472576.95099640964",
			"routeType": "8",
			"sectSpd": "26",
			"section": "207900606",
			"seq": "31",
			"station": "207000548",
			"stationNm": "송양고등학교.호반베르디움2차아",
			"stationNo": "61624",
			"transYn": "N",
			"fullSectDist": "480",
			"trnstnid": "109000405"
		},
		{
			"arsId": "61614",
			"beginTm": "06:30",
			"busRouteAbrv": "10-2",
			"busRouteId": "207000085",
			"busRouteNm": "10-2의정부",
			"direction": "민락동차고지(경유)",
			"gpsX": "127.1101522723",
			"gpsY": "37.7520857019",
			"lastTm": "00:03",
			"posX": "209706.17850150334",
			"posY": "472491.6295893886",
			"routeType": "8",
			"sectSpd": "19",
			"section": "207900607",
			"seq": "32",
			"station": "207000540",
			"stationNm": "양지마을8단지.민락푸르지오아파",
			"stationNo": "61614",
			"transYn": "N",
			"fullSectDist": "250",
			"trnstnid": "109000405"
		},
		{
			"arsId": "61617",
			"beginTm": "06:31",
			"busRouteAbrv": "10-2",
			"busRouteId": "207000085",
			"busRouteNm": "10-2의정부",
			"direction": "민락동차고지(경유)",
			"gpsX": "127.1131644873",
			"gpsY": "37.7524830317",
			"lastTm": "00:04",
			"posX": "209971.54962475988",
			"posY": "472536.04192527384",
			"routeType": "8",
			"sectSpd": "7",
			"section": "207900608",
			"seq": "33",
			"station": "207000415",
			"stationNm": "송양초.민락센트럴17단지.송산3 ",
			"stationNo": "61617",
			"transYn": "N",
			"fullSectDist": "300",
			"trnstnid": "109000405"
		},
		{
			"arsId": "61619",
			"beginTm": "06:32",
			"busRouteAbrv": "10-2",
			"busRouteId": "207000085",
			"busRouteNm": "10-2의정부",
			"direction": "민락동차고지(경유)",
			"gpsX": "127.1136741434",
			"gpsY": "37.7540540046",
			"lastTm": "00:05",
			"posX": "210016.24647371765",
			"posY": "472710.4428900727",
			"routeType": "8",
			"sectSpd": "22",
			"section": "207900609",
			"seq": "34",
			"station": "207000242",
			"stationNm": "용암마을입구",
			"stationNo": "61619",
			"transYn": "N",
			"fullSectDist": "180",
			"trnstnid": "109000405"
		},
		{
			"arsId": "61621",
			"beginTm": "06:23",
			"busRouteAbrv": "10-2",
			"busRouteId": "207000085",
			"busRouteNm": "10-2의정부",
			"direction": "민락동차고지(경유)",
			"gpsX": "127.1164501198",
			"gpsY": "37.7547970217",
			"lastTm": "00:05",
			"posX": "210260.74542186462",
			"posY": "472793.20368543174",
			"routeType": "8",
			"sectSpd": "19",
			"section": "207900610",
			"seq": "35",
			"station": "207000541",
			"stationNm": "민락센트럴아파트.용암마을15단 ",
			"stationNo": "61621",
			"transYn": "N",
			"fullSectDist": "440",
			"trnstnid": "109000405"
		},
		{
			"arsId": "61623",
			"beginTm": ":",
			"busRouteAbrv": "10-2",
			"busRouteId": "207000085",
			"busRouteNm": "10-2의정부",
			"direction": "민락동차고지(경유)",
			"gpsX": "127.1176176027",
			"gpsY": "37.7513052971",
			"lastTm": ":",
			"posX": "210364.1026950335",
			"posY": "472405.82082635537",
			"routeType": "8",
			"sectSpd": "25",
			"section": "207900611",
			"seq": "36",
			"station": "207000238",
			"stationNm": "무지랭이약수터.코스트코",
			"stationNo": "61623",
			"transYn": "N",
			"fullSectDist": "430",
			"trnstnid": "109000405"
		},
		{
			"arsId": "61608",
			"beginTm": ":",
			"busRouteAbrv": "10-2",
			"busRouteId": "207000085",
			"busRouteNm": "10-2의정부",
			"direction": "민락동차고지(경유)",
			"gpsX": "127.1176486538",
			"gpsY": "37.7499302149",
			"lastTm": ":",
			"posX": "210367.03067239316",
			"posY": "472253.2177376682",
			"routeType": "8",
			"sectSpd": "14",
			"section": "207901259",
			"seq": "37",
			"station": "207000330",
			"stationNm": "민락엘레트19단지후문",
			"stationNo": "61608",
			"transYn": "N",
			"fullSectDist": "150",
			"trnstnid": "109000405"
		},
		{
			"arsId": "0",
			"beginTm": ":",
			"busRouteAbrv": "10-2",
			"busRouteId": "207000085",
			"busRouteNm": "10-2의정부",
			"direction": "민락동차고지(경유)",
			"gpsX": "127.1190477219",
			"gpsY": "37.7494341769",
			"lastTm": ":",
			"posX": "210490.38461951303",
			"posY": "472198.32338432316",
			"routeType": "8",
			"sectSpd": "4",
			"section": "207901260",
			"seq": "38",
			"station": "277102626",
			"stationNm": "민락동차고지(경유)",
			"stationNo": "0",
			"transYn": "N",
			"fullSectDist": "135",
			"trnstnid": "109000405"
		}
	]
}