{
	"count": 81,
	"result": [
		{
			"arsId": "0",
			"beginTm": "04:49",
			"busRouteAbrv": "9-3",
			"busRouteId": "208000020",
			"busRouteNm": "9-3안양",
			"direction": "사당역4번출구",
			"gpsX": "126.8935218302",
			"gpsY": "37.4090095639",
			"lastTm": "23:00",
			"posX": "190574.41584471005",
			"posY": "434417.7889871383",
			"routeType": "8",
			"sectSpd": "0",
			"section": "0",
			"seq": "1",
			"station": "208000236",
			"stationNm": "차고지입구",
			"stationNo": "0",
			"transYn": "N",
			"trnstnid": "120000059"
		},
		{
			"arsId": "0",
			"beginTm": ":",
			"busRouteAbrv": "9-3",
			"busRouteId": "208000020",
			"busRouteNm": "9-3안양",
			"direction": "사당역4번출구",
			"gpsX": "126.8947489057",
			"gpsY": "37.4080420118",
			"lastTm": ":",
			"posX": "190682.9183487697",
			"posY": "434310.2944251676",
			"routeType": "8",
			"sectSpd": "19",
			"section": "208700129",
			"seq": "2",
			"station": "208000110",
			"stationNm": "청란공원",
			"stationNo": "0",
			"transYn": "N",
			"fullSectDist": "151",
			"trnstnid": "120000059"
		},
		{
			"arsId": "0",
			"beginTm": "04:42",
			"busRouteAbrv": "9-3",
			"busRouteId": "208000020",
			"busRouteNm": "9-3안양",
			"direction": "사당역4번출구",
			"gpsX": "126.8960609865",
			"gpsY": "37.4070684865",
			"lastTm": "23:00",
			"posX": "190798.94789169123",
			"posY": "434202.13013355713",
			"routeType": "8",
			"sectSpd": "16",
			"section": "208700130",
			"seq": "3",
			"station": "208000109",
			"stationNm": "용강빌라",
			"stationNo": "0",
			"transYn": "N",
			"fullSectDist": "180",
			"trnstnid": "120000059"
		},
		{
			"arsId": "0",
			"beginTm": "04:43",
			"busRouteAbrv": "9-3",
			"busRouteId": "208000020",
			"busRouteNm": "9-3안양",
			"direction": "사당역4번출구",
			"gpsX": "126.8988602792",
			"gpsY": "37.4075276569",
			"lastTm": "23:00",
			"posX": "191046.80597509857",
			"posY": "434252.8164609326",
			"routeType": "8",
			"sectSpd": "15",
			"section": "208700131",
			"seq": "4",
			"station": "208000108",
			"stationNm": "석수3동행정복지센터.코오롱하늘",
			"stationNo": "0",
			"transYn": "N",
			"fullSectDist": "260",
			"trnstnid": "120000059"
		},
		{
			"arsId": "0",
			"beginTm": "04:44",
			"busRouteAbrv": "9-3",
			"busRouteId": "208000020",
			"busRouteNm": "9-3안양",
			"direction": "사당역4번출구",
			"gpsX": "126.8999301448",
			"gpsY": "37.4072199308",
			"lastTm": "23:01",
			"posX": "191141.4775068818",
			"posY": "434218.5660071792",
			"routeType": "8",
			"sectSpd": "11",
			"section": "208700132",
			"seq": "5",
			"station": "208000107",
			"stationNm": "석수초등학교",
			"stationNo": "0",
			"transYn": "N",
			"fullSectDist": "100",
			"trnstnid": "120000059"
		},
		{
			"arsId": "0",
			"beginTm": "04:44",
			"busRouteAbrv": "9-3",
			"busRouteId": "208000020",
			"busRouteNm": "9-3안양",
			"direction": "사당역4번출구",
			"gpsX": "126.9021127414",
			"gpsY": "37.406550225",
			"lastTm": "23:01",
			"posX": "191334.6112667783",
			"posY": "434144.0436814418",
			"routeType": "8",
			"sectSpd": "10",
			"section": "208700133",
			"seq": "6",
			"station": "208000106",
			"stationNm": "석수아이파크",
			"stationNo": "0",
			"transYn": "N",
			"fullSectDist": "210",
			"trnstnid": "120000059"
		},
		{
			"arsId": "0",
			"beginTm": "04:45",
			"busRouteAbrv": "9-3",
			"busRouteId": "208000020",
			"busRouteNm": "9-3안양",
			"direction": "사당역4번출구",
			"gpsX": "126.9035885938",
			"gpsY": "37.405709348",
			"lastTm": "23:02",
			"posX": "191465.16452850818",
			"posY": "434050.5940988716",
			"routeType": "8",
			"sectSpd": "17",
			"section": "208700134",
			"seq": "7",
			"station": "208000208",
			"stationNm": "충훈1교",
			"stationNo": "0",
			"transYn": "N",
			"fullSectDist": "210",
			"trnstnid": "120000059"
		},
		{
			"arsId": "0",
			"beginTm": "04:46",
			"busRouteAbrv": "9-3",
			"busRouteId": "208000020",
			"busRouteNm": "9-3안양",
			"direction": "사당역4번출구",
			"gpsX": "126.9077761781",
			"gpsY": "37.4082628807",
			"lastTm": "23:03",
			"posX": "191836.1482866121",
			"posY": "434333.5977459927",
			"routeType": "8",
			"sectSpd": "15",
			"section": "208700135",
			"seq": "8",
			"station": "208000074",
			"stationNm": "럭키아파트",
			"stationNo": "0",
			"transYn": "N",
			"fullSectDist": "470",
			"trnstnid": "120000059"
		},
		{
			"arsId": "0",
			"beginTm": "04:48",
			"busRouteAbrv": "9-3",
			"busRouteId": "208000020",
			"busRouteNm": "9-3안양",
			"direction": "사당역4번출구",
			"gpsX": "126.9112882273",
			"gpsY": "37.4091667217",
			"lastTm": "23:03",
			"posX": "192147.13687301183",
			"posY": "434433.60191821074",
			"routeType": "8",
			"sectSpd": "18",
			"section": "208700136",
			"seq": "9",
			"station": "208000073",
			"stationNm": "안양대교",
			"stationNo": "0",
			"transYn": "N",
			"fullSectDist": "320",
			"trnstnid": "120000059"
		},
		{
			"arsId": "57072",
			"beginTm": "04:48",
			"busRouteAbrv": "9-3",
			"busRouteId": "208000020",
			"busRouteNm": "9-3안양",
			"direction": "사당역4번출구",
			"gpsX": "126.911904083",
			"gpsY": "37.4105422903",
			"lastTm": "23:04",
			"posX": "192201.79569781487",
			"posY": "434586.20248457",
			"routeType": "8",
			"sectSpd": "6",
			"section": "208900209",
			"seq": "10",
			"station": "208000072",
			"stationNm": "안양대교앞",
			"stationNo": "57072",
			"transYn": "N",
			"fullSectDist": "230",
			"trnstnid": "120000059"
		},
		{
			"arsId": "57070",
			"beginTm": "04:49",
			"busRouteAbrv": "9-3",
			"busRouteId": "208000020",
			"busRouteNm": "9-3안양",
			"direction": "사당역4번출구",
			"gpsX": "126.9101314432",
			"gpsY": "37.4126482829",
			"lastTm": "23:05",
			"posX": "192045.1052319366",
			"posY": "434820.05998108676",
			"routeType": "8",
			"sectSpd": "17",
			"section": "208900210",
			"seq": "11",
			"station": "208000071",
			"stationNm": "농협.KT석수시점",
			"stationNo": "57070",
			"transYn": "N",
			"fullSectDist": "280",
			"trnstnid": "120000059"
		},
		{
			"arsId": "57074",
			"beginTm": "04:50",
			"busRouteAbrv": "9-3",
			"busRouteId": "208000020",
			"busRouteNm": "9-3안양",
			"direction": "사당역4번출구",
			"gpsX": "126.9075109322",
			"gpsY": "37.415829208",
			"lastTm": "23:05",
			"posX": "191813.49163272567",
			"posY": "435173.282924118",
			"routeType": "8",
			"sectSpd": "17",
			"section": "208900211",
			"seq": "12",
			"station": "208000070",
			"stationNm": "석수현대아파트",
			"stationNo": "57074",
			"transYn": "N",
			"fullSectDist": "420",
			"trnstnid": "120000059"
		},
		{
			"arsId": "57065",
			"beginTm": "04:50",
			"busRouteAbrv": "9-3",
			"busRouteId": "208000020",
			"busRouteNm": "9-3안양",
			"direction": "사당역4번출구",
			"gpsX": "126.9070070254",
			"gpsY": "37.4180573153",
			"lastTm": "23:06",
			"posX": "191769.13303929157",
			"posY": "435420.5879675327",
			"routeType": "8",
			"sectSpd": "11",
			"section": "208900283",
			"seq": "13",
			"station": "208000118",
			"stationNm": "관악역",
			"stationNo": "57065",
			"transYn": "N",
			"fullSectDist": "270",
			"trnstnid": "120000059"
		},
		{
			"arsId": "57061",
			"beginTm": "04:51",
			"busRouteAbrv": "9-3",
			"busRouteId": "208000020",
			"busRouteNm": "9-3안양",
			"direction": "사당역4번출구",
			"gpsX": "126.9066076945",
			"gpsY": "37.4219674108",
			"lastTm": "23:07",
			"posX": "191734.217795581",
			"posY": "435854.54065737454",
			"routeType": "8",
			"sectSpd": "21",
			"section": "208900284",
			"seq": "14",
			"station": "208000117",
			"stationNm": "원태우지사의거지.석수체육공원.",
			"stationNo": "57061",
			"transYn": "N",
			"fullSectDist": "440",
			"trnstnid": "120000059"
		},
		{
			"arsId": "57605",
			"beginTm": "04:52",
			"busRouteAbrv": "9-3",
			"busRouteId": "208000020",
			"busRouteNm": "9-3안양",
			"direction": "사당역4번출구",
			"gpsX": "126.9043545024",
			"gpsY": "37.4297220712",
			"lastTm": "23:08",
			"posX": "191535.66972790821",
			"posY": "436715.3047768441",
			"routeType": "8",
			"sectSpd": "18",
			"section": "208900285",
			"seq": "15",
			"station": "208000116",
			"stationNm": "대림.LG.힐스테이트아파트(중)",
			"stationNo": "57605",
			"transYn": "N",
			"fullSectDist": "930",
			"trnstnid": "120000059"
		},
		{
			"arsId": "18777",
			"beginTm": "04:53",
			"busRouteAbrv": "9-3",
			"busRouteId": "208000020",
			"busRouteNm": "9-3안양",
			"direction": "사당역4번출구",
			"gpsX": "126.9033765126",
			"gpsY": "37.4335516543",
			"lastTm": "23:10",
			"posX": "191449.5562636742",
			"posY": "437140.37688294286",
			"routeType": "8",
			"sectSpd": "17",
			"section": "208900350",
			"seq": "16",
			"station": "208000037",
			"stationNm": "석수역(중)",
			"stationNo": "18777",
			"transYn": "N",
			"fullSectDist": "440",
			"trnstnid": "120000059"
		},
		{
			"arsId": "18013",
			"beginTm": "04:55",
			"busRouteAbrv": "9-3",
			"busRouteId": "208000020",
			"busRouteNm": "9-3안양",
			"direction": "사당역4번출구",
			"gpsX": "126.9034542842",
			"gpsY": "37.4402569123",
			"lastTm": "23:12",
			"posX": "191457.20067965635",
			"posY": "437884.4792510588",
			"routeType": "8",
			"sectSpd": "16",
			"section": "208900351",
			"seq": "17",
			"station": "117000013",
			"stationNm": "시흥유통센터",
			"stationNo": "18013",
			"transYn": "N",
			"fullSectDist": "740",
			"trnstnid": "120000059"
		},
		{
			"arsId": "18011",
			"beginTm": "04:56",
			"busRouteAbrv": "9-3",
			"busRouteId": "208000020",
			"busRouteNm": "9-3안양",
			"direction": "사당역4번출구",
			"gpsX": "126.9032727409",
			"gpsY": "37.4478432162",
			"lastTm": "23:13",
			"posX": "191442.00104295358",
			"posY": "438726.37936363136",
			"routeType": "8",
			"sectSpd": "22",
			"section": "117900066",
			"seq": "18",
			"station": "117000011",
			"stationNm": "박미삼거리.국립전통예술중고",
			"stationNo": "18011",
			"transYn": "N",
			"fullSectDist": "880",
			"trnstnid": "120000059"
		},
		{
			"arsId": "18009",
			"beginTm": "04:58",
			"busRouteAbrv": "9-3",
			"busRouteId": "208000020",
			"busRouteNm": "9-3안양",
			"direction": "사당역4번출구",
			"gpsX": "126.9014119022",
			"gpsY": "37.4525166369",
			"lastTm": "23:16",
			"posX": "191277.90489829335",
			"posY": "439245.1794344061",
			"routeType": "8",
			"sectSpd": "14",
			"section": "117700002",
			"seq": "19",
			"station": "117000009",
			"stationNm": "시흥사거리",
			"stationNo": "18009",
			"transYn": "N",
			"fullSectDist": "510",
			"trnstnid": "120000059"
		},
		{
			"arsId": "18007",
			"beginTm": "05:00",
			"busRouteAbrv": "9-3",
			"busRouteId": "208000020",
			"busRouteNm": "9-3안양",
			"direction": "사당역4번출구",
			"gpsX": "126.8988721519",
			"gpsY": "37.4592088301",
			"lastTm": "23:18",
			"posX": "191054.0101578175",
			"posY": "439988.0795446974",
			"routeType": "8",
			"sectSpd": "15",
			"section": "117700003",
			"seq": "20",
			"station": "117000007",
			"stationNm": "금천구청.금천경찰서",
			"stationNo": "18007",
			"transYn": "N",
			"fullSectDist": "790",
			"trnstnid": "120000059"
		},
		{
			"arsId": "18005",
			"beginTm": "05:02",
			"busRouteAbrv": "9-3",
			"busRouteId": "208000020",
			"busRouteNm": "9-3안양",
			"direction": "사당역4번출구",
			"gpsX": "126.897763",
			"gpsY": "37.464175",
			"lastTm": "23:21",
			"posX": "190956.49028363355",
			"posY": "440539.3036106434",
			"routeType": "8",
			"sectSpd": "18",
			"section": "117900069",
			"seq": "21",
			"station": "117000005",
			"stationNm": "말미고개.금천소방서",
			"stationNo": "18005",
			"transYn": "N",
			"fullSectDist": "550",
			"trnstnid": "120000059"
		},
		{
			"arsId": "18003",
			"beginTm": "05:03",
			"busRouteAbrv": "9-3",
			"busRouteId": "208000020",
			"busRouteNm": "9-3안양",
			"direction": "사당역4번출구",
			"gpsX": "126.8980832235",
			"gpsY": "37.4691356565",
			"lastTm": "23:22",
			"posX": "190985.4117665504",
			"posY": "441089.7796895355",
			"routeType": "8",
			"sectSpd": "12",
			"section": "117900070",
			"seq": "22",
			"station": "117000003",
			"stationNm": "금천우체국",
			"stationNo": "18003",
			"transYn": "N",
			"fullSectDist": "560",
			"trnstnid": "120000059"
		},
		{
			"arsId": "18147",
			"beginTm": "05:06",
			"busRouteAbrv": "9-3",
			"busRouteId": "208000020",
			"busRouteNm": "9-3안양",
			"direction": "사당역4번출구",
			"gpsX": "126.8989475641",
			"gpsY": "37.4762470299",
			"lastTm": "23:24",
			"posX": "191062.70994678736",
			"posY": "441878.87979348283",
			"routeType": "8",
			"sectSpd": "14",
			"section": "117701341",
			"seq": "23",
			"station": "117000061",
			"stationNm": "독산고개",
			"stationNo": "18147",
			"transYn": "N",
			"fullSectDist": "820",
			"trnstnid": "120000059"
		},
		{
			"arsId": "18197",
			"beginTm": "05:08",
			"busRouteAbrv": "9-3",
			"busRouteId": "208000020",
			"busRouteNm": "9-3안양",
			"direction": "사당역4번출구",
			"gpsX": "126.9055934267",
			"gpsY": "37.4799497631",
			"lastTm": "23:28",
			"posX": "191650.89613387626",
			"posY": "442289.17983332556",
			"routeType": "8",
			"sectSpd": "16",
			"section": "117900089",
			"seq": "24",
			"station": "117000111",
			"stationNm": "모두의학교.금천문화예술정보학교",
			"stationNo": "18197",
			"transYn": "N",
			"fullSectDist": "820",
			"trnstnid": "120000059"
		},
		{
			"arsId": "18198",
			"beginTm": "05:10",
			"busRouteAbrv": "9-3",
			"busRouteId": "208000020",
			"busRouteNm": "9-3안양",
			"direction": "사당역4번출구",
			"gpsX": "126.9087572914",
			"gpsY": "37.480638846",
			"lastTm": "23:30",
			"posX": "191930.7753393337",
			"posY": "442365.37485661823",
			"routeType": "8",
			"sectSpd": "14",
			"section": "117600357",
			"seq": "25",
			"station": "117000112",
			"stationNm": "관악구보훈회관.신림푸르지오",
			"stationNo": "18198",
			"transYn": "N",
			"fullSectDist": "320",
			"trnstnid": "120000059"
		},
		{
			"arsId": "21115",
			"beginTm": "05:10",
			"busRouteAbrv": "9-3",
			"busRouteId": "208000020",
			"busRouteNm": "9-3안양",
			"direction": "사당역4번출구",
			"gpsX": "126.9159413884",
			"gpsY": "37.4819058692",
			"lastTm": "23:31",
			"posX": "192566.2404459455",
			"posY": "442505.39113570563",
			"routeType": "8",
			"sectSpd": "16",
			"section": "117601507",
			"seq": "26",
			"station": "120000016",
			"stationNm": "난곡입구",
			"stationNo": "21115",
			"transYn": "N",
			"fullSectDist": "580",
			"trnstnid": "120000059"
		},
		{
			"arsId": "21361",
			"beginTm": "05:12",
			"busRouteAbrv": "9-3",
			"busRouteId": "208000020",
			"busRouteNm": "9-3안양",
			"direction": "사당역4번출구",
			"gpsX": "126.918618871",
			"gpsY": "37.4823672056",
			"lastTm": "23:33",
			"posX": "192803.06906737507",
			"posY": "442556.37985375524",
			"routeType": "8",
			"sectSpd": "15",
			"section": "120600400",
			"seq": "27",
			"station": "120000445",
			"stationNm": "호림박물관",
			"stationNo": "21361",
			"transYn": "N",
			"fullSectDist": "280",
			"trnstnid": "120000059"
		},
		{
			"arsId": "21116",
			"beginTm": "05:13",
			"busRouteAbrv": "9-3",
			"busRouteId": "208000020",
			"busRouteNm": "9-3안양",
			"direction": "사당역4번출구",
			"gpsX": "126.9208415344",
			"gpsY": "37.4827354653",
			"lastTm": "23:34",
			"posX": "192999.6644456054",
			"posY": "442597.0798511845",
			"routeType": "8",
			"sectSpd": "15",
			"section": "120600401",
			"seq": "28",
			"station": "120000017",
			"stationNm": "남서울중학교.성보중고등학교",
			"stationNo": "21116",
			"transYn": "N",
			"fullSectDist": "474",
			"trnstnid": "120000059"
		},
		{
			"arsId": "21117",
			"beginTm": "05:13",
			"busRouteAbrv": "9-3",
			"busRouteId": "208000020",
			"busRouteNm": "9-3안양",
			"direction": "사당역4번출구",
			"gpsX": "126.9280626243",
			"gpsY": "37.483817804",
			"lastTm": "23:35",
			"posX": "193638.34944081647",
			"posY": "442716.6798567632",
			"routeType": "8",
			"sectSpd": "16",
			"section": "120701362",
			"seq": "29",
			"station": "120000018",
			"stationNm": "신림사거리.신림역",
			"stationNo": "21117",
			"transYn": "N",
			"fullSectDist": "648",
			"trnstnid": "120000059"
		},
		{
			"arsId": "21262",
			"beginTm": "05:14",
			"busRouteAbrv": "9-3",
			"busRouteId": "208000020",
			"busRouteNm": "9-3안양",
			"direction": "사당역4번출구",
			"gpsX": "126.9331482652",
			"gpsY": "37.4844524654",
			"lastTm": "23:36",
			"posX": "194088.13887974096",
			"posY": "442786.77985573607",
			"routeType": "8",
			"sectSpd": "11",
			"section": "120701363",
			"seq": "30",
			"station": "120000160",
			"stationNm": "관악우체국.양지병원",
			"stationNo": "21262",
			"transYn": "N",
			"fullSectDist": "456",
			"trnstnid": "120000059"
		},
		{
			"arsId": "21118",
			"beginTm": "05:15",
			"busRouteAbrv": "9-3",
			"busRouteId": "208000020",
			"busRouteNm": "9-3안양",
			"direction": "사당역4번출구",
			"gpsX": "126.936125",
			"gpsY": "37.484533",
			"lastTm": "23:37",
			"posX": "194351.38485365157",
			"posY": "442795.5344239804",
			"routeType": "8",
			"sectSpd": "18",
			"section": "120601989",
			"seq": "31",
			"station": "120000019",
			"stationNm": "KT&G관악지점",
			"stationNo": "21118",
			"transYn": "N",
			"fullSectDist": "268",
			"trnstnid": "120000059"
		},
		{
			"arsId": "21119",
			"beginTm": "05:17",
			"busRouteAbrv": "9-3",
			"busRouteId": "208000020",
			"busRouteNm": "9-3안양",
			"direction": "사당역4번출구",
			"gpsX": "126.9432468507",
			"gpsY": "37.482008544",
			"lastTm": "23:39",
			"posX": "194981.01790050082",
			"posY": "442514.97981657926",
			"routeType": "8",
			"sectSpd": "21",
			"section": "120600390",
			"seq": "32",
			"station": "120000020",
			"stationNm": "봉천역.관악초등학교",
			"stationNo": "21119",
			"transYn": "N",
			"fullSectDist": "688",
			"trnstnid": "120000059"
		},
		{
			"arsId": "21120",
			"beginTm": "05:18",
			"busRouteAbrv": "9-3",
			"busRouteId": "208000020",
			"busRouteNm": "9-3안양",
			"direction": "사당역4번출구",
			"gpsX": "126.9484610699",
			"gpsY": "37.4814828857",
			"lastTm": "23:40",
			"posX": "195442.10707160947",
			"posY": "442456.37980378093",
			"routeType": "8",
			"sectSpd": "16",
			"section": "120701337",
			"seq": "33",
			"station": "120000021",
			"stationNm": "KT관악지점",
			"stationNo": "21120",
			"transYn": "N",
			"fullSectDist": "461",
			"trnstnid": "120000059"
		},
		{
			"arsId": "21121",
			"beginTm": "05:19",
			"busRouteAbrv": "9-3",
			"busRouteId": "208000020",
			"busRouteNm": "9-3안양",
			"direction": "사당역4번출구",
			"gpsX": "126.9546978111",
			"gpsY": "37.4802662457",
			"lastTm": "23:41",
			"posX": "195993.59411670815",
			"posY": "442321.07977652363",
			"routeType": "8",
			"sectSpd": "12",
			"section": "120601976",
			"seq": "34",
			"station": "120000022",
			"stationNm": "봉천사거리",
			"stationNo": "21121",
			"transYn": "N",
			"fullSectDist": "567",
			"trnstnid": "120000059"
		},
		{
			"arsId": "21122",
			"beginTm": "05:21",
			"busRouteAbrv": "9-3",
			"busRouteId": "208000020",
			"busRouteNm": "9-3안양",
			"direction": "사당역4번출구",
			"gpsX": "126.9575048641",
			"gpsY": "37.4791841595",
			"lastTm": "23:43",
			"posX": "196241.78828427193",
			"posY": "442200.879754324",
			"routeType": "8",
			"sectSpd": "11",
			"section": "120701338",
			"seq": "35",
			"station": "120000023",
			"stationNm": "낙성대동",
			"stationNo": "21122",
			"transYn": "N",
			"fullSectDist": "289",
			"trnstnid": "120000059"
		},
		{
			"arsId": "21123",
			"beginTm": "05:22",
			"busRouteAbrv": "9-3",
			"busRouteId": "208000020",
			"busRouteNm": "9-3안양",
			"direction": "사당역4번출구",
			"gpsX": "126.9608874889",
			"gpsY": "37.4778444821",
			"lastTm": "23:44",
			"posX": "196540.8812557646",
			"posY": "442052.07973810146",
			"routeType": "8",
			"sectSpd": "10",
			"section": "120601978",
			"seq": "36",
			"station": "120000024",
			"stationNm": "낙성대입구",
			"stationNo": "21123",
			"transYn": "N",
			"fullSectDist": "327",
			"trnstnid": "120000059"
		},
		{
			"arsId": "21124",
			"beginTm": "05:23",
			"busRouteAbrv": "9-3",
			"busRouteId": "208000020",
			"busRouteNm": "9-3안양",
			"direction": "사당역4번출구",
			"gpsX": "126.9665158522",
			"gpsY": "37.475681754",
			"lastTm": "23:46",
			"posX": "197038.56956784776",
			"posY": "441811.87969521433",
			"routeType": "8",
			"sectSpd": "17",
			"section": "120701339",
			"seq": "37",
			"station": "120000025",
			"stationNm": "인헌중고.서울미술고",
			"stationNo": "21124",
			"transYn": "N",
			"fullSectDist": "559",
			"trnstnid": "120000059"
		},
		{
			"arsId": "21125",
			"beginTm": "05:25",
			"busRouteAbrv": "9-3",
			"busRouteId": "208000020",
			"busRouteNm": "9-3안양",
			"direction": "사당역4번출구",
			"gpsX": "126.973989351",
			"gpsY": "37.4759296375",
			"lastTm": "23:47",
			"posX": "197699.55403704877",
			"posY": "441839.1796998745",
			"routeType": "8",
			"sectSpd": "20",
			"section": "120601928",
			"seq": "38",
			"station": "120000026",
			"stationNm": "예술인마을.사당초등학교",
			"stationNo": "21125",
			"transYn": "N",
			"fullSectDist": "660",
			"trnstnid": "120000059"
		},
		{
			"arsId": "21126",
			"beginTm": "05:26",
			"busRouteAbrv": "9-3",
			"busRouteId": "208000020",
			"busRouteNm": "9-3안양",
			"direction": "사당역4번출구",
			"gpsX": "126.9773008972",
			"gpsY": "37.476370961",
			"lastTm": "23:49",
			"posX": "197992.4471620969",
			"posY": "441888.07970274566",
			"routeType": "8",
			"sectSpd": "11",
			"section": "120601590",
			"seq": "39",
			"station": "120000027",
			"stationNm": "남서울농협남현동지점",
			"stationNo": "21126",
			"transYn": "N",
			"fullSectDist": "303",
			"trnstnid": "120000059"
		},
		{
			"arsId": "21161",
			"beginTm": "05:27",
			"busRouteAbrv": "9-3",
			"busRouteId": "208000020",
			"busRouteNm": "9-3안양",
			"direction": "사당역4번출구",
			"gpsX": "126.9813590372",
			"gpsY": "37.4755408508",
			"lastTm": "23:49",
			"posX": "198351.3387312176",
			"posY": "441795.879683204",
			"routeType": "8",
			"sectSpd": "8",
			"section": "120601990",
			"seq": "40",
			"station": "120000059",
			"stationNm": "사당역4번출구",
			"stationNo": "21161",
			"transYn": "Y",
			"fullSectDist": "453",
			"trnstnid": "120000059"
		},
		{
			"arsId": "21027",
			"beginTm": "05:28",
			"busRouteAbrv": "9-3",
			"busRouteId": "208000020",
			"busRouteNm": "9-3안양",
			"direction": "충훈부종점",
			"gpsX": "126.9831812603",
			"gpsY": "37.4716652916",
			"lastTm": "23:52",
			"posX": "198512.4246616964",
			"posY": "441365.7604520102",
			"routeType": "8",
			"sectSpd": "24",
			"section": "120602358",
			"seq": "41",
			"station": "120000672",
			"stationNm": "사당자동차학원",
			"stationNo": "21027",
			"transYn": "N",
			"fullSectDist": "437",
			"trnstnid": "120000059"
		},
		{
			"arsId": "21163",
			"beginTm": "05:29",
			"busRouteAbrv": "9-3",
			"busRouteId": "208000020",
			"busRouteNm": "9-3안양",
			"direction": "충훈부종점",
			"gpsX": "126.987784",
			"gpsY": "37.46557",
			"lastTm": "23:53",
			"posX": "198919.43771005614",
			"posY": "440689.2753222827",
			"routeType": "8",
			"sectSpd": "27",
			"section": "120602357",
			"seq": "42",
			"station": "120000061",
			"stationNm": "남태령역",
			"stationNo": "21163",
			"transYn": "N",
			"fullSectDist": "793",
			"trnstnid": "120000059"
		},
		{
			"arsId": "37028",
			"beginTm": "05:30",
			"busRouteAbrv": "9-3",
			"busRouteId": "208000020",
			"busRouteNm": "9-3안양",
			"direction": "충훈부종점",
			"gpsX": "126.9885668625",
			"gpsY": "37.4576877129",
			"lastTm": "23:55",
			"posX": "198988.57938871556",
			"posY": "439814.53422623454",
			"routeType": "8",
			"sectSpd": "35",
			"section": "120900047",
			"seq": "43",
			"station": "220000002",
			"stationNm": "남태령고개",
			"stationNo": "37028",
			"transYn": "N",
			"fullSectDist": "909",
			"trnstnid": "120000059"
		},
		{
			"arsId": "37033",
			"beginTm": "05:31",
			"busRouteAbrv": "9-3",
			"busRouteId": "208000020",
			"busRouteNm": "9-3안양",
			"direction": "충훈부종점",
			"gpsX": "126.994122992",
			"gpsY": "37.4486082327",
			"lastTm": "23:56",
			"posX": "199480.0337530443",
			"posY": "438806.90028166166",
			"routeType": "8",
			"sectSpd": "49",
			"section": "220600038",
			"seq": "44",
			"station": "220000009",
			"stationNm": "과천동주민센터",
			"stationNo": "37033",
			"transYn": "N",
			"fullSectDist": "1105",
			"trnstnid": "120000059"
		},
		{
			"arsId": "37001",
			"beginTm": "05:32",
			"busRouteAbrv": "9-3",
			"busRouteId": "208000020",
			"busRouteNm": "9-3안양",
			"direction": "충훈부종점",
			"gpsX": "126.9943474218",
			"gpsY": "37.4387282522",
			"lastTm": "23:57",
			"posX": "199499.82433594967",
			"posY": "437710.47709082766",
			"routeType": "8",
			"sectSpd": "29",
			"section": "220600039",
			"seq": "45",
			"station": "220000008",
			"stationNm": "관문체육공원.과천성당",
			"stationNo": "37001",
			"transYn": "N",
			"fullSectDist": "1144",
			"trnstnid": "120000059"
		},
		{
			"arsId": "37003",
			"beginTm": "05:34",
			"busRouteAbrv": "9-3",
			"busRouteId": "208000020",
			"busRouteNm": "9-3안양",
			"direction": "충훈부종점",
			"gpsX": "126.9965270158",
			"gpsY": "37.4352773674",
			"lastTm": "00:00",
			"posX": "199692.67440778168",
			"posY": "437327.50933987275",
			"routeType": "8",
			"sectSpd": "17",
			"section": "220600027",
			"seq": "46",
			"station": "220000007",
			"stationNm": "10단지",
			"stationNo": "37003",
			"transYn": "N",
			"fullSectDist": "424",
			"trnstnid": "120000059"
		},
		{
			"arsId": "37004",
			"beginTm": "05:36",
			"busRouteAbrv": "9-3",
			"busRouteId": "208000020",
			"busRouteNm": "9-3안양",
			"direction": "충훈부종점",
			"gpsX": "126.9946117471",
			"gpsY": "37.4317976183",
			"lastTm": "00:00",
			"posX": "199523.16953279788",
			"posY": "436941.3559322022",
			"routeType": "8",
			"sectSpd": "26",
			"section": "220600028",
			"seq": "47",
			"station": "220000006",
			"stationNm": "경기과천교육도서관.과천역7출구",
			"stationNo": "37004",
			"transYn": "N",
			"fullSectDist": "499",
			"trnstnid": "120000059"
		},
		{
			"arsId": "37002",
			"beginTm": "05:38",
			"busRouteAbrv": "9-3",
			"busRouteId": "208000020",
			"busRouteNm": "9-3안양",
			"direction": "충훈부종점",
			"gpsX": "126.9917821415",
			"gpsY": "37.4286430635",
			"lastTm": "00:02",
			"posX": "199272.7346278604",
			"posY": "436591.3009092817",
			"routeType": "8",
			"sectSpd": "25",
			"section": "220600029",
			"seq": "48",
			"station": "220000005",
			"stationNm": "정부과천청사역11번출구.KT과천 ",
			"stationNo": "37002",
			"transYn": "N",
			"fullSectDist": "399",
			"trnstnid": "120000059"
		},
		{
			"arsId": "37006",
			"beginTm": "05:38",
			"busRouteAbrv": "9-3",
			"busRouteId": "208000020",
			"busRouteNm": "9-3안양",
			"direction": "충훈부종점",
			"gpsX": "126.9899513071",
			"gpsY": "37.4265735264",
			"lastTm": "00:03",
			"posX": "199110.68466775588",
			"posY": "436361.6522059692",
			"routeType": "8",
			"sectSpd": "13",
			"section": "220600092",
			"seq": "49",
			"station": "220000004",
			"stationNm": "정부과천청사역3번출구",
			"stationNo": "37006",
			"transYn": "N",
			"fullSectDist": "277",
			"trnstnid": "120000059"
		},
		{
			"arsId": "37009",
			"beginTm": "05:39",
			"busRouteAbrv": "9-3",
			"busRouteId": "208000020",
			"busRouteNm": "9-3안양",
			"direction": "충훈부종점",
			"gpsX": "126.9887391201",
			"gpsY": "37.4216492367",
			"lastTm": "00:05",
			"posX": "199003.34012202176",
			"posY": "435815.1975018056",
			"routeType": "8",
			"sectSpd": "11",
			"section": "220600031",
			"seq": "50",
			"station": "220000003",
			"stationNm": "수자원공사.센트레빌아스테리움",
			"stationNo": "37009",
			"transYn": "N",
			"fullSectDist": "546",
			"trnstnid": "120000059"
		},
		{
			"arsId": "37012",
			"beginTm": "05:41",
			"busRouteAbrv": "9-3",
			"busRouteId": "208000020",
			"busRouteNm": "9-3안양",
			"direction": "충훈부종점",
			"gpsX": "126.9839862823",
			"gpsY": "37.4154482604",
			"lastTm": "00:07",
			"posX": "198582.56671344105",
			"posY": "435127.11347658",
			"routeType": "8",
			"sectSpd": "18",
			"section": "220600032",
			"seq": "51",
			"station": "220000030",
			"stationNm": "찬우물",
			"stationNo": "37012",
			"transYn": "N",
			"fullSectDist": "847",
			"trnstnid": "120000059"
		},
		{
			"arsId": "37014",
			"beginTm": "05:43",
			"busRouteAbrv": "9-3",
			"busRouteId": "208000020",
			"busRouteNm": "9-3안양",
			"direction": "충훈부종점",
			"gpsX": "126.9817530385",
			"gpsY": "37.4134879146",
			"lastTm": "00:09",
			"posX": "198384.85196150572",
			"posY": "434909.60283961473",
			"routeType": "8",
			"sectSpd": "30",
			"section": "220600033",
			"seq": "52",
			"station": "220000029",
			"stationNm": "과천지식정보타운",
			"stationNo": "37014",
			"transYn": "N",
			"fullSectDist": "579",
			"trnstnid": "120000059"
		},
		{
			"arsId": "21072",
			"beginTm": "05:43",
			"busRouteAbrv": "9-3",
			"busRouteId": "208000020",
			"busRouteNm": "9-3안양",
			"direction": "충훈부종점",
			"gpsX": "126.9792865815",
			"gpsY": "37.4081971608",
			"lastTm": "00:09",
			"posX": "198166.40209652443",
			"posY": "434322.5145285097",
			"routeType": "8",
			"sectSpd": "4",
			"section": "220600096",
			"seq": "53",
			"station": "220000082",
			"stationNm": "린파밀리에",
			"stationNo": "21072",
			"transYn": "N",
			"fullSectDist": "730",
			"trnstnid": "120000059"
		},
		{
			"arsId": "56035",
			"beginTm": "05:44",
			"busRouteAbrv": "9-3",
			"busRouteId": "208000020",
			"busRouteNm": "9-3안양",
			"direction": "충훈부종점",
			"gpsX": "126.9756565785",
			"gpsY": "37.4030954881",
			"lastTm": "00:10",
			"posX": "197844.9200264721",
			"posY": "433756.44135730946",
			"routeType": "8",
			"sectSpd": "20",
			"section": "220600098",
			"seq": "54",
			"station": "209000116",
			"stationNm": "인덕원역4호선",
			"stationNo": "56035",
			"transYn": "N",
			"fullSectDist": "720",
			"trnstnid": "120000059"
		},
		{
			"arsId": "63208",
			"beginTm": "05:45",
			"busRouteAbrv": "9-3",
			"busRouteId": "208000020",
			"busRouteNm": "9-3안양",
			"direction": "충훈부종점",
			"gpsX": "126.9718626007",
			"gpsY": "37.4050783358",
			"lastTm": "00:12",
			"posX": "197509.11152859413",
			"posY": "433976.57807251625",
			"routeType": "8",
			"sectSpd": "19",
			"section": "209600039",
			"seq": "55",
			"station": "209000259",
			"stationNm": "동편마을입구",
			"stationNo": "63208",
			"transYn": "N",
			"fullSectDist": "400",
			"trnstnid": "120000059"
		},
		{
			"arsId": "56036",
			"beginTm": "05:46",
			"busRouteAbrv": "9-3",
			"busRouteId": "208000020",
			"busRouteNm": "9-3안양",
			"direction": "충훈부종점",
			"gpsX": "126.9694137751",
			"gpsY": "37.4050157913",
			"lastTm": "00:13",
			"posX": "197292.32479332766",
			"posY": "433969.70478108665",
			"routeType": "8",
			"sectSpd": "11",
			"section": "209600040",
			"seq": "56",
			"station": "209000115",
			"stationNm": "부림마을",
			"stationNo": "56036",
			"transYn": "N",
			"fullSectDist": "210",
			"trnstnid": "120000059"
		},
		{
			"arsId": "56034",
			"beginTm": "05:47",
			"busRouteAbrv": "9-3",
			"busRouteId": "208000020",
			"busRouteNm": "9-3안양",
			"direction": "충훈부종점",
			"gpsX": "126.9654957656",
			"gpsY": "37.4047731826",
			"lastTm": "00:15",
			"posX": "196945.46934516847",
			"posY": "433942.9013497173",
			"routeType": "8",
			"sectSpd": "25",
			"section": "209600041",
			"seq": "57",
			"station": "209000052",
			"stationNm": "중촌마을.동안치매안심센터",
			"stationNo": "56034",
			"transYn": "N",
			"fullSectDist": "350",
			"trnstnid": "120000059"
		},
		{
			"arsId": "56029",
			"beginTm": "05:48",
			"busRouteAbrv": "9-3",
			"busRouteId": "208000020",
			"busRouteNm": "9-3안양",
			"direction": "충훈부종점",
			"gpsX": "126.9612170637",
			"gpsY": "37.4040376877",
			"lastTm": "00:15",
			"posX": "196566.65831463088",
			"posY": "433861.42815112416",
			"routeType": "8",
			"sectSpd": "26",
			"section": "209600042",
			"seq": "58",
			"station": "209000051",
			"stationNm": "관양중학교",
			"stationNo": "56029",
			"transYn": "N",
			"fullSectDist": "380",
			"trnstnid": "120000059"
		},
		{
			"arsId": "56030",
			"beginTm": "05:49",
			"busRouteAbrv": "9-3",
			"busRouteId": "208000020",
			"busRouteNm": "9-3안양",
			"direction": "충훈부종점",
			"gpsX": "126.9554420624",
			"gpsY": "37.402977863",
			"lastTm": "00:16",
			"posX": "196055.3584923278",
			"posY": "433744.04170071706",
			"routeType": "8",
			"sectSpd": "16",
			"section": "209600043",
			"seq": "59",
			"station": "209000050",
			"stationNm": "수촌마을",
			"stationNo": "56030",
			"transYn": "N",
			"fullSectDist": "530",
			"trnstnid": "120000059"
		},
		{
			"arsId": "56016",
			"beginTm": "05:51",
			"busRouteAbrv": "9-3",
			"busRouteId": "208000020",
			"busRouteNm": "9-3안양",
			"direction": "충훈부종점",
			"gpsX": "126.9513917179",
			"gpsY": "37.4022462618",
			"lastTm": "00:19",
			"posX": "195696.7462428865",
			"posY": "433663.03054871224",
			"routeType": "8",
			"sectSpd": "24",
			"section": "209600044",
			"seq": "60",
			"station": "209000049",
			"stationNm": "종합운동장",
			"stationNo": "56016",
			"transYn": "N",
			"fullSectDist": "370",
			"trnstnid": "120000059"
		},
		{
			"arsId": "56011",
			"beginTm": "05:51",
			"busRouteAbrv": "9-3",
			"busRouteId": "208000020",
			"busRouteNm": "9-3안양",
			"direction": "충훈부종점",
			"gpsX": "126.9475994079",
			"gpsY": "37.4008543797",
			"lastTm": "00:20",
			"posX": "195360.93013120053",
			"posY": "433508.7485173703",
			"routeType": "8",
			"sectSpd": "11",
			"section": "209600045",
			"seq": "61",
			"station": "209000048",
			"stationNm": "삼호아파트.평촌우리병원",
			"stationNo": "56011",
			"transYn": "N",
			"fullSectDist": "370",
			"trnstnid": "120000059"
		},
		{
			"arsId": "56608",
			"beginTm": "05:53",
			"busRouteAbrv": "9-3",
			"busRouteId": "208000020",
			"busRouteNm": "9-3안양",
			"direction": "충훈부종점",
			"gpsX": "126.9443664466",
			"gpsY": "37.3990536669",
			"lastTm": "00:21",
			"posX": "195074.59538627585",
			"posY": "433309.0813779789",
			"routeType": "8",
			"sectSpd": "14",
			"section": "209600046",
			"seq": "62",
			"station": "209000047",
			"stationNm": "동양월드타워",
			"stationNo": "56608",
			"transYn": "N",
			"fullSectDist": "360",
			"trnstnid": "120000059"
		},
		{
			"arsId": "56010",
			"beginTm": "05:53",
			"busRouteAbrv": "9-3",
			"busRouteId": "208000020",
			"busRouteNm": "9-3안양",
			"direction": "충훈부종점",
			"gpsX": "126.9426623137",
			"gpsY": "37.3989644888",
			"lastTm": "00:22",
			"posX": "194923.71738345173",
			"posY": "433299.27533007506",
			"routeType": "8",
			"sectSpd": "12",
			"section": "209600047",
			"seq": "63",
			"station": "209000229",
			"stationNm": "대림아파트",
			"stationNo": "56010",
			"transYn": "N",
			"fullSectDist": "160",
			"trnstnid": "120000059"
		},
		{
			"arsId": "56001",
			"beginTm": "05:54",
			"busRouteAbrv": "9-3",
			"busRouteId": "208000020",
			"busRouteNm": "9-3안양",
			"direction": "충훈부종점",
			"gpsX": "126.9384569713",
			"gpsY": "37.3990106853",
			"lastTm": "00:23",
			"posX": "194551.40872871547",
			"posY": "433304.6364992955",
			"routeType": "8",
			"sectSpd": "20",
			"section": "209600048",
			"seq": "64",
			"station": "209000046",
			"stationNm": "삼성래미안아파트",
			"stationNo": "56001",
			"transYn": "N",
			"fullSectDist": "370",
			"trnstnid": "120000059"
		},
		{
			"arsId": "56006",
			"beginTm": "05:56",
			"busRouteAbrv": "9-3",
			"busRouteId": "208000020",
			"busRouteNm": "9-3안양",
			"direction": "충훈부종점",
			"gpsX": "126.9358326998",
			"gpsY": "37.3989708776",
			"lastTm": "00:24",
			"posX": "194319.0709713189",
			"posY": "433300.3737114896",
			"routeType": "8",
			"sectSpd": "18",
			"section": "209600049",
			"seq": "65",
			"station": "209000045",
			"stationNm": "비산사거리.이마트",
			"stationNo": "56006",
			"transYn": "N",
			"fullSectDist": "230",
			"trnstnid": "120000059"
		},
		{
			"arsId": "57042",
			"beginTm": "05:56",
			"busRouteAbrv": "9-3",
			"busRouteId": "208000020",
			"busRouteNm": "9-3안양",
			"direction": "충훈부종점",
			"gpsX": "126.9306277293",
			"gpsY": "37.3970779903",
			"lastTm": "00:24",
			"posX": "193858.104345956",
			"posY": "433090.63997992594",
			"routeType": "8",
			"sectSpd": "16",
			"section": "209600050",
			"seq": "66",
			"station": "208000115",
			"stationNm": "진흥아파트.비산대교",
			"stationNo": "57042",
			"transYn": "N",
			"fullSectDist": "520",
			"trnstnid": "120000059"
		},
		{
			"arsId": "57025",
			"beginTm": "05:57",
			"busRouteAbrv": "9-3",
			"busRouteId": "208000020",
			"busRouteNm": "9-3안양",
			"direction": "충훈부종점",
			"gpsX": "126.9261461696",
			"gpsY": "37.3946962859",
			"lastTm": "00:26",
			"posX": "193461.1210911563",
			"posY": "432826.6357397139",
			"routeType": "8",
			"sectSpd": "7",
			"section": "208900179",
			"seq": "67",
			"station": "208000114",
			"stationNm": "우체국사거리.안양초교.중화한방",
			"stationNo": "57025",
			"transYn": "N",
			"fullSectDist": "480",
			"trnstnid": "120000059"
		},
		{
			"arsId": "57003",
			"beginTm": "05:58",
			"busRouteAbrv": "9-3",
			"busRouteId": "208000020",
			"busRouteNm": "9-3안양",
			"direction": "충훈부종점",
			"gpsX": "126.9239438881",
			"gpsY": "37.3960443666",
			"lastTm": "00:27",
			"posX": "193266.25581449864",
			"posY": "432976.39151201956",
			"routeType": "8",
			"sectSpd": "7",
			"section": "208900180",
			"seq": "68",
			"station": "208000066",
			"stationNm": "남부시장",
			"stationNo": "57003",
			"transYn": "N",
			"fullSectDist": "350",
			"trnstnid": "120000059"
		},
		{
			"arsId": "0",
			"beginTm": "05:59",
			"busRouteAbrv": "9-3",
			"busRouteId": "208000020",
			"busRouteNm": "9-3안양",
			"direction": "충훈부종점",
			"gpsX": "126.9214933974",
			"gpsY": "37.3989732019",
			"lastTm": "00:28",
			"posX": "193049.56831969763",
			"posY": "433301.5916509214",
			"routeType": "8",
			"sectSpd": "9",
			"section": "208700111",
			"seq": "69",
			"station": "208000065",
			"stationNm": "안양1번가.안양고용센터",
			"stationNo": "0",
			"transYn": "N",
			"fullSectDist": "380",
			"trnstnid": "120000059"
		},
		{
			"arsId": "57001",
			"beginTm": "06:01",
			"busRouteAbrv": "9-3",
			"busRouteId": "208000020",
			"busRouteNm": "9-3안양",
			"direction": "충훈부종점",
			"gpsX": "126.9195223006",
			"gpsY": "37.4013533427",
			"lastTm": "00:31",
			"posX": "192875.286352451",
			"posY": "433565.87081688456",
			"routeType": "8",
			"sectSpd": "10",
			"section": "208700112",
			"seq": "70",
			"station": "208000064",
			"stationNm": "대동문고",
			"stationNo": "57001",
			"transYn": "N",
			"fullSectDist": "320",
			"trnstnid": "120000059"
		},
		{
			"arsId": "57009",
			"beginTm": "06:02",
			"busRouteAbrv": "9-3",
			"busRouteId": "208000020",
			"busRouteNm": "9-3안양",
			"direction": "충훈부종점",
			"gpsX": "126.9173833674",
			"gpsY": "37.4039177924",
			"lastTm": "00:32",
			"posX": "192686.17521182375",
			"posY": "433850.62012549024",
			"routeType": "8",
			"sectSpd": "12",
			"section": "208600028",
			"seq": "71",
			"station": "208000105",
			"stationNm": "안양여중고",
			"stationNo": "57009",
			"transYn": "N",
			"fullSectDist": "340",
			"trnstnid": "120000059"
		},
		{
			"arsId": "57017",
			"beginTm": "06:05",
			"busRouteAbrv": "9-3",
			"busRouteId": "208000020",
			"busRouteNm": "9-3안양",
			"direction": "충훈부종점",
			"gpsX": "126.9150271743",
			"gpsY": "37.4067574711",
			"lastTm": "00:34",
			"posX": "192477.87173357967",
			"posY": "434165.93427315494",
			"routeType": "8",
			"sectSpd": "25",
			"section": "208600157",
			"seq": "72",
			"station": "208000104",
			"stationNm": "만안초교",
			"stationNo": "57017",
			"transYn": "N",
			"fullSectDist": "380",
			"trnstnid": "120000059"
		},
		{
			"arsId": "0",
			"beginTm": "06:05",
			"busRouteAbrv": "9-3",
			"busRouteId": "208000020",
			"busRouteNm": "9-3안양",
			"direction": "충훈부종점",
			"gpsX": "126.9110960266",
			"gpsY": "37.4093017412",
			"lastTm": "00:35",
			"posX": "192130.13717775818",
			"posY": "434448.6015242813",
			"routeType": "8",
			"sectSpd": "11",
			"section": "208900295",
			"seq": "73",
			"station": "208000103",
			"stationNm": "안양대교",
			"stationNo": "0",
			"transYn": "N",
			"fullSectDist": "510",
			"trnstnid": "120000059"
		},
		{
			"arsId": "0",
			"beginTm": "06:06",
			"busRouteAbrv": "9-3",
			"busRouteId": "208000020",
			"busRouteNm": "9-3안양",
			"direction": "충훈부종점",
			"gpsX": "126.9077533836",
			"gpsY": "37.4084250623",
			"lastTm": "00:37",
			"posX": "191834.148071298",
			"posY": "434351.59757558256",
			"routeType": "8",
			"sectSpd": "15",
			"section": "208700143",
			"seq": "74",
			"station": "208000102",
			"stationNm": "럭키아파트",
			"stationNo": "0",
			"transYn": "N",
			"fullSectDist": "310",
			"trnstnid": "120000059"
		},
		{
			"arsId": "0",
			"beginTm": "06:07",
			"busRouteAbrv": "9-3",
			"busRouteId": "208000020",
			"busRouteNm": "9-3안양",
			"direction": "충훈부종점",
			"gpsX": "126.9033826343",
			"gpsY": "37.4057973301",
			"lastTm": "00:38",
			"posX": "191446.94192719588",
			"posY": "434060.376431196",
			"routeType": "8",
			"sectSpd": "18",
			"section": "208700144",
			"seq": "75",
			"station": "208000209",
			"stationNm": "충훈1교",
			"stationNo": "0",
			"transYn": "N",
			"fullSectDist": "480",
			"trnstnid": "120000059"
		},
		{
			"arsId": "0",
			"beginTm": "06:07",
			"busRouteAbrv": "9-3",
			"busRouteId": "208000020",
			"busRouteNm": "9-3안양",
			"direction": "충훈부종점",
			"gpsX": "126.9021383104",
			"gpsY": "37.4067412865",
			"lastTm": "00:40",
			"posX": "191336.89674159716",
			"posY": "434165.244086707",
			"routeType": "8",
			"sectSpd": "7",
			"section": "208700145",
			"seq": "76",
			"station": "208000101",
			"stationNm": "석수아이파크",
			"stationNo": "0",
			"transYn": "N",
			"fullSectDist": "220",
			"trnstnid": "120000059"
		},
		{
			"arsId": "0",
			"beginTm": "06:08",
			"busRouteAbrv": "9-3",
			"busRouteId": "208000020",
			"busRouteNm": "9-3안양",
			"direction": "충훈부종점",
			"gpsX": "126.9000428268",
			"gpsY": "37.40737098",
			"lastTm": "00:41",
			"posX": "191151.4702669553",
			"posY": "434235.31788295135",
			"routeType": "8",
			"sectSpd": "32",
			"section": "208700146",
			"seq": "77",
			"station": "208000100",
			"stationNm": "석수초등학교",
			"stationNo": "0",
			"transYn": "N",
			"fullSectDist": "200",
			"trnstnid": "120000059"
		},
		{
			"arsId": "0",
			"beginTm": "06:08",
			"busRouteAbrv": "9-3",
			"busRouteId": "208000020",
			"busRouteNm": "9-3안양",
			"direction": "충훈부종점",
			"gpsX": "126.8986334243",
			"gpsY": "37.4077046466",
			"lastTm": "00:41",
			"posX": "191026.74519728892",
			"posY": "434272.47918127663",
			"routeType": "8",
			"sectSpd": "23",
			"section": "208700147",
			"seq": "78",
			"station": "208000099",
			"stationNm": "석수3동행정복지센터.코오롱하늘",
			"stationNo": "0",
			"transYn": "N",
			"fullSectDist": "130",
			"trnstnid": "120000059"
		},
		{
			"arsId": "0",
			"beginTm": "06:08",
			"busRouteAbrv": "9-3",
			"busRouteId": "208000020",
			"busRouteNm": "9-3안양",
			"direction": "충훈부종점",
			"gpsX": "126.8964517074",
			"gpsY": "37.4072670608",
			"lastTm": "00:42",
			"posX": "190833.56010261548",
			"posY": "434224.1285673571",
			"routeType": "8",
			"sectSpd": "12",
			"section": "208700148",
			"seq": "79",
			"station": "208000098",
			"stationNm": "용강빌라",
			"stationNo": "0",
			"transYn": "N",
			"fullSectDist": "200",
			"trnstnid": "120000059"
		},
		{
			"arsId": "0",
			"beginTm": "06:09",
			"busRouteAbrv": "9-3",
			"busRouteId": "208000020",
			"busRouteNm": "9-3안양",
			"direction": "충훈부종점",
			"gpsX": "126.8951229353",
			"gpsY": "37.4078763671",
			"lastTm": "00:43",
			"posX": "190716.00792325241",
			"posY": "434291.87537277816",
			"routeType": "8",
			"sectSpd": "13",
			"section": "208700149",
			"seq": "80",
			"station": "208000097",
			"stationNm": "청란공원",
			"stationNo": "0",
			"transYn": "N",
			"fullSectDist": "190",
			"trnstnid": "120000059"
		},
		{
			"arsId": "0",
			"beginTm": "06:09",
			"busRouteAbrv": "9-3",
			"busRouteId": "208000020",
			"busRouteNm": "9-3안양",
			"direction": "충훈부종점",
			"gpsX": "126.8938029222",
			"gpsY": "37.409039762",
			"lastTm": "00:44",
			"posX": "190599.30225012286",
			"posY": "434421.11212124396",
			"routeType": "8",
			"sectSpd": "40",
			"section": "208700150",
			"seq": "81",
			"station": "208000096",
			"stationNm": "충훈부종점",
			"stationNo": "0",
			"transYn": "N",
			"fullSectDist": "220",
			"trnstnid": "120000059"
		}
	]
}