{
	"count": 113,
	"result": [
		{
			"arsId": "40619",
			"beginTm": "04:31",
			"busRouteAbrv": "11-5",
			"busRouteId": "208000005",
			"busRouteNm": "11-5안양",
			"direction": "갯마을앞",
			"gpsX": "126.9253683059",
			"gpsY": "37.3319224125",
			"lastTm": "23:30",
			"posX": "193386.7437073272",
			"posY": "425860.50869334117",
			"routeType": "8",
			"sectSpd": "0",
			"section": "0",
			"seq": "1",
			"station": "225000180",
			"stationNm": "군포공영차고지",
			"stationNo": "40619",
			"transYn": "N",
			"trnstnid": "119000289"
		},
		{
			"arsId": "40023",
			"beginTm": "04:31",
			"busRouteAbrv": "11-5",
			"busRouteId": "208000005",
			"busRouteNm": "11-5안양",
			"direction": "갯마을앞",
			"gpsX": "126.9262679095",
			"gpsY": "37.3340981772",
			"lastTm": "23:02",
			"posX": "193466.64773929387",
			"posY": "426101.895177579",
			"routeType": "8",
			"sectSpd": "6",
			"section": "225600236",
			"seq": "2",
			"station": "225000010",
			"stationNm": "군포보건소",
			"stationNo": "40023",
			"transYn": "N",
			"fullSectDist": "255",
			"trnstnid": "119000289"
		},
		{
			"arsId": "40609",
			"beginTm": "04:31",
			"busRouteAbrv": "11-5",
			"busRouteId": "208000005",
			"busRouteNm": "11-5안양",
			"direction": "갯마을앞",
			"gpsX": "126.9256951885",
			"gpsY": "37.3490365156",
			"lastTm": "23:02",
			"posX": "193417.20335982574",
			"posY": "427759.67540604295",
			"routeType": "8",
			"sectSpd": "34",
			"section": "225600237",
			"seq": "3",
			"station": "225000138",
			"stationNm": "수리산역",
			"stationNo": "40609",
			"transYn": "N",
			"fullSectDist": "1681",
			"trnstnid": "119000289"
		},
		{
			"arsId": "40111",
			"beginTm": "04:33",
			"busRouteAbrv": "11-5",
			"busRouteId": "208000005",
			"busRouteNm": "11-5안양",
			"direction": "갯마을앞",
			"gpsX": "126.9263661688",
			"gpsY": "37.3512032671",
			"lastTm": "23:04",
			"posX": "193476.83419606191",
			"posY": "428000.0784041905",
			"routeType": "8",
			"sectSpd": "10",
			"section": "225600004",
			"seq": "4",
			"station": "225000050",
			"stationNm": "군포소방서",
			"stationNo": "40111",
			"transYn": "N",
			"fullSectDist": "247",
			"trnstnid": "119000289"
		},
		{
			"arsId": "40145",
			"beginTm": "04:34",
			"busRouteAbrv": "11-5",
			"busRouteId": "208000005",
			"busRouteNm": "11-5안양",
			"direction": "갯마을앞",
			"gpsX": "126.9262312864",
			"gpsY": "37.3547409334",
			"lastTm": "23:05",
			"posX": "193465.1917412294",
			"posY": "428392.671142207",
			"routeType": "8",
			"sectSpd": "10",
			"section": "225600025",
			"seq": "5",
			"station": "225000005",
			"stationNm": "도장중학교",
			"stationNo": "40145",
			"transYn": "N",
			"fullSectDist": "407",
			"trnstnid": "119000289"
		},
		{
			"arsId": "40134",
			"beginTm": "04:35",
			"busRouteAbrv": "11-5",
			"busRouteId": "208000005",
			"busRouteNm": "11-5안양",
			"direction": "갯마을앞",
			"gpsX": "126.9236617983",
			"gpsY": "37.359003511",
			"lastTm": "23:07",
			"posX": "193237.95579177057",
			"posY": "428865.8809504388",
			"routeType": "8",
			"sectSpd": "17",
			"section": "225600026",
			"seq": "6",
			"station": "225000004",
			"stationNm": "경기폴리텍고등학교",
			"stationNo": "40134",
			"transYn": "N",
			"fullSectDist": "527",
			"trnstnid": "119000289"
		},
		{
			"arsId": "40133",
			"beginTm": "04:37",
			"busRouteAbrv": "11-5",
			"busRouteId": "208000005",
			"busRouteNm": "11-5안양",
			"direction": "갯마을앞",
			"gpsX": "126.9234137611",
			"gpsY": "37.3612631927",
			"lastTm": "23:09",
			"posX": "193216.1880380139",
			"posY": "429116.6614111662",
			"routeType": "8",
			"sectSpd": "19",
			"section": "225600027",
			"seq": "7",
			"station": "225000003",
			"stationNm": "둔전초등학교",
			"stationNo": "40133",
			"transYn": "N",
			"fullSectDist": "269",
			"trnstnid": "119000289"
		},
		{
			"arsId": "40140",
			"beginTm": "04:37",
			"busRouteAbrv": "11-5",
			"busRouteId": "208000005",
			"busRouteNm": "11-5안양",
			"direction": "갯마을앞",
			"gpsX": "126.9273727577",
			"gpsY": "37.3648341597",
			"lastTm": "23:09",
			"posX": "193567.17066537798",
			"posY": "429512.6638549026",
			"routeType": "8",
			"sectSpd": "12",
			"section": "225600028",
			"seq": "8",
			"station": "225000002",
			"stationNm": "엘림복지원",
			"stationNo": "40140",
			"transYn": "N",
			"fullSectDist": "531",
			"trnstnid": "119000289"
		},
		{
			"arsId": "40141",
			"beginTm": "04:40",
			"busRouteAbrv": "11-5",
			"busRouteId": "208000005",
			"busRouteNm": "11-5안양",
			"direction": "갯마을앞",
			"gpsX": "126.9296612116",
			"gpsY": "37.3667137051",
			"lastTm": "23:10",
			"posX": "193770.02184957112",
			"posY": "429721.08854155475",
			"routeType": "8",
			"sectSpd": "9",
			"section": "225600029",
			"seq": "9",
			"station": "225000001",
			"stationNm": "군포문화예술회관",
			"stationNo": "40141",
			"transYn": "N",
			"fullSectDist": "288",
			"trnstnid": "119000289"
		},
		{
			"arsId": "40144",
			"beginTm": "04:40",
			"busRouteAbrv": "11-5",
			"busRouteId": "208000005",
			"busRouteNm": "11-5안양",
			"direction": "갯마을앞",
			"gpsX": "126.9312216858",
			"gpsY": "37.36804587",
			"lastTm": "23:10",
			"posX": "193908.34236474094",
			"posY": "429868.8206317574",
			"routeType": "8",
			"sectSpd": "18",
			"section": "225600030",
			"seq": "10",
			"station": "225000100",
			"stationNm": "장미아파트",
			"stationNo": "40144",
			"transYn": "N",
			"fullSectDist": "200",
			"trnstnid": "119000289"
		},
		{
			"arsId": "40078",
			"beginTm": "04:41",
			"busRouteAbrv": "11-5",
			"busRouteId": "208000005",
			"busRouteNm": "11-5안양",
			"direction": "갯마을앞",
			"gpsX": "126.933638756",
			"gpsY": "37.3700643123",
			"lastTm": "23:11",
			"posX": "194122.57844015356",
			"posY": "430092.65944029996",
			"routeType": "8",
			"sectSpd": "23",
			"section": "225600031",
			"seq": "11",
			"station": "225000099",
			"stationNm": "산본2동행정복지센터",
			"stationNo": "40078",
			"transYn": "N",
			"fullSectDist": "307",
			"trnstnid": "119000289"
		},
		{
			"arsId": "40073",
			"beginTm": "04:41",
			"busRouteAbrv": "11-5",
			"busRouteId": "208000005",
			"busRouteNm": "11-5안양",
			"direction": "갯마을앞",
			"gpsX": "126.9369759346",
			"gpsY": "37.3699581243",
			"lastTm": "23:11",
			"posX": "194418.1347667442",
			"posY": "430080.6729111681",
			"routeType": "8",
			"sectSpd": "12",
			"section": "225600032",
			"seq": "12",
			"station": "225000098",
			"stationNm": "산본래미안아파트",
			"stationNo": "40073",
			"transYn": "N",
			"fullSectDist": "534",
			"trnstnid": "119000289"
		},
		{
			"arsId": "40067",
			"beginTm": "04:42",
			"busRouteAbrv": "11-5",
			"busRouteId": "208000005",
			"busRouteNm": "11-5안양",
			"direction": "갯마을앞",
			"gpsX": "126.9399987456",
			"gpsY": "37.3702506346",
			"lastTm": "23:15",
			"posX": "194685.87734390597",
			"posY": "430112.95912456466",
			"routeType": "8",
			"sectSpd": "11",
			"section": "225600033",
			"seq": "13",
			"station": "225000128",
			"stationNm": "삼성아파트입구",
			"stationNo": "40067",
			"transYn": "N",
			"fullSectDist": "360",
			"trnstnid": "119000289"
		},
		{
			"arsId": "40060",
			"beginTm": "04:44",
			"busRouteAbrv": "11-5",
			"busRouteId": "208000005",
			"busRouteNm": "11-5안양",
			"direction": "갯마을앞",
			"gpsX": "126.9421569251",
			"gpsY": "37.3716729559",
			"lastTm": "23:16",
			"posX": "194877.117262793",
			"posY": "430270.67872634716",
			"routeType": "8",
			"sectSpd": "16",
			"section": "225600034",
			"seq": "14",
			"station": "225000127",
			"stationNm": "금정역",
			"stationNo": "40060",
			"transYn": "N",
			"fullSectDist": "247",
			"trnstnid": "119000289"
		},
		{
			"arsId": "40096",
			"beginTm": "04:44",
			"busRouteAbrv": "11-5",
			"busRouteId": "208000005",
			"busRouteNm": "11-5안양",
			"direction": "갯마을앞",
			"gpsX": "126.9444568683",
			"gpsY": "37.3685144491",
			"lastTm": "23:17",
			"posX": "195080.60593790578",
			"posY": "429920.0482439706",
			"routeType": "8",
			"sectSpd": "17",
			"section": "225900203",
			"seq": "15",
			"station": "225000015",
			"stationNm": "금정가구거리",
			"stationNo": "40096",
			"transYn": "N",
			"fullSectDist": "522",
			"trnstnid": "119000289"
		},
		{
			"arsId": "26105",
			"beginTm": "04:45",
			"busRouteAbrv": "11-5",
			"busRouteId": "208000005",
			"busRouteNm": "11-5안양",
			"direction": "갯마을앞",
			"gpsX": "126.9426201574",
			"gpsY": "37.3654534386",
			"lastTm": "23:18",
			"posX": "194917.72399015847",
			"posY": "429580.45700380625",
			"routeType": "8",
			"sectSpd": "12",
			"section": "225900204",
			"seq": "16",
			"station": "225000097",
			"stationNm": "금정농협앞",
			"stationNo": "26105",
			"transYn": "N",
			"fullSectDist": "488",
			"trnstnid": "119000289"
		},
		{
			"arsId": "56076",
			"beginTm": "04:48",
			"busRouteAbrv": "11-5",
			"busRouteId": "208000005",
			"busRouteNm": "11-5안양",
			"direction": "갯마을앞",
			"gpsX": "126.9509327117",
			"gpsY": "37.3674057479",
			"lastTm": "23:21",
			"posX": "195654.10035114802",
			"posY": "429796.6948916791",
			"routeType": "8",
			"sectSpd": "19",
			"section": "225900205",
			"seq": "17",
			"station": "209000144",
			"stationNm": "삼신아파트",
			"stationNo": "56076",
			"transYn": "N",
			"fullSectDist": "956",
			"trnstnid": "119000289"
		},
		{
			"arsId": "56078",
			"beginTm": "04:50",
			"busRouteAbrv": "11-5",
			"busRouteId": "208000005",
			"busRouteNm": "11-5안양",
			"direction": "갯마을앞",
			"gpsX": "126.956023261",
			"gpsY": "37.3695524696",
			"lastTm": "23:23",
			"posX": "196105.08233757573",
			"posY": "430034.70020862715",
			"routeType": "8",
			"sectSpd": "9",
			"section": "209600022",
			"seq": "18",
			"station": "209000007",
			"stationNm": "서안이노빌아파트",
			"stationNo": "56078",
			"transYn": "N",
			"fullSectDist": "510",
			"trnstnid": "119000289"
		},
		{
			"arsId": "0",
			"beginTm": "04:51",
			"busRouteAbrv": "11-5",
			"busRouteId": "208000005",
			"busRouteNm": "11-5안양",
			"direction": "갯마을앞",
			"gpsX": "126.958115689",
			"gpsY": "37.3716366136",
			"lastTm": "23:24",
			"posX": "196290.50645981164",
			"posY": "430265.8990990324",
			"routeType": "8",
			"sectSpd": "8",
			"section": "209900268",
			"seq": "19",
			"station": "209000024",
			"stationNm": "호계사거리.호계전통시장.윌스기",
			"stationNo": "0",
			"transYn": "N",
			"fullSectDist": "346",
			"trnstnid": "119000289"
		},
		{
			"arsId": "0",
			"beginTm": "04:52",
			"busRouteAbrv": "11-5",
			"busRouteId": "208000005",
			"busRouteNm": "11-5안양",
			"direction": "갯마을앞",
			"gpsX": "126.9576246632",
			"gpsY": "37.3739956732",
			"lastTm": "23:25",
			"posX": "196247.13617440022",
			"posY": "430527.7099150112",
			"routeType": "8",
			"sectSpd": "19",
			"section": "209600104",
			"seq": "20",
			"station": "209000023",
			"stationNm": "호계종합시장",
			"stationNo": "0",
			"transYn": "N",
			"fullSectDist": "253",
			"trnstnid": "119000289"
		},
		{
			"arsId": "0",
			"beginTm": "04:53",
			"busRouteAbrv": "11-5",
			"busRouteId": "208000005",
			"busRouteNm": "11-5안양",
			"direction": "갯마을앞",
			"gpsX": "126.9558463396",
			"gpsY": "37.3775137309",
			"lastTm": "23:25",
			"posX": "196089.82610139332",
			"posY": "430918.19095008913",
			"routeType": "8",
			"sectSpd": "21",
			"section": "209600105",
			"seq": "21",
			"station": "209000022",
			"stationNm": "무궁화태영아파트.평촌더샵아이 ",
			"stationNo": "0",
			"transYn": "N",
			"fullSectDist": "421",
			"trnstnid": "119000289"
		},
		{
			"arsId": "0",
			"beginTm": "04:53",
			"busRouteAbrv": "11-5",
			"busRouteId": "208000005",
			"busRouteNm": "11-5안양",
			"direction": "갯마을앞",
			"gpsX": "126.9567888461",
			"gpsY": "37.3805991143",
			"lastTm": "23:26",
			"posX": "196173.44966432403",
			"posY": "431260.54626080906",
			"routeType": "8",
			"sectSpd": "11",
			"section": "209900269",
			"seq": "22",
			"station": "209000086",
			"stationNm": "무궁화진흥아파트",
			"stationNo": "0",
			"transYn": "N",
			"fullSectDist": "474",
			"trnstnid": "119000289"
		},
		{
			"arsId": "0",
			"beginTm": "04:54",
			"busRouteAbrv": "11-5",
			"busRouteId": "208000005",
			"busRouteNm": "11-5안양",
			"direction": "갯마을앞",
			"gpsX": "126.9558733606",
			"gpsY": "37.382269281",
			"lastTm": "23:28",
			"posX": "196092.46578932702",
			"posY": "431445.9270895794",
			"routeType": "8",
			"sectSpd": "15",
			"section": "209900270",
			"seq": "23",
			"station": "209000085",
			"stationNm": "무궁화금호아파트",
			"stationNo": "0",
			"transYn": "N",
			"fullSectDist": "198",
			"trnstnid": "119000289"
		},
		{
			"arsId": "0",
			"beginTm": "04:55",
			"busRouteAbrv": "11-5",
			"busRouteId": "208000005",
			"busRouteNm": "11-5안양",
			"direction": "갯마을앞",
			"gpsX": "126.9546282125",
			"gpsY": "37.3846055903",
			"lastTm": "23:29",
			"posX": "195982.32918074584",
			"posY": "431705.2465840974",
			"routeType": "8",
			"sectSpd": "6",
			"section": "209900271",
			"seq": "24",
			"station": "209000084",
			"stationNm": "범계중학교",
			"stationNo": "0",
			"transYn": "N",
			"fullSectDist": "266",
			"trnstnid": "119000289"
		},
		{
			"arsId": "0",
			"beginTm": "04:56",
			"busRouteAbrv": "11-5",
			"busRouteId": "208000005",
			"busRouteNm": "11-5안양",
			"direction": "갯마을앞",
			"gpsX": "126.9519517859",
			"gpsY": "37.3895851437",
			"lastTm": "23:29",
			"posX": "195745.61303311007",
			"posY": "432257.9601330529",
			"routeType": "8",
			"sectSpd": "13",
			"section": "209700088",
			"seq": "25",
			"station": "209000095",
			"stationNm": "범계역",
			"stationNo": "0",
			"transYn": "N",
			"fullSectDist": "610",
			"trnstnid": "119000289"
		},
		{
			"arsId": "56023",
			"beginTm": "04:58",
			"busRouteAbrv": "11-5",
			"busRouteId": "208000005",
			"busRouteNm": "11-5안양",
			"direction": "갯마을앞",
			"gpsX": "126.9497087429",
			"gpsY": "37.3905638412",
			"lastTm": "23:30",
			"posX": "195547.06263529413",
			"posY": "432366.6727341297",
			"routeType": "8",
			"sectSpd": "11",
			"section": "209700089",
			"seq": "26",
			"station": "209000094",
			"stationNm": "동안경찰서.범계역",
			"stationNo": "56023",
			"transYn": "N",
			"fullSectDist": "304",
			"trnstnid": "119000289"
		},
		{
			"arsId": "0",
			"beginTm": "05:00",
			"busRouteAbrv": "11-5",
			"busRouteId": "208000005",
			"busRouteNm": "11-5안양",
			"direction": "갯마을앞",
			"gpsX": "126.9469973285",
			"gpsY": "37.3918782458",
			"lastTm": "23:32",
			"posX": "195307.06786964656",
			"posY": "432512.66774126",
			"routeType": "8",
			"sectSpd": "18",
			"section": "209700090",
			"seq": "27",
			"station": "209000069",
			"stationNm": "은하수벽산아파트",
			"stationNo": "0",
			"transYn": "N",
			"fullSectDist": "348",
			"trnstnid": "119000289"
		},
		{
			"arsId": "0",
			"beginTm": "05:00",
			"busRouteAbrv": "11-5",
			"busRouteId": "208000005",
			"busRouteNm": "11-5안양",
			"direction": "갯마을앞",
			"gpsX": "126.9466347647",
			"gpsY": "37.3934730456",
			"lastTm": "23:33",
			"posX": "195275.0660558441",
			"posY": "432689.66580856685",
			"routeType": "8",
			"sectSpd": "18",
			"section": "209700091",
			"seq": "28",
			"station": "209000068",
			"stationNm": "부흥동행정복지센터",
			"stationNo": "0",
			"transYn": "N",
			"fullSectDist": "262",
			"trnstnid": "119000289"
		},
		{
			"arsId": "56026",
			"beginTm": "05:01",
			"busRouteAbrv": "11-5",
			"busRouteId": "208000005",
			"busRouteNm": "11-5안양",
			"direction": "갯마을앞",
			"gpsX": "126.9506877264",
			"gpsY": "37.3958357686",
			"lastTm": "23:33",
			"posX": "195634.05053666432",
			"posY": "432951.6694618566",
			"routeType": "8",
			"sectSpd": "20",
			"section": "209700092",
			"seq": "29",
			"station": "209000067",
			"stationNm": "샛별한양아파트",
			"stationNo": "56026",
			"transYn": "N",
			"fullSectDist": "473",
			"trnstnid": "119000289"
		},
		{
			"arsId": "56047",
			"beginTm": "05:03",
			"busRouteAbrv": "11-5",
			"busRouteId": "208000005",
			"busRouteNm": "11-5안양",
			"direction": "갯마을앞",
			"gpsX": "126.9554786751",
			"gpsY": "37.3975080066",
			"lastTm": "23:36",
			"posX": "196058.31326537623",
			"posY": "433137.0321703465",
			"routeType": "8",
			"sectSpd": "11",
			"section": "209600055",
			"seq": "30",
			"station": "209000066",
			"stationNm": "부림중학교.한가람단지",
			"stationNo": "56047",
			"transYn": "N",
			"fullSectDist": "439",
			"trnstnid": "119000289"
		},
		{
			"arsId": "56049",
			"beginTm": "05:06",
			"busRouteAbrv": "11-5",
			"busRouteId": "208000005",
			"busRouteNm": "11-5안양",
			"direction": "갯마을앞",
			"gpsX": "126.9569105217",
			"gpsY": "37.4002309015",
			"lastTm": "23:37",
			"posX": "196185.2195522618",
			"posY": "433439.1418598173",
			"routeType": "8",
			"sectSpd": "8",
			"section": "209600056",
			"seq": "31",
			"station": "209000065",
			"stationNm": "공작마을럭키아파트",
			"stationNo": "56049",
			"transYn": "N",
			"fullSectDist": "412",
			"trnstnid": "119000289"
		},
		{
			"arsId": "56032",
			"beginTm": "05:09",
			"busRouteAbrv": "11-5",
			"busRouteId": "208000005",
			"busRouteNm": "11-5안양",
			"direction": "갯마을앞",
			"gpsX": "126.9605825415",
			"gpsY": "37.4033838313",
			"lastTm": "23:39",
			"posX": "196510.45556598573",
			"posY": "433788.89079429023",
			"routeType": "8",
			"sectSpd": "10",
			"section": "209600057",
			"seq": "32",
			"station": "209000037",
			"stationNm": "관양중학교",
			"stationNo": "56032",
			"transYn": "N",
			"fullSectDist": "608",
			"trnstnid": "119000289"
		},
		{
			"arsId": "56033",
			"beginTm": "05:10",
			"busRouteAbrv": "11-5",
			"busRouteId": "208000005",
			"busRouteNm": "11-5안양",
			"direction": "갯마을앞",
			"gpsX": "126.9656090479",
			"gpsY": "37.40425231",
			"lastTm": "23:40",
			"posX": "196955.47672750553",
			"posY": "433885.0946975397",
			"routeType": "8",
			"sectSpd": "22",
			"section": "209600035",
			"seq": "33",
			"station": "209000036",
			"stationNm": "중촌마을.동안치매안심센터",
			"stationNo": "56033",
			"transYn": "N",
			"fullSectDist": "454",
			"trnstnid": "119000289"
		},
		{
			"arsId": "56046",
			"beginTm": "05:11",
			"busRouteAbrv": "11-5",
			"busRouteId": "208000005",
			"busRouteNm": "11-5안양",
			"direction": "갯마을앞",
			"gpsX": "126.9699818871",
			"gpsY": "37.4045165409",
			"lastTm": "23:41",
			"posX": "197342.5998276112",
			"posY": "433914.2851210409",
			"routeType": "8",
			"sectSpd": "19",
			"section": "209600036",
			"seq": "34",
			"station": "209000035",
			"stationNm": "부림마을.관양2동행정복지센터",
			"stationNo": "56046",
			"transYn": "N",
			"fullSectDist": "387",
			"trnstnid": "119000289"
		},
		{
			"arsId": "56045",
			"beginTm": "05:12",
			"busRouteAbrv": "11-5",
			"busRouteId": "208000005",
			"busRouteNm": "11-5안양",
			"direction": "갯마을앞",
			"gpsX": "126.9739252125",
			"gpsY": "37.4034777391",
			"lastTm": "23:42",
			"posX": "197691.65698583444",
			"posY": "433798.9019939122",
			"routeType": "8",
			"sectSpd": "16",
			"section": "209600037",
			"seq": "35",
			"station": "209000034",
			"stationNm": "인덕원역4호선.인덕원성당",
			"stationNo": "56045",
			"transYn": "N",
			"fullSectDist": "404",
			"trnstnid": "119000289"
		},
		{
			"arsId": "21082",
			"beginTm": "05:13",
			"busRouteAbrv": "11-5",
			"busRouteId": "208000005",
			"busRouteNm": "11-5안양",
			"direction": "갯마을앞",
			"gpsX": "126.9798463193",
			"gpsY": "37.4082308325",
			"lastTm": "23:44",
			"posX": "198215.95213130713",
			"posY": "434326.2404580042",
			"routeType": "8",
			"sectSpd": "10",
			"section": "209600127",
			"seq": "36",
			"station": "220000092",
			"stationNm": "린파밀리에",
			"stationNo": "21082",
			"transYn": "N",
			"fullSectDist": "1020",
			"trnstnid": "119000289"
		},
		{
			"arsId": "37013",
			"beginTm": "05:17",
			"busRouteAbrv": "11-5",
			"busRouteId": "208000005",
			"busRouteNm": "11-5안양",
			"direction": "갯마을앞",
			"gpsX": "126.982253706",
			"gpsY": "37.4132660469",
			"lastTm": "23:45",
			"posX": "198429.164412782",
			"posY": "434884.9729391099",
			"routeType": "8",
			"sectSpd": "3",
			"section": "220700130",
			"seq": "37",
			"station": "220000028",
			"stationNm": "과천푸르지오라비엔오",
			"stationNo": "37013",
			"transYn": "N",
			"fullSectDist": "450",
			"trnstnid": "119000289"
		},
		{
			"arsId": "37008",
			"beginTm": "05:17",
			"busRouteAbrv": "11-5",
			"busRouteId": "208000005",
			"busRouteNm": "11-5안양",
			"direction": "갯마을앞",
			"gpsX": "126.9843388446",
			"gpsY": "37.4150734348",
			"lastTm": "23:46",
			"posX": "198613.7663964626",
			"posY": "435085.5125001259",
			"routeType": "8",
			"sectSpd": "45",
			"section": "220600010",
			"seq": "38",
			"station": "220000027",
			"stationNm": "찬우물",
			"stationNo": "37008",
			"transYn": "N",
			"fullSectDist": "430",
			"trnstnid": "119000289"
		},
		{
			"arsId": "37037",
			"beginTm": "05:18",
			"busRouteAbrv": "11-5",
			"busRouteId": "208000005",
			"busRouteNm": "11-5안양",
			"direction": "갯마을앞",
			"gpsX": "126.9886203805",
			"gpsY": "37.4189811192",
			"lastTm": "23:47",
			"posX": "198992.79517276728",
			"posY": "435519.10798468627",
			"routeType": "8",
			"sectSpd": "18",
			"section": "220600011",
			"seq": "39",
			"station": "220000031",
			"stationNm": "정보과학도서관",
			"stationNo": "37037",
			"transYn": "N",
			"fullSectDist": "580",
			"trnstnid": "119000289"
		},
		{
			"arsId": "37010",
			"beginTm": "05:19",
			"busRouteAbrv": "11-5",
			"busRouteId": "208000005",
			"busRouteNm": "11-5안양",
			"direction": "갯마을앞",
			"gpsX": "126.9890786881",
			"gpsY": "37.4216222419",
			"lastTm": "23:47",
			"posX": "199033.39371445635",
			"posY": "435812.1982539417",
			"routeType": "8",
			"sectSpd": "20",
			"section": "220600012",
			"seq": "40",
			"station": "220000026",
			"stationNm": "과천위버필드.래미안슈르",
			"stationNo": "37010",
			"transYn": "N",
			"fullSectDist": "300",
			"trnstnid": "119000289"
		},
		{
			"arsId": "37018",
			"beginTm": "05:20",
			"busRouteAbrv": "11-5",
			"busRouteId": "208000005",
			"busRouteNm": "11-5안양",
			"direction": "갯마을앞",
			"gpsX": "126.9903168771",
			"gpsY": "37.4263973313",
			"lastTm": "23:48",
			"posX": "199143.03582316788",
			"posY": "436342.0957837864",
			"routeType": "8",
			"sectSpd": "16",
			"section": "220600013",
			"seq": "41",
			"station": "220000025",
			"stationNm": "정부과천청사역2번출구",
			"stationNo": "37018",
			"transYn": "N",
			"fullSectDist": "550",
			"trnstnid": "119000289"
		},
		{
			"arsId": "37017",
			"beginTm": "05:21",
			"busRouteAbrv": "11-5",
			"busRouteId": "208000005",
			"busRouteNm": "11-5안양",
			"direction": "갯마을앞",
			"gpsX": "126.9922696122",
			"gpsY": "37.4286475839",
			"lastTm": "23:50",
			"posX": "199315.874930006",
			"posY": "436591.7989062569",
			"routeType": "8",
			"sectSpd": "13",
			"section": "220600014",
			"seq": "42",
			"station": "220000024",
			"stationNm": "과천중앙공원.KT과천지사",
			"stationNo": "37017",
			"transYn": "N",
			"fullSectDist": "310",
			"trnstnid": "119000289"
		},
		{
			"arsId": "37016",
			"beginTm": "05:23",
			"busRouteAbrv": "11-5",
			"busRouteId": "208000005",
			"busRouteNm": "11-5안양",
			"direction": "갯마을앞",
			"gpsX": "126.9947101438",
			"gpsY": "37.431418629",
			"lastTm": "23:51",
			"posX": "199531.87473427734",
			"posY": "436899.297527086",
			"routeType": "8",
			"sectSpd": "21",
			"section": "220600015",
			"seq": "43",
			"station": "220000023",
			"stationNm": "경기과천교육도서관.과천역6출구",
			"stationNo": "37016",
			"transYn": "N",
			"fullSectDist": "380",
			"trnstnid": "119000289"
		},
		{
			"arsId": "37019",
			"beginTm": "05:23",
			"busRouteAbrv": "11-5",
			"busRouteId": "208000005",
			"busRouteNm": "11-5안양",
			"direction": "갯마을앞",
			"gpsX": "126.9967059464",
			"gpsY": "37.4356564374",
			"lastTm": "23:52",
			"posX": "199708.5095096218",
			"posY": "437369.5756664397",
			"routeType": "8",
			"sectSpd": "17",
			"section": "220600016",
			"seq": "44",
			"station": "220000022",
			"stationNm": "8.9단지",
			"stationNo": "37019",
			"transYn": "N",
			"fullSectDist": "550",
			"trnstnid": "119000289"
		},
		{
			"arsId": "37005",
			"beginTm": "05:24",
			"busRouteAbrv": "11-5",
			"busRouteId": "208000005",
			"busRouteNm": "11-5안양",
			"direction": "갯마을앞",
			"gpsX": "126.9946011987",
			"gpsY": "37.4388715416",
			"lastTm": "23:54",
			"posX": "199522.28102277635",
			"posY": "437726.377173868",
			"routeType": "8",
			"sectSpd": "18",
			"section": "220600017",
			"seq": "45",
			"station": "220000021",
			"stationNm": "관문체육공원.과천성당",
			"stationNo": "37005",
			"transYn": "N",
			"fullSectDist": "400",
			"trnstnid": "119000289"
		},
		{
			"arsId": "37034",
			"beginTm": "05:26",
			"busRouteAbrv": "11-5",
			"busRouteId": "208000005",
			"busRouteNm": "11-5안양",
			"direction": "갯마을앞",
			"gpsX": "126.9942024148",
			"gpsY": "37.4495250787",
			"lastTm": "23:55",
			"posX": "199487.0669180742",
			"posY": "438908.6461019139",
			"routeType": "8",
			"sectSpd": "29",
			"section": "220600035",
			"seq": "46",
			"station": "220000020",
			"stationNm": "과천동주민센터",
			"stationNo": "37034",
			"transYn": "N",
			"fullSectDist": "1230",
			"trnstnid": "119000289"
		},
		{
			"arsId": "37029",
			"beginTm": "05:29",
			"busRouteAbrv": "11-5",
			"busRouteId": "208000005",
			"busRouteNm": "11-5안양",
			"direction": "갯마을앞",
			"gpsX": "126.9889615763",
			"gpsY": "37.4579204403",
			"lastTm": "23:57",
			"posX": "199023.50036056916",
			"posY": "439840.3568381318",
			"routeType": "8",
			"sectSpd": "35",
			"section": "220600036",
			"seq": "47",
			"station": "220000001",
			"stationNm": "남태령고개",
			"stationNo": "37029",
			"transYn": "N",
			"fullSectDist": "1040",
			"trnstnid": "119000289"
		},
		{
			"arsId": " ",
			"beginTm": "05:30",
			"busRouteAbrv": "11-5",
			"busRouteId": "208000005",
			"busRouteNm": "11-5안양",
			"direction": "갯마을앞",
			"gpsX": "126.9881472437",
			"gpsY": "37.4623583001",
			"lastTm": "23:58",
			"posX": "198951.523463798",
			"posY": "440332.8544759061",
			"routeType": "8",
			"sectSpd": "48",
			"section": "220900169",
			"seq": "48",
			"station": "277103903",
			"stationNm": "서울진입(경유)",
			"stationNo": "미정차",
			"transYn": "N",
			"fullSectDist": "498",
			"trnstnid": "119000289"
		},
		{
			"arsId": "22026",
			"beginTm": "05:37",
			"busRouteAbrv": "11-5",
			"busRouteId": "208000005",
			"busRouteNm": "11-5안양",
			"direction": "갯마을앞",
			"gpsX": "126.9880882012",
			"gpsY": "37.4656951829",
			"lastTm": "00:00",
			"posX": "198946.3474848161",
			"posY": "440703.16398771387",
			"routeType": "8",
			"sectSpd": "43",
			"section": "277700161",
			"seq": "49",
			"station": "120000671",
			"stationNm": "남태령역",
			"stationNo": "22026",
			"transYn": "N",
			"fullSectDist": "373",
			"trnstnid": "119000289"
		},
		{
			"arsId": " ",
			"beginTm": "05:31",
			"busRouteAbrv": "11-5",
			"busRouteId": "208000005",
			"busRouteNm": "11-5안양",
			"direction": "갯마을앞",
			"gpsX": "126.9843311673",
			"gpsY": "37.4703269717",
			"lastTm": "00:00",
			"posX": "198614.10634242097",
			"posY": "441217.2233715011",
			"routeType": "8",
			"sectSpd": "23",
			"section": "120602453",
			"seq": "50",
			"station": "277103902",
			"stationNm": "사당IC(경유)",
			"stationNo": "미정차",
			"transYn": "N",
			"fullSectDist": "614",
			"trnstnid": "119000289"
		},
		{
			"arsId": "22028",
			"beginTm": "05:39",
			"busRouteAbrv": "11-5",
			"busRouteId": "208000005",
			"busRouteNm": "11-5안양",
			"direction": "갯마을앞",
			"gpsX": "126.9819451802",
			"gpsY": "37.4743280355",
			"lastTm": "00:01",
			"posX": "198403.15312824197",
			"posY": "441661.27777923224",
			"routeType": "8",
			"sectSpd": "19",
			"section": "277700162",
			"seq": "51",
			"station": "121001315",
			"stationNm": "사당역",
			"stationNo": "22028",
			"transYn": "N",
			"fullSectDist": "655",
			"trnstnid": "119000289"
		},
		{
			"arsId": "22027",
			"beginTm": "05:33",
			"busRouteAbrv": "11-5",
			"busRouteId": "208000005",
			"busRouteNm": "11-5안양",
			"direction": "갯마을앞",
			"gpsX": "126.9820742447",
			"gpsY": "37.4823316953",
			"lastTm": "00:02",
			"posX": "198414.73724147407",
			"posY": "442549.4797849343",
			"routeType": "8",
			"sectSpd": "14",
			"section": "121705480",
			"seq": "52",
			"station": "121000533",
			"stationNm": "이수역",
			"stationNo": "22027",
			"transYn": "N",
			"fullSectDist": "870",
			"trnstnid": "119000289"
		},
		{
			"arsId": "22029",
			"beginTm": "05:36",
			"busRouteAbrv": "11-5",
			"busRouteId": "208000005",
			"busRouteNm": "11-5안양",
			"direction": "갯마을앞",
			"gpsX": "126.9823285688",
			"gpsY": "37.4875329115",
			"lastTm": "00:05",
			"posX": "198437.33671272665",
			"posY": "443126.67987197964",
			"routeType": "8",
			"sectSpd": "14",
			"section": "121703534",
			"seq": "53",
			"station": "121000532",
			"stationNm": "총신대입구역.남성시장입구앞",
			"stationNo": "22029",
			"transYn": "N",
			"fullSectDist": "570",
			"trnstnid": "119000289"
		},
		{
			"arsId": "22031",
			"beginTm": "05:38",
			"busRouteAbrv": "11-5",
			"busRouteId": "208000005",
			"busRouteNm": "11-5안양",
			"direction": "갯마을앞",
			"gpsX": "126.9827417832",
			"gpsY": "37.4904372318",
			"lastTm": "00:08",
			"posX": "198473.93584938865",
			"posY": "443448.9799082121",
			"routeType": "8",
			"sectSpd": "16",
			"section": "121600054",
			"seq": "54",
			"station": "121000531",
			"stationNm": "경문고등학교",
			"stationNo": "22031",
			"transYn": "N",
			"fullSectDist": "340",
			"trnstnid": "119000289"
		},
		{
			"arsId": "22033",
			"beginTm": "05:39",
			"busRouteAbrv": "11-5",
			"busRouteId": "208000005",
			"busRouteNm": "11-5안양",
			"direction": "갯마을앞",
			"gpsX": "126.9828101212",
			"gpsY": "37.4932522904",
			"lastTm": "00:08",
			"posX": "198480.03570990052",
			"posY": "443761.3799553127",
			"routeType": "8",
			"sectSpd": "13",
			"section": "121702797",
			"seq": "55",
			"station": "121000530",
			"stationNm": "정금마을",
			"stationNo": "22033",
			"transYn": "N",
			"fullSectDist": "290",
			"trnstnid": "119000289"
		},
		{
			"arsId": "20015",
			"beginTm": "05:41",
			"busRouteAbrv": "11-5",
			"busRouteId": "208000005",
			"busRouteNm": "11-5안양",
			"direction": "갯마을앞",
			"gpsX": "126.983311749",
			"gpsY": "37.4975550541",
			"lastTm": "00:09",
			"posX": "198524.47532646806",
			"posY": "444238.87150009116",
			"routeType": "8",
			"sectSpd": "12",
			"section": "121900419",
			"seq": "56",
			"station": "119000289",
			"stationNm": "갯마을앞",
			"stationNo": "20015",
			"transYn": "Y",
			"fullSectDist": "840",
			"trnstnid": "119000289"
		},
		{
			"arsId": "20016",
			"beginTm": "05:43",
			"busRouteAbrv": "11-5",
			"busRouteId": "208000005",
			"busRouteNm": "11-5안양",
			"direction": "군포공영차고지(경유)",
			"gpsX": "126.9826144422",
			"gpsY": "37.4942338943",
			"lastTm": "00:13",
			"posX": "198462.753491536",
			"posY": "443870.31666931044",
			"routeType": "8",
			"sectSpd": "21",
			"section": "119600025",
			"seq": "57",
			"station": "119000288",
			"stationNm": "정금마을.방배경찰서",
			"stationNo": "20016",
			"transYn": "N",
			"fullSectDist": "380",
			"trnstnid": "119000289"
		},
		{
			"arsId": "20017",
			"beginTm": "05:44",
			"busRouteAbrv": "11-5",
			"busRouteId": "208000005",
			"busRouteNm": "11-5안양",
			"direction": "군포공영차고지(경유)",
			"gpsX": "126.9825668807",
			"gpsY": "37.4914511077",
			"lastTm": "00:14",
			"posX": "198458.4908682638",
			"posY": "443561.49762762757",
			"routeType": "8",
			"sectSpd": "16",
			"section": "119601983",
			"seq": "58",
			"station": "119000287",
			"stationNm": "경문고교.배나무골앞",
			"stationNo": "20017",
			"transYn": "N",
			"fullSectDist": "290",
			"trnstnid": "119000289"
		},
		{
			"arsId": "20018",
			"beginTm": "05:45",
			"busRouteAbrv": "11-5",
			"busRouteId": "208000005",
			"busRouteNm": "11-5안양",
			"direction": "군포공영차고지(경유)",
			"gpsX": "126.9822243706",
			"gpsY": "37.4882168341",
			"lastTm": "00:14",
			"posX": "198428.136922661",
			"posY": "443202.5798721984",
			"routeType": "8",
			"sectSpd": "21",
			"section": "119701506",
			"seq": "59",
			"station": "119000286",
			"stationNm": "총신대입구역.남성시장입구앞",
			"stationNo": "20018",
			"transYn": "N",
			"fullSectDist": "380",
			"trnstnid": "119000289"
		},
		{
			"arsId": "20019",
			"beginTm": "05:45",
			"busRouteAbrv": "11-5",
			"busRouteId": "208000005",
			"busRouteNm": "11-5안양",
			"direction": "군포공영차고지(경유)",
			"gpsX": "126.9819451238",
			"gpsY": "37.4832273743",
			"lastTm": "00:14",
			"posX": "198403.33750527637",
			"posY": "442648.87979923235",
			"routeType": "8",
			"sectSpd": "13",
			"section": "119600121",
			"seq": "60",
			"station": "119000285",
			"stationNm": "사당동우체국앞",
			"stationNo": "20019",
			"transYn": "N",
			"fullSectDist": "540",
			"trnstnid": "119000289"
		},
		{
			"arsId": "20020",
			"beginTm": "05:48",
			"busRouteAbrv": "11-5",
			"busRouteId": "208000005",
			"busRouteNm": "11-5안양",
			"direction": "군포공영차고지(경유)",
			"gpsX": "126.9818145731",
			"gpsY": "37.4806790282",
			"lastTm": "00:17",
			"posX": "198391.73778086723",
			"posY": "442366.0797632518",
			"routeType": "8",
			"sectSpd": "19",
			"section": "119600029",
			"seq": "61",
			"station": "119000284",
			"stationNm": "방배노인종합복지관",
			"stationNo": "20020",
			"transYn": "N",
			"fullSectDist": "310",
			"trnstnid": "119000289"
		},
		{
			"arsId": "21028",
			"beginTm": "05:48",
			"busRouteAbrv": "11-5",
			"busRouteId": "208000005",
			"busRouteNm": "11-5안양",
			"direction": "군포공영차고지(경유)",
			"gpsX": "126.9816636465",
			"gpsY": "37.4751799938",
			"lastTm": "00:18",
			"posX": "198378.27147121425",
			"posY": "441755.8283968335",
			"routeType": "8",
			"sectSpd": "13",
			"section": "119704233",
			"seq": "62",
			"station": "121001314",
			"stationNm": "사당역",
			"stationNo": "21028",
			"transYn": "N",
			"fullSectDist": "670",
			"trnstnid": "119000289"
		},
		{
			"arsId": "21027",
			"beginTm": "05:51",
			"busRouteAbrv": "11-5",
			"busRouteId": "208000005",
			"busRouteNm": "11-5안양",
			"direction": "군포공영차고지(경유)",
			"gpsX": "126.9831812603",
			"gpsY": "37.4716652916",
			"lastTm": "00:20",
			"posX": "198512.4246616964",
			"posY": "441365.7604520102",
			"routeType": "8",
			"sectSpd": "24",
			"section": "121607534",
			"seq": "63",
			"station": "120000672",
			"stationNm": "사당자동차학원",
			"stationNo": "21027",
			"transYn": "N",
			"fullSectDist": "340",
			"trnstnid": "119000289"
		},
		{
			"arsId": "21163",
			"beginTm": "05:51",
			"busRouteAbrv": "11-5",
			"busRouteId": "208000005",
			"busRouteNm": "11-5안양",
			"direction": "군포공영차고지(경유)",
			"gpsX": "126.987784",
			"gpsY": "37.46557",
			"lastTm": "00:21",
			"posX": "198919.43771005614",
			"posY": "440689.2753222827",
			"routeType": "8",
			"sectSpd": "27",
			"section": "120602357",
			"seq": "64",
			"station": "120000061",
			"stationNm": "남태령역",
			"stationNo": "21163",
			"transYn": "N",
			"fullSectDist": "800",
			"trnstnid": "119000289"
		},
		{
			"arsId": "37028",
			"beginTm": "05:53",
			"busRouteAbrv": "11-5",
			"busRouteId": "208000005",
			"busRouteNm": "11-5안양",
			"direction": "군포공영차고지(경유)",
			"gpsX": "126.9885668625",
			"gpsY": "37.4576877129",
			"lastTm": "00:22",
			"posX": "198988.57938871556",
			"posY": "439814.53422623454",
			"routeType": "8",
			"sectSpd": "35",
			"section": "120900047",
			"seq": "65",
			"station": "220000002",
			"stationNm": "남태령고개",
			"stationNo": "37028",
			"transYn": "N",
			"fullSectDist": "910",
			"trnstnid": "119000289"
		},
		{
			"arsId": "37033",
			"beginTm": "05:54",
			"busRouteAbrv": "11-5",
			"busRouteId": "208000005",
			"busRouteNm": "11-5안양",
			"direction": "군포공영차고지(경유)",
			"gpsX": "126.994122992",
			"gpsY": "37.4486082327",
			"lastTm": "00:24",
			"posX": "199480.0337530443",
			"posY": "438806.90028166166",
			"routeType": "8",
			"sectSpd": "49",
			"section": "220600038",
			"seq": "66",
			"station": "220000009",
			"stationNm": "과천동주민센터",
			"stationNo": "37033",
			"transYn": "N",
			"fullSectDist": "1120",
			"trnstnid": "119000289"
		},
		{
			"arsId": "37001",
			"beginTm": "05:55",
			"busRouteAbrv": "11-5",
			"busRouteId": "208000005",
			"busRouteNm": "11-5안양",
			"direction": "군포공영차고지(경유)",
			"gpsX": "126.9943474218",
			"gpsY": "37.4387282522",
			"lastTm": "00:25",
			"posX": "199499.82433594967",
			"posY": "437710.47709082766",
			"routeType": "8",
			"sectSpd": "29",
			"section": "220600039",
			"seq": "67",
			"station": "220000008",
			"stationNm": "관문체육공원.과천성당",
			"stationNo": "37001",
			"transYn": "N",
			"fullSectDist": "1130",
			"trnstnid": "119000289"
		},
		{
			"arsId": "37003",
			"beginTm": "05:56",
			"busRouteAbrv": "11-5",
			"busRouteId": "208000005",
			"busRouteNm": "11-5안양",
			"direction": "군포공영차고지(경유)",
			"gpsX": "126.9965270158",
			"gpsY": "37.4352773674",
			"lastTm": "00:26",
			"posX": "199692.67440778168",
			"posY": "437327.50933987275",
			"routeType": "8",
			"sectSpd": "17",
			"section": "220600027",
			"seq": "68",
			"station": "220000007",
			"stationNm": "10단지",
			"stationNo": "37003",
			"transYn": "N",
			"fullSectDist": "430",
			"trnstnid": "119000289"
		},
		{
			"arsId": "37004",
			"beginTm": "05:58",
			"busRouteAbrv": "11-5",
			"busRouteId": "208000005",
			"busRouteNm": "11-5안양",
			"direction": "군포공영차고지(경유)",
			"gpsX": "126.9946117471",
			"gpsY": "37.4317976183",
			"lastTm": "00:28",
			"posX": "199523.16953279788",
			"posY": "436941.3559322022",
			"routeType": "8",
			"sectSpd": "26",
			"section": "220600028",
			"seq": "69",
			"station": "220000006",
			"stationNm": "경기과천교육도서관.과천역7출구",
			"stationNo": "37004",
			"transYn": "N",
			"fullSectDist": "510",
			"trnstnid": "119000289"
		},
		{
			"arsId": "37002",
			"beginTm": "06:00",
			"busRouteAbrv": "11-5",
			"busRouteId": "208000005",
			"busRouteNm": "11-5안양",
			"direction": "군포공영차고지(경유)",
			"gpsX": "126.9917821415",
			"gpsY": "37.4286430635",
			"lastTm": "00:30",
			"posX": "199272.7346278604",
			"posY": "436591.3009092817",
			"routeType": "8",
			"sectSpd": "25",
			"section": "220600029",
			"seq": "70",
			"station": "220000005",
			"stationNm": "정부과천청사역11번출구.KT과천 ",
			"stationNo": "37002",
			"transYn": "N",
			"fullSectDist": "400",
			"trnstnid": "119000289"
		},
		{
			"arsId": "37006",
			"beginTm": "06:00",
			"busRouteAbrv": "11-5",
			"busRouteId": "208000005",
			"busRouteNm": "11-5안양",
			"direction": "군포공영차고지(경유)",
			"gpsX": "126.9899513071",
			"gpsY": "37.4265735264",
			"lastTm": "00:30",
			"posX": "199110.68466775588",
			"posY": "436361.6522059692",
			"routeType": "8",
			"sectSpd": "13",
			"section": "220600092",
			"seq": "71",
			"station": "220000004",
			"stationNm": "정부과천청사역3번출구",
			"stationNo": "37006",
			"transYn": "N",
			"fullSectDist": "280",
			"trnstnid": "119000289"
		},
		{
			"arsId": "37009",
			"beginTm": "06:01",
			"busRouteAbrv": "11-5",
			"busRouteId": "208000005",
			"busRouteNm": "11-5안양",
			"direction": "군포공영차고지(경유)",
			"gpsX": "126.9887391201",
			"gpsY": "37.4216492367",
			"lastTm": "00:31",
			"posX": "199003.34012202176",
			"posY": "435815.1975018056",
			"routeType": "8",
			"sectSpd": "11",
			"section": "220600031",
			"seq": "72",
			"station": "220000003",
			"stationNm": "수자원공사.센트레빌아스테리움",
			"stationNo": "37009",
			"transYn": "N",
			"fullSectDist": "550",
			"trnstnid": "119000289"
		},
		{
			"arsId": "37012",
			"beginTm": "06:03",
			"busRouteAbrv": "11-5",
			"busRouteId": "208000005",
			"busRouteNm": "11-5안양",
			"direction": "군포공영차고지(경유)",
			"gpsX": "126.9839862823",
			"gpsY": "37.4154482604",
			"lastTm": "00:33",
			"posX": "198582.56671344105",
			"posY": "435127.11347658",
			"routeType": "8",
			"sectSpd": "18",
			"section": "220600032",
			"seq": "73",
			"station": "220000030",
			"stationNm": "찬우물",
			"stationNo": "37012",
			"transYn": "N",
			"fullSectDist": "860",
			"trnstnid": "119000289"
		},
		{
			"arsId": "37014",
			"beginTm": "06:05",
			"busRouteAbrv": "11-5",
			"busRouteId": "208000005",
			"busRouteNm": "11-5안양",
			"direction": "군포공영차고지(경유)",
			"gpsX": "126.9817530385",
			"gpsY": "37.4134879146",
			"lastTm": "00:35",
			"posX": "198384.85196150572",
			"posY": "434909.60283961473",
			"routeType": "8",
			"sectSpd": "30",
			"section": "220600033",
			"seq": "74",
			"station": "220000029",
			"stationNm": "과천지식정보타운",
			"stationNo": "37014",
			"transYn": "N",
			"fullSectDist": "580",
			"trnstnid": "119000289"
		},
		{
			"arsId": "21072",
			"beginTm": "06:05",
			"busRouteAbrv": "11-5",
			"busRouteId": "208000005",
			"busRouteNm": "11-5안양",
			"direction": "군포공영차고지(경유)",
			"gpsX": "126.9792865815",
			"gpsY": "37.4081971608",
			"lastTm": "00:35",
			"posX": "198166.40209652443",
			"posY": "434322.5145285097",
			"routeType": "8",
			"sectSpd": "4",
			"section": "220600096",
			"seq": "75",
			"station": "220000082",
			"stationNm": "린파밀리에",
			"stationNo": "21072",
			"transYn": "N",
			"fullSectDist": "350",
			"trnstnid": "119000289"
		},
		{
			"arsId": "56035",
			"beginTm": "06:06",
			"busRouteAbrv": "11-5",
			"busRouteId": "208000005",
			"busRouteNm": "11-5안양",
			"direction": "군포공영차고지(경유)",
			"gpsX": "126.9756565785",
			"gpsY": "37.4030954881",
			"lastTm": "00:38",
			"posX": "197844.9200264721",
			"posY": "433756.44135730946",
			"routeType": "8",
			"sectSpd": "20",
			"section": "220600098",
			"seq": "76",
			"station": "209000116",
			"stationNm": "인덕원역4호선",
			"stationNo": "56035",
			"transYn": "N",
			"fullSectDist": "830",
			"trnstnid": "119000289"
		},
		{
			"arsId": "63208",
			"beginTm": "06:07",
			"busRouteAbrv": "11-5",
			"busRouteId": "208000005",
			"busRouteNm": "11-5안양",
			"direction": "군포공영차고지(경유)",
			"gpsX": "126.9718626007",
			"gpsY": "37.4050783358",
			"lastTm": "00:40",
			"posX": "197509.11152859413",
			"posY": "433976.57807251625",
			"routeType": "8",
			"sectSpd": "19",
			"section": "209600039",
			"seq": "77",
			"station": "209000259",
			"stationNm": "동편마을입구",
			"stationNo": "63208",
			"transYn": "N",
			"fullSectDist": "400",
			"trnstnid": "119000289"
		},
		{
			"arsId": "56036",
			"beginTm": "06:09",
			"busRouteAbrv": "11-5",
			"busRouteId": "208000005",
			"busRouteNm": "11-5안양",
			"direction": "군포공영차고지(경유)",
			"gpsX": "126.9694137751",
			"gpsY": "37.4050157913",
			"lastTm": "00:41",
			"posX": "197292.32479332766",
			"posY": "433969.70478108665",
			"routeType": "8",
			"sectSpd": "11",
			"section": "209600040",
			"seq": "78",
			"station": "209000115",
			"stationNm": "부림마을",
			"stationNo": "56036",
			"transYn": "N",
			"fullSectDist": "210",
			"trnstnid": "119000289"
		},
		{
			"arsId": "56034",
			"beginTm": "06:09",
			"busRouteAbrv": "11-5",
			"busRouteId": "208000005",
			"busRouteNm": "11-5안양",
			"direction": "군포공영차고지(경유)",
			"gpsX": "126.9654957656",
			"gpsY": "37.4047731826",
			"lastTm": "00:43",
			"posX": "196945.46934516847",
			"posY": "433942.9013497173",
			"routeType": "8",
			"sectSpd": "25",
			"section": "209600041",
			"seq": "79",
			"station": "209000052",
			"stationNm": "중촌마을.동안치매안심센터",
			"stationNo": "56034",
			"transYn": "N",
			"fullSectDist": "350",
			"trnstnid": "119000289"
		},
		{
			"arsId": "56029",
			"beginTm": "06:10",
			"busRouteAbrv": "11-5",
			"busRouteId": "208000005",
			"busRouteNm": "11-5안양",
			"direction": "군포공영차고지(경유)",
			"gpsX": "126.9612170637",
			"gpsY": "37.4040376877",
			"lastTm": "00:43",
			"posX": "196566.65831463088",
			"posY": "433861.42815112416",
			"routeType": "8",
			"sectSpd": "26",
			"section": "209600042",
			"seq": "80",
			"station": "209000051",
			"stationNm": "관양중학교",
			"stationNo": "56029",
			"transYn": "N",
			"fullSectDist": "380",
			"trnstnid": "119000289"
		},
		{
			"arsId": "56048",
			"beginTm": "06:10",
			"busRouteAbrv": "11-5",
			"busRouteId": "208000005",
			"busRouteNm": "11-5안양",
			"direction": "군포공영차고지(경유)",
			"gpsX": "126.9564700333",
			"gpsY": "37.3999988448",
			"lastTm": "00:44",
			"posX": "196146.21052399636",
			"posY": "433413.4076675521",
			"routeType": "8",
			"sectSpd": "11",
			"section": "209600060",
			"seq": "81",
			"station": "209000064",
			"stationNm": "한가람삼성아파트",
			"stationNo": "56048",
			"transYn": "N",
			"fullSectDist": "720",
			"trnstnid": "119000289"
		},
		{
			"arsId": "56050",
			"beginTm": "06:15",
			"busRouteAbrv": "11-5",
			"busRouteId": "208000005",
			"busRouteNm": "11-5안양",
			"direction": "군포공영차고지(경유)",
			"gpsX": "126.9554935489",
			"gpsY": "37.3977462028",
			"lastTm": "00:47",
			"posX": "196059.6425852695",
			"posY": "433163.4649549951",
			"routeType": "8",
			"sectSpd": "21",
			"section": "209600061",
			"seq": "82",
			"station": "209000063",
			"stationNm": "부림중학교.한가람단지",
			"stationNo": "56050",
			"transYn": "N",
			"fullSectDist": "380",
			"trnstnid": "119000289"
		},
		{
			"arsId": "56027",
			"beginTm": "06:16",
			"busRouteAbrv": "11-5",
			"busRouteId": "208000005",
			"busRouteNm": "11-5안양",
			"direction": "군포공영차고지(경유)",
			"gpsX": "126.9507440159",
			"gpsY": "37.3961061262",
			"lastTm": "00:47",
			"posX": "195639.0498921698",
			"posY": "432981.6693115588",
			"routeType": "8",
			"sectSpd": "19",
			"section": "209600062",
			"seq": "83",
			"station": "209000062",
			"stationNm": "샛별단지",
			"stationNo": "56027",
			"transYn": "N",
			"fullSectDist": "460",
			"trnstnid": "119000289"
		},
		{
			"arsId": "0",
			"beginTm": "06:17",
			"busRouteAbrv": "11-5",
			"busRouteId": "208000005",
			"busRouteNm": "11-5안양",
			"direction": "군포공영차고지(경유)",
			"gpsX": "126.946871586",
			"gpsY": "37.3939597555",
			"lastTm": "00:49",
			"posX": "195296.06452452356",
			"posY": "432743.6657194579",
			"routeType": "8",
			"sectSpd": "14",
			"section": "209700093",
			"seq": "84",
			"station": "209000061",
			"stationNm": "부흥초교.부흥중학교",
			"stationNo": "0",
			"transYn": "N",
			"fullSectDist": "430",
			"trnstnid": "119000289"
		},
		{
			"arsId": "0",
			"beginTm": "06:19",
			"busRouteAbrv": "11-5",
			"busRouteId": "208000005",
			"busRouteNm": "11-5안양",
			"direction": "군포공영차고지(경유)",
			"gpsX": "126.9463986193",
			"gpsY": "37.3920672017",
			"lastTm": "00:51",
			"posX": "195254.06921202323",
			"posY": "432533.6667194576",
			"routeType": "8",
			"sectSpd": "14",
			"section": "209700094",
			"seq": "85",
			"station": "209000060",
			"stationNm": "은하수청구아파트",
			"stationNo": "0",
			"transYn": "N",
			"fullSectDist": "260",
			"trnstnid": "119000289"
		},
		{
			"arsId": "56022",
			"beginTm": "06:20",
			"busRouteAbrv": "11-5",
			"busRouteId": "208000005",
			"busRouteNm": "11-5안양",
			"direction": "군포공영차고지(경유)",
			"gpsX": "126.9500600191",
			"gpsY": "37.3902689287",
			"lastTm": "00:51",
			"posX": "195578.1483536827",
			"posY": "432333.928855021",
			"routeType": "8",
			"sectSpd": "10",
			"section": "209700095",
			"seq": "86",
			"station": "209000135",
			"stationNm": "롯데백화점.범계역",
			"stationNo": "56022",
			"transYn": "N",
			"fullSectDist": "430",
			"trnstnid": "119000289"
		},
		{
			"arsId": "0",
			"beginTm": "06:23",
			"busRouteAbrv": "11-5",
			"busRouteId": "208000005",
			"busRouteNm": "11-5안양",
			"direction": "군포공영차고지(경유)",
			"gpsX": "126.9523387439",
			"gpsY": "37.3882775184",
			"lastTm": "00:53",
			"posX": "195779.80259238894",
			"posY": "432112.83154053474",
			"routeType": "8",
			"sectSpd": "10",
			"section": "209700096",
			"seq": "87",
			"station": "209000090",
			"stationNm": "목련선경아파트",
			"stationNo": "0",
			"transYn": "N",
			"fullSectDist": "460",
			"trnstnid": "119000289"
		},
		{
			"arsId": "0",
			"beginTm": "06:26",
			"busRouteAbrv": "11-5",
			"busRouteId": "208000005",
			"busRouteNm": "11-5안양",
			"direction": "군포공영차고지(경유)",
			"gpsX": "126.9543163928",
			"gpsY": "37.384551132",
			"lastTm": "00:53",
			"posX": "195954.71462566458",
			"posY": "431699.2165043666",
			"routeType": "8",
			"sectSpd": "22",
			"section": "209700097",
			"seq": "88",
			"station": "209000089",
			"stationNm": "범계중학교",
			"stationNo": "0",
			"transYn": "N",
			"fullSectDist": "450",
			"trnstnid": "119000289"
		},
		{
			"arsId": "0",
			"beginTm": "06:26",
			"busRouteAbrv": "11-5",
			"busRouteId": "208000005",
			"busRouteNm": "11-5안양",
			"direction": "군포공영차고지(경유)",
			"gpsX": "126.9556552025",
			"gpsY": "37.3821203824",
			"lastTm": "00:55",
			"posX": "196073.13952925798",
			"posY": "431429.4124267581",
			"routeType": "8",
			"sectSpd": "11",
			"section": "209900291",
			"seq": "89",
			"station": "209000088",
			"stationNm": "무궁화효성한양아파트",
			"stationNo": "0",
			"transYn": "N",
			"fullSectDist": "290",
			"trnstnid": "119000289"
		},
		{
			"arsId": "0",
			"beginTm": "06:27",
			"busRouteAbrv": "11-5",
			"busRouteId": "208000005",
			"busRouteNm": "11-5안양",
			"direction": "군포공영차고지(경유)",
			"gpsX": "126.9563876475",
			"gpsY": "37.3807878877",
			"lastTm": "00:56",
			"posX": "196137.93132587807",
			"posY": "431281.5113407355",
			"routeType": "8",
			"sectSpd": "20",
			"section": "209900292",
			"seq": "90",
			"station": "209000087",
			"stationNm": "무궁화코오롱.건영아파트",
			"stationNo": "0",
			"transYn": "N",
			"fullSectDist": "160",
			"trnstnid": "119000289"
		},
		{
			"arsId": "0",
			"beginTm": "06:28",
			"busRouteAbrv": "11-5",
			"busRouteId": "208000005",
			"busRouteNm": "11-5안양",
			"direction": "군포공영차고지(경유)",
			"gpsX": "126.9553456112",
			"gpsY": "37.3772712912",
			"lastTm": "00:56",
			"posX": "196045.4697048387",
			"posY": "430891.307583577",
			"routeType": "8",
			"sectSpd": "10",
			"section": "209900293",
			"seq": "91",
			"station": "209000124",
			"stationNm": "평촌어바인퍼스트2단지.무궁화태",
			"stationNo": "0",
			"transYn": "N",
			"fullSectDist": "560",
			"trnstnid": "119000289"
		},
		{
			"arsId": "0",
			"beginTm": "06:30",
			"busRouteAbrv": "11-5",
			"busRouteId": "208000005",
			"busRouteNm": "11-5안양",
			"direction": "군포공영차고지(경유)",
			"gpsX": "126.9573657046",
			"gpsY": "37.3732673757",
			"lastTm": "00:58",
			"posX": "196224.16565788642",
			"posY": "430446.89903162885",
			"routeType": "8",
			"sectSpd": "30",
			"section": "209600123",
			"seq": "92",
			"station": "209000123",
			"stationNm": "윌스기념병원.평촌어바인퍼스트 ",
			"stationNo": "0",
			"transYn": "N",
			"fullSectDist": "480",
			"trnstnid": "119000289"
		},
		{
			"arsId": "0",
			"beginTm": "06:30",
			"busRouteAbrv": "11-5",
			"busRouteId": "208000005",
			"busRouteNm": "11-5안양",
			"direction": "군포공영차고지(경유)",
			"gpsX": "126.9576096284",
			"gpsY": "37.3711133679",
			"lastTm": "00:59",
			"posX": "196245.6610088783",
			"posY": "430207.8530893987",
			"routeType": "8",
			"sectSpd": "18",
			"section": "209600124",
			"seq": "93",
			"station": "209000122",
			"stationNm": "호계사거리.호계전통시장.평촌어",
			"stationNo": "0",
			"transYn": "N",
			"fullSectDist": "240",
			"trnstnid": "119000289"
		},
		{
			"arsId": "56079",
			"beginTm": "06:31",
			"busRouteAbrv": "11-5",
			"busRouteId": "208000005",
			"busRouteNm": "11-5안양",
			"direction": "군포공영차고지(경유)",
			"gpsX": "126.9559214834",
			"gpsY": "37.369822765",
			"lastTm": "01:00",
			"posX": "196096.0821377541",
			"posY": "430064.6998296622",
			"routeType": "8",
			"sectSpd": "11",
			"section": "209900294",
			"seq": "94",
			"station": "209000010",
			"stationNm": "평촌어바인퍼스트아파트.홈플러 ",
			"stationNo": "56079",
			"transYn": "N",
			"fullSectDist": "280",
			"trnstnid": "119000289"
		},
		{
			"arsId": "56077",
			"beginTm": "06:33",
			"busRouteAbrv": "11-5",
			"busRouteId": "208000005",
			"busRouteNm": "11-5안양",
			"direction": "군포공영차고지(경유)",
			"gpsX": "126.9506164483",
			"gpsY": "37.3676128689",
			"lastTm": "01:00",
			"posX": "195626.1008598788",
			"posY": "429819.6942714541",
			"routeType": "8",
			"sectSpd": "36",
			"section": "209600026",
			"seq": "95",
			"station": "209000143",
			"stationNm": "삼신아파트",
			"stationNo": "56077",
			"transYn": "N",
			"fullSectDist": "530",
			"trnstnid": "119000289"
		},
		{
			"arsId": "40097",
			"beginTm": "06:34",
			"busRouteAbrv": "11-5",
			"busRouteId": "208000005",
			"busRouteNm": "11-5안양",
			"direction": "군포공영차고지(경유)",
			"gpsX": "126.9452066346",
			"gpsY": "37.3677879905",
			"lastTm": "01:01",
			"posX": "195146.96512631496",
			"posY": "429839.3923639497",
			"routeType": "8",
			"sectSpd": "19",
			"section": "209900296",
			"seq": "96",
			"station": "225000012",
			"stationNm": "금정가구거리",
			"stationNo": "40097",
			"transYn": "N",
			"fullSectDist": "1000",
			"trnstnid": "119000289"
		},
		{
			"arsId": "40070",
			"beginTm": "06:36",
			"busRouteAbrv": "11-5",
			"busRouteId": "208000005",
			"busRouteNm": "11-5안양",
			"direction": "군포공영차고지(경유)",
			"gpsX": "126.942027857",
			"gpsY": "37.3720324395",
			"lastTm": "01:03",
			"posX": "194865.71082214295",
			"posY": "430310.57863002596",
			"routeType": "8",
			"sectSpd": "14",
			"section": "225900206",
			"seq": "97",
			"station": "225000007",
			"stationNm": "금정역",
			"stationNo": "40070",
			"transYn": "N",
			"fullSectDist": "630",
			"trnstnid": "119000289"
		},
		{
			"arsId": "40069",
			"beginTm": "06:39",
			"busRouteAbrv": "11-5",
			"busRouteId": "208000005",
			"busRouteNm": "11-5안양",
			"direction": "군포공영차고지(경유)",
			"gpsX": "126.9395808693",
			"gpsY": "37.3704931669",
			"lastTm": "01:06",
			"posX": "194648.88457584937",
			"posY": "430139.89720587386",
			"routeType": "8",
			"sectSpd": "15",
			"section": "225600040",
			"seq": "98",
			"station": "225000155",
			"stationNm": "산본1동입구",
			"stationNo": "40069",
			"transYn": "N",
			"fullSectDist": "280",
			"trnstnid": "119000289"
		},
		{
			"arsId": "40068",
			"beginTm": "06:39",
			"busRouteAbrv": "11-5",
			"busRouteId": "208000005",
			"busRouteNm": "11-5안양",
			"direction": "군포공영차고지(경유)",
			"gpsX": "126.9371790482",
			"gpsY": "37.3700934022",
			"lastTm": "01:06",
			"posX": "194436.13396290096",
			"posY": "430095.67307930766",
			"routeType": "8",
			"sectSpd": "19",
			"section": "225600041",
			"seq": "99",
			"station": "225000096",
			"stationNm": "산본시장",
			"stationNo": "40068",
			"transYn": "N",
			"fullSectDist": "360",
			"trnstnid": "119000289"
		},
		{
			"arsId": "40075",
			"beginTm": "06:40",
			"busRouteAbrv": "11-5",
			"busRouteId": "208000005",
			"busRouteNm": "11-5안양",
			"direction": "군포공영차고지(경유)",
			"gpsX": "126.9345024091",
			"gpsY": "37.3712450484",
			"lastTm": "01:07",
			"posX": "194199.16059920946",
			"posY": "430223.6355523602",
			"routeType": "8",
			"sectSpd": "12",
			"section": "225600042",
			"seq": "100",
			"station": "225000095",
			"stationNm": "13단지아파트입구",
			"stationNo": "40075",
			"transYn": "N",
			"fullSectDist": "400",
			"trnstnid": "119000289"
		},
		{
			"arsId": "40079",
			"beginTm": "06:41",
			"busRouteAbrv": "11-5",
			"busRouteId": "208000005",
			"busRouteNm": "11-5안양",
			"direction": "군포공영차고지(경유)",
			"gpsX": "126.933113752",
			"gpsY": "37.3701043746",
			"lastTm": "01:08",
			"posX": "194076.0835138468",
			"posY": "430097.1380808619",
			"routeType": "8",
			"sectSpd": "14",
			"section": "225600043",
			"seq": "101",
			"station": "225000071",
			"stationNm": "산본2동행정복지센터",
			"stationNo": "40079",
			"transYn": "N",
			"fullSectDist": "180",
			"trnstnid": "119000289"
		},
		{
			"arsId": "40136",
			"beginTm": "06:41",
			"busRouteAbrv": "11-5",
			"busRouteId": "208000005",
			"busRouteNm": "11-5안양",
			"direction": "군포공영차고지(경유)",
			"gpsX": "126.9307791939",
			"gpsY": "37.3680982839",
			"lastTm": "01:08",
			"posX": "193869.1553594276",
			"posY": "429874.6657894221",
			"routeType": "8",
			"sectSpd": "16",
			"section": "225600044",
			"seq": "102",
			"station": "225000070",
			"stationNm": "우방아파트",
			"stationNo": "40136",
			"transYn": "N",
			"fullSectDist": "300",
			"trnstnid": "119000289"
		},
		{
			"arsId": "40137",
			"beginTm": "06:41",
			"busRouteAbrv": "11-5",
			"busRouteId": "208000005",
			"busRouteNm": "11-5안양",
			"direction": "군포공영차고지(경유)",
			"gpsX": "126.9291885965",
			"gpsY": "37.3667186155",
			"lastTm": "01:09",
			"posX": "193728.16225175292",
			"posY": "429721.66475542355",
			"routeType": "8",
			"sectSpd": "21",
			"section": "225600045",
			"seq": "103",
			"station": "225000069",
			"stationNm": "군포문화예술회관",
			"stationNo": "40137",
			"transYn": "N",
			"fullSectDist": "210",
			"trnstnid": "119000289"
		},
		{
			"arsId": "40142",
			"beginTm": "06:41",
			"busRouteAbrv": "11-5",
			"busRouteId": "208000005",
			"busRouteNm": "11-5안양",
			"direction": "군포공영차고지(경유)",
			"gpsX": "126.9265150881",
			"gpsY": "37.364482184",
			"lastTm": "01:09",
			"posX": "193491.17368553684",
			"posY": "429473.66296524554",
			"routeType": "8",
			"sectSpd": "8",
			"section": "225600046",
			"seq": "104",
			"station": "225000068",
			"stationNm": "남천병원.서울시남부기술교육원",
			"stationNo": "40142",
			"transYn": "N",
			"fullSectDist": "340",
			"trnstnid": "119000289"
		},
		{
			"arsId": "40130",
			"beginTm": "06:42",
			"busRouteAbrv": "11-5",
			"busRouteId": "208000005",
			"busRouteNm": "11-5안양",
			"direction": "군포공영차고지(경유)",
			"gpsX": "126.9239545483",
			"gpsY": "37.3623268657",
			"lastTm": "01:12",
			"posX": "193264.18465823197",
			"posY": "429234.66124413954",
			"routeType": "8",
			"sectSpd": "22",
			"section": "225600047",
			"seq": "105",
			"station": "225000094",
			"stationNm": "극동아파트",
			"stationNo": "40130",
			"transYn": "N",
			"fullSectDist": "330",
			"trnstnid": "119000289"
		},
		{
			"arsId": "40132",
			"beginTm": "06:42",
			"busRouteAbrv": "11-5",
			"busRouteId": "208000005",
			"busRouteNm": "11-5안양",
			"direction": "군포공영차고지(경유)",
			"gpsX": "126.9229397654",
			"gpsY": "37.3611187003",
			"lastTm": "01:12",
			"posX": "193174.1896246199",
			"posY": "429100.660878188",
			"routeType": "8",
			"sectSpd": "8",
			"section": "225600048",
			"seq": "106",
			"station": "225000093",
			"stationNm": "둔전초등학교",
			"stationNo": "40132",
			"transYn": "N",
			"fullSectDist": "150",
			"trnstnid": "119000289"
		},
		{
			"arsId": "40131",
			"beginTm": "06:43",
			"busRouteAbrv": "11-5",
			"busRouteId": "208000005",
			"busRouteNm": "11-5안양",
			"direction": "군포공영차고지(경유)",
			"gpsX": "126.9235972389",
			"gpsY": "37.3585058971",
			"lastTm": "01:12",
			"posX": "193232.19242987322",
			"posY": "428810.6640991699",
			"routeType": "8",
			"sectSpd": "15",
			"section": "225600049",
			"seq": "107",
			"station": "225000067",
			"stationNm": "경기폴리텍고등학교",
			"stationNo": "40131",
			"transYn": "N",
			"fullSectDist": "300",
			"trnstnid": "119000289"
		},
		{
			"arsId": "40127",
			"beginTm": ":",
			"busRouteAbrv": "11-5",
			"busRouteId": "208000005",
			"busRouteNm": "11-5안양",
			"direction": "군포공영차고지(경유)",
			"gpsX": "126.9261074586",
			"gpsY": "37.3543984299",
			"lastTm": ":",
			"posX": "193454.19270030697",
			"posY": "428354.6712638419",
			"routeType": "8",
			"sectSpd": "14",
			"section": "225600050",
			"seq": "108",
			"station": "225000092",
			"stationNm": "철쭉동산.철쭉공원",
			"stationNo": "40127",
			"transYn": "N",
			"fullSectDist": "520",
			"trnstnid": "119000289"
		},
		{
			"arsId": "40110",
			"beginTm": ":",
			"busRouteAbrv": "11-5",
			"busRouteId": "208000005",
			"busRouteNm": "11-5안양",
			"direction": "군포공영차고지(경유)",
			"gpsX": "126.925995502",
			"gpsY": "37.3511132917",
			"lastTm": ":",
			"posX": "193443.98927328404",
			"posY": "427990.11928636534",
			"routeType": "8",
			"sectSpd": "16",
			"section": "225600051",
			"seq": "109",
			"station": "225000144",
			"stationNm": "5단지아파트입구",
			"stationNo": "40110",
			"transYn": "N",
			"fullSectDist": "400",
			"trnstnid": "119000289"
		},
		{
			"arsId": "40119",
			"beginTm": "06:46",
			"busRouteAbrv": "11-5",
			"busRouteId": "208000005",
			"busRouteNm": "11-5안양",
			"direction": "군포공영차고지(경유)",
			"gpsX": "126.9256378539",
			"gpsY": "37.3499285858",
			"lastTm": "01:14",
			"posX": "193412.20193261022",
			"posY": "427858.67454038747",
			"routeType": "8",
			"sectSpd": "20",
			"section": "225600021",
			"seq": "110",
			"station": "225000143",
			"stationNm": "수리산역.5단지",
			"stationNo": "40119",
			"transYn": "N",
			"fullSectDist": "130",
			"trnstnid": "119000289"
		},
		{
			"arsId": "40028",
			"beginTm": ":",
			"busRouteAbrv": "11-5",
			"busRouteId": "208000005",
			"busRouteNm": "11-5안양",
			"direction": "군포공영차고지(경유)",
			"gpsX": "126.9261566125",
			"gpsY": "37.3337832082",
			"lastTm": ":",
			"posX": "193456.75846347722",
			"posY": "426066.95011823066",
			"routeType": "8",
			"sectSpd": "12",
			"section": "225600022",
			"seq": "111",
			"station": "225000006",
			"stationNm": "군포보건소",
			"stationNo": "40028",
			"transYn": "N",
			"fullSectDist": "1830",
			"trnstnid": "119000289"
		},
		{
			"arsId": "40615",
			"beginTm": ":",
			"busRouteAbrv": "11-5",
			"busRouteId": "208000005",
			"busRouteNm": "11-5안양",
			"direction": "군포공영차고지(경유)",
			"gpsX": "126.9275395401",
			"gpsY": "37.3312552562",
			"lastTm": ":",
			"posX": "193579.08414365162",
			"posY": "425786.3232404771",
			"routeType": "8",
			"sectSpd": "7",
			"section": "225700259",
			"seq": "112",
			"station": "225000181",
			"stationNm": "군포공영차고지",
			"stationNo": "40615",
			"transYn": "N",
			"fullSectDist": "310",
			"trnstnid": "119000289"
		},
		{
			"arsId": " ",
			"beginTm": ":",
			"busRouteAbrv": "11-5",
			"busRouteId": "208000005",
			"busRouteNm": "11-5안양",
			"direction": "군포공영차고지(경유)",
			"gpsX": "126.9266215097",
			"gpsY": "37.3311323844",
			"lastTm": ":",
			"posX": "193497.7244038462",
			"posY": "425772.7506929436",
			"routeType": "8",
			"sectSpd": "11",
			"section": "225900309",
			"seq": "113",
			"station": "277102719",
			"stationNm": "군포공영차고지(경유)",
			"stationNo": "미정차",
			"transYn": "N",
			"fullSectDist": "197",
			"trnstnid": "119000289"
		}
	]
}