{
	"count": 69,
	"result": [
		{
			"arsId": "0",
			"beginTm": "04:35",
			"busRouteAbrv": "98",
			"busRouteId": "210000075",
			"busRouteNm": "98부천",
			"direction": "목운초등학교.목운중학교",
			"gpsX": "126.7969800602",
			"gpsY": "37.5274278487",
			"lastTm": "23:26",
			"posX": "182056.7344814359",
			"posY": "447573.2503884607",
			"routeType": "8",
			"sectSpd": "0",
			"section": "0",
			"seq": "1",
			"station": "212000371",
			"stationNm": "오정동행정복지센터.오정어울마 ",
			"stationNo": "0",
			"transYn": "N",
			"trnstnid": "114000061"
		},
		{
			"arsId": "0",
			"beginTm": "05:00",
			"busRouteAbrv": "98",
			"busRouteId": "210000075",
			"busRouteNm": "98부천",
			"direction": "목운초등학교.목운중학교",
			"gpsX": "126.7979822025",
			"gpsY": "37.5298837577",
			"lastTm": "23:32",
			"posX": "182145.89110152886",
			"posY": "447845.60634495644",
			"routeType": "8",
			"sectSpd": "2",
			"section": "212900578",
			"seq": "2",
			"station": "212000116",
			"stationNm": "신동문아파트",
			"stationNo": "0",
			"transYn": "N",
			"fullSectDist": "287",
			"trnstnid": "114000061"
		},
		{
			"arsId": "0",
			"beginTm": "05:00",
			"busRouteAbrv": "98",
			"busRouteId": "210000075",
			"busRouteNm": "98부천",
			"direction": "목운초등학교.목운중학교",
			"gpsX": "126.799666411",
			"gpsY": "37.5298664177",
			"lastTm": "23:00",
			"posX": "182294.73564071165",
			"posY": "447843.36364586465",
			"routeType": "8",
			"sectSpd": "14",
			"section": "212900302",
			"seq": "3",
			"station": "212000083",
			"stationNm": "원종동영화아파트",
			"stationNo": "0",
			"transYn": "N",
			"fullSectDist": "151",
			"trnstnid": "114000061"
		},
		{
			"arsId": "0",
			"beginTm": "05:01",
			"busRouteAbrv": "98",
			"busRouteId": "210000075",
			"busRouteNm": "98부천",
			"direction": "목운초등학교.목운중학교",
			"gpsX": "126.8031557099",
			"gpsY": "37.5292941163",
			"lastTm": "23:01",
			"posX": "182602.9834711078",
			"posY": "447779.20086696744",
			"routeType": "8",
			"sectSpd": "15",
			"section": "212900303",
			"seq": "4",
			"station": "212000082",
			"stationNm": "원일초등학교.동문아파트",
			"stationNo": "0",
			"transYn": "N",
			"fullSectDist": "315",
			"trnstnid": "114000061"
		},
		{
			"arsId": "0",
			"beginTm": "05:01",
			"busRouteAbrv": "98",
			"busRouteId": "210000075",
			"busRouteNm": "98부천",
			"direction": "목운초등학교.목운중학교",
			"gpsX": "126.8046962952",
			"gpsY": "37.52854537",
			"lastTm": "23:01",
			"posX": "182738.96735549305",
			"posY": "447695.82425374165",
			"routeType": "8",
			"sectSpd": "12",
			"section": "212900534",
			"seq": "5",
			"station": "212000143",
			"stationNm": "원종동승윤노블리안아파트",
			"stationNo": "0",
			"transYn": "N",
			"fullSectDist": "198",
			"trnstnid": "114000061"
		},
		{
			"arsId": "0",
			"beginTm": "05:02",
			"busRouteAbrv": "98",
			"busRouteId": "210000075",
			"busRouteNm": "98부천",
			"direction": "목운초등학교.목운중학교",
			"gpsX": "126.804696666",
			"gpsY": "37.5262137736",
			"lastTm": "23:02",
			"posX": "182738.46285142578",
			"posY": "447437.07331037894",
			"routeType": "8",
			"sectSpd": "10",
			"section": "212700119",
			"seq": "6",
			"station": "212000017",
			"stationNm": "오정농협",
			"stationNo": "0",
			"transYn": "N",
			"fullSectDist": "272",
			"trnstnid": "114000061"
		},
		{
			"arsId": "45024",
			"beginTm": "05:03",
			"busRouteAbrv": "98",
			"busRouteId": "210000075",
			"busRouteNm": "98부천",
			"direction": "목운초등학교.목운중학교",
			"gpsX": "126.8046956749",
			"gpsY": "37.5233077122",
			"lastTm": "23:03",
			"posX": "182737.70564049485",
			"posY": "447114.5710222358",
			"routeType": "8",
			"sectSpd": "9",
			"section": "212700120",
			"seq": "7",
			"station": "212000016",
			"stationNm": "원종역3번출구",
			"stationNo": "45024",
			"transYn": "N",
			"fullSectDist": "326",
			"trnstnid": "114000061"
		},
		{
			"arsId": "45014",
			"beginTm": "05:05",
			"busRouteAbrv": "98",
			"busRouteId": "210000075",
			"busRouteNm": "98부천",
			"direction": "목운초등학교.목운중학교",
			"gpsX": "126.8046940134",
			"gpsY": "37.5202877983",
			"lastTm": "23:05",
			"posX": "182736.86297910314",
			"posY": "446779.4341534255",
			"routeType": "8",
			"sectSpd": "16",
			"section": "212700020",
			"seq": "8",
			"station": "212000015",
			"stationNm": "원종종합시장.성곡사거리",
			"stationNo": "45014",
			"transYn": "N",
			"fullSectDist": "326",
			"trnstnid": "114000061"
		},
		{
			"arsId": "45013",
			"beginTm": "05:05",
			"busRouteAbrv": "98",
			"busRouteId": "210000075",
			"busRouteNm": "98부천",
			"direction": "목운초등학교.목운중학교",
			"gpsX": "126.8035284785",
			"gpsY": "37.5163344503",
			"lastTm": "23:06",
			"posX": "182632.9247618374",
			"posY": "446340.9232112933",
			"routeType": "8",
			"sectSpd": "12",
			"section": "212700021",
			"seq": "9",
			"station": "212000014",
			"stationNm": "성곡동행정복지센터.홈플러스여 ",
			"stationNo": "45013",
			"transYn": "N",
			"fullSectDist": "463",
			"trnstnid": "114000061"
		},
		{
			"arsId": "45639",
			"beginTm": "05:07",
			"busRouteAbrv": "98",
			"busRouteId": "210000075",
			"busRouteNm": "98부천",
			"direction": "목운초등학교.목운중학교",
			"gpsX": "126.8022012949",
			"gpsY": "37.5148017756",
			"lastTm": "23:08",
			"posX": "182515.25082065281",
			"posY": "446171.07949379366",
			"routeType": "8",
			"sectSpd": "8",
			"section": "212700022",
			"seq": "10",
			"station": "212000310",
			"stationNm": "여월휴먼시아1단지.까치울중학교",
			"stationNo": "45639",
			"transYn": "N",
			"fullSectDist": "208",
			"trnstnid": "114000061"
		},
		{
			"arsId": "45641",
			"beginTm": "05:08",
			"busRouteAbrv": "98",
			"busRouteId": "210000075",
			"busRouteNm": "98부천",
			"direction": "목운초등학교.목운중학교",
			"gpsX": "126.8010823131",
			"gpsY": "37.5138316134",
			"lastTm": "23:08",
			"posX": "182416.10881313687",
			"posY": "446063.62369420007",
			"routeType": "8",
			"sectSpd": "18",
			"section": "212700023",
			"seq": "11",
			"station": "212000374",
			"stationNm": "오정경찰서.부천옹기박물관",
			"stationNo": "45641",
			"transYn": "N",
			"fullSectDist": "145",
			"trnstnid": "114000061"
		},
		{
			"arsId": "46727",
			"beginTm": "05:08",
			"busRouteAbrv": "98",
			"busRouteId": "210000075",
			"busRouteNm": "98부천",
			"direction": "목운초등학교.목운중학교",
			"gpsX": "126.7997491197",
			"gpsY": "37.5119875316",
			"lastTm": "23:09",
			"posX": "182297.8217324491",
			"posY": "445859.2256380981",
			"routeType": "8",
			"sectSpd": "19",
			"section": "212700024",
			"seq": "12",
			"station": "212000050",
			"stationNm": "여월휴먼시아5단지",
			"stationNo": "46727",
			"transYn": "N",
			"fullSectDist": "233",
			"trnstnid": "114000061"
		},
		{
			"arsId": "0",
			"beginTm": "05:08",
			"busRouteAbrv": "98",
			"busRouteId": "210000075",
			"busRouteNm": "98부천",
			"direction": "목운초등학교.목운중학교",
			"gpsX": "126.8015575554",
			"gpsY": "37.510387631",
			"lastTm": "23:09",
			"posX": "182457.31316410392",
			"posY": "445681.3371025119",
			"routeType": "8",
			"sectSpd": "18",
			"section": "212900535",
			"seq": "13",
			"station": "212000309",
			"stationNm": "여월휴먼시아4.5단지",
			"stationNo": "0",
			"transYn": "N",
			"fullSectDist": "427",
			"trnstnid": "114000061"
		},
		{
			"arsId": "0",
			"beginTm": "05:09",
			"busRouteAbrv": "98",
			"busRouteId": "210000075",
			"busRouteNm": "98부천",
			"direction": "목운초등학교.목운중학교",
			"gpsX": "126.8064620396",
			"gpsY": "37.5119868957",
			"lastTm": "23:10",
			"posX": "182891.24432091924",
			"posY": "445857.91329578636",
			"routeType": "8",
			"sectSpd": "11",
			"section": "212700058",
			"seq": "14",
			"station": "212000307",
			"stationNm": "여월휴먼시아2.3단지",
			"stationNo": "0",
			"transYn": "N",
			"fullSectDist": "465",
			"trnstnid": "114000061"
		},
		{
			"arsId": "0",
			"beginTm": "05:11",
			"busRouteAbrv": "98",
			"busRouteId": "210000075",
			"busRouteNm": "98부천",
			"direction": "목운초등학교.목운중학교",
			"gpsX": "126.8077492947",
			"gpsY": "37.5106279651",
			"lastTm": "23:12",
			"posX": "183004.72964964813",
			"posY": "445706.87196204066",
			"routeType": "8",
			"sectSpd": "16",
			"section": "212900536",
			"seq": "15",
			"station": "212000305",
			"stationNm": "여월단독주택",
			"stationNo": "0",
			"transYn": "N",
			"fullSectDist": "246",
			"trnstnid": "114000061"
		},
		{
			"arsId": "0",
			"beginTm": "05:12",
			"busRouteAbrv": "98",
			"busRouteId": "210000075",
			"busRouteNm": "98부천",
			"direction": "목운초등학교.목운중학교",
			"gpsX": "126.8078400515",
			"gpsY": "37.5087999404",
			"lastTm": "23:12",
			"posX": "183012.33841517207",
			"posY": "445503.9896076997",
			"routeType": "8",
			"sectSpd": "26",
			"section": "212900537",
			"seq": "16",
			"station": "212000303",
			"stationNm": "여월휴먼시아3단지",
			"stationNo": "0",
			"transYn": "N",
			"fullSectDist": "206",
			"trnstnid": "114000061"
		},
		{
			"arsId": "0",
			"beginTm": "05:12",
			"busRouteAbrv": "98",
			"busRouteId": "210000075",
			"busRouteNm": "98부천",
			"direction": "목운초등학교.목운중학교",
			"gpsX": "126.8119266007",
			"gpsY": "37.5073474512",
			"lastTm": "23:13",
			"posX": "183373.28289641475",
			"posY": "445342.06904232316",
			"routeType": "8",
			"sectSpd": "7",
			"section": "212700060",
			"seq": "17",
			"station": "212000105",
			"stationNm": "까치울역5번출구.까치울전원마을",
			"stationNo": "0",
			"transYn": "N",
			"fullSectDist": "639",
			"trnstnid": "114000061"
		},
		{
			"arsId": "0",
			"beginTm": "05:15",
			"busRouteAbrv": "98",
			"busRouteId": "210000075",
			"busRouteNm": "98부천",
			"direction": "목운초등학교.목운중학교",
			"gpsX": "126.8125514012",
			"gpsY": "37.5105771099",
			"lastTm": "23:15",
			"posX": "183429.23271508503",
			"posY": "445700.3717685379",
			"routeType": "8",
			"sectSpd": "20",
			"section": "212700061",
			"seq": "18",
			"station": "212000104",
			"stationNm": "까치울전원마을1.2단지",
			"stationNo": "0",
			"transYn": "N",
			"fullSectDist": "351",
			"trnstnid": "114000061"
		},
		{
			"arsId": "0",
			"beginTm": "05:16",
			"busRouteAbrv": "98",
			"busRouteId": "210000075",
			"busRouteNm": "98부천",
			"direction": "목운초등학교.목운중학교",
			"gpsX": "126.8157321036",
			"gpsY": "37.5127827677",
			"lastTm": "23:16",
			"posX": "183710.89170637637",
			"posY": "445944.5904236417",
			"routeType": "8",
			"sectSpd": "18",
			"section": "212900540",
			"seq": "19",
			"station": "212000410",
			"stationNm": "까치울마을",
			"stationNo": "0",
			"transYn": "N",
			"fullSectDist": "501",
			"trnstnid": "114000061"
		},
		{
			"arsId": "0",
			"beginTm": "05:17",
			"busRouteAbrv": "98",
			"busRouteId": "210000075",
			"busRouteNm": "98부천",
			"direction": "목운초등학교.목운중학교",
			"gpsX": "126.8216529087",
			"gpsY": "37.5132257161",
			"lastTm": "23:17",
			"posX": "184234.37892024935",
			"posY": "445992.7383154188",
			"routeType": "8",
			"sectSpd": "32",
			"section": "212900541",
			"seq": "20",
			"station": "212000411",
			"stationNm": "까치울터널",
			"stationNo": "0",
			"transYn": "N",
			"fullSectDist": "523",
			"trnstnid": "114000061"
		},
		{
			"arsId": "15420",
			"beginTm": "05:18",
			"busRouteAbrv": "98",
			"busRouteId": "210000075",
			"busRouteNm": "98부천",
			"direction": "목운초등학교.목운중학교",
			"gpsX": "126.8284425852",
			"gpsY": "37.5136182192",
			"lastTm": "23:18",
			"posX": "184834.6562570822",
			"posY": "446035.18054366345",
			"routeType": "8",
			"sectSpd": "42",
			"section": "212900542",
			"seq": "21",
			"station": "114000430",
			"stationNm": "양천어르신요양센터",
			"stationNo": "15420",
			"transYn": "N",
			"fullSectDist": "594",
			"trnstnid": "114000061"
		},
		{
			"arsId": "15380",
			"beginTm": "05:19",
			"busRouteAbrv": "98",
			"busRouteId": "210000075",
			"busRouteNm": "98부천",
			"direction": "목운초등학교.목운중학교",
			"gpsX": "126.8304154243",
			"gpsY": "37.5141211783",
			"lastTm": "23:18",
			"posX": "185009.15215718342",
			"posY": "446090.680550213",
			"routeType": "8",
			"sectSpd": "8",
			"section": "114900163",
			"seq": "22",
			"station": "114000404",
			"stationNm": "신정이펜하우스3단지",
			"stationNo": "15380",
			"transYn": "N",
			"fullSectDist": "210",
			"trnstnid": "114000061"
		},
		{
			"arsId": "15325",
			"beginTm": "05:20",
			"busRouteAbrv": "98",
			"busRouteId": "210000075",
			"busRouteNm": "98부천",
			"direction": "목운초등학교.목운중학교",
			"gpsX": "126.83553",
			"gpsY": "37.515731",
			"lastTm": "23:20",
			"posX": "185461.58035184312",
			"posY": "446268.5288091246",
			"routeType": "8",
			"sectSpd": "14",
			"section": "114701599",
			"seq": "23",
			"station": "114000221",
			"stationNm": "신월시영아파트.강월초등학교",
			"stationNo": "15325",
			"transYn": "N",
			"fullSectDist": "389",
			"trnstnid": "114000061"
		},
		{
			"arsId": "15327",
			"beginTm": "05:21",
			"busRouteAbrv": "98",
			"busRouteId": "210000075",
			"busRouteNm": "98부천",
			"direction": "목운초등학교.목운중학교",
			"gpsX": "126.8377839139",
			"gpsY": "37.516359946",
			"lastTm": "23:21",
			"posX": "185660.936844023",
			"posY": "446337.98055554694",
			"routeType": "8",
			"sectSpd": "6",
			"section": "114603244",
			"seq": "24",
			"station": "114000223",
			"stationNm": "강월초교입구사거리",
			"stationNo": "15327",
			"transYn": "N",
			"fullSectDist": "290",
			"trnstnid": "114000061"
		},
		{
			"arsId": "15218",
			"beginTm": "05:23",
			"busRouteAbrv": "98",
			"busRouteId": "210000075",
			"busRouteNm": "98부천",
			"direction": "목운초등학교.목운중학교",
			"gpsX": "126.8418635354",
			"gpsY": "37.5178279621",
			"lastTm": "23:23",
			"posX": "186021.82836805694",
			"posY": "446500.2805618867",
			"routeType": "8",
			"sectSpd": "8",
			"section": "114900166",
			"seq": "25",
			"station": "114000115",
			"stationNm": "신한은행신월동지점",
			"stationNo": "15218",
			"transYn": "N",
			"fullSectDist": "376",
			"trnstnid": "114000061"
		},
		{
			"arsId": "15216",
			"beginTm": "05:26",
			"busRouteAbrv": "98",
			"busRouteId": "210000075",
			"busRouteNm": "98부천",
			"direction": "목운초등학교.목운중학교",
			"gpsX": "126.8438198804",
			"gpsY": "37.5192849388",
			"lastTm": "23:24",
			"posX": "186195.0242966252",
			"posY": "446661.68057909",
			"routeType": "8",
			"sectSpd": "10",
			"section": "114700254",
			"seq": "26",
			"station": "114000113",
			"stationNm": "신곡시장.금빛새마을금고",
			"stationNo": "15216",
			"transYn": "N",
			"fullSectDist": "234",
			"trnstnid": "114000061"
		},
		{
			"arsId": "15214",
			"beginTm": "05:26",
			"busRouteAbrv": "98",
			"busRouteId": "210000075",
			"busRouteNm": "98부천",
			"direction": "목운초등학교.목운중학교",
			"gpsX": "126.8462896508",
			"gpsY": "37.5214264859",
			"lastTm": "23:25",
			"posX": "186413.71916268003",
			"posY": "446898.98060258897",
			"routeType": "8",
			"sectSpd": "10",
			"section": "114700255",
			"seq": "27",
			"station": "114000111",
			"stationNm": "동방아파트.신월종합사회복지관",
			"stationNo": "15214",
			"transYn": "N",
			"fullSectDist": "321",
			"trnstnid": "114000061"
		},
		{
			"arsId": "15212",
			"beginTm": "05:27",
			"busRouteAbrv": "98",
			"busRouteId": "210000075",
			"busRouteNm": "98부천",
			"direction": "목운초등학교.목운중학교",
			"gpsX": "126.8507300915",
			"gpsY": "37.5220233018",
			"lastTm": "23:25",
			"posX": "186806.30993675388",
			"posY": "446964.58060401445",
			"routeType": "8",
			"sectSpd": "14",
			"section": "114700256",
			"seq": "28",
			"station": "114000109",
			"stationNm": "신정네거리.신정119안전센터",
			"stationNo": "15212",
			"transYn": "N",
			"fullSectDist": "447",
			"trnstnid": "114000061"
		},
		{
			"arsId": "15282",
			"beginTm": "05:28",
			"busRouteAbrv": "98",
			"busRouteId": "210000075",
			"busRouteNm": "98부천",
			"direction": "목운초등학교.목운중학교",
			"gpsX": "126.8518331173",
			"gpsY": "37.522614009",
			"lastTm": "23:27",
			"posX": "186903.90764992998",
			"posY": "447029.9806049564",
			"routeType": "8",
			"sectSpd": "7",
			"section": "114700983",
			"seq": "29",
			"station": "114000179",
			"stationNm": "제일여성병원",
			"stationNo": "15282",
			"transYn": "N",
			"fullSectDist": "358",
			"trnstnid": "114000061"
		},
		{
			"arsId": "15274",
			"beginTm": "05:29",
			"busRouteAbrv": "98",
			"busRouteId": "210000075",
			"busRouteNm": "98부천",
			"direction": "목운초등학교.목운중학교",
			"gpsX": "126.8542989447",
			"gpsY": "37.5246301301",
			"lastTm": "23:29",
			"posX": "187122.20251695177",
			"posY": "447253.3806232712",
			"routeType": "8",
			"sectSpd": "10",
			"section": "114900171",
			"seq": "30",
			"station": "114000171",
			"stationNm": "신정역(은행정).신정4동주민센터",
			"stationNo": "15274",
			"transYn": "N",
			"fullSectDist": "458",
			"trnstnid": "114000061"
		},
		{
			"arsId": "15273",
			"beginTm": "05:30",
			"busRouteAbrv": "98",
			"busRouteId": "210000075",
			"busRouteNm": "98부천",
			"direction": "목운초등학교.목운중학교",
			"gpsX": "126.8599725442",
			"gpsY": "37.5253957175",
			"lastTm": "23:30",
			"posX": "187623.79073105083",
			"posY": "447337.580628301",
			"routeType": "8",
			"sectSpd": "13",
			"section": "114600299",
			"seq": "31",
			"station": "114000170",
			"stationNm": "신서고등학교.영상고등학교입구",
			"stationNo": "15273",
			"transYn": "N",
			"fullSectDist": "508",
			"trnstnid": "114000061"
		},
		{
			"arsId": "15272",
			"beginTm": "05:33",
			"busRouteAbrv": "98",
			"busRouteId": "210000075",
			"busRouteNm": "98부천",
			"direction": "목운초등학교.목운중학교",
			"gpsX": "126.8631068968",
			"gpsY": "37.5258057871",
			"lastTm": "23:32",
			"posX": "187900.8842263498",
			"posY": "447382.6806209688",
			"routeType": "8",
			"sectSpd": "13",
			"section": "114600300",
			"seq": "32",
			"station": "114000169",
			"stationNm": "목동역.목동오거리",
			"stationNo": "15272",
			"transYn": "N",
			"fullSectDist": "283",
			"trnstnid": "114000061"
		},
		{
			"arsId": "15254",
			"beginTm": "05:34",
			"busRouteAbrv": "98",
			"busRouteId": "210000075",
			"busRouteNm": "98부천",
			"direction": "목운초등학교.목운중학교",
			"gpsX": "126.8655656094",
			"gpsY": "37.5257094905",
			"lastTm": "23:32",
			"posX": "188118.1791172367",
			"posY": "447371.6806180612",
			"routeType": "8",
			"sectSpd": "6",
			"section": "114701545",
			"seq": "33",
			"station": "114000151",
			"stationNm": "목동역",
			"stationNo": "15254",
			"transYn": "N",
			"fullSectDist": "220",
			"trnstnid": "114000061"
		},
		{
			"arsId": "15265",
			"beginTm": "05:34",
			"busRouteAbrv": "98",
			"busRouteId": "210000075",
			"busRouteNm": "98부천",
			"direction": "목운초등학교.목운중학교",
			"gpsX": "126.8668872724",
			"gpsY": "37.5255344845",
			"lastTm": "23:34",
			"posX": "188234.96527218193",
			"posY": "447352.0930731953",
			"routeType": "8",
			"sectSpd": "8",
			"section": "114700264",
			"seq": "34",
			"station": "114000162",
			"stationNm": "목동7단지",
			"stationNo": "15265",
			"transYn": "N",
			"fullSectDist": "126",
			"trnstnid": "114000061"
		},
		{
			"arsId": "15164",
			"beginTm": "05:35",
			"busRouteAbrv": "98",
			"busRouteId": "210000075",
			"busRouteNm": "98부천",
			"direction": "목운초등학교.목운중학교",
			"gpsX": "126.8732302849",
			"gpsY": "37.5260486688",
			"lastTm": "23:34",
			"posX": "188795.66320971522",
			"posY": "447408.38059331896",
			"routeType": "8",
			"sectSpd": "14",
			"section": "114700265",
			"seq": "35",
			"station": "114000061",
			"stationNm": "목운초등학교.목운중학교",
			"stationNo": "15164",
			"transYn": "Y",
			"fullSectDist": "666",
			"trnstnid": "114000061"
		},
		{
			"arsId": "15157",
			"beginTm": "05:38",
			"busRouteAbrv": "98",
			"busRouteId": "210000075",
			"busRouteNm": "98부천",
			"direction": "오정동행정복지센터.오정어울마 ",
			"gpsX": "126.8763828695",
			"gpsY": "37.5250698135",
			"lastTm": "23:37",
			"posX": "189074.15666688068",
			"posY": "447299.3805808062",
			"routeType": "8",
			"sectSpd": "13",
			"section": "114700858",
			"seq": "36",
			"station": "114000428",
			"stationNm": "오목교역",
			"stationNo": "15157",
			"transYn": "N",
			"fullSectDist": "375",
			"trnstnid": "114000061"
		},
		{
			"arsId": "15167",
			"beginTm": "05:39",
			"busRouteAbrv": "98",
			"busRouteId": "210000075",
			"busRouteNm": "98부천",
			"direction": "오정동행정복지센터.오정어울마 ",
			"gpsX": "126.8734437529",
			"gpsY": "37.5249270305",
			"lastTm": "23:40",
			"posX": "188814.36276744856",
			"posY": "447283.8805809375",
			"routeType": "8",
			"sectSpd": "12",
			"section": "114700953",
			"seq": "37",
			"station": "114000064",
			"stationNm": "목동대학학원",
			"stationNo": "15167",
			"transYn": "N",
			"fullSectDist": "310",
			"trnstnid": "114000061"
		},
		{
			"arsId": "15166",
			"beginTm": "05:40",
			"busRouteAbrv": "98",
			"busRouteId": "210000075",
			"busRouteNm": "98부천",
			"direction": "오정동행정복지센터.오정어울마 ",
			"gpsX": "126.8687974509",
			"gpsY": "37.525812627",
			"lastTm": "23:41",
			"posX": "188403.83761292655",
			"posY": "447382.72293547215",
			"routeType": "8",
			"sectSpd": "11",
			"section": "114602580",
			"seq": "38",
			"station": "114000063",
			"stationNm": "목동7단지.종로학원",
			"stationNo": "15166",
			"transYn": "N",
			"fullSectDist": "383",
			"trnstnid": "114000061"
		},
		{
			"arsId": "15285",
			"beginTm": "05:41",
			"busRouteAbrv": "98",
			"busRouteId": "210000075",
			"busRouteNm": "98부천",
			"direction": "오정동행정복지센터.오정어울마 ",
			"gpsX": "126.8627909553",
			"gpsY": "37.5259586072",
			"lastTm": "23:42",
			"posX": "187872.98488001674",
			"posY": "447399.68062872766",
			"routeType": "8",
			"sectSpd": "14",
			"section": "114701503",
			"seq": "39",
			"station": "114000182",
			"stationNm": "목동역.목동오거리",
			"stationNo": "15285",
			"transYn": "N",
			"fullSectDist": "561",
			"trnstnid": "114000061"
		},
		{
			"arsId": "15286",
			"beginTm": "05:42",
			"busRouteAbrv": "98",
			"busRouteId": "210000075",
			"busRouteNm": "98부천",
			"direction": "오정동행정복지센터.오정어울마 ",
			"gpsX": "126.8603986015",
			"gpsY": "37.5256530348",
			"lastTm": "23:43",
			"posX": "187661.48984891103",
			"posY": "447366.08063041605",
			"routeType": "8",
			"sectSpd": "14",
			"section": "114600311",
			"seq": "40",
			"station": "114000183",
			"stationNm": "신서고교.영상고교입구",
			"stationNo": "15286",
			"transYn": "N",
			"fullSectDist": "210",
			"trnstnid": "114000061"
		},
		{
			"arsId": "15287",
			"beginTm": "05:43",
			"busRouteAbrv": "98",
			"busRouteId": "210000075",
			"busRouteNm": "98부천",
			"direction": "오정동행정복지센터.오정어울마 ",
			"gpsX": "126.8542358004",
			"gpsY": "37.5248278283",
			"lastTm": "23:44",
			"posX": "187116.6554991918",
			"posY": "447275.32896953775",
			"routeType": "8",
			"sectSpd": "13",
			"section": "114600312",
			"seq": "41",
			"station": "114000184",
			"stationNm": "신정역(은행정).신정4동주민센터",
			"stationNo": "15287",
			"transYn": "N",
			"fullSectDist": "539",
			"trnstnid": "114000061"
		},
		{
			"arsId": "15224",
			"beginTm": "05:45",
			"busRouteAbrv": "98",
			"busRouteId": "210000075",
			"busRouteNm": "98부천",
			"direction": "오정동행정복지센터.오정어울마 ",
			"gpsX": "126.851248",
			"gpsY": "37.523082",
			"lastTm": "23:46",
			"posX": "186852.2727233654",
			"posY": "447081.997846575",
			"routeType": "8",
			"sectSpd": "6",
			"section": "114602533",
			"seq": "42",
			"station": "114000121",
			"stationNm": "신월2동우체국",
			"stationNo": "15224",
			"transYn": "N",
			"fullSectDist": "424",
			"trnstnid": "114000061"
		},
		{
			"arsId": "15211",
			"beginTm": "05:47",
			"busRouteAbrv": "98",
			"busRouteId": "210000075",
			"busRouteNm": "98부천",
			"direction": "오정동행정복지센터.오정어울마 ",
			"gpsX": "126.8515143857",
			"gpsY": "37.5218864223",
			"lastTm": "23:47",
			"posX": "186875.60830807214",
			"posY": "446949.28059983626",
			"routeType": "8",
			"sectSpd": "11",
			"section": "114600680",
			"seq": "43",
			"station": "114000108",
			"stationNm": "신정네거리해누리분수광장",
			"stationNo": "15211",
			"transYn": "N",
			"fullSectDist": "194",
			"trnstnid": "114000061"
		},
		{
			"arsId": "15213",
			"beginTm": "05:47",
			"busRouteAbrv": "98",
			"busRouteId": "210000075",
			"busRouteNm": "98부천",
			"direction": "오정동행정복지센터.오정어울마 ",
			"gpsX": "126.8463249183",
			"gpsY": "37.5218824877",
			"lastTm": "23:47",
			"posX": "186416.919088038",
			"posY": "446949.58061557217",
			"routeType": "8",
			"sectSpd": "20",
			"section": "114600349",
			"seq": "44",
			"station": "114000110",
			"stationNm": "동방아파트",
			"stationNo": "15213",
			"transYn": "N",
			"fullSectDist": "485",
			"trnstnid": "114000061"
		},
		{
			"arsId": "15215",
			"beginTm": "05:49",
			"busRouteAbrv": "98",
			"busRouteId": "210000075",
			"busRouteNm": "98부천",
			"direction": "오정동행정복지센터.오정어울마 ",
			"gpsX": "126.8437433353",
			"gpsY": "37.5196434749",
			"lastTm": "23:48",
			"posX": "186188.32445403285",
			"posY": "446701.4805850596",
			"routeType": "8",
			"sectSpd": "10",
			"section": "114603194",
			"seq": "45",
			"station": "114000112",
			"stationNm": "신곡시장.금빛새마을금고",
			"stationNo": "15215",
			"transYn": "N",
			"fullSectDist": "337",
			"trnstnid": "114000061"
		},
		{
			"arsId": "15217",
			"beginTm": "05:49",
			"busRouteAbrv": "98",
			"busRouteId": "210000075",
			"busRouteNm": "98부천",
			"direction": "오정동행정복지센터.오정어울마 ",
			"gpsX": "126.8415193539",
			"gpsY": "37.517956358",
			"lastTm": "23:50",
			"posX": "185991.42908265378",
			"posY": "446514.58056805236",
			"routeType": "8",
			"sectSpd": "11",
			"section": "114600351",
			"seq": "46",
			"station": "114000114",
			"stationNm": "신한은행신월동지점",
			"stationNo": "15217",
			"transYn": "N",
			"fullSectDist": "344",
			"trnstnid": "114000061"
		},
		{
			"arsId": "15328",
			"beginTm": "05:51",
			"busRouteAbrv": "98",
			"busRouteId": "210000075",
			"busRouteNm": "98부천",
			"direction": "오정동행정복지센터.오정어울마 ",
			"gpsX": "126.8378578575",
			"gpsY": "37.5166925531",
			"lastTm": "23:50",
			"posX": "185667.53669445755",
			"posY": "446374.8805566109",
			"routeType": "8",
			"sectSpd": "9",
			"section": "114900184",
			"seq": "47",
			"station": "114000224",
			"stationNm": "강월초교입구사거리",
			"stationNo": "15328",
			"transYn": "N",
			"fullSectDist": "270",
			"trnstnid": "114000061"
		},
		{
			"arsId": "15326",
			"beginTm": "05:51",
			"busRouteAbrv": "98",
			"busRouteId": "210000075",
			"busRouteNm": "98부천",
			"direction": "오정동행정복지센터.오정어울마 ",
			"gpsX": "126.835305",
			"gpsY": "37.515937",
			"lastTm": "23:51",
			"posX": "185441.7313529663",
			"posY": "446291.42456998443",
			"routeType": "8",
			"sectSpd": "12",
			"section": "114601727",
			"seq": "48",
			"station": "114000222",
			"stationNm": "신월시영아파트.강월초등학교",
			"stationNo": "15326",
			"transYn": "N",
			"fullSectDist": "251",
			"trnstnid": "114000061"
		},
		{
			"arsId": "15416",
			"beginTm": "05:52",
			"busRouteAbrv": "98",
			"busRouteId": "210000075",
			"busRouteNm": "98부천",
			"direction": "오정동행정복지센터.오정어울마 ",
			"gpsX": "126.8306282011",
			"gpsY": "37.5145747366",
			"lastTm": "23:51",
			"posX": "185028.05171320212",
			"posY": "446140.98055496346",
			"routeType": "8",
			"sectSpd": "15",
			"section": "114700988",
			"seq": "49",
			"station": "114000405",
			"stationNm": "신정이펜하우스2단지",
			"stationNo": "15416",
			"transYn": "N",
			"fullSectDist": "423",
			"trnstnid": "114000061"
		},
		{
			"arsId": "15418",
			"beginTm": "05:53",
			"busRouteAbrv": "98",
			"busRouteId": "210000075",
			"busRouteNm": "98부천",
			"direction": "오정동행정복지센터.오정어울마 ",
			"gpsX": "126.8280797488",
			"gpsY": "37.5139871425",
			"lastTm": "23:53",
			"posX": "184802.657006153",
			"posY": "446076.18055388425",
			"routeType": "8",
			"sectSpd": "9",
			"section": "114900187",
			"seq": "50",
			"station": "114000431",
			"stationNm": "신정이펜하우스1단지아파트",
			"stationNo": "15418",
			"transYn": "N",
			"fullSectDist": "233",
			"trnstnid": "114000061"
		},
		{
			"arsId": "0",
			"beginTm": "05:54",
			"busRouteAbrv": "98",
			"busRouteId": "210000075",
			"busRouteNm": "98부천",
			"direction": "오정동행정복지센터.오정어울마 ",
			"gpsX": "126.8180805497",
			"gpsY": "37.5130954927",
			"lastTm": "23:53",
			"posX": "183918.5594119648",
			"posY": "445978.8912776592",
			"routeType": "8",
			"sectSpd": "29",
			"section": "114900188",
			"seq": "51",
			"station": "212000412",
			"stationNm": "까치울터널",
			"stationNo": "0",
			"transYn": "N",
			"fullSectDist": "900",
			"trnstnid": "114000061"
		},
		{
			"arsId": "0",
			"beginTm": "05:56",
			"busRouteAbrv": "98",
			"busRouteId": "210000075",
			"busRouteNm": "98부천",
			"direction": "오정동행정복지센터.오정어울마 ",
			"gpsX": "126.8155072845",
			"gpsY": "37.513014914",
			"lastTm": "23:54",
			"posX": "183691.0684082182",
			"posY": "445970.3919323152",
			"routeType": "8",
			"sectSpd": "41",
			"section": "212900543",
			"seq": "52",
			"station": "212000413",
			"stationNm": "까치울마을",
			"stationNo": "0",
			"transYn": "N",
			"fullSectDist": "227",
			"trnstnid": "114000061"
		},
		{
			"arsId": "0",
			"beginTm": "05:56",
			"busRouteAbrv": "98",
			"busRouteId": "210000075",
			"busRouteNm": "98부천",
			"direction": "오정동행정복지센터.오정어울마 ",
			"gpsX": "126.8122458062",
			"gpsY": "37.510648708",
			"lastTm": "23:54",
			"posX": "183402.23343930315",
			"posY": "445708.37126549473",
			"routeType": "8",
			"sectSpd": "10",
			"section": "212900544",
			"seq": "53",
			"station": "212000065",
			"stationNm": "까치울전원마을1.2단지",
			"stationNo": "0",
			"transYn": "N",
			"fullSectDist": "478",
			"trnstnid": "114000061"
		},
		{
			"arsId": "0",
			"beginTm": "05:57",
			"busRouteAbrv": "98",
			"busRouteId": "210000075",
			"busRouteNm": "98부천",
			"direction": "오정동행정복지센터.오정어울마 ",
			"gpsX": "126.8115904988",
			"gpsY": "37.5074399778",
			"lastTm": "23:55",
			"posX": "183343.59018142545",
			"posY": "445352.39666199125",
			"routeType": "8",
			"sectSpd": "23",
			"section": "212700050",
			"seq": "54",
			"station": "212000064",
			"stationNm": "까치울역4번출구.까치울전원마을",
			"stationNo": "0",
			"transYn": "N",
			"fullSectDist": "366",
			"trnstnid": "114000061"
		},
		{
			"arsId": "0",
			"beginTm": "05:58",
			"busRouteAbrv": "98",
			"busRouteId": "210000075",
			"busRouteNm": "98부천",
			"direction": "오정동행정복지센터.오정어울마 ",
			"gpsX": "126.8099840295",
			"gpsY": "37.5065157665",
			"lastTm": "23:56",
			"posX": "183201.36244300462",
			"posY": "445250.1174587887",
			"routeType": "8",
			"sectSpd": "7",
			"section": "212700051",
			"seq": "55",
			"station": "212000174",
			"stationNm": "까치울역3번출구",
			"stationNo": "0",
			"transYn": "N",
			"fullSectDist": "243",
			"trnstnid": "114000061"
		},
		{
			"arsId": "0",
			"beginTm": "06:00",
			"busRouteAbrv": "98",
			"busRouteId": "210000075",
			"busRouteNm": "98부천",
			"direction": "오정동행정복지센터.오정어울마 ",
			"gpsX": "126.8080637413",
			"gpsY": "37.5087079439",
			"lastTm": "23:57",
			"posX": "183032.09262882717",
			"posY": "445493.7398922583",
			"routeType": "8",
			"sectSpd": "11",
			"section": "212700052",
			"seq": "56",
			"station": "212000302",
			"stationNm": "여월휴먼시아3단지",
			"stationNo": "0",
			"transYn": "N",
			"fullSectDist": "368",
			"trnstnid": "114000061"
		},
		{
			"arsId": "0",
			"beginTm": "06:02",
			"busRouteAbrv": "98",
			"busRouteId": "210000075",
			"busRouteNm": "98부천",
			"direction": "오정동행정복지센터.오정어울마 ",
			"gpsX": "126.8079330886",
			"gpsY": "37.5108004298",
			"lastTm": "23:58",
			"posX": "183021.01640874587",
			"posY": "445725.9781420785",
			"routeType": "8",
			"sectSpd": "18",
			"section": "212700053",
			"seq": "57",
			"station": "212000304",
			"stationNm": "여월단독주택",
			"stationNo": "0",
			"transYn": "N",
			"fullSectDist": "228",
			"trnstnid": "114000061"
		},
		{
			"arsId": "0",
			"beginTm": "06:02",
			"busRouteAbrv": "98",
			"busRouteId": "210000075",
			"busRouteNm": "98부천",
			"direction": "오정동행정복지센터.오정어울마 ",
			"gpsX": "126.8060403446",
			"gpsY": "37.5120935995",
			"lastTm": "23:58",
			"posX": "182853.99085611297",
			"posY": "445869.83156891866",
			"routeType": "8",
			"sectSpd": "8",
			"section": "212700054",
			"seq": "58",
			"station": "212000306",
			"stationNm": "여월휴먼시아2.3단지",
			"stationNo": "0",
			"transYn": "N",
			"fullSectDist": "268",
			"trnstnid": "114000061"
		},
		{
			"arsId": "0",
			"beginTm": "06:03",
			"busRouteAbrv": "98",
			"busRouteId": "210000075",
			"busRouteNm": "98부천",
			"direction": "오정동행정복지센터.오정어울마 ",
			"gpsX": "126.8004610593",
			"gpsY": "37.5105342023",
			"lastTm": "00:00",
			"posX": "182360.4152301462",
			"posY": "445697.8079196778",
			"routeType": "8",
			"sectSpd": "25",
			"section": "212700055",
			"seq": "59",
			"station": "212000308",
			"stationNm": "여월휴먼시아4.5단지",
			"stationNo": "0",
			"transYn": "N",
			"fullSectDist": "531",
			"trnstnid": "114000061"
		},
		{
			"arsId": "46728",
			"beginTm": "06:04",
			"busRouteAbrv": "98",
			"busRouteId": "210000075",
			"busRouteNm": "98부천",
			"direction": "오정동행정복지센터.오정어울마 ",
			"gpsX": "126.8000888462",
			"gpsY": "37.5118707251",
			"lastTm": "00:01",
			"posX": "182327.8260463433",
			"posY": "445846.19911068585",
			"routeType": "8",
			"sectSpd": "19",
			"section": "212900550",
			"seq": "60",
			"station": "212000056",
			"stationNm": "오정경찰서.여월휴먼시아5단지",
			"stationNo": "46728",
			"transYn": "N",
			"fullSectDist": "319",
			"trnstnid": "114000061"
		},
		{
			"arsId": "45640",
			"beginTm": "06:04",
			"busRouteAbrv": "98",
			"busRouteId": "210000075",
			"busRouteNm": "98부천",
			"direction": "오정동행정복지센터.오정어울마 ",
			"gpsX": "126.8022241714",
			"gpsY": "37.5144689533",
			"lastTm": "00:02",
			"posX": "182517.19538809566",
			"posY": "446134.1400856697",
			"routeType": "8",
			"sectSpd": "16",
			"section": "212700003",
			"seq": "61",
			"station": "212000311",
			"stationNm": "여월휴먼시아1단지.까치울중학교",
			"stationNo": "45640",
			"transYn": "N",
			"fullSectDist": "353",
			"trnstnid": "114000061"
		},
		{
			"arsId": "45005",
			"beginTm": "06:05",
			"busRouteAbrv": "98",
			"busRouteId": "210000075",
			"busRouteNm": "98부천",
			"direction": "오정동행정복지센터.오정어울마 ",
			"gpsX": "126.8038716618",
			"gpsY": "37.5162758289",
			"lastTm": "00:02",
			"posX": "182663.24687518104",
			"posY": "446334.35437030066",
			"routeType": "8",
			"sectSpd": "12",
			"section": "212700004",
			"seq": "62",
			"station": "212000029",
			"stationNm": "성곡동행정복지센터.홈플러스여 ",
			"stationNo": "45005",
			"transYn": "N",
			"fullSectDist": "241",
			"trnstnid": "114000061"
		},
		{
			"arsId": "45004",
			"beginTm": "06:05",
			"busRouteAbrv": "98",
			"busRouteId": "210000075",
			"busRouteNm": "98부천",
			"direction": "오정동행정복지센터.오정어울마 ",
			"gpsX": "126.8050230731",
			"gpsY": "37.5193548893",
			"lastTm": "00:02",
			"posX": "182765.73408800844",
			"posY": "446675.84359072894",
			"routeType": "8",
			"sectSpd": "11",
			"section": "212700005",
			"seq": "63",
			"station": "212000028",
			"stationNm": "원종종합시장.성곡사거리",
			"stationNo": "45004",
			"transYn": "N",
			"fullSectDist": "368",
			"trnstnid": "114000061"
		},
		{
			"arsId": "45023",
			"beginTm": "06:08",
			"busRouteAbrv": "98",
			"busRouteId": "210000075",
			"busRouteNm": "98부천",
			"direction": "오정동행정복지센터.오정어울마 ",
			"gpsX": "126.8050283113",
			"gpsY": "37.5229427131",
			"lastTm": "00:03",
			"posX": "182767.02232937922",
			"posY": "447074.00397937046",
			"routeType": "8",
			"sectSpd": "14",
			"section": "212700006",
			"seq": "64",
			"station": "212000027",
			"stationNm": "원종역2번출구",
			"stationNo": "45023",
			"transYn": "N",
			"fullSectDist": "378",
			"trnstnid": "114000061"
		},
		{
			"arsId": "0",
			"beginTm": "06:09",
			"busRouteAbrv": "98",
			"busRouteId": "210000075",
			"busRouteNm": "98부천",
			"direction": "오정동행정복지센터.오정어울마 ",
			"gpsX": "126.80502941",
			"gpsY": "37.5261971265",
			"lastTm": "00:05",
			"posX": "182767.86803713132",
			"posY": "447435.1648742403",
			"routeType": "8",
			"sectSpd": "10",
			"section": "212700121",
			"seq": "65",
			"station": "212000026",
			"stationNm": "오정농협",
			"stationNo": "0",
			"transYn": "N",
			"fullSectDist": "366",
			"trnstnid": "114000061"
		},
		{
			"arsId": "0",
			"beginTm": "06:11",
			"busRouteAbrv": "98",
			"busRouteId": "210000075",
			"busRouteNm": "98부천",
			"direction": "오정동행정복지센터.오정어울마 ",
			"gpsX": "126.8032371472",
			"gpsY": "37.5294847499",
			"lastTm": "00:07",
			"posX": "182610.22513169367",
			"posY": "447800.3415390686",
			"routeType": "8",
			"sectSpd": "14",
			"section": "212900655",
			"seq": "66",
			"station": "212000088",
			"stationNm": "원일초등학교.동문아파트",
			"stationNo": "0",
			"transYn": "N",
			"fullSectDist": "490",
			"trnstnid": "114000061"
		},
		{
			"arsId": "0",
			"beginTm": "06:12",
			"busRouteAbrv": "98",
			"busRouteId": "210000075",
			"busRouteNm": "98부천",
			"direction": "오정동행정복지센터.오정어울마 ",
			"gpsX": "126.79964451",
			"gpsY": "37.5300583676",
			"lastTm": "00:09",
			"posX": "182292.84543051638",
			"posY": "447864.66958174715",
			"routeType": "8",
			"sectSpd": "20",
			"section": "212900318",
			"seq": "67",
			"station": "212000087",
			"stationNm": "원종동영화아파트",
			"stationNo": "0",
			"transYn": "N",
			"fullSectDist": "320",
			"trnstnid": "114000061"
		},
		{
			"arsId": "0",
			"beginTm": "06:13",
			"busRouteAbrv": "98",
			"busRouteId": "210000075",
			"busRouteNm": "98부천",
			"direction": "오정동행정복지센터.오정어울마 ",
			"gpsX": "126.7977481505",
			"gpsY": "37.5300250723",
			"lastTm": "00:10",
			"posX": "182125.23954699968",
			"posY": "447861.33331565326",
			"routeType": "8",
			"sectSpd": "18",
			"section": "212900319",
			"seq": "68",
			"station": "212000115",
			"stationNm": "신동문아파트",
			"stationNo": "0",
			"transYn": "N",
			"fullSectDist": "170",
			"trnstnid": "114000061"
		},
		{
			"arsId": "0",
			"beginTm": "06:14",
			"busRouteAbrv": "98",
			"busRouteId": "210000075",
			"busRouteNm": "98부천",
			"direction": "오정동행정복지센터.오정어울마 ",
			"gpsX": "126.7968928072",
			"gpsY": "37.5279857742",
			"lastTm": "00:11",
			"posX": "182049.15659911587",
			"posY": "447635.18330045836",
			"routeType": "8",
			"sectSpd": "12",
			"section": "212900320",
			"seq": "69",
			"station": "212000114",
			"stationNm": "오정동행정복지센터.오정어울마 ",
			"stationNo": "0",
			"transYn": "N",
			"fullSectDist": "270",
			"trnstnid": "114000061"
		}
	]
}