{
	"count": 88,
	"result": [
		{
			"arsId": "0",
			"beginTm": "04:50",
			"busRouteAbrv": "50-1",
			"busRouteId": "210000003",
			"busRouteNm": "50-1부천",
			"direction": "포도마을사거리.현대백화점.이마",
			"gpsX": "126.8190377561",
			"gpsY": "37.5375965276",
			"lastTm": ":",
			"posX": "184008.406289163",
			"posY": "448697.74958494445",
			"routeType": "8",
			"sectSpd": "0",
			"section": "0",
			"seq": "1",
			"station": "212000379",
			"stationNm": "고강공영차고지",
			"stationNo": "0",
			"transYn": "N",
			"trnstnid": "210000488"
		},
		{
			"arsId": "0",
			"beginTm": "04:42",
			"busRouteAbrv": "50-1",
			"busRouteId": "210000003",
			"busRouteNm": "50-1부천",
			"direction": "포도마을사거리.현대백화점.이마",
			"gpsX": "126.8215894911",
			"gpsY": "37.5360158139",
			"lastTm": "22:42",
			"posX": "184233.5699275553",
			"posY": "448521.89743873756",
			"routeType": "8",
			"sectSpd": "5",
			"section": "212900588",
			"seq": "2",
			"station": "277102365",
			"stationNm": "고강차고지(경유)",
			"stationNo": "0",
			"transYn": "N",
			"fullSectDist": "285",
			"trnstnid": "210000488"
		},
		{
			"arsId": "0",
			"beginTm": "04:51",
			"busRouteAbrv": "50-1",
			"busRouteId": "210000003",
			"busRouteNm": "50-1부천",
			"direction": "포도마을사거리.현대백화점.이마",
			"gpsX": "126.8214250431",
			"gpsY": "37.5349558478",
			"lastTm": "22:42",
			"posX": "184218.81400411724",
			"posY": "448404.29425867926",
			"routeType": "8",
			"sectSpd": "14",
			"section": "277700379",
			"seq": "3",
			"station": "212000401",
			"stationNm": "고강동철탑",
			"stationNo": "0",
			"transYn": "N",
			"fullSectDist": "119",
			"trnstnid": "210000488"
		},
		{
			"arsId": "0",
			"beginTm": "04:51",
			"busRouteAbrv": "50-1",
			"busRouteId": "210000003",
			"busRouteNm": "50-1부천",
			"direction": "포도마을사거리.현대백화점.이마",
			"gpsX": "126.8185830075",
			"gpsY": "37.5343779861",
			"lastTm": "22:43",
			"posX": "183967.53116150192",
			"posY": "448340.6462134477",
			"routeType": "8",
			"sectSpd": "29",
			"section": "212700114",
			"seq": "4",
			"station": "212000391",
			"stationNm": "민속가든",
			"stationNo": "0",
			"transYn": "N",
			"fullSectDist": "260",
			"trnstnid": "210000488"
		},
		{
			"arsId": "16995",
			"beginTm": "04:52",
			"busRouteAbrv": "50-1",
			"busRouteId": "210000003",
			"busRouteNm": "50-1부천",
			"direction": "포도마을사거리.현대백화점.이마",
			"gpsX": "126.8145690738",
			"gpsY": "37.5507341466",
			"lastTm": "22:43",
			"posX": "183616.3848703781",
			"posY": "450156.48114916636",
			"routeType": "8",
			"sectSpd": "10",
			"section": "212900601",
			"seq": "5",
			"station": "115000568",
			"stationNm": "대한항공빌딩",
			"stationNo": "16995",
			"transYn": "N",
			"fullSectDist": "2170",
			"trnstnid": "210000488"
		},
		{
			"arsId": "16992",
			"beginTm": "04:56",
			"busRouteAbrv": "50-1",
			"busRouteId": "210000003",
			"busRouteNm": "50-1부천",
			"direction": "포도마을사거리.현대백화점.이마",
			"gpsX": "126.8112608986",
			"gpsY": "37.5534204714",
			"lastTm": "22:48",
			"posX": "183324.69172437073",
			"posY": "450455.1812001355",
			"routeType": "8",
			"sectSpd": "24",
			"section": "115705796",
			"seq": "6",
			"station": "115000572",
			"stationNm": "김포공항화물청사",
			"stationNo": "16992",
			"transYn": "N",
			"fullSectDist": "410",
			"trnstnid": "210000488"
		},
		{
			"arsId": "16983",
			"beginTm": "04:57",
			"busRouteAbrv": "50-1",
			"busRouteId": "210000003",
			"busRouteNm": "50-1부천",
			"direction": "포도마을사거리.현대백화점.이마",
			"gpsX": "126.8076813957",
			"gpsY": "37.5563306325",
			"lastTm": "22:48",
			"posX": "183009.09914292477",
			"posY": "450778.7812540871",
			"routeType": "8",
			"sectSpd": "26",
			"section": "115705797",
			"seq": "7",
			"station": "115000580",
			"stationNm": "국립항공박물관",
			"stationNo": "16983",
			"transYn": "N",
			"fullSectDist": "460",
			"trnstnid": "210000488"
		},
		{
			"arsId": "16164",
			"beginTm": "04:58",
			"busRouteAbrv": "50-1",
			"busRouteId": "210000003",
			"busRouteNm": "50-1부천",
			"direction": "포도마을사거리.현대백화점.이마",
			"gpsX": "126.8059168195",
			"gpsY": "37.564621397",
			"lastTm": "22:50",
			"posX": "182855.10275447628",
			"posY": "451699.1813878063",
			"routeType": "8",
			"sectSpd": "27",
			"section": "115705798",
			"seq": "8",
			"station": "115000067",
			"stationNm": "방화중학교",
			"stationNo": "16164",
			"transYn": "N",
			"fullSectDist": "1740",
			"trnstnid": "210000488"
		},
		{
			"arsId": "16451",
			"beginTm": "05:01",
			"busRouteAbrv": "50-1",
			"busRouteId": "210000003",
			"busRouteNm": "50-1부천",
			"direction": "포도마을사거리.현대백화점.이마",
			"gpsX": "126.8029620574",
			"gpsY": "37.562471912",
			"lastTm": "22:53",
			"posX": "182593.58493769137",
			"posY": "451461.1821575323",
			"routeType": "8",
			"sectSpd": "34",
			"section": "115705799",
			"seq": "9",
			"station": "115000617",
			"stationNm": "롯데몰.김포공항역",
			"stationNo": "16451",
			"transYn": "N",
			"fullSectDist": "680",
			"trnstnid": "210000488"
		},
		{
			"arsId": "16392",
			"beginTm": "05:02",
			"busRouteAbrv": "50-1",
			"busRouteId": "210000003",
			"busRouteNm": "50-1부천",
			"direction": "포도마을사거리.현대백화점.이마",
			"gpsX": "126.8010312835",
			"gpsY": "37.5649980309",
			"lastTm": "22:56",
			"posX": "182423.61289705767",
			"posY": "451741.88141116314",
			"routeType": "8",
			"sectSpd": "26",
			"section": "115705800",
			"seq": "10",
			"station": "115000283",
			"stationNm": "김포공항국제선",
			"stationNo": "16392",
			"transYn": "N",
			"fullSectDist": "1040",
			"trnstnid": "210000488"
		},
		{
			"arsId": "16411",
			"beginTm": "05:05",
			"busRouteAbrv": "50-1",
			"busRouteId": "210000003",
			"busRouteNm": "50-1부천",
			"direction": "포도마을사거리.현대백화점.이마",
			"gpsX": "126.798863",
			"gpsY": "37.56242",
			"lastTm": "22:57",
			"posX": "182231.4597646059",
			"posY": "451456.1882070233",
			"routeType": "8",
			"sectSpd": "29",
			"section": "115705801",
			"seq": "11",
			"station": "115000298",
			"stationNm": "한국공항공사",
			"stationNo": "16411",
			"transYn": "N",
			"fullSectDist": "410",
			"trnstnid": "210000488"
		},
		{
			"arsId": "16605",
			"beginTm": "05:06",
			"busRouteAbrv": "50-1",
			"busRouteId": "210000003",
			"busRouteNm": "50-1부천",
			"direction": "포도마을사거리.현대백화점.이마",
			"gpsX": "126.8033333929",
			"gpsY": "37.5595403707",
			"lastTm": "22:58",
			"posX": "182625.70814476302",
			"posY": "451135.7813265412",
			"routeType": "8",
			"sectSpd": "19",
			"section": "115705802",
			"seq": "12",
			"station": "115000601",
			"stationNm": "김포공항국내선",
			"stationNo": "16605",
			"transYn": "N",
			"fullSectDist": "540",
			"trnstnid": "210000488"
		},
		{
			"arsId": "16993",
			"beginTm": "05:08",
			"busRouteAbrv": "50-1",
			"busRouteId": "210000003",
			"busRouteNm": "50-1부천",
			"direction": "포도마을사거리.현대백화점.이마",
			"gpsX": "126.8080679474",
			"gpsY": "37.5556608484",
			"lastTm": "23:00",
			"posX": "183043.0983435366",
			"posY": "450704.38124108175",
			"routeType": "8",
			"sectSpd": "14",
			"section": "115706044",
			"seq": "13",
			"station": "115000571",
			"stationNm": "김포공항세관.국립항공박물관",
			"stationNo": "16993",
			"transYn": "N",
			"fullSectDist": "620",
			"trnstnid": "210000488"
		},
		{
			"arsId": "16987",
			"beginTm": "05:10",
			"busRouteAbrv": "50-1",
			"busRouteId": "210000003",
			"busRouteNm": "50-1부천",
			"direction": "포도마을사거리.현대백화점.이마",
			"gpsX": "126.8132205142",
			"gpsY": "37.5514321709",
			"lastTm": "23:03",
			"posX": "183497.38766560215",
			"posY": "450234.1811603275",
			"routeType": "8",
			"sectSpd": "23",
			"section": "115706045",
			"seq": "14",
			"station": "115000574",
			"stationNm": "대한항공화물청사",
			"stationNo": "16987",
			"transYn": "N",
			"fullSectDist": "650",
			"trnstnid": "210000488"
		},
		{
			"arsId": "16612",
			"beginTm": "05:11",
			"busRouteAbrv": "50-1",
			"busRouteId": "210000003",
			"busRouteNm": "50-1부천",
			"direction": "포도마을사거리.현대백화점.이마",
			"gpsX": "126.8150621212",
			"gpsY": "37.5499834076",
			"lastTm": "23:05",
			"posX": "183659.78385624095",
			"posY": "450073.081133367",
			"routeType": "8",
			"sectSpd": "29",
			"section": "115706046",
			"seq": "15",
			"station": "115000620",
			"stationNm": "대한항공",
			"stationNo": "16612",
			"transYn": "N",
			"fullSectDist": "230",
			"trnstnid": "210000488"
		},
		{
			"arsId": "45047",
			"beginTm": "05:12",
			"busRouteAbrv": "50-1",
			"busRouteId": "210000003",
			"busRouteNm": "50-1부천",
			"direction": "포도마을사거리.현대백화점.이마",
			"gpsX": "126.8159485365",
			"gpsY": "37.5300771552",
			"lastTm": "23:06",
			"posX": "183733.77926711406",
			"posY": "447863.80994770164",
			"routeType": "8",
			"sectSpd": "18",
			"section": "115706050",
			"seq": "16",
			"station": "212000077",
			"stationNm": "수주초등학교",
			"stationNo": "45047",
			"transYn": "N",
			"fullSectDist": "2270",
			"trnstnid": "210000488"
		},
		{
			"arsId": "45039",
			"beginTm": "05:20",
			"busRouteAbrv": "50-1",
			"busRouteId": "210000003",
			"busRouteNm": "50-1부천",
			"direction": "포도마을사거리.현대백화점.이마",
			"gpsX": "126.8159611009",
			"gpsY": "37.5268680358",
			"lastTm": "23:11",
			"posX": "183734.19284148398",
			"posY": "447507.67303966545",
			"routeType": "8",
			"sectSpd": "13",
			"section": "212700015",
			"seq": "17",
			"station": "212000053",
			"stationNm": "고강사거리",
			"stationNo": "45039",
			"transYn": "N",
			"fullSectDist": "360",
			"trnstnid": "210000488"
		},
		{
			"arsId": "45045",
			"beginTm": "05:22",
			"busRouteAbrv": "50-1",
			"busRouteId": "210000003",
			"busRouteNm": "50-1부천",
			"direction": "포도마을사거리.현대백화점.이마",
			"gpsX": "126.8156544265",
			"gpsY": "37.5249443511",
			"lastTm": "23:13",
			"posX": "183706.66979073588",
			"posY": "447294.2436744422",
			"routeType": "8",
			"sectSpd": "14",
			"section": "212700016",
			"seq": "18",
			"station": "212000070",
			"stationNm": "수주도서관.고강선사유적공원",
			"stationNo": "45045",
			"transYn": "N",
			"fullSectDist": "220",
			"trnstnid": "210000488"
		},
		{
			"arsId": "45054",
			"beginTm": "05:23",
			"busRouteAbrv": "50-1",
			"busRouteId": "210000003",
			"busRouteNm": "50-1부천",
			"direction": "포도마을사거리.현대백화점.이마",
			"gpsX": "126.8123915396",
			"gpsY": "37.5241049185",
			"lastTm": "23:14",
			"posX": "183418.09441012726",
			"posY": "447201.65716906823",
			"routeType": "8",
			"sectSpd": "13",
			"section": "212700017",
			"seq": "19",
			"station": "212000052",
			"stationNm": "부강아파트",
			"stationNo": "45054",
			"transYn": "N",
			"fullSectDist": "380",
			"trnstnid": "210000488"
		},
		{
			"arsId": "45029",
			"beginTm": "05:25",
			"busRouteAbrv": "50-1",
			"busRouteId": "210000003",
			"busRouteNm": "50-1부천",
			"direction": "포도마을사거리.현대백화점.이마",
			"gpsX": "126.8090510436",
			"gpsY": "37.5241152599",
			"lastTm": "23:15",
			"posX": "183122.84437133928",
			"posY": "447203.3989135269",
			"routeType": "8",
			"sectSpd": "12",
			"section": "212700018",
			"seq": "20",
			"station": "212000051",
			"stationNm": "서림아파트",
			"stationNo": "45029",
			"transYn": "N",
			"fullSectDist": "290",
			"trnstnid": "210000488"
		},
		{
			"arsId": "45024",
			"beginTm": "05:23",
			"busRouteAbrv": "50-1",
			"busRouteId": "210000003",
			"busRouteNm": "50-1부천",
			"direction": "포도마을사거리.현대백화점.이마",
			"gpsX": "126.8046956749",
			"gpsY": "37.5233077122",
			"lastTm": "23:17",
			"posX": "182737.70564049485",
			"posY": "447114.5710222358",
			"routeType": "8",
			"sectSpd": "8",
			"section": "212700019",
			"seq": "21",
			"station": "212000016",
			"stationNm": "원종역3번출구",
			"stationNo": "45024",
			"transYn": "N",
			"fullSectDist": "450",
			"trnstnid": "210000488"
		},
		{
			"arsId": "0",
			"beginTm": "05:28",
			"busRouteAbrv": "50-1",
			"busRouteId": "210000003",
			"busRouteNm": "50-1부천",
			"direction": "포도마을사거리.현대백화점.이마",
			"gpsX": "126.8040977492",
			"gpsY": "37.5210864918",
			"lastTm": "23:18",
			"posX": "182684.3435892795",
			"posY": "446868.1793223745",
			"routeType": "8",
			"sectSpd": "12",
			"section": "212700128",
			"seq": "22",
			"station": "212000151",
			"stationNm": "방배아파트",
			"stationNo": "0",
			"transYn": "N",
			"fullSectDist": "320",
			"trnstnid": "210000488"
		},
		{
			"arsId": "0",
			"beginTm": "05:28",
			"busRouteAbrv": "50-1",
			"busRouteId": "210000003",
			"busRouteNm": "50-1부천",
			"direction": "포도마을사거리.현대백화점.이마",
			"gpsX": "126.8015393377",
			"gpsY": "37.5212459256",
			"lastTm": "23:19",
			"posX": "182458.24456440436",
			"posY": "446886.34659684636",
			"routeType": "8",
			"sectSpd": "19",
			"section": "212700129",
			"seq": "23",
			"station": "212000150",
			"stationNm": "베르네천",
			"stationNo": "0",
			"transYn": "N",
			"fullSectDist": "230",
			"trnstnid": "210000488"
		},
		{
			"arsId": "0",
			"beginTm": "05:28",
			"busRouteAbrv": "50-1",
			"busRouteId": "210000003",
			"busRouteNm": "50-1부천",
			"direction": "포도마을사거리.현대백화점.이마",
			"gpsX": "126.7950432823",
			"gpsY": "37.5220637525",
			"lastTm": "23:21",
			"posX": "181884.26131585095",
			"posY": "446978.3366982322",
			"routeType": "8",
			"sectSpd": "15",
			"section": "212700130",
			"seq": "24",
			"station": "210000395",
			"stationNm": "도당교",
			"stationNo": "0",
			"transYn": "N",
			"fullSectDist": "580",
			"trnstnid": "210000488"
		},
		{
			"arsId": "0",
			"beginTm": ":",
			"busRouteAbrv": "50-1",
			"busRouteId": "210000003",
			"busRouteNm": "50-1부천",
			"direction": "포도마을사거리.현대백화점.이마",
			"gpsX": "126.7893564813",
			"gpsY": "37.5208855205",
			"lastTm": ":",
			"posX": "181381.32230289828",
			"posY": "446848.6918383986",
			"routeType": "8",
			"sectSpd": "21",
			"section": "210700202",
			"seq": "25",
			"station": "212000186",
			"stationNm": "도당소공원",
			"stationNo": "0",
			"transYn": "N",
			"fullSectDist": "540",
			"trnstnid": "210000488"
		},
		{
			"arsId": "45064",
			"beginTm": "05:31",
			"busRouteAbrv": "50-1",
			"busRouteId": "210000003",
			"busRouteNm": "50-1부천",
			"direction": "포도마을사거리.현대백화점.이마",
			"gpsX": "126.7864855715",
			"gpsY": "37.5195930817",
			"lastTm": "23:25",
			"posX": "181127.2381468794",
			"posY": "446705.83455673745",
			"routeType": "8",
			"sectSpd": "7",
			"section": "212700131",
			"seq": "26",
			"station": "212000138",
			"stationNm": "도당사거리.도당중학교",
			"stationNo": "45064",
			"transYn": "N",
			"fullSectDist": "290",
			"trnstnid": "210000488"
		},
		{
			"arsId": "0",
			"beginTm": "05:32",
			"busRouteAbrv": "50-1",
			"busRouteId": "210000003",
			"busRouteNm": "50-1부천",
			"direction": "포도마을사거리.현대백화점.이마",
			"gpsX": "126.7822305285",
			"gpsY": "37.5202565023",
			"lastTm": "23:26",
			"posX": "180751.30044402377",
			"posY": "446780.3202678608",
			"routeType": "8",
			"sectSpd": "9",
			"section": "212700132",
			"seq": "27",
			"station": "212000137",
			"stationNm": "내동고개",
			"stationNo": "0",
			"transYn": "N",
			"fullSectDist": "580",
			"trnstnid": "210000488"
		},
		{
			"arsId": "0",
			"beginTm": "05:34",
			"busRouteAbrv": "50-1",
			"busRouteId": "210000003",
			"busRouteNm": "50-1부천",
			"direction": "포도마을사거리.현대백화점.이마",
			"gpsX": "126.7763249915",
			"gpsY": "37.5202694317",
			"lastTm": "23:24",
			"posX": "180229.31124001977",
			"posY": "446782.97983880807",
			"routeType": "8",
			"sectSpd": "17",
			"section": "212700133",
			"seq": "28",
			"station": "212000136",
			"stationNm": "내동사거리",
			"stationNo": "0",
			"transYn": "N",
			"fullSectDist": "510",
			"trnstnid": "210000488"
		},
		{
			"arsId": "0",
			"beginTm": "05:37",
			"busRouteAbrv": "50-1",
			"busRouteId": "210000003",
			"busRouteNm": "50-1부천",
			"direction": "포도마을사거리.현대백화점.이마",
			"gpsX": "126.7735771454",
			"gpsY": "37.5202961408",
			"lastTm": "23:25",
			"posX": "179986.4352569977",
			"posY": "446786.52493519196",
			"routeType": "8",
			"sectSpd": "6",
			"section": "212700134",
			"seq": "29",
			"station": "212000164",
			"stationNm": "신흥주민지원센터",
			"stationNo": "0",
			"transYn": "N",
			"fullSectDist": "240",
			"trnstnid": "210000488"
		},
		{
			"arsId": "0",
			"beginTm": "05:38",
			"busRouteAbrv": "50-1",
			"busRouteId": "210000003",
			"busRouteNm": "50-1부천",
			"direction": "포도마을사거리.현대백화점.이마",
			"gpsX": "126.7711505511",
			"gpsY": "37.5203054243",
			"lastTm": "23:27",
			"posX": "179771.95027610435",
			"posY": "446788.0741824275",
			"routeType": "8",
			"sectSpd": "11",
			"section": "212700135",
			"seq": "30",
			"station": "212000135",
			"stationNm": "삼정사거리",
			"stationNo": "0",
			"transYn": "N",
			"fullSectDist": "220",
			"trnstnid": "210000488"
		},
		{
			"arsId": "0",
			"beginTm": "05:40",
			"busRouteAbrv": "50-1",
			"busRouteId": "210000003",
			"busRouteNm": "50-1부천",
			"direction": "포도마을사거리.현대백화점.이마",
			"gpsX": "126.7699683124",
			"gpsY": "37.5191918231",
			"lastTm": "23:27",
			"posX": "179667.1496214288",
			"posY": "446664.7463011374",
			"routeType": "8",
			"sectSpd": "6",
			"section": "212700136",
			"seq": "31",
			"station": "212000040",
			"stationNm": "삼정초등학교",
			"stationNo": "0",
			"transYn": "N",
			"fullSectDist": "200",
			"trnstnid": "210000488"
		},
		{
			"arsId": "0",
			"beginTm": "05:41",
			"busRouteAbrv": "50-1",
			"busRouteId": "210000003",
			"busRouteNm": "50-1부천",
			"direction": "포도마을사거리.현대백화점.이마",
			"gpsX": "126.7699778763",
			"gpsY": "37.5177207819",
			"lastTm": "23:27",
			"posX": "179667.59583606877",
			"posY": "446501.4943477968",
			"routeType": "8",
			"sectSpd": "14",
			"section": "212700096",
			"seq": "32",
			"station": "212000039",
			"stationNm": "종로약국",
			"stationNo": "0",
			"transYn": "N",
			"fullSectDist": "160",
			"trnstnid": "210000488"
		},
		{
			"arsId": "0",
			"beginTm": "05:42",
			"busRouteAbrv": "50-1",
			"busRouteId": "210000003",
			"busRouteNm": "50-1부천",
			"direction": "포도마을사거리.현대백화점.이마",
			"gpsX": "126.7699782327",
			"gpsY": "37.5155747147",
			"lastTm": "23:28",
			"posX": "179667.0450478751",
			"posY": "446263.3329470679",
			"routeType": "8",
			"sectSpd": "17",
			"section": "212700097",
			"seq": "33",
			"station": "212000038",
			"stationNm": "신흥시장",
			"stationNo": "0",
			"transYn": "N",
			"fullSectDist": "240",
			"trnstnid": "210000488"
		},
		{
			"arsId": "0",
			"beginTm": "05:43",
			"busRouteAbrv": "50-1",
			"busRouteId": "210000003",
			"busRouteNm": "50-1부천",
			"direction": "포도마을사거리.현대백화점.이마",
			"gpsX": "126.7671434267",
			"gpsY": "37.5151814236",
			"lastTm": "23:28",
			"posX": "179416.35176159945",
			"posY": "446220.3036112962",
			"routeType": "8",
			"sectSpd": "18",
			"section": "212700137",
			"seq": "34",
			"station": "210000265",
			"stationNm": "부천아이파크",
			"stationNo": "0",
			"transYn": "N",
			"fullSectDist": "320",
			"trnstnid": "210000488"
		},
		{
			"arsId": "0",
			"beginTm": "05:44",
			"busRouteAbrv": "50-1",
			"busRouteId": "210000003",
			"busRouteNm": "50-1부천",
			"direction": "포도마을사거리.현대백화점.이마",
			"gpsX": "126.7648244154",
			"gpsY": "37.5151767998",
			"lastTm": "23:29",
			"posX": "179211.35827371673",
			"posY": "446220.3003524211",
			"routeType": "8",
			"sectSpd": "16",
			"section": "210700203",
			"seq": "35",
			"station": "210000264",
			"stationNm": "부천체육관.부천초등학교",
			"stationNo": "0",
			"transYn": "N",
			"fullSectDist": "200",
			"trnstnid": "210000488"
		},
		{
			"arsId": "0",
			"beginTm": "05:44",
			"busRouteAbrv": "50-1",
			"busRouteId": "210000003",
			"busRouteNm": "50-1부천",
			"direction": "포도마을사거리.현대백화점.이마",
			"gpsX": "126.7638394762",
			"gpsY": "37.5151601843",
			"lastTm": "23:31",
			"posX": "179124.28857693737",
			"posY": "446218.6745186667",
			"routeType": "8",
			"sectSpd": "6",
			"section": "210700204",
			"seq": "36",
			"station": "210000067",
			"stationNm": "부천체육관.부천초교사거리",
			"stationNo": "0",
			"transYn": "N",
			"fullSectDist": "90",
			"trnstnid": "210000488"
		},
		{
			"arsId": "0",
			"beginTm": "05:45",
			"busRouteAbrv": "50-1",
			"busRouteId": "210000003",
			"busRouteNm": "50-1부천",
			"direction": "포도마을사거리.현대백화점.이마",
			"gpsX": "126.7623611901",
			"gpsY": "37.5151473061",
			"lastTm": "23:31",
			"posX": "178993.6097824517",
			"posY": "446217.5743805575",
			"routeType": "8",
			"sectSpd": "12",
			"section": "210700205",
			"seq": "37",
			"station": "210000202",
			"stationNm": "부천체육관북문",
			"stationNo": "0",
			"transYn": "N",
			"fullSectDist": "130",
			"trnstnid": "210000488"
		},
		{
			"arsId": "0",
			"beginTm": "05:46",
			"busRouteAbrv": "50-1",
			"busRouteId": "210000003",
			"busRouteNm": "50-1부천",
			"direction": "포도마을사거리.현대백화점.이마",
			"gpsX": "126.7589752412",
			"gpsY": "37.5154051351",
			"lastTm": "23:38",
			"posX": "178694.37728970166",
			"posY": "446246.94849889213",
			"routeType": "8",
			"sectSpd": "9",
			"section": "210700206",
			"seq": "38",
			"station": "210000201",
			"stationNm": "다정한마을.래미안아파트",
			"stationNo": "0",
			"transYn": "N",
			"fullSectDist": "300",
			"trnstnid": "210000488"
		},
		{
			"arsId": "0",
			"beginTm": "05:47",
			"busRouteAbrv": "50-1",
			"busRouteId": "210000003",
			"busRouteNm": "50-1부천",
			"direction": "포도마을사거리.현대백화점.이마",
			"gpsX": "126.7573977889",
			"gpsY": "37.5156276792",
			"lastTm": "23:40",
			"posX": "178555.00029537312",
			"posY": "446272.00387323974",
			"routeType": "8",
			"sectSpd": "10",
			"section": "210700136",
			"seq": "39",
			"station": "210000461",
			"stationNm": "다정한마을.경남아너스빌아파트",
			"stationNo": "0",
			"transYn": "N",
			"fullSectDist": "140",
			"trnstnid": "210000488"
		},
		{
			"arsId": "0",
			"beginTm": ":",
			"busRouteAbrv": "50-1",
			"busRouteId": "210000003",
			"busRouteNm": "50-1부천",
			"direction": "포도마을사거리.현대백화점.이마",
			"gpsX": "126.7546204543",
			"gpsY": "37.513751331",
			"lastTm": ":",
			"posX": "178308.952308219",
			"posY": "446064.41148584057",
			"routeType": "8",
			"sectSpd": "15",
			"section": "210700137",
			"seq": "40",
			"station": "210000200",
			"stationNm": "다정한마을.KCC.경남아파트",
			"stationNo": "0",
			"transYn": "N",
			"fullSectDist": "420",
			"trnstnid": "210000488"
		},
		{
			"arsId": "0",
			"beginTm": "05:49",
			"busRouteAbrv": "50-1",
			"busRouteId": "210000003",
			"busRouteNm": "50-1부천",
			"direction": "포도마을사거리.현대백화점.이마",
			"gpsX": "126.7539346829",
			"gpsY": "37.510531881",
			"lastTm": "23:42",
			"posX": "178247.39706447342",
			"posY": "445707.28922896506",
			"routeType": "8",
			"sectSpd": "19",
			"section": "210700138",
			"seq": "41",
			"station": "210000122",
			"stationNm": "진달래대우.라일락신성아파트",
			"stationNo": "0",
			"transYn": "N",
			"fullSectDist": "360",
			"trnstnid": "210000488"
		},
		{
			"arsId": "0",
			"beginTm": "05:52",
			"busRouteAbrv": "50-1",
			"busRouteId": "210000003",
			"busRouteNm": "50-1부천",
			"direction": "포도마을사거리.현대백화점.이마",
			"gpsX": "126.7534808583",
			"gpsY": "37.5082163677",
			"lastTm": "23:44",
			"posX": "178206.60489836405",
			"posY": "445450.4287502216",
			"routeType": "8",
			"sectSpd": "9",
			"section": "210700139",
			"seq": "42",
			"station": "210000194",
			"stationNm": "진달래마을써미트빌",
			"stationNo": "0",
			"transYn": "N",
			"fullSectDist": "290",
			"trnstnid": "210000488"
		},
		{
			"arsId": "0",
			"beginTm": ":",
			"busRouteAbrv": "50-1",
			"busRouteId": "210000003",
			"busRouteNm": "50-1부천",
			"direction": "포도마을사거리.현대백화점.이마",
			"gpsX": "126.7551196089",
			"gpsY": "37.5054615033",
			"lastTm": ":",
			"posX": "178350.68243188388",
			"posY": "445144.32787882164",
			"routeType": "8",
			"sectSpd": "5",
			"section": "210700140",
			"seq": "43",
			"station": "210000327",
			"stationNm": "상동역1번출구.부천터미널소풍. ",
			"stationNo": "0",
			"transYn": "N",
			"fullSectDist": "310",
			"trnstnid": "210000488"
		},
		{
			"arsId": "0",
			"beginTm": ":",
			"busRouteAbrv": "50-1",
			"busRouteId": "210000003",
			"busRouteNm": "50-1부천",
			"direction": "포도마을사거리.현대백화점.이마",
			"gpsX": "126.7612595103",
			"gpsY": "37.5047746931",
			"lastTm": ":",
			"posX": "178893.30459556344",
			"posY": "445066.71397924004",
			"routeType": "8",
			"sectSpd": "16",
			"section": "210700207",
			"seq": "44",
			"station": "210000166",
			"stationNm": "부천시청역3번출구.경기예고.현 ",
			"stationNo": "0",
			"transYn": "N",
			"fullSectDist": "660",
			"trnstnid": "210000488"
		},
		{
			"arsId": "0",
			"beginTm": "05:12",
			"busRouteAbrv": "50-1",
			"busRouteId": "210000003",
			"busRouteNm": "50-1부천",
			"direction": "포도마을사거리.현대백화점.이마",
			"gpsX": "126.7626498181",
			"gpsY": "37.5027701117",
			"lastTm": "23:52",
			"posX": "179015.65878104465",
			"posY": "444843.94368218165",
			"routeType": "8",
			"sectSpd": "14",
			"section": "210700208",
			"seq": "45",
			"station": "210000488",
			"stationNm": "포도마을사거리.현대백화점.이마",
			"stationNo": "0",
			"transYn": "Y",
			"fullSectDist": "390",
			"trnstnid": "210000488"
		},
		{
			"arsId": "11497",
			"beginTm": "05:00",
			"busRouteAbrv": "50-1",
			"busRouteId": "210000003",
			"busRouteNm": "50-1부천",
			"direction": "고강공영차고지(경유)",
			"gpsX": "126.7608065377",
			"gpsY": "37.5023969948",
			"lastTm": "23:51",
			"posX": "178852.587230312",
			"posY": "444802.94945778186",
			"routeType": "8",
			"sectSpd": "13",
			"section": "210901075",
			"seq": "46",
			"station": "210000525",
			"stationNm": "KT중동지사",
			"stationNo": "11497",
			"transYn": "N",
			"fullSectDist": "250",
			"trnstnid": "210000488"
		},
		{
			"arsId": "0",
			"beginTm": ":",
			"busRouteAbrv": "50-1",
			"busRouteId": "210000003",
			"busRouteNm": "50-1부천",
			"direction": "고강공영차고지(경유)",
			"gpsX": "126.7552888764",
			"gpsY": "37.5059439909",
			"lastTm": ":",
			"posX": "178365.78624838404",
			"posY": "445197.83327008877",
			"routeType": "8",
			"sectSpd": "11",
			"section": "210901076",
			"seq": "47",
			"station": "210000157",
			"stationNm": "상동역8번출구.세이브존",
			"stationNo": "0",
			"transYn": "N",
			"fullSectDist": "870",
			"trnstnid": "210000488"
		},
		{
			"arsId": "0",
			"beginTm": ":",
			"busRouteAbrv": "50-1",
			"busRouteId": "210000003",
			"busRouteNm": "50-1부천",
			"direction": "고강공영차고지(경유)",
			"gpsX": "126.7534497079",
			"gpsY": "37.5066832019",
			"lastTm": ":",
			"posX": "178203.4052675636",
			"posY": "445280.29201828176",
			"routeType": "8",
			"sectSpd": "15",
			"section": "210700157",
			"seq": "48",
			"station": "210000255",
			"stationNm": "상동역7번출구.세이브존",
			"stationNo": "0",
			"transYn": "N",
			"fullSectDist": "290",
			"trnstnid": "210000488"
		},
		{
			"arsId": "0",
			"beginTm": ":",
			"busRouteAbrv": "50-1",
			"busRouteId": "210000003",
			"busRouteNm": "50-1부천",
			"direction": "고강공영차고지(경유)",
			"gpsX": "126.7537981015",
			"gpsY": "37.5081990764",
			"lastTm": ":",
			"posX": "178234.64564107088",
			"posY": "445448.43641266786",
			"routeType": "8",
			"sectSpd": "6",
			"section": "210700158",
			"seq": "49",
			"station": "210000211",
			"stationNm": "써미트빌.진달래마을",
			"stationNo": "0",
			"transYn": "N",
			"fullSectDist": "170",
			"trnstnid": "210000488"
		},
		{
			"arsId": "0",
			"beginTm": ":",
			"busRouteAbrv": "50-1",
			"busRouteId": "210000003",
			"busRouteNm": "50-1부천",
			"direction": "고강공영차고지(경유)",
			"gpsX": "126.7543410366",
			"gpsY": "37.5107940484",
			"lastTm": ":",
			"posX": "178283.39545659034",
			"posY": "445736.28955884883",
			"routeType": "8",
			"sectSpd": "26",
			"section": "210700159",
			"seq": "50",
			"station": "210000123",
			"stationNm": "진달래대우.라일락신성아파트",
			"stationNo": "0",
			"transYn": "N",
			"fullSectDist": "260",
			"trnstnid": "210000488"
		},
		{
			"arsId": "0",
			"beginTm": ":",
			"busRouteAbrv": "50-1",
			"busRouteId": "210000003",
			"busRouteNm": "50-1부천",
			"direction": "고강공영차고지(경유)",
			"gpsX": "126.7550534224",
			"gpsY": "37.5143097923",
			"lastTm": ":",
			"posX": "178347.3872089268",
			"posY": "446126.2873852947",
			"routeType": "8",
			"sectSpd": "13",
			"section": "210700160",
			"seq": "51",
			"station": "210000205",
			"stationNm": "다정한마을.KCC.경남아파트",
			"stationNo": "0",
			"transYn": "N",
			"fullSectDist": "430",
			"trnstnid": "210000488"
		},
		{
			"arsId": "0",
			"beginTm": ":",
			"busRouteAbrv": "50-1",
			"busRouteId": "210000003",
			"busRouteNm": "50-1부천",
			"direction": "고강공영차고지(경유)",
			"gpsX": "126.7581306097",
			"gpsY": "37.5152542657",
			"lastTm": ":",
			"posX": "178619.6720921434",
			"posY": "446230.3972633751",
			"routeType": "8",
			"sectSpd": "9",
			"section": "210700161",
			"seq": "52",
			"station": "210000204",
			"stationNm": "다정한마을.래미안아파트",
			"stationNo": "0",
			"transYn": "N",
			"fullSectDist": "420",
			"trnstnid": "210000488"
		},
		{
			"arsId": "0",
			"beginTm": "05:08",
			"busRouteAbrv": "50-1",
			"busRouteId": "210000003",
			"busRouteNm": "50-1부천",
			"direction": "고강공영차고지(경유)",
			"gpsX": "126.7619563521",
			"gpsY": "37.5149361268",
			"lastTm": "00:03",
			"posX": "178957.76425438028",
			"posY": "446194.22907622624",
			"routeType": "8",
			"sectSpd": "5",
			"section": "210700218",
			"seq": "53",
			"station": "210000390",
			"stationNm": "부천체육관북문",
			"stationNo": "0",
			"transYn": "N",
			"fullSectDist": "340",
			"trnstnid": "210000488"
		},
		{
			"arsId": "0",
			"beginTm": "05:14",
			"busRouteAbrv": "50-1",
			"busRouteId": "210000003",
			"busRouteNm": "50-1부천",
			"direction": "고강공영차고지(경유)",
			"gpsX": "126.7652177786",
			"gpsY": "37.5149239203",
			"lastTm": "00:02",
			"posX": "179246.06012841826",
			"posY": "446192.15003353124",
			"routeType": "8",
			"sectSpd": "13",
			"section": "210700219",
			"seq": "54",
			"station": "210000278",
			"stationNm": "부천체육관.부천초등학교",
			"stationNo": "0",
			"transYn": "N",
			"fullSectDist": "290",
			"trnstnid": "210000488"
		},
		{
			"arsId": "0",
			"beginTm": "05:15",
			"busRouteAbrv": "50-1",
			"busRouteId": "210000003",
			"busRouteNm": "50-1부천",
			"direction": "고강공영차고지(경유)",
			"gpsX": "126.7681080169",
			"gpsY": "37.5149325588",
			"lastTm": "00:03",
			"posX": "179501.54997040617",
			"posY": "446192.4750786149",
			"routeType": "8",
			"sectSpd": "12",
			"section": "210700220",
			"seq": "55",
			"station": "210000277",
			"stationNm": "부천아이파크",
			"stationNo": "0",
			"transYn": "N",
			"fullSectDist": "250",
			"trnstnid": "210000488"
		},
		{
			"arsId": "0",
			"beginTm": "05:17",
			"busRouteAbrv": "50-1",
			"busRouteId": "210000003",
			"busRouteNm": "50-1부천",
			"direction": "고강공영차고지(경유)",
			"gpsX": "126.7702406762",
			"gpsY": "37.5159354336",
			"lastTm": "00:04",
			"posX": "179690.34173989503",
			"posY": "446303.30729040224",
			"routeType": "8",
			"sectSpd": "10",
			"section": "210700221",
			"seq": "56",
			"station": "212000037",
			"stationNm": "신흥시장",
			"stationNo": "0",
			"transYn": "N",
			"fullSectDist": "270",
			"trnstnid": "210000488"
		},
		{
			"arsId": "0",
			"beginTm": "05:18",
			"busRouteAbrv": "50-1",
			"busRouteId": "210000003",
			"busRouteNm": "50-1부천",
			"direction": "고강공영차고지(경유)",
			"gpsX": "126.7702484015",
			"gpsY": "37.5170978558",
			"lastTm": "00:05",
			"posX": "179691.33964970132",
			"posY": "446432.30624418426",
			"routeType": "8",
			"sectSpd": "14",
			"section": "212700078",
			"seq": "57",
			"station": "212000036",
			"stationNm": "종로약국",
			"stationNo": "0",
			"transYn": "N",
			"fullSectDist": "130",
			"trnstnid": "210000488"
		},
		{
			"arsId": "0",
			"beginTm": "05:18",
			"busRouteAbrv": "50-1",
			"busRouteId": "210000003",
			"busRouteNm": "50-1부천",
			"direction": "고강공영차고지(경유)",
			"gpsX": "126.7702544616",
			"gpsY": "37.5191644016",
			"lastTm": "00:05",
			"posX": "179692.43538761092",
			"posY": "446661.6413725307",
			"routeType": "8",
			"sectSpd": "17",
			"section": "212700079",
			"seq": "58",
			"station": "212000035",
			"stationNm": "삼정초등학교",
			"stationNo": "0",
			"transYn": "N",
			"fullSectDist": "230",
			"trnstnid": "210000488"
		},
		{
			"arsId": "0",
			"beginTm": "05:19",
			"busRouteAbrv": "50-1",
			"busRouteId": "210000003",
			"busRouteNm": "50-1부천",
			"direction": "고강공영차고지(경유)",
			"gpsX": "126.7707473566",
			"gpsY": "37.520040806",
			"lastTm": "00:05",
			"posX": "179736.24021752152",
			"posY": "446758.7947344254",
			"routeType": "8",
			"sectSpd": "12",
			"section": "212700138",
			"seq": "59",
			"station": "212000154",
			"stationNm": "삼정사거리",
			"stationNo": "0",
			"transYn": "N",
			"fullSectDist": "170",
			"trnstnid": "210000488"
		},
		{
			"arsId": "0",
			"beginTm": "05:20",
			"busRouteAbrv": "50-1",
			"busRouteId": "210000003",
			"busRouteNm": "50-1부천",
			"direction": "고강공영차고지(경유)",
			"gpsX": "126.7734296258",
			"gpsY": "37.5200325855",
			"lastTm": "00:06",
			"posX": "179973.3255071283",
			"posY": "446757.30807779264",
			"routeType": "8",
			"sectSpd": "8",
			"section": "212700139",
			"seq": "60",
			"station": "212000171",
			"stationNm": "신흥주민지원센터",
			"stationNo": "0",
			"transYn": "N",
			"fullSectDist": "240",
			"trnstnid": "210000488"
		},
		{
			"arsId": "0",
			"beginTm": "05:22",
			"busRouteAbrv": "50-1",
			"busRouteId": "210000003",
			"busRouteNm": "50-1부천",
			"direction": "고강공영차고지(경유)",
			"gpsX": "126.7768301401",
			"gpsY": "37.5200145572",
			"lastTm": "00:08",
			"posX": "180273.8944070459",
			"posY": "446754.5889059417",
			"routeType": "8",
			"sectSpd": "7",
			"section": "212700140",
			"seq": "61",
			"station": "212000153",
			"stationNm": "내동사거리",
			"stationNo": "0",
			"transYn": "N",
			"fullSectDist": "300",
			"trnstnid": "210000488"
		},
		{
			"arsId": "0",
			"beginTm": "05:20",
			"busRouteAbrv": "50-1",
			"busRouteId": "210000003",
			"busRouteNm": "50-1부천",
			"direction": "고강공영차고지(경유)",
			"gpsX": "126.7822428361",
			"gpsY": "37.520016734",
			"lastTm": "00:14",
			"posX": "180752.32672495893",
			"posY": "446753.7092832965",
			"routeType": "8",
			"sectSpd": "19",
			"section": "212700141",
			"seq": "62",
			"station": "212000152",
			"stationNm": "내동고개",
			"stationNo": "0",
			"transYn": "N",
			"fullSectDist": "480",
			"trnstnid": "210000488"
		},
		{
			"arsId": "45073",
			"beginTm": "05:20",
			"busRouteAbrv": "50-1",
			"busRouteId": "210000003",
			"busRouteNm": "50-1부천",
			"direction": "고강공영차고지(경유)",
			"gpsX": "126.7856784768",
			"gpsY": "37.5189320016",
			"lastTm": "00:14",
			"posX": "181055.73098496016",
			"posY": "446632.6329320711",
			"routeType": "8",
			"sectSpd": "9",
			"section": "212700142",
			"seq": "63",
			"station": "210000376",
			"stationNm": "도당사거리.도당중학교",
			"stationNo": "45073",
			"transYn": "N",
			"fullSectDist": "480",
			"trnstnid": "210000488"
		},
		{
			"arsId": "0",
			"beginTm": "05:22",
			"busRouteAbrv": "50-1",
			"busRouteId": "210000003",
			"busRouteNm": "50-1부천",
			"direction": "고강공영차고지(경유)",
			"gpsX": "126.7892317953",
			"gpsY": "37.5206223871",
			"lastTm": "00:17",
			"posX": "181370.23592942907",
			"posY": "446819.5150977373",
			"routeType": "8",
			"sectSpd": "11",
			"section": "210700222",
			"seq": "64",
			"station": "210000393",
			"stationNm": "도당소공원",
			"stationNo": "0",
			"transYn": "N",
			"fullSectDist": "360",
			"trnstnid": "210000488"
		},
		{
			"arsId": "0",
			"beginTm": "05:25",
			"busRouteAbrv": "50-1",
			"busRouteId": "210000003",
			"busRouteNm": "50-1부천",
			"direction": "고강공영차고지(경유)",
			"gpsX": "126.7948924274",
			"gpsY": "37.5218626969",
			"lastTm": "00:18",
			"posX": "181870.8788707112",
			"posY": "446956.0534621747",
			"routeType": "8",
			"sectSpd": "23",
			"section": "210700223",
			"seq": "65",
			"station": "210000394",
			"stationNm": "도당교",
			"stationNo": "0",
			"transYn": "N",
			"fullSectDist": "550",
			"trnstnid": "210000488"
		},
		{
			"arsId": "0",
			"beginTm": "05:24",
			"busRouteAbrv": "50-1",
			"busRouteId": "210000003",
			"busRouteNm": "50-1부천",
			"direction": "고강공영차고지(경유)",
			"gpsX": "126.798642941",
			"gpsY": "37.5213220847",
			"lastTm": "00:20",
			"posX": "182202.25254178062",
			"posY": "446895.3424422289",
			"routeType": "8",
			"sectSpd": "13",
			"section": "210700224",
			"seq": "66",
			"station": "212000118",
			"stationNm": "여월동영화아파트",
			"stationNo": "0",
			"transYn": "N",
			"fullSectDist": "340",
			"trnstnid": "210000488"
		},
		{
			"arsId": "0",
			"beginTm": "05:29",
			"busRouteAbrv": "50-1",
			"busRouteId": "210000003",
			"busRouteNm": "50-1부천",
			"direction": "고강공영차고지(경유)",
			"gpsX": "126.8017774432",
			"gpsY": "37.5210480886",
			"lastTm": "00:16",
			"posX": "182479.2442496",
			"posY": "446864.3471182273",
			"routeType": "8",
			"sectSpd": "14",
			"section": "212700143",
			"seq": "67",
			"station": "212000139",
			"stationNm": "베르네천",
			"stationNo": "0",
			"transYn": "N",
			"fullSectDist": "280",
			"trnstnid": "210000488"
		},
		{
			"arsId": "0",
			"beginTm": "05:29",
			"busRouteAbrv": "50-1",
			"busRouteId": "210000003",
			"busRouteNm": "50-1부천",
			"direction": "고강공영차고지(경유)",
			"gpsX": "126.8038480851",
			"gpsY": "37.5209254191",
			"lastTm": "00:16",
			"posX": "182662.23866772954",
			"posY": "446850.35014676256",
			"routeType": "8",
			"sectSpd": "14",
			"section": "212700144",
			"seq": "68",
			"station": "212000145",
			"stationNm": "방배아파트",
			"stationNo": "0",
			"transYn": "N",
			"fullSectDist": "180",
			"trnstnid": "210000488"
		},
		{
			"arsId": "45023",
			"beginTm": "05:29",
			"busRouteAbrv": "50-1",
			"busRouteId": "210000003",
			"busRouteNm": "50-1부천",
			"direction": "고강공영차고지(경유)",
			"gpsX": "126.8050283113",
			"gpsY": "37.5229427131",
			"lastTm": "00:17",
			"posX": "182767.02232937922",
			"posY": "447074.00397937046",
			"routeType": "8",
			"sectSpd": "9",
			"section": "212700145",
			"seq": "69",
			"station": "212000027",
			"stationNm": "원종역2번출구",
			"stationNo": "45023",
			"transYn": "N",
			"fullSectDist": "310",
			"trnstnid": "210000488"
		},
		{
			"arsId": "45028",
			"beginTm": ":",
			"busRouteAbrv": "50-1",
			"busRouteId": "210000003",
			"busRouteNm": "50-1부천",
			"direction": "고강공영차고지(경유)",
			"gpsX": "126.8093084519",
			"gpsY": "37.5239830598",
			"lastTm": ":",
			"posX": "183145.5658623638",
			"posY": "447188.68175299186",
			"routeType": "8",
			"sectSpd": "14",
			"section": "212700007",
			"seq": "70",
			"station": "212000055",
			"stationNm": "서림아파트",
			"stationNo": "45028",
			"transYn": "N",
			"fullSectDist": "520",
			"trnstnid": "210000488"
		},
		{
			"arsId": "45043",
			"beginTm": ":",
			"busRouteAbrv": "50-1",
			"busRouteId": "210000003",
			"busRouteNm": "50-1부천",
			"direction": "고강공영차고지(경유)",
			"gpsX": "126.8132304874",
			"gpsY": "37.5239824557",
			"lastTm": ":",
			"posX": "183492.21848521923",
			"posY": "447187.9192084158",
			"routeType": "8",
			"sectSpd": "12",
			"section": "212700008",
			"seq": "71",
			"station": "212000054",
			"stationNm": "부강아파트",
			"stationNo": "45043",
			"transYn": "N",
			"fullSectDist": "350",
			"trnstnid": "210000488"
		},
		{
			"arsId": "45044",
			"beginTm": "05:35",
			"busRouteAbrv": "50-1",
			"busRouteId": "210000003",
			"busRouteNm": "50-1부천",
			"direction": "고강공영차고지(경유)",
			"gpsX": "126.8158873893",
			"gpsY": "37.5248409639",
			"lastTm": "00:22",
			"posX": "183727.23770153805",
			"posY": "447282.72987267515",
			"routeType": "8",
			"sectSpd": "9",
			"section": "212700009",
			"seq": "72",
			"station": "212000099",
			"stationNm": "수주도서관.고강선사유적공원",
			"stationNo": "45044",
			"transYn": "N",
			"fullSectDist": "300",
			"trnstnid": "210000488"
		},
		{
			"arsId": "45046",
			"beginTm": "05:31",
			"busRouteAbrv": "50-1",
			"busRouteId": "210000003",
			"busRouteNm": "50-1부천",
			"direction": "고강공영차고지(경유)",
			"gpsX": "126.8162396598",
			"gpsY": "37.5273016475",
			"lastTm": "00:27",
			"posX": "183758.90659114154",
			"posY": "447555.74531832756",
			"routeType": "8",
			"sectSpd": "17",
			"section": "212700010",
			"seq": "73",
			"station": "212000160",
			"stationNm": "고강사거리",
			"stationNo": "45046",
			"transYn": "N",
			"fullSectDist": "280",
			"trnstnid": "210000488"
		},
		{
			"arsId": "45038",
			"beginTm": "05:37",
			"busRouteAbrv": "50-1",
			"busRouteId": "210000003",
			"busRouteNm": "50-1부천",
			"direction": "고강공영차고지(경유)",
			"gpsX": "126.8162398045",
			"gpsY": "37.5302363465",
			"lastTm": "00:24",
			"posX": "183759.5556810354",
			"posY": "447881.42600788083",
			"routeType": "8",
			"sectSpd": "9",
			"section": "212600011",
			"seq": "74",
			"station": "212000159",
			"stationNm": "수주초등학교",
			"stationNo": "45038",
			"transYn": "N",
			"fullSectDist": "330",
			"trnstnid": "210000488"
		},
		{
			"arsId": "16995",
			"beginTm": "05:40",
			"busRouteAbrv": "50-1",
			"busRouteId": "210000003",
			"busRouteNm": "50-1부천",
			"direction": "고강공영차고지(경유)",
			"gpsX": "126.8145690738",
			"gpsY": "37.5507341466",
			"lastTm": "00:26",
			"posX": "183616.3848703781",
			"posY": "450156.48114916636",
			"routeType": "8",
			"sectSpd": "10",
			"section": "212700146",
			"seq": "75",
			"station": "115000568",
			"stationNm": "대한항공빌딩",
			"stationNo": "16995",
			"transYn": "N",
			"fullSectDist": "2340",
			"trnstnid": "210000488"
		},
		{
			"arsId": "16992",
			"beginTm": "05:48",
			"busRouteAbrv": "50-1",
			"busRouteId": "210000003",
			"busRouteNm": "50-1부천",
			"direction": "고강공영차고지(경유)",
			"gpsX": "126.8112608986",
			"gpsY": "37.5534204714",
			"lastTm": "00:33",
			"posX": "183324.69172437073",
			"posY": "450455.1812001355",
			"routeType": "8",
			"sectSpd": "24",
			"section": "115705796",
			"seq": "76",
			"station": "115000572",
			"stationNm": "김포공항화물청사",
			"stationNo": "16992",
			"transYn": "N",
			"fullSectDist": "410",
			"trnstnid": "210000488"
		},
		{
			"arsId": "16983",
			"beginTm": "05:49",
			"busRouteAbrv": "50-1",
			"busRouteId": "210000003",
			"busRouteNm": "50-1부천",
			"direction": "고강공영차고지(경유)",
			"gpsX": "126.8076813957",
			"gpsY": "37.5563306325",
			"lastTm": "00:34",
			"posX": "183009.09914292477",
			"posY": "450778.7812540871",
			"routeType": "8",
			"sectSpd": "26",
			"section": "115705797",
			"seq": "77",
			"station": "115000580",
			"stationNm": "국립항공박물관",
			"stationNo": "16983",
			"transYn": "N",
			"fullSectDist": "460",
			"trnstnid": "210000488"
		},
		{
			"arsId": "16164",
			"beginTm": "05:43",
			"busRouteAbrv": "50-1",
			"busRouteId": "210000003",
			"busRouteNm": "50-1부천",
			"direction": "고강공영차고지(경유)",
			"gpsX": "126.8059168195",
			"gpsY": "37.564621397",
			"lastTm": "00:38",
			"posX": "182855.10275447628",
			"posY": "451699.1813878063",
			"routeType": "8",
			"sectSpd": "27",
			"section": "115705798",
			"seq": "78",
			"station": "115000067",
			"stationNm": "방화중학교",
			"stationNo": "16164",
			"transYn": "N",
			"fullSectDist": "1740",
			"trnstnid": "210000488"
		},
		{
			"arsId": "16451",
			"beginTm": "05:48",
			"busRouteAbrv": "50-1",
			"busRouteId": "210000003",
			"busRouteNm": "50-1부천",
			"direction": "고강공영차고지(경유)",
			"gpsX": "126.8029620574",
			"gpsY": "37.562471912",
			"lastTm": "00:41",
			"posX": "182593.58493769137",
			"posY": "451461.1821575323",
			"routeType": "8",
			"sectSpd": "34",
			"section": "115705799",
			"seq": "79",
			"station": "115000617",
			"stationNm": "롯데몰.김포공항역",
			"stationNo": "16451",
			"transYn": "N",
			"fullSectDist": "680",
			"trnstnid": "210000488"
		},
		{
			"arsId": "16392",
			"beginTm": "05:49",
			"busRouteAbrv": "50-1",
			"busRouteId": "210000003",
			"busRouteNm": "50-1부천",
			"direction": "고강공영차고지(경유)",
			"gpsX": "126.8010312835",
			"gpsY": "37.5649980309",
			"lastTm": "00:42",
			"posX": "182423.61289705767",
			"posY": "451741.88141116314",
			"routeType": "8",
			"sectSpd": "26",
			"section": "115705800",
			"seq": "80",
			"station": "115000283",
			"stationNm": "김포공항국제선",
			"stationNo": "16392",
			"transYn": "N",
			"fullSectDist": "1040",
			"trnstnid": "210000488"
		},
		{
			"arsId": "16411",
			"beginTm": "05:51",
			"busRouteAbrv": "50-1",
			"busRouteId": "210000003",
			"busRouteNm": "50-1부천",
			"direction": "고강공영차고지(경유)",
			"gpsX": "126.798863",
			"gpsY": "37.56242",
			"lastTm": "00:44",
			"posX": "182231.4597646059",
			"posY": "451456.1882070233",
			"routeType": "8",
			"sectSpd": "29",
			"section": "115705801",
			"seq": "81",
			"station": "115000298",
			"stationNm": "한국공항공사",
			"stationNo": "16411",
			"transYn": "N",
			"fullSectDist": "410",
			"trnstnid": "210000488"
		},
		{
			"arsId": "16605",
			"beginTm": "06:00",
			"busRouteAbrv": "50-1",
			"busRouteId": "210000003",
			"busRouteNm": "50-1부천",
			"direction": "고강공영차고지(경유)",
			"gpsX": "126.8033333929",
			"gpsY": "37.5595403707",
			"lastTm": "00:45",
			"posX": "182625.70814476302",
			"posY": "451135.7813265412",
			"routeType": "8",
			"sectSpd": "19",
			"section": "115705802",
			"seq": "82",
			"station": "115000601",
			"stationNm": "김포공항국내선",
			"stationNo": "16605",
			"transYn": "N",
			"fullSectDist": "540",
			"trnstnid": "210000488"
		},
		{
			"arsId": "16993",
			"beginTm": "05:54",
			"busRouteAbrv": "50-1",
			"busRouteId": "210000003",
			"busRouteNm": "50-1부천",
			"direction": "고강공영차고지(경유)",
			"gpsX": "126.8080679474",
			"gpsY": "37.5556608484",
			"lastTm": "00:46",
			"posX": "183043.0983435366",
			"posY": "450704.38124108175",
			"routeType": "8",
			"sectSpd": "14",
			"section": "115706044",
			"seq": "83",
			"station": "115000571",
			"stationNm": "김포공항세관.국립항공박물관",
			"stationNo": "16993",
			"transYn": "N",
			"fullSectDist": "620",
			"trnstnid": "210000488"
		},
		{
			"arsId": "16987",
			"beginTm": "06:04",
			"busRouteAbrv": "50-1",
			"busRouteId": "210000003",
			"busRouteNm": "50-1부천",
			"direction": "고강공영차고지(경유)",
			"gpsX": "126.8132205142",
			"gpsY": "37.5514321709",
			"lastTm": "00:46",
			"posX": "183497.38766560215",
			"posY": "450234.1811603275",
			"routeType": "8",
			"sectSpd": "23",
			"section": "115706045",
			"seq": "84",
			"station": "115000574",
			"stationNm": "대한항공화물청사",
			"stationNo": "16987",
			"transYn": "N",
			"fullSectDist": "650",
			"trnstnid": "210000488"
		},
		{
			"arsId": "16612",
			"beginTm": "06:05",
			"busRouteAbrv": "50-1",
			"busRouteId": "210000003",
			"busRouteNm": "50-1부천",
			"direction": "고강공영차고지(경유)",
			"gpsX": "126.8150621212",
			"gpsY": "37.5499834076",
			"lastTm": "00:46",
			"posX": "183659.78385624095",
			"posY": "450073.081133367",
			"routeType": "8",
			"sectSpd": "29",
			"section": "115706046",
			"seq": "85",
			"station": "115000620",
			"stationNm": "대한항공",
			"stationNo": "16612",
			"transYn": "N",
			"fullSectDist": "230",
			"trnstnid": "210000488"
		},
		{
			"arsId": "13214",
			"beginTm": "05:57",
			"busRouteAbrv": "50-1",
			"busRouteId": "210000003",
			"busRouteNm": "50-1부천",
			"direction": "고강공영차고지(경유)",
			"gpsX": "126.8210165067",
			"gpsY": "37.5389639653",
			"lastTm": "00:49",
			"posX": "184183.5570369662",
			"posY": "448849.1677224161",
			"routeType": "8",
			"sectSpd": "25",
			"section": "115900596",
			"seq": "86",
			"station": "212000226",
			"stationNm": "고강동공영차고지입구",
			"stationNo": "13214",
			"transYn": "N",
			"fullSectDist": "1820",
			"trnstnid": "210000488"
		},
		{
			"arsId": "0",
			"beginTm": "06:27",
			"busRouteAbrv": "50-1",
			"busRouteId": "210000003",
			"busRouteNm": "50-1부천",
			"direction": "고강공영차고지(경유)",
			"gpsX": "126.8190515904",
			"gpsY": "37.5377411519",
			"lastTm": "00:53",
			"posX": "184009.65970816373",
			"posY": "448713.7970604929",
			"routeType": "8",
			"sectSpd": "21",
			"section": "212900652",
			"seq": "87",
			"station": "212000380",
			"stationNm": "고강공영차고지",
			"stationNo": "0",
			"transYn": "N",
			"fullSectDist": "360",
			"trnstnid": "210000488"
		},
		{
			"arsId": " ",
			"beginTm": "06:04",
			"busRouteAbrv": "50-1",
			"busRouteId": "210000003",
			"busRouteNm": "50-1부천",
			"direction": "고강공영차고지(경유)",
			"gpsX": "126.8173249412",
			"gpsY": "37.5373384197",
			"lastTm": "00:54",
			"posX": "183856.98943665688",
			"posY": "448669.398450878",
			"routeType": "8",
			"sectSpd": "6",
			"section": "212900590",
			"seq": "88",
			"station": "277102744",
			"stationNm": "고강공영차고지(경유)",
			"stationNo": "미정차",
			"transYn": "N",
			"fullSectDist": "159",
			"trnstnid": "210000488"
		}
	]
}