{
	"count": 70,
	"result": [
		{
			"arsId": "0",
			"beginTm": "05:05",
			"busRouteAbrv": "59-1",
			"busRouteId": "210000069",
			"busRouteNm": "59-1부천",
			"direction": "화곡역",
			"gpsX": "126.7453026151",
			"gpsY": "37.5118785635",
			"lastTm": "23:20",
			"posX": "177484.71047756777",
			"posY": "445858.76873576595",
			"routeType": "8",
			"sectSpd": "0",
			"section": "0",
			"seq": "1",
			"station": "210000548",
			"stationNm": "아인스월드",
			"stationNo": "0",
			"transYn": "N",
			"trnstnid": "115000604"
		},
		{
			"arsId": "40608",
			"beginTm": "05:05",
			"busRouteAbrv": "59-1",
			"busRouteId": "210000069",
			"busRouteNm": "59-1부천",
			"direction": "화곡역",
			"gpsX": "126.7427829288",
			"gpsY": "37.5077510285",
			"lastTm": "23:22",
			"posX": "177260.71728081594",
			"posY": "445401.31882642163",
			"routeType": "8",
			"sectSpd": "2",
			"section": "210900983",
			"seq": "2",
			"station": "166000608",
			"stationNm": "삼산타운4단지",
			"stationNo": "40608",
			"transYn": "N",
			"fullSectDist": "509",
			"trnstnid": "115000604"
		},
		{
			"arsId": "40583",
			"beginTm": "05:20",
			"busRouteAbrv": "59-1",
			"busRouteId": "210000069",
			"busRouteNm": "59-1부천",
			"direction": "화곡역",
			"gpsX": "126.7407050348",
			"gpsY": "37.5057366893",
			"lastTm": "23:10",
			"posX": "177076.40470776136",
			"posY": "445178.2805023743",
			"routeType": "8",
			"sectSpd": "16",
			"section": "166900243",
			"seq": "3",
			"station": "166000583",
			"stationNm": "한국만화박물관",
			"stationNo": "40583",
			"transYn": "N",
			"fullSectDist": "307",
			"trnstnid": "115000604"
		},
		{
			"arsId": "0",
			"beginTm": "05:22",
			"busRouteAbrv": "59-1",
			"busRouteId": "210000069",
			"busRouteNm": "59-1부천",
			"direction": "화곡역",
			"gpsX": "126.7514965786",
			"gpsY": "37.5055797523",
			"lastTm": "23:11",
			"posX": "178030.41270854528",
			"posY": "445158.29027630156",
			"routeType": "8",
			"sectSpd": "15",
			"section": "166900262",
			"seq": "4",
			"station": "210000324",
			"stationNm": "상동역4번출구.상동지하차도",
			"stationNo": "0",
			"transYn": "N",
			"fullSectDist": "1050",
			"trnstnid": "115000604"
		},
		{
			"arsId": "0",
			"beginTm": "05:10",
			"busRouteAbrv": "59-1",
			"busRouteId": "210000069",
			"busRouteNm": "59-1부천",
			"direction": "화곡역",
			"gpsX": "126.7551196089",
			"gpsY": "37.5054615033",
			"lastTm": "23:14",
			"posX": "178350.68243188388",
			"posY": "445144.32787882164",
			"routeType": "8",
			"sectSpd": "11",
			"section": "210900846",
			"seq": "5",
			"station": "210000327",
			"stationNm": "상동역1번출구.부천터미널소풍. ",
			"stationNo": "0",
			"transYn": "N",
			"fullSectDist": "203",
			"trnstnid": "115000604"
		},
		{
			"arsId": "0",
			"beginTm": "05:11",
			"busRouteAbrv": "59-1",
			"busRouteId": "210000069",
			"busRouteNm": "59-1부천",
			"direction": "화곡역",
			"gpsX": "126.7612595103",
			"gpsY": "37.5047746931",
			"lastTm": "23:14",
			"posX": "178893.30459556344",
			"posY": "445066.71397924004",
			"routeType": "8",
			"sectSpd": "16",
			"section": "210700207",
			"seq": "6",
			"station": "210000166",
			"stationNm": "부천시청역3번출구.경기예고.현 ",
			"stationNo": "0",
			"transYn": "N",
			"fullSectDist": "657",
			"trnstnid": "115000604"
		},
		{
			"arsId": "0",
			"beginTm": "05:13",
			"busRouteAbrv": "59-1",
			"busRouteId": "210000069",
			"busRouteNm": "59-1부천",
			"direction": "화곡역",
			"gpsX": "126.7667558427",
			"gpsY": "37.5040027405",
			"lastTm": "23:18",
			"posX": "179379.01563695684",
			"posY": "444979.82762639364",
			"routeType": "8",
			"sectSpd": "15",
			"section": "210900547",
			"seq": "7",
			"station": "210000165",
			"stationNm": "부천시청역1번출구.부천아트센터",
			"stationNo": "0",
			"transYn": "N",
			"fullSectDist": "487",
			"trnstnid": "115000604"
		},
		{
			"arsId": "0",
			"beginTm": "05:14",
			"busRouteAbrv": "59-1",
			"busRouteId": "210000069",
			"busRouteNm": "59-1부천",
			"direction": "화곡역",
			"gpsX": "126.7699156704",
			"gpsY": "37.5036156791",
			"lastTm": "23:19",
			"posX": "179658.26959752053",
			"posY": "444936.18562455056",
			"routeType": "8",
			"sectSpd": "9",
			"section": "210700131",
			"seq": "8",
			"station": "210000218",
			"stationNm": "계룡리슈빌",
			"stationNo": "0",
			"transYn": "N",
			"fullSectDist": "286",
			"trnstnid": "115000604"
		},
		{
			"arsId": "46056",
			"beginTm": "05:16",
			"busRouteAbrv": "59-1",
			"busRouteId": "210000069",
			"busRouteNm": "59-1부천",
			"direction": "화곡역",
			"gpsX": "126.7725498107",
			"gpsY": "37.5032040585",
			"lastTm": "23:22",
			"posX": "179891.04357199377",
			"posY": "444889.9397372571",
			"routeType": "8",
			"sectSpd": "19",
			"section": "210700132",
			"seq": "9",
			"station": "210000164",
			"stationNm": "신중동역3번출구.롯데백화점",
			"stationNo": "46056",
			"transYn": "N",
			"fullSectDist": "272",
			"trnstnid": "115000604"
		},
		{
			"arsId": "46080",
			"beginTm": "05:17",
			"busRouteAbrv": "59-1",
			"busRouteId": "210000069",
			"busRouteNm": "59-1부천",
			"direction": "화곡역",
			"gpsX": "126.7757845131",
			"gpsY": "37.505442255",
			"lastTm": "23:22",
			"posX": "180177.61699934542",
			"posY": "445137.6383798281",
			"routeType": "8",
			"sectSpd": "14",
			"section": "210600077",
			"seq": "10",
			"station": "210000168",
			"stationNm": "신중동역6번출구.중흥중학교",
			"stationNo": "46080",
			"transYn": "N",
			"fullSectDist": "552",
			"trnstnid": "115000604"
		},
		{
			"arsId": "46081",
			"beginTm": "05:20",
			"busRouteAbrv": "59-1",
			"busRouteId": "210000069",
			"busRouteNm": "59-1부천",
			"direction": "화곡역",
			"gpsX": "126.7752601841",
			"gpsY": "37.5075182451",
			"lastTm": "23:25",
			"posX": "180131.81241365246",
			"posY": "445368.1330028926",
			"routeType": "8",
			"sectSpd": "8",
			"section": "210600078",
			"seq": "11",
			"station": "210000037",
			"stationNm": "부천세무서",
			"stationNo": "46081",
			"transYn": "N",
			"fullSectDist": "232",
			"trnstnid": "115000604"
		},
		{
			"arsId": "0",
			"beginTm": "05:21",
			"busRouteAbrv": "59-1",
			"busRouteId": "210000069",
			"busRouteNm": "59-1부천",
			"direction": "화곡역",
			"gpsX": "126.7751146963",
			"gpsY": "37.5089884493",
			"lastTm": "23:26",
			"posX": "180119.3404329585",
			"posY": "445531.32043360453",
			"routeType": "8",
			"sectSpd": "12",
			"section": "210700193",
			"seq": "12",
			"station": "210000371",
			"stationNm": "나성빌딩.부천중동래미안",
			"stationNo": "0",
			"transYn": "N",
			"fullSectDist": "163",
			"trnstnid": "115000604"
		},
		{
			"arsId": "46043",
			"beginTm": "05:22",
			"busRouteAbrv": "59-1",
			"busRouteId": "210000069",
			"busRouteNm": "59-1부천",
			"direction": "화곡역",
			"gpsX": "126.7751988482",
			"gpsY": "37.5110881546",
			"lastTm": "23:26",
			"posX": "180127.3364672543",
			"posY": "445764.3186546848",
			"routeType": "8",
			"sectSpd": "7",
			"section": "210700194",
			"seq": "13",
			"station": "210000370",
			"stationNm": "손가면옥",
			"stationNo": "46043",
			"transYn": "N",
			"fullSectDist": "227",
			"trnstnid": "115000604"
		},
		{
			"arsId": "46036",
			"beginTm": "05:24",
			"busRouteAbrv": "59-1",
			"busRouteId": "210000069",
			"busRouteNm": "59-1부천",
			"direction": "화곡역",
			"gpsX": "126.7754134175",
			"gpsY": "37.5136829595",
			"lastTm": "23:27",
			"posX": "180146.99199360888",
			"posY": "446052.23343072506",
			"routeType": "8",
			"sectSpd": "13",
			"section": "210600080",
			"seq": "14",
			"station": "210000369",
			"stationNm": "약대초등학교입구",
			"stationNo": "46036",
			"transYn": "N",
			"fullSectDist": "295",
			"trnstnid": "115000604"
		},
		{
			"arsId": "46094",
			"beginTm": "05:24",
			"busRouteAbrv": "59-1",
			"busRouteId": "210000069",
			"busRouteNm": "59-1부천",
			"direction": "화곡역",
			"gpsX": "126.7764898542",
			"gpsY": "37.5153283646",
			"lastTm": "23:27",
			"posX": "180242.5807743784",
			"posY": "446234.60674952855",
			"routeType": "8",
			"sectSpd": "10",
			"section": "210600081",
			"seq": "15",
			"station": "210000374",
			"stationNm": "약대오거리.DB하이텍",
			"stationNo": "46094",
			"transYn": "N",
			"fullSectDist": "252",
			"trnstnid": "115000604"
		},
		{
			"arsId": "45074",
			"beginTm": "05:25",
			"busRouteAbrv": "59-1",
			"busRouteId": "210000069",
			"busRouteNm": "59-1부천",
			"direction": "화곡역",
			"gpsX": "126.7798318964",
			"gpsY": "37.5165777783",
			"lastTm": "23:28",
			"posX": "180538.3290392619",
			"posY": "446372.564711845",
			"routeType": "8",
			"sectSpd": "10",
			"section": "210600082",
			"seq": "16",
			"station": "210000373",
			"stationNm": "하나은행부천도당금융센터",
			"stationNo": "45074",
			"transYn": "N",
			"fullSectDist": "324",
			"trnstnid": "115000604"
		},
		{
			"arsId": "46026",
			"beginTm": "05:26",
			"busRouteAbrv": "59-1",
			"busRouteId": "210000069",
			"busRouteNm": "59-1부천",
			"direction": "화곡역",
			"gpsX": "126.7833753357",
			"gpsY": "37.5178832464",
			"lastTm": "23:29",
			"posX": "180851.88390952366",
			"posY": "446516.7128482689",
			"routeType": "8",
			"sectSpd": "9",
			"section": "210600083",
			"seq": "17",
			"station": "210000372",
			"stationNm": "도당사거리",
			"stationNo": "46026",
			"transYn": "N",
			"fullSectDist": "342",
			"trnstnid": "115000604"
		},
		{
			"arsId": "45073",
			"beginTm": "05:28",
			"busRouteAbrv": "59-1",
			"busRouteId": "210000069",
			"busRouteNm": "59-1부천",
			"direction": "화곡역",
			"gpsX": "126.7856784768",
			"gpsY": "37.5189320016",
			"lastTm": "23:30",
			"posX": "181055.73098496016",
			"posY": "446632.6329320711",
			"routeType": "8",
			"sectSpd": "9",
			"section": "210900838",
			"seq": "18",
			"station": "210000376",
			"stationNm": "도당사거리.도당중학교",
			"stationNo": "45073",
			"transYn": "N",
			"fullSectDist": "232",
			"trnstnid": "115000604"
		},
		{
			"arsId": "45078",
			"beginTm": "05:30",
			"busRouteAbrv": "59-1",
			"busRouteId": "210000069",
			"busRouteNm": "59-1부천",
			"direction": "화곡역",
			"gpsX": "126.7879785248",
			"gpsY": "37.5199246188",
			"lastTm": "23:31",
			"posX": "181259.28491780526",
			"posY": "446742.3286717613",
			"routeType": "8",
			"sectSpd": "18",
			"section": "210900575",
			"seq": "19",
			"station": "210000375",
			"stationNm": "부천북고.도당고",
			"stationNo": "45078",
			"transYn": "N",
			"fullSectDist": "221",
			"trnstnid": "115000604"
		},
		{
			"arsId": "46042",
			"beginTm": "05:30",
			"busRouteAbrv": "59-1",
			"busRouteId": "210000069",
			"busRouteNm": "59-1부천",
			"direction": "화곡역",
			"gpsX": "126.7905074287",
			"gpsY": "37.5200830793",
			"lastTm": "23:31",
			"posX": "181482.85578834885",
			"posY": "446759.4131643218",
			"routeType": "8",
			"sectSpd": "11",
			"section": "210900576",
			"seq": "20",
			"station": "210000354",
			"stationNm": "도당동장미원입구",
			"stationNo": "46042",
			"transYn": "N",
			"fullSectDist": "238",
			"trnstnid": "115000604"
		},
		{
			"arsId": "46027",
			"beginTm": "05:31",
			"busRouteAbrv": "59-1",
			"busRouteId": "210000069",
			"busRouteNm": "59-1부천",
			"direction": "화곡역",
			"gpsX": "126.7928411244",
			"gpsY": "37.520070136",
			"lastTm": "23:33",
			"posX": "181689.12929148698",
			"posY": "446757.51998098474",
			"routeType": "8",
			"sectSpd": "12",
			"section": "210900577",
			"seq": "21",
			"station": "210000353",
			"stationNm": "KT북부천지사.365안전교육장",
			"stationNo": "46027",
			"transYn": "N",
			"fullSectDist": "205",
			"trnstnid": "115000604"
		},
		{
			"arsId": "46048",
			"beginTm": "05:32",
			"busRouteAbrv": "59-1",
			"busRouteId": "210000069",
			"busRouteNm": "59-1부천",
			"direction": "화곡역",
			"gpsX": "126.794965184",
			"gpsY": "37.5200699255",
			"lastTm": "23:33",
			"posX": "181876.87608038064",
			"posY": "446757.08531127404",
			"routeType": "8",
			"sectSpd": "14",
			"section": "210900578",
			"seq": "22",
			"station": "210000352",
			"stationNm": "북부도서관",
			"stationNo": "46048",
			"transYn": "N",
			"fullSectDist": "187",
			"trnstnid": "115000604"
		},
		{
			"arsId": "45079",
			"beginTm": ":",
			"busRouteAbrv": "59-1",
			"busRouteId": "210000069",
			"busRouteNm": "59-1부천",
			"direction": "화곡역",
			"gpsX": "126.797457488",
			"gpsY": "37.5193778448",
			"lastTm": ":",
			"posX": "182097.00688490324",
			"posY": "446679.80395084573",
			"routeType": "8",
			"sectSpd": "15",
			"section": "210900579",
			"seq": "23",
			"station": "212000031",
			"stationNm": "여월중",
			"stationNo": "45079",
			"transYn": "N",
			"fullSectDist": "240",
			"trnstnid": "115000604"
		},
		{
			"arsId": "45081",
			"beginTm": ":",
			"busRouteAbrv": "59-1",
			"busRouteId": "210000069",
			"busRouteNm": "59-1부천",
			"direction": "화곡역",
			"gpsX": "126.8003514362",
			"gpsY": "37.5170358142",
			"lastTm": ":",
			"posX": "182352.25538864397",
			"posY": "446419.3487264416",
			"routeType": "8",
			"sectSpd": "19",
			"section": "212900348",
			"seq": "24",
			"station": "212000030",
			"stationNm": "성곡파출소",
			"stationNo": "45081",
			"transYn": "N",
			"fullSectDist": "370",
			"trnstnid": "115000604"
		},
		{
			"arsId": "45005",
			"beginTm": "05:35",
			"busRouteAbrv": "59-1",
			"busRouteId": "210000069",
			"busRouteNm": "59-1부천",
			"direction": "화곡역",
			"gpsX": "126.8038716618",
			"gpsY": "37.5162758289",
			"lastTm": "23:36",
			"posX": "182663.24687518104",
			"posY": "446334.35437030066",
			"routeType": "8",
			"sectSpd": "12",
			"section": "212900349",
			"seq": "25",
			"station": "212000029",
			"stationNm": "성곡동행정복지센터.홈플러스여 ",
			"stationNo": "45005",
			"transYn": "N",
			"fullSectDist": "370",
			"trnstnid": "115000604"
		},
		{
			"arsId": "45004",
			"beginTm": "05:37",
			"busRouteAbrv": "59-1",
			"busRouteId": "210000069",
			"busRouteNm": "59-1부천",
			"direction": "화곡역",
			"gpsX": "126.8050230731",
			"gpsY": "37.5193548893",
			"lastTm": "23:10",
			"posX": "182765.73408800844",
			"posY": "446675.84359072894",
			"routeType": "8",
			"sectSpd": "11",
			"section": "212700005",
			"seq": "26",
			"station": "212000028",
			"stationNm": "원종종합시장.성곡사거리",
			"stationNo": "45004",
			"transYn": "N",
			"fullSectDist": "380",
			"trnstnid": "115000604"
		},
		{
			"arsId": "45023",
			"beginTm": "05:38",
			"busRouteAbrv": "59-1",
			"busRouteId": "210000069",
			"busRouteNm": "59-1부천",
			"direction": "화곡역",
			"gpsX": "126.8050283113",
			"gpsY": "37.5229427131",
			"lastTm": "23:10",
			"posX": "182767.02232937922",
			"posY": "447074.00397937046",
			"routeType": "8",
			"sectSpd": "14",
			"section": "212700006",
			"seq": "27",
			"station": "212000027",
			"stationNm": "원종역2번출구",
			"stationNo": "45023",
			"transYn": "N",
			"fullSectDist": "292",
			"trnstnid": "115000604"
		},
		{
			"arsId": "0",
			"beginTm": "05:38",
			"busRouteAbrv": "59-1",
			"busRouteId": "210000069",
			"busRouteNm": "59-1부천",
			"direction": "화곡역",
			"gpsX": "126.80502941",
			"gpsY": "37.5261971265",
			"lastTm": "23:11",
			"posX": "182767.86803713132",
			"posY": "447435.1648742403",
			"routeType": "8",
			"sectSpd": "10",
			"section": "212700121",
			"seq": "28",
			"station": "212000026",
			"stationNm": "오정농협",
			"stationNo": "0",
			"transYn": "N",
			"fullSectDist": "365",
			"trnstnid": "115000604"
		},
		{
			"arsId": "0",
			"beginTm": "05:40",
			"busRouteAbrv": "59-1",
			"busRouteId": "210000069",
			"busRouteNm": "59-1부천",
			"direction": "화곡역",
			"gpsX": "126.8050320453",
			"gpsY": "37.5285805365",
			"lastTm": "23:10",
			"posX": "182768.6492258084",
			"posY": "447699.6653237366",
			"routeType": "8",
			"sectSpd": "12",
			"section": "212700122",
			"seq": "29",
			"station": "212000144",
			"stationNm": "해주아파트",
			"stationNo": "0",
			"transYn": "N",
			"fullSectDist": "273",
			"trnstnid": "115000604"
		},
		{
			"arsId": "0",
			"beginTm": "05:42",
			"busRouteAbrv": "59-1",
			"busRouteId": "210000069",
			"busRouteNm": "59-1부천",
			"direction": "화곡역",
			"gpsX": "126.8057249644",
			"gpsY": "37.5313559851",
			"lastTm": "23:11",
			"posX": "182830.52599574748",
			"posY": "448007.5464828992",
			"routeType": "8",
			"sectSpd": "22",
			"section": "212700123",
			"seq": "30",
			"station": "212000081",
			"stationNm": "욱일아파트",
			"stationNo": "0",
			"transYn": "N",
			"fullSectDist": "312",
			"trnstnid": "115000604"
		},
		{
			"arsId": "15342",
			"beginTm": "05:43",
			"busRouteAbrv": "59-1",
			"busRouteId": "210000069",
			"busRouteNm": "59-1부천",
			"direction": "화곡역",
			"gpsX": "126.8235071834",
			"gpsY": "37.5390246021",
			"lastTm": "23:11",
			"posX": "184403.6663805091",
			"posY": "448855.4809428039",
			"routeType": "8",
			"sectSpd": "12",
			"section": "212900463",
			"seq": "31",
			"station": "114000238",
			"stationNm": "양원초교.광영여고",
			"stationNo": "15342",
			"transYn": "N",
			"fullSectDist": "1903",
			"trnstnid": "115000604"
		},
		{
			"arsId": "15347",
			"beginTm": "05:46",
			"busRouteAbrv": "59-1",
			"busRouteId": "210000069",
			"busRouteNm": "59-1부천",
			"direction": "화곡역",
			"gpsX": "126.827378007",
			"gpsY": "37.5391934219",
			"lastTm": "23:14",
			"posX": "184745.75834534428",
			"posY": "448873.5809301245",
			"routeType": "8",
			"sectSpd": "7",
			"section": "114900095",
			"seq": "32",
			"station": "114000243",
			"stationNm": "신월5동주민센터.신월중학교",
			"stationNo": "15347",
			"transYn": "N",
			"fullSectDist": "382",
			"trnstnid": "115000604"
		},
		{
			"arsId": "15352",
			"beginTm": "05:48",
			"busRouteAbrv": "59-1",
			"busRouteId": "210000069",
			"busRouteNm": "59-1부천",
			"direction": "화곡역",
			"gpsX": "126.8304896951",
			"gpsY": "37.5392934455",
			"lastTm": "23:17",
			"posX": "185020.75188441502",
			"posY": "448884.1809239462",
			"routeType": "8",
			"sectSpd": "18",
			"section": "114900096",
			"seq": "33",
			"station": "114000248",
			"stationNm": "신화중학교",
			"stationNo": "15352",
			"transYn": "N",
			"fullSectDist": "260",
			"trnstnid": "115000604"
		},
		{
			"arsId": "16149",
			"beginTm": ":",
			"busRouteAbrv": "59-1",
			"busRouteId": "210000069",
			"busRouteNm": "59-1부천",
			"direction": "화곡역",
			"gpsX": "126.8354477303",
			"gpsY": "37.5401114441",
			"lastTm": ":",
			"posX": "185459.04158989657",
			"posY": "448974.1809141352",
			"routeType": "8",
			"sectSpd": "14",
			"section": "114900097",
			"seq": "34",
			"station": "115000053",
			"stationNm": "강서구청소년상담복지센터",
			"stationNo": "16149",
			"transYn": "N",
			"fullSectDist": "448",
			"trnstnid": "115000604"
		},
		{
			"arsId": "16147",
			"beginTm": "05:51",
			"busRouteAbrv": "59-1",
			"busRouteId": "210000069",
			"busRouteNm": "59-1부천",
			"direction": "화곡역",
			"gpsX": "126.838854189",
			"gpsY": "37.5410307536",
			"lastTm": "23:18",
			"posX": "185760.23451366049",
			"posY": "449075.68092488544",
			"routeType": "8",
			"sectSpd": "10",
			"section": "115900251",
			"seq": "35",
			"station": "115000051",
			"stationNm": "화곡역",
			"stationNo": "16147",
			"transYn": "N",
			"fullSectDist": "292",
			"trnstnid": "115000604"
		},
		{
			"arsId": "16202",
			"beginTm": "05:52",
			"busRouteAbrv": "59-1",
			"busRouteId": "210000069",
			"busRouteNm": "59-1부천",
			"direction": "화곡역",
			"gpsX": "126.840433",
			"gpsY": "37.537977",
			"lastTm": "23:19",
			"posX": "185899.17229399522",
			"posY": "448736.54960124614",
			"routeType": "8",
			"sectSpd": "10",
			"section": "115900554",
			"seq": "36",
			"station": "115000105",
			"stationNm": "화원중학교",
			"stationNo": "16202",
			"transYn": "N",
			"fullSectDist": "694",
			"trnstnid": "115000604"
		},
		{
			"arsId": "16203",
			"beginTm": "05:56",
			"busRouteAbrv": "59-1",
			"busRouteId": "210000069",
			"busRouteNm": "59-1부천",
			"direction": "화곡역",
			"gpsX": "126.8389691102",
			"gpsY": "37.5386348969",
			"lastTm": "23:21",
			"posX": "185769.93428421026",
			"posY": "448809.780880318",
			"routeType": "8",
			"sectSpd": "20",
			"section": "115900555",
			"seq": "37",
			"station": "115000106",
			"stationNm": "신월초등학교",
			"stationNo": "16203",
			"transYn": "N",
			"fullSectDist": "583",
			"trnstnid": "115000604"
		},
		{
			"arsId": "0",
			"beginTm": ":",
			"busRouteAbrv": "59-1",
			"busRouteId": "210000069",
			"busRouteNm": "59-1부천",
			"direction": "화곡역",
			"gpsX": "126.8415697755",
			"gpsY": "37.5404203752",
			"lastTm": ":",
			"posX": "186000.08529735892",
			"posY": "449007.53577286936",
			"routeType": "8",
			"sectSpd": "8",
			"section": "115900556",
			"seq": "38",
			"station": "277102167",
			"stationNm": "신월초교입구교차로(경유)",
			"stationNo": "0",
			"transYn": "N",
			"fullSectDist": "299",
			"trnstnid": "115000604"
		},
		{
			"arsId": "16639",
			"beginTm": ":",
			"busRouteAbrv": "59-1",
			"busRouteId": "210000069",
			"busRouteNm": "59-1부천",
			"direction": "화곡역",
			"gpsX": "126.8387731991",
			"gpsY": "37.5413298067",
			"lastTm": ":",
			"posX": "185753.134683721",
			"posY": "449108.880924128",
			"routeType": "8",
			"sectSpd": "9",
			"section": "277900545",
			"seq": "39",
			"station": "115000604",
			"stationNm": "화곡역",
			"stationNo": "16639",
			"transYn": "Y",
			"fullSectDist": "313",
			"trnstnid": "115000604"
		},
		{
			"arsId": "16148",
			"beginTm": "05:19",
			"busRouteAbrv": "59-1",
			"busRouteId": "210000069",
			"busRouteNm": "59-1부천",
			"direction": "아인스월드",
			"gpsX": "126.8371072799",
			"gpsY": "37.5408778739",
			"lastTm": "23:27",
			"posX": "185605.83813569782",
			"posY": "449058.98092191527",
			"routeType": "8",
			"sectSpd": "10",
			"section": "115705779",
			"seq": "40",
			"station": "115000052",
			"stationNm": "화곡역",
			"stationNo": "16148",
			"transYn": "N",
			"fullSectDist": "159",
			"trnstnid": "115000604"
		},
		{
			"arsId": "16150",
			"beginTm": "05:20",
			"busRouteAbrv": "59-1",
			"busRouteId": "210000069",
			"busRouteNm": "59-1부천",
			"direction": "아인스월드",
			"gpsX": "126.8344789776",
			"gpsY": "37.5401506396",
			"lastTm": "23:27",
			"posX": "185373.44360356225",
			"posY": "448978.680921827",
			"routeType": "8",
			"sectSpd": "20",
			"section": "115700449",
			"seq": "41",
			"station": "115000054",
			"stationNm": "화곡푸르지오",
			"stationNo": "16150",
			"transYn": "N",
			"fullSectDist": "243",
			"trnstnid": "115000604"
		},
		{
			"arsId": "15345",
			"beginTm": "05:22",
			"busRouteAbrv": "59-1",
			"busRouteId": "210000069",
			"busRouteNm": "59-1부천",
			"direction": "아인스월드",
			"gpsX": "126.8314870593",
			"gpsY": "37.5396102563",
			"lastTm": "23:29",
			"posX": "185108.949810465",
			"posY": "448919.180919223",
			"routeType": "8",
			"sectSpd": "9",
			"section": "115700450",
			"seq": "42",
			"station": "114000241",
			"stationNm": "신화중학교",
			"stationNo": "15345",
			"transYn": "N",
			"fullSectDist": "274",
			"trnstnid": "115000604"
		},
		{
			"arsId": "15346",
			"beginTm": "05:22",
			"busRouteAbrv": "59-1",
			"busRouteId": "210000069",
			"busRouteNm": "59-1부천",
			"direction": "아인스월드",
			"gpsX": "126.8275323805",
			"gpsY": "37.5394783937",
			"lastTm": "23:29",
			"posX": "184759.45802138274",
			"posY": "448905.180937944",
			"routeType": "8",
			"sectSpd": "8",
			"section": "114700285",
			"seq": "43",
			"station": "114000242",
			"stationNm": "신월5동주민센터.신월중학교",
			"stationNo": "15346",
			"transYn": "N",
			"fullSectDist": "342",
			"trnstnid": "115000604"
		},
		{
			"arsId": "15350",
			"beginTm": "05:23",
			"busRouteAbrv": "59-1",
			"busRouteId": "210000069",
			"busRouteNm": "59-1부천",
			"direction": "아인스월드",
			"gpsX": "126.8233615523",
			"gpsY": "37.5393577897",
			"lastTm": "23:30",
			"posX": "184390.86668578183",
			"posY": "448892.4809450661",
			"routeType": "8",
			"sectSpd": "7",
			"section": "114700286",
			"seq": "44",
			"station": "114000246",
			"stationNm": "광영고.신동아파밀리에아파트",
			"stationNo": "15350",
			"transYn": "N",
			"fullSectDist": "364",
			"trnstnid": "115000604"
		},
		{
			"arsId": "0",
			"beginTm": ":",
			"busRouteAbrv": "59-1",
			"busRouteId": "210000069",
			"busRouteNm": "59-1부천",
			"direction": "아인스월드",
			"gpsX": "126.8054684862",
			"gpsY": "37.5314376691",
			"lastTm": ":",
			"posX": "182807.87791065988",
			"posY": "448016.6582919047",
			"routeType": "8",
			"sectSpd": "33",
			"section": "114900121",
			"seq": "45",
			"station": "212000089",
			"stationNm": "욱일아파트",
			"stationNo": "0",
			"transYn": "N",
			"fullSectDist": "1908",
			"trnstnid": "115000604"
		},
		{
			"arsId": "0",
			"beginTm": ":",
			"busRouteAbrv": "59-1",
			"busRouteId": "210000069",
			"busRouteNm": "59-1부천",
			"direction": "아인스월드",
			"gpsX": "126.8046962952",
			"gpsY": "37.52854537",
			"lastTm": ":",
			"posX": "182738.96735549305",
			"posY": "447695.82425374165",
			"routeType": "8",
			"sectSpd": "22",
			"section": "212700118",
			"seq": "46",
			"station": "212000143",
			"stationNm": "원종동승윤노블리안아파트",
			"stationNo": "0",
			"transYn": "N",
			"fullSectDist": "319",
			"trnstnid": "115000604"
		},
		{
			"arsId": "0",
			"beginTm": "05:28",
			"busRouteAbrv": "59-1",
			"busRouteId": "210000069",
			"busRouteNm": "59-1부천",
			"direction": "아인스월드",
			"gpsX": "126.804696666",
			"gpsY": "37.5262137736",
			"lastTm": "23:35",
			"posX": "182738.46285142578",
			"posY": "447437.07331037894",
			"routeType": "8",
			"sectSpd": "10",
			"section": "212700119",
			"seq": "47",
			"station": "212000017",
			"stationNm": "오정농협",
			"stationNo": "0",
			"transYn": "N",
			"fullSectDist": "272",
			"trnstnid": "115000604"
		},
		{
			"arsId": "45024",
			"beginTm": "05:30",
			"busRouteAbrv": "59-1",
			"busRouteId": "210000069",
			"busRouteNm": "59-1부천",
			"direction": "아인스월드",
			"gpsX": "126.8046956749",
			"gpsY": "37.5233077122",
			"lastTm": "23:36",
			"posX": "182737.70564049485",
			"posY": "447114.5710222358",
			"routeType": "8",
			"sectSpd": "9",
			"section": "212700120",
			"seq": "48",
			"station": "212000016",
			"stationNm": "원종역3번출구",
			"stationNo": "45024",
			"transYn": "N",
			"fullSectDist": "325",
			"trnstnid": "115000604"
		},
		{
			"arsId": "45014",
			"beginTm": ":",
			"busRouteAbrv": "59-1",
			"busRouteId": "210000069",
			"busRouteNm": "59-1부천",
			"direction": "아인스월드",
			"gpsX": "126.8046940134",
			"gpsY": "37.5202877983",
			"lastTm": ":",
			"posX": "182736.86297910314",
			"posY": "446779.4341534255",
			"routeType": "8",
			"sectSpd": "16",
			"section": "212700020",
			"seq": "49",
			"station": "212000015",
			"stationNm": "원종종합시장.성곡사거리",
			"stationNo": "45014",
			"transYn": "N",
			"fullSectDist": "330",
			"trnstnid": "115000604"
		},
		{
			"arsId": "45013",
			"beginTm": "05:32",
			"busRouteAbrv": "59-1",
			"busRouteId": "210000069",
			"busRouteNm": "59-1부천",
			"direction": "아인스월드",
			"gpsX": "126.8035284785",
			"gpsY": "37.5163344503",
			"lastTm": "23:38",
			"posX": "182632.9247618374",
			"posY": "446340.9232112933",
			"routeType": "8",
			"sectSpd": "12",
			"section": "212700021",
			"seq": "50",
			"station": "212000014",
			"stationNm": "성곡동행정복지센터.홈플러스여 ",
			"stationNo": "45013",
			"transYn": "N",
			"fullSectDist": "470",
			"trnstnid": "115000604"
		},
		{
			"arsId": "45082",
			"beginTm": "05:33",
			"busRouteAbrv": "59-1",
			"busRouteId": "210000069",
			"busRouteNm": "59-1부천",
			"direction": "아인스월드",
			"gpsX": "126.8002711594",
			"gpsY": "37.5174411685",
			"lastTm": "23:40",
			"posX": "182345.25489110016",
			"posY": "446464.34824875277",
			"routeType": "8",
			"sectSpd": "16",
			"section": "212900366",
			"seq": "51",
			"station": "212000013",
			"stationNm": "성곡파출소",
			"stationNo": "45082",
			"transYn": "N",
			"fullSectDist": "370",
			"trnstnid": "115000604"
		},
		{
			"arsId": "45080",
			"beginTm": ":",
			"busRouteAbrv": "59-1",
			"busRouteId": "210000069",
			"busRouteNm": "59-1부천",
			"direction": "아인스월드",
			"gpsX": "126.7977657057",
			"gpsY": "37.5194102627",
			"lastTm": ":",
			"posX": "182124.25840714495",
			"posY": "446683.3429402788",
			"routeType": "8",
			"sectSpd": "12",
			"section": "212900367",
			"seq": "52",
			"station": "212000012",
			"stationNm": "여월중",
			"stationNo": "45080",
			"transYn": "N",
			"fullSectDist": "330",
			"trnstnid": "115000604"
		},
		{
			"arsId": "46028",
			"beginTm": ":",
			"busRouteAbrv": "59-1",
			"busRouteId": "210000069",
			"busRouteNm": "59-1부천",
			"direction": "아인스월드",
			"gpsX": "126.7935768323",
			"gpsY": "37.5202028881",
			"lastTm": ":",
			"posX": "181754.1912599838",
			"posY": "446772.10929717217",
			"routeType": "8",
			"sectSpd": "14",
			"section": "212900368",
			"seq": "53",
			"station": "210000351",
			"stationNm": "KT북부천지사.365안전교육장",
			"stationNo": "46028",
			"transYn": "N",
			"fullSectDist": "400",
			"trnstnid": "115000604"
		},
		{
			"arsId": "46041",
			"beginTm": ":",
			"busRouteAbrv": "59-1",
			"busRouteId": "210000069",
			"busRouteNm": "59-1부천",
			"direction": "아인스월드",
			"gpsX": "126.7894244211",
			"gpsY": "37.5202060217",
			"lastTm": ":",
			"posX": "181387.15867926597",
			"posY": "446773.2705107634",
			"routeType": "8",
			"sectSpd": "12",
			"section": "210600115",
			"seq": "54",
			"station": "210000350",
			"stationNm": "부천북고.도당고",
			"stationNo": "46041",
			"transYn": "N",
			"fullSectDist": "370",
			"trnstnid": "115000604"
		},
		{
			"arsId": "45064",
			"beginTm": ":",
			"busRouteAbrv": "59-1",
			"busRouteId": "210000069",
			"busRouteNm": "59-1부천",
			"direction": "아인스월드",
			"gpsX": "126.7864855715",
			"gpsY": "37.5195930817",
			"lastTm": ":",
			"posX": "181127.2381468794",
			"posY": "446705.83455673745",
			"routeType": "8",
			"sectSpd": "9",
			"section": "210900581",
			"seq": "55",
			"station": "212000138",
			"stationNm": "도당사거리.도당중학교",
			"stationNo": "45064",
			"transYn": "N",
			"fullSectDist": "270",
			"trnstnid": "115000604"
		},
		{
			"arsId": "45067",
			"beginTm": ":",
			"busRouteAbrv": "59-1",
			"busRouteId": "210000069",
			"busRouteNm": "59-1부천",
			"direction": "아인스월드",
			"gpsX": "126.782938481",
			"gpsY": "37.5180140989",
			"lastTm": ":",
			"posX": "180813.30244410443",
			"posY": "446531.32329971716",
			"routeType": "8",
			"sectSpd": "8",
			"section": "212900490",
			"seq": "56",
			"station": "212000005",
			"stationNm": "도당사거리",
			"stationNo": "45067",
			"transYn": "N",
			"fullSectDist": "360",
			"trnstnid": "115000604"
		},
		{
			"arsId": "45075",
			"beginTm": "05:40",
			"busRouteAbrv": "59-1",
			"busRouteId": "210000069",
			"busRouteNm": "59-1부천",
			"direction": "아인스월드",
			"gpsX": "126.7797090592",
			"gpsY": "37.5167971594",
			"lastTm": "23:48",
			"posX": "180527.52788690262",
			"posY": "446396.9360972042",
			"routeType": "8",
			"sectSpd": "11",
			"section": "212600042",
			"seq": "57",
			"station": "212000004",
			"stationNm": "하나은행부천도당금융센터",
			"stationNo": "45075",
			"transYn": "N",
			"fullSectDist": "310",
			"trnstnid": "115000604"
		},
		{
			"arsId": "46035",
			"beginTm": "05:41",
			"busRouteAbrv": "59-1",
			"busRouteId": "210000069",
			"busRouteNm": "59-1부천",
			"direction": "아인스월드",
			"gpsX": "126.7749879908",
			"gpsY": "37.513384302",
			"lastTm": "23:50",
			"posX": "180109.3058034925",
			"posY": "446019.1795754642",
			"routeType": "8",
			"sectSpd": "12",
			"section": "212600043",
			"seq": "58",
			"station": "210000338",
			"stationNm": "약대초등학교입구",
			"stationNo": "46035",
			"transYn": "N",
			"fullSectDist": "620",
			"trnstnid": "115000604"
		},
		{
			"arsId": "46037",
			"beginTm": "05:44",
			"busRouteAbrv": "59-1",
			"busRouteId": "210000069",
			"busRouteNm": "59-1부천",
			"direction": "아인스월드",
			"gpsX": "126.7748235201",
			"gpsY": "37.5117632537",
			"lastTm": "23:52",
			"posX": "180094.33630949436",
			"posY": "445839.31751687825",
			"routeType": "8",
			"sectSpd": "15",
			"section": "210600085",
			"seq": "59",
			"station": "210000296",
			"stationNm": "손가면옥",
			"stationNo": "46037",
			"transYn": "N",
			"fullSectDist": "180",
			"trnstnid": "115000604"
		},
		{
			"arsId": "46034",
			"beginTm": "05:44",
			"busRouteAbrv": "59-1",
			"busRouteId": "210000069",
			"busRouteNm": "59-1부천",
			"direction": "아인스월드",
			"gpsX": "126.7747619068",
			"gpsY": "37.507498886",
			"lastTm": "23:52",
			"posX": "180087.7568651042",
			"posY": "445366.0899369037",
			"routeType": "8",
			"sectSpd": "13",
			"section": "210600086",
			"seq": "60",
			"station": "210000295",
			"stationNm": "부천세무서",
			"stationNo": "46034",
			"transYn": "N",
			"fullSectDist": "470",
			"trnstnid": "115000604"
		},
		{
			"arsId": "46083",
			"beginTm": "05:47",
			"busRouteAbrv": "59-1",
			"busRouteId": "210000069",
			"busRouteNm": "59-1부천",
			"direction": "아인스월드",
			"gpsX": "126.7754030692",
			"gpsY": "37.5052536367",
			"lastTm": "23:54",
			"posX": "180143.8444058123",
			"posY": "445116.7867877041",
			"routeType": "8",
			"sectSpd": "14",
			"section": "210600087",
			"seq": "61",
			"station": "210000105",
			"stationNm": "신중동역5번출구.중흥중학교",
			"stationNo": "46083",
			"transYn": "N",
			"fullSectDist": "260",
			"trnstnid": "115000604"
		},
		{
			"arsId": "46082",
			"beginTm": "05:47",
			"busRouteAbrv": "59-1",
			"busRouteId": "210000069",
			"busRouteNm": "59-1부천",
			"direction": "아인스월드",
			"gpsX": "126.7728930175",
			"gpsY": "37.5036838763",
			"lastTm": "23:55",
			"posX": "179921.5151554579",
			"posY": "444943.11445648037",
			"routeType": "8",
			"sectSpd": "24",
			"section": "210600088",
			"seq": "62",
			"station": "210000163",
			"stationNm": "신중동역4번출구.롯데백화점",
			"stationNo": "46082",
			"transYn": "N",
			"fullSectDist": "560",
			"trnstnid": "115000604"
		},
		{
			"arsId": "0",
			"beginTm": "05:48",
			"busRouteAbrv": "59-1",
			"busRouteId": "210000069",
			"busRouteNm": "59-1부천",
			"direction": "아인스월드",
			"gpsX": "126.7680142037",
			"gpsY": "37.5043302006",
			"lastTm": "23:56",
			"posX": "179490.35636502734",
			"posY": "445015.8926822799",
			"routeType": "8",
			"sectSpd": "12",
			"section": "210700113",
			"seq": "63",
			"station": "210000158",
			"stationNm": "은하쌍용아파트",
			"stationNo": "0",
			"transYn": "N",
			"fullSectDist": "440",
			"trnstnid": "115000604"
		},
		{
			"arsId": "0",
			"beginTm": "05:49",
			"busRouteAbrv": "59-1",
			"busRouteId": "210000069",
			"busRouteNm": "59-1부천",
			"direction": "아인스월드",
			"gpsX": "126.7657705859",
			"gpsY": "37.5046338545",
			"lastTm": "23:57",
			"posX": "179292.08383567812",
			"posY": "445050.082150667",
			"routeType": "8",
			"sectSpd": "15",
			"section": "210700114",
			"seq": "64",
			"station": "210000406",
			"stationNm": "부천시청역5번출구.부천아트센터",
			"stationNo": "0",
			"transYn": "N",
			"fullSectDist": "200",
			"trnstnid": "115000604"
		},
		{
			"arsId": "0",
			"beginTm": "05:49",
			"busRouteAbrv": "59-1",
			"busRouteId": "210000069",
			"busRouteNm": "59-1부천",
			"direction": "아인스월드",
			"gpsX": "126.7611907939",
			"gpsY": "37.5052204064",
			"lastTm": "23:57",
			"posX": "178887.35499240036",
			"posY": "445116.1926524495",
			"routeType": "8",
			"sectSpd": "10",
			"section": "210900553",
			"seq": "65",
			"station": "210000161",
			"stationNm": "부천시청역4번출구.현대백화점. ",
			"stationNo": "0",
			"transYn": "N",
			"fullSectDist": "410",
			"trnstnid": "115000604"
		},
		{
			"arsId": "0",
			"beginTm": "05:53",
			"busRouteAbrv": "59-1",
			"busRouteId": "210000069",
			"busRouteNm": "59-1부천",
			"direction": "아인스월드",
			"gpsX": "126.7552888764",
			"gpsY": "37.5059439909",
			"lastTm": "23:58",
			"posX": "178365.78624838404",
			"posY": "445197.83327008877",
			"routeType": "8",
			"sectSpd": "14",
			"section": "210700217",
			"seq": "66",
			"station": "210000157",
			"stationNm": "상동역8번출구.세이브존",
			"stationNo": "0",
			"transYn": "N",
			"fullSectDist": "530",
			"trnstnid": "115000604"
		},
		{
			"arsId": "0",
			"beginTm": "05:55",
			"busRouteAbrv": "59-1",
			"busRouteId": "210000069",
			"busRouteNm": "59-1부천",
			"direction": "아인스월드",
			"gpsX": "126.7519519565",
			"gpsY": "37.5060227329",
			"lastTm": "00:00",
			"posX": "178070.80121563977",
			"posY": "445207.3440748481",
			"routeType": "8",
			"sectSpd": "9",
			"section": "210900847",
			"seq": "67",
			"station": "210000009",
			"stationNm": "상동역5번출구.상동지하차도",
			"stationNo": "0",
			"transYn": "N",
			"fullSectDist": "290",
			"trnstnid": "115000604"
		},
		{
			"arsId": "0",
			"beginTm": "05:57",
			"busRouteAbrv": "59-1",
			"busRouteId": "210000069",
			"busRouteNm": "59-1부천",
			"direction": "아인스월드",
			"gpsX": "126.7443481874",
			"gpsY": "37.5067076382",
			"lastTm": "00:00",
			"posX": "177398.77967388823",
			"posY": "445285.15088837827",
			"routeType": "8",
			"sectSpd": "14",
			"section": "210900848",
			"seq": "68",
			"station": "210000229",
			"stationNm": "삼산체육관역.상동호수공원",
			"stationNo": "0",
			"transYn": "N",
			"fullSectDist": "700",
			"trnstnid": "115000604"
		},
		{
			"arsId": "0",
			"beginTm": "05:58",
			"busRouteAbrv": "59-1",
			"busRouteId": "210000069",
			"busRouteNm": "59-1부천",
			"direction": "아인스월드",
			"gpsX": "126.7421113513",
			"gpsY": "37.5077474552",
			"lastTm": "00:01",
			"posX": "177201.34526087483",
			"posY": "445401.08477390185",
			"routeType": "8",
			"sectSpd": "25",
			"section": "210900849",
			"seq": "69",
			"station": "210000001",
			"stationNm": "삼산체육관역.영상문화단지정문",
			"stationNo": "0",
			"transYn": "N",
			"fullSectDist": "330",
			"trnstnid": "115000604"
		},
		{
			"arsId": "0",
			"beginTm": "05:58",
			"busRouteAbrv": "59-1",
			"busRouteId": "210000069",
			"busRouteNm": "59-1부천",
			"direction": "아인스월드",
			"gpsX": "126.7441236683",
			"gpsY": "37.5112582347",
			"lastTm": "00:03",
			"posX": "177380.30400094626",
			"posY": "445790.21009570034",
			"routeType": "8",
			"sectSpd": "26",
			"section": "210900850",
			"seq": "70",
			"station": "210000330",
			"stationNm": "아인스월드",
			"stationNo": "0",
			"transYn": "N",
			"fullSectDist": "500",
			"trnstnid": "115000604"
		}
	]
}