{
	"count": 1,
	"result": [
		{
			"busRouteAbrv": "3002예",
			"busRouteId": "200000289",
			"busRouteNm": "3002예약수원",
			"corpNm": "경기",
			"edStationNm": "서울특별시어린이병원.강동송파과학화예비군훈련장",
			"firstBusTm": "20230503072000",
			"firstLowTm": "              ",
			"lastBusTm": "20230503075500",
			"lastBusYn": " ",
			"lastLowTm": "              ",
			"length": "0",
			"routeType": "8",
			"stStationNm": "수원시청역9번출구.국민연금공단",
			"term": "0"
		}
	]
}